Command line: /data/djs217/anaconda3/envs/spades-env/bin/spades.py	--careful	-o	/data/djs217/PROJECTS/10_X_fragariae_feb_2024/04_spades/NCPPB_1469.spades	-1	/data/djs217/PROJECTS/10_X_fragariae_feb_2024/04_spades/NCPPB_1469.1_val_1.fq.gz	-2	/data/djs217/PROJECTS/10_X_fragariae_feb_2024/04_spades/NCPPB_1469.2_val_2.fq.gz	

System information:
  SPAdes version: 3.15.5
  Python version: 3.12.0
  OS: Linux-5.15.0-91-generic-x86_64-with-glibc2.35

Output dir: /data/djs217/PROJECTS/10_X_fragariae_feb_2024/04_spades/NCPPB_1469.spades
Mode: read error correction and assembling
Debug mode is turned OFF

Dataset parameters:
  Standard mode
  For multi-cell/isolate data we recommend to use '--isolate' option; for single-cell MDA data use '--sc'; for metagenomic data use '--meta'; for RNA-Seq use '--rna'.
  Reads:
    Library number: 1, library type: paired-end
      orientation: fr
      left reads: ['/data/djs217/PROJECTS/10_X_fragariae_feb_2024/04_spades/NCPPB_1469.1_val_1.fq.gz']
      right reads: ['/data/djs217/PROJECTS/10_X_fragariae_feb_2024/04_spades/NCPPB_1469.2_val_2.fq.gz']
      interlaced reads: not specified
      single reads: not specified
      merged reads: not specified
Read error correction parameters:
  Iterations: 1
  PHRED offset will be auto-detected
  Corrected reads will be compressed
Assembly parameters:
  k: automatic selection based on read length
  Repeat resolution is enabled
  Mismatch careful mode is turned ON
  MismatchCorrector will be used
  Coverage cutoff is turned OFF
Other parameters:
  Dir for temp files: /data/djs217/PROJECTS/10_X_fragariae_feb_2024/04_spades/NCPPB_1469.spades/tmp
  Threads: 16
  Memory limit (in Gb): 62


======= SPAdes pipeline started. Log can be found here: /data/djs217/PROJECTS/10_X_fragariae_feb_2024/04_spades/NCPPB_1469.spades/spades.log

/data/djs217/PROJECTS/10_X_fragariae_feb_2024/04_spades/NCPPB_1469.1_val_1.fq.gz: max reads length: 301
/data/djs217/PROJECTS/10_X_fragariae_feb_2024/04_spades/NCPPB_1469.2_val_2.fq.gz: max reads length: 301

Reads length: 301

Default k-mer sizes were set to [21, 33, 55, 77, 99, 127] because estimated read length (301) is equal to or greater than 250

===== Before start started. 


===== Read error correction started. 


===== Read error correction started. 


== Running: /data/djs217/anaconda3/envs/spades-env/bin/spades-hammer /data/djs217/PROJECTS/10_X_fragariae_feb_2024/04_spades/NCPPB_1469.spades/corrected/configs/config.info

  0:00:00.000     1M / 19M   INFO    General                 (main.cpp                  :  75)   Starting BayesHammer, built from N/A, git revision N/A
  0:00:00.003     1M / 19M   INFO    General                 (main.cpp                  :  76)   Loading config from /data/djs217/PROJECTS/10_X_fragariae_feb_2024/04_spades/NCPPB_1469.spades/corrected/configs/config.info
  0:00:00.004     1M / 19M   INFO    General                 (main.cpp                  :  78)   Maximum # of threads to use (adjusted due to OMP capabilities): 16
  0:00:00.004     1M / 19M   INFO    General                 (memory_limit.cpp          :  54)   Memory limit set to 62 Gb
  0:00:00.004     1M / 19M   INFO    General                 (main.cpp                  :  86)   Trying to determine PHRED offset
  0:00:00.009     1M / 19M   INFO    General                 (main.cpp                  :  92)   Determined value is 33
  0:00:00.009     1M / 19M   INFO    General                 (hammer_tools.cpp          :  38)   Hamming graph threshold tau=1, k=21, subkmer positions = [ 0 10 ]
  0:00:00.009     1M / 19M   INFO    General                 (main.cpp                  : 113)   Size of aux. kmer data 24 bytes
     === ITERATION 0 begins ===
  0:00:00.010     1M / 19M   INFO    General                 (kmer_index_builder.hpp    : 243)   Splitting kmer instances into 16 files using 16 threads. This might take a while.
  0:00:00.010     1M / 19M   INFO    General                 (file_limit.hpp            :  42)   Open file limit set to 1024
  0:00:00.010     1M / 19M   INFO    General                 (kmer_splitter.hpp         :  93)   Memory available for splitting buffers: 1.29166 Gb
  0:00:00.010     1M / 19M   INFO    General                 (kmer_splitter.hpp         : 101)   Using cell size of 4194304
  0:00:00.014  9217M / 9217M INFO   K-mer Splitting          (kmer_data.cpp             :  97)   Processing /data/djs217/PROJECTS/10_X_fragariae_feb_2024/04_spades/NCPPB_1469.1_val_1.fq.gz
  0:00:03.752  9217M / 9217M INFO   K-mer Splitting          (kmer_data.cpp             : 107)   Processed 408780 reads
  0:00:03.753  9217M / 9217M INFO   K-mer Splitting          (kmer_data.cpp             :  97)   Processing /data/djs217/PROJECTS/10_X_fragariae_feb_2024/04_spades/NCPPB_1469.2_val_2.fq.gz
  0:00:06.397  9217M / 9217M INFO   K-mer Splitting          (kmer_data.cpp             : 107)   Processed 817560 reads
  0:00:06.450  9217M / 9217M INFO   K-mer Splitting          (kmer_data.cpp             : 112)   Total 817560 reads processed
  0:00:06.451     1M / 2305M INFO    General                 (kmer_index_builder.hpp    : 249)   Starting k-mer counting.
  0:00:06.574     1M / 2305M INFO    General                 (kmer_index_builder.hpp    : 260)   K-mer counting done. There are 17166350 kmers in total.
  0:00:06.575     1M / 2305M INFO   K-mer Index Building     (kmer_index_builder.hpp    : 395)   Building perfect hash indices
  0:00:06.735    15M / 2305M INFO   K-mer Index Building     (kmer_index_builder.hpp    : 431)   Index built. Total 17166350 kmers, 12410448 bytes occupied (5.78362 bits per kmer).
  0:00:06.735    15M / 2305M INFO   K-mer Counting           (kmer_data.cpp             : 354)   Arranging kmers in hash map order
  0:00:07.127   279M / 2305M INFO    General                 (main.cpp                  : 148)   Clustering Hamming graph.
  0:00:11.945   279M / 2305M INFO    General                 (main.cpp                  : 155)   Extracting clusters:
  0:00:11.945   279M / 2305M INFO    General                 (concurrent_dsu.cpp        :  18)   Connecting to root
  0:00:11.971   279M / 2305M INFO    General                 (concurrent_dsu.cpp        :  34)   Calculating counts
  0:00:13.035   552M / 2305M INFO    General                 (concurrent_dsu.cpp        :  63)   Writing down entries
  0:00:14.542   279M / 2305M INFO    General                 (main.cpp                  : 167)   Clustering done. Total clusters: 8303994
  0:00:14.548   147M / 2305M INFO   K-mer Counting           (kmer_data.cpp             : 371)   Collecting K-mer information, this takes a while.
  0:00:14.690   543M / 2305M INFO   K-mer Counting           (kmer_data.cpp             : 377)   Processing /data/djs217/PROJECTS/10_X_fragariae_feb_2024/04_spades/NCPPB_1469.1_val_1.fq.gz
  0:00:18.824   543M / 2305M INFO   K-mer Counting           (kmer_data.cpp             : 377)   Processing /data/djs217/PROJECTS/10_X_fragariae_feb_2024/04_spades/NCPPB_1469.2_val_2.fq.gz
  0:00:22.138   543M / 2305M INFO   K-mer Counting           (kmer_data.cpp             : 384)   Collection done, postprocessing.
  0:00:22.197   543M / 2305M INFO   K-mer Counting           (kmer_data.cpp             : 397)   There are 17166350 kmers in total. Among them 8741550 (50.9226%) are singletons.
  0:00:22.197   543M / 2305M INFO    General                 (main.cpp                  : 173)   Subclustering Hamming graph
  0:00:23.655   543M / 2305M INFO   Hamming Subclustering    (kmer_cluster.cpp          : 650)   Subclustering done. Total 12 non-read kmers were generated.
  0:00:23.655   543M / 2305M INFO   Hamming Subclustering    (kmer_cluster.cpp          : 651)   Subclustering statistics:
  0:00:23.656   543M / 2305M INFO   Hamming Subclustering    (kmer_cluster.cpp          : 652)     Total singleton hamming clusters: 3380912. Among them 2837586 (83.9296%) are good
  0:00:23.656   543M / 2305M INFO   Hamming Subclustering    (kmer_cluster.cpp          : 653)     Total singleton subclusters: 58238. Among them 57947 (99.5003%) are good
  0:00:23.656   543M / 2305M INFO   Hamming Subclustering    (kmer_cluster.cpp          : 654)     Total non-singleton subcluster centers: 5011504. Among them 3278447 (65.4184%) are good
  0:00:23.656   543M / 2305M INFO   Hamming Subclustering    (kmer_cluster.cpp          : 655)     Average size of non-trivial subcluster: 2.75076 kmers
  0:00:23.656   543M / 2305M INFO   Hamming Subclustering    (kmer_cluster.cpp          : 656)     Average number of sub-clusters per non-singleton cluster: 1.02979
  0:00:23.656   543M / 2305M INFO   Hamming Subclustering    (kmer_cluster.cpp          : 657)     Total solid k-mers: 6173980
  0:00:23.656   543M / 2305M INFO   Hamming Subclustering    (kmer_cluster.cpp          : 658)     Substitution probabilities: [4,4]((0.937378,0.0340838,0.0172834,0.0112551),(0.0184708,0.960943,0.00797368,0.0126123),(0.0125973,0.00796182,0.960956,0.0184847),(0.0112448,0.0172662,0.0340626,0.937426))
  0:00:23.668   543M / 2305M INFO    General                 (main.cpp                  : 178)   Finished clustering.
  0:00:23.668   543M / 2305M INFO    General                 (main.cpp                  : 197)   Starting solid k-mers expansion in 16 threads.
  0:00:26.416   543M / 2305M INFO    General                 (main.cpp                  : 218)   Solid k-mers iteration 0 produced 30989 new k-mers.
  0:00:29.198   543M / 2305M INFO    General                 (main.cpp                  : 218)   Solid k-mers iteration 1 produced 806 new k-mers.
  0:00:31.947   543M / 2305M INFO    General                 (main.cpp                  : 218)   Solid k-mers iteration 2 produced 19 new k-mers.
  0:00:34.693   543M / 2305M INFO    General                 (main.cpp                  : 218)   Solid k-mers iteration 3 produced 0 new k-mers.
  0:00:34.693   543M / 2305M INFO    General                 (main.cpp                  : 222)   Solid k-mers finalized
  0:00:34.693   543M / 2305M INFO    General                 (hammer_tools.cpp          : 222)   Starting read correction in 16 threads.
  0:00:34.693   543M / 2305M INFO    General                 (hammer_tools.cpp          : 235)   Correcting pair of reads: /data/djs217/PROJECTS/10_X_fragariae_feb_2024/04_spades/NCPPB_1469.1_val_1.fq.gz and /data/djs217/PROJECTS/10_X_fragariae_feb_2024/04_spades/NCPPB_1469.2_val_2.fq.gz
  0:00:37.140  1257M / 2305M INFO    General                 (hammer_tools.cpp          : 170)   Prepared batch 0 of 408780 reads.
  0:00:39.529  1294M / 2305M INFO    General                 (hammer_tools.cpp          : 177)   Processed batch 0
  0:00:40.125  1294M / 2305M INFO    General                 (hammer_tools.cpp          : 187)   Written batch 0
  0:00:40.277   543M / 2305M INFO    General                 (hammer_tools.cpp          : 276)   Correction done. Changed 269072 bases in 199732 reads.
  0:00:40.288   543M / 2305M INFO    General                 (hammer_tools.cpp          : 277)   Failed to correct 154 bases out of 152323989.
  0:00:40.313     1M / 2305M INFO    General                 (main.cpp                  : 255)   Saving corrected dataset description to /data/djs217/PROJECTS/10_X_fragariae_feb_2024/04_spades/NCPPB_1469.spades/corrected/corrected.yaml
  0:00:40.314     1M / 2305M INFO    General                 (main.cpp                  : 262)   All done. Exiting.

===== Read error correction finished. 


===== corrected reads compression started. 


== Running: /data/djs217/anaconda3/envs/spades-env/bin/python /data/djs217/anaconda3/envs/spades-env/share/spades/spades_pipeline/scripts/compress_all.py --input_file /data/djs217/PROJECTS/10_X_fragariae_feb_2024/04_spades/NCPPB_1469.spades/corrected/corrected.yaml --ext_python_modules_home /data/djs217/anaconda3/envs/spades-env/share/spades --max_threads 16 --output_dir /data/djs217/PROJECTS/10_X_fragariae_feb_2024/04_spades/NCPPB_1469.spades/corrected --gzip_output

== Compressing corrected reads (with pigz)
== Files to compress: ['/data/djs217/PROJECTS/10_X_fragariae_feb_2024/04_spades/NCPPB_1469.spades/corrected/NCPPB_1469.1_val_1.fq.00.0_0.cor.fastq', '/data/djs217/PROJECTS/10_X_fragariae_feb_2024/04_spades/NCPPB_1469.spades/corrected/NCPPB_1469.2_val_2.fq.00.0_0.cor.fastq', '/data/djs217/PROJECTS/10_X_fragariae_feb_2024/04_spades/NCPPB_1469.spades/corrected/NCPPB_1469._unpaired.00.0_0.cor.fastq']
== Files compression is finished
== Dataset yaml file is updated

===== corrected reads compression finished. 


===== Read error correction finished. 


===== Assembling started. 


===== K21 started. 


== Running: /data/djs217/anaconda3/envs/spades-env/bin/spades-core /data/djs217/PROJECTS/10_X_fragariae_feb_2024/04_spades/NCPPB_1469.spades/K21/configs/config.info /data/djs217/PROJECTS/10_X_fragariae_feb_2024/04_spades/NCPPB_1469.spades/K21/configs/careful_mode.info

  0:00:00.000     1M / 19M   INFO    General                 (main.cpp                  :  99)   Loaded config from /data/djs217/PROJECTS/10_X_fragariae_feb_2024/04_spades/NCPPB_1469.spades/K21/configs/config.info
  0:00:00.001     1M / 19M   INFO    General                 (main.cpp                  :  99)   Loaded config from /data/djs217/PROJECTS/10_X_fragariae_feb_2024/04_spades/NCPPB_1469.spades/K21/configs/careful_mode.info
  0:00:00.002     1M / 19M   INFO    General                 (memory_limit.cpp          :  54)   Memory limit set to 62 Gb
  0:00:00.002     1M / 19M   INFO    General                 (main.cpp                  : 107)   Starting SPAdes, built from N/A, git revision N/A
  0:00:00.002     1M / 19M   INFO    General                 (main.cpp                  : 108)   Maximum k-mer length: 128
  0:00:00.002     1M / 19M   INFO    General                 (main.cpp                  : 109)   Assembling dataset (/data/djs217/PROJECTS/10_X_fragariae_feb_2024/04_spades/NCPPB_1469.spades/dataset.info) with K=21
  0:00:00.002     1M / 19M   INFO    General                 (main.cpp                  : 110)   Maximum # of threads to use (adjusted due to OMP capabilities): 16
  0:00:00.002     1M / 19M   INFO    General                 (pipeline.cpp              : 212)   SPAdes started
  0:00:00.002     1M / 19M   INFO    General                 (pipeline.cpp              : 225)   Starting from stage: read_conversion
  0:00:00.002     1M / 19M   INFO    General                 (pipeline.cpp              : 231)   Two-step repeat resolution disabled
  0:00:00.002     1M / 19M   INFO   GraphCore                (graph_core.hpp            : 672)   Graph created, vertex min_id: 3, edge min_id: 3
  0:00:00.002     1M / 19M   INFO   GraphCore                (graph_core.hpp            : 673)   Vertex size: 48, edge size: 40
  0:00:00.002     1M / 19M   INFO    General                 (edge_index.hpp            : 113)   Size of edge index entries: 12/8
  0:00:00.002     1M / 19M   INFO   StageManager             (stage.cpp                 : 185)   STAGE == Binary Read Conversion (id: read_conversion)
  0:00:00.004     1M / 19M   INFO    General                 (read_converter.cpp        :  72)   Converting reads to binary format for library #0 (takes a while)
  0:00:00.004     1M / 19M   INFO    General                 (read_converter.cpp        :  73)   Converting paired reads
  0:00:00.681    69M / 106M  INFO    General                 (binary_converter.cpp      :  96)   16384 reads processed
  0:00:00.702    75M / 119M  INFO    General                 (binary_converter.cpp      :  96)   32768 reads processed
  0:00:00.743    88M / 145M  INFO    General                 (binary_converter.cpp      :  96)   65536 reads processed
  0:00:01.019    75M / 201M  INFO    General                 (binary_converter.cpp      :  96)   131072 reads processed
  0:00:01.845    87M / 255M  INFO    General                 (binary_converter.cpp      :  96)   262144 reads processed
  0:00:02.566    63M / 255M  INFO    General                 (binary_converter.cpp      : 111)   407906 reads written
  0:00:02.566    41M / 255M  INFO    General                 (read_converter.cpp        :  86)   Converting single reads
  0:00:02.592    71M / 256M  INFO    General                 (binary_converter.cpp      : 111)   867 reads written
  0:00:02.593    61M / 256M  INFO    General                 (read_converter.cpp        :  92)   Converting merged reads
  0:00:02.593    71M / 256M  INFO    General                 (binary_converter.cpp      : 111)   0 reads written
  0:00:02.623     1M / 257M  INFO   StageManager             (stage.cpp                 : 185)   STAGE == de Bruijn graph construction (id: construction)
  0:00:02.628     1M / 257M  INFO    General                 (construction.cpp          : 153)   Max read length 301
  0:00:02.628     1M / 257M  INFO    General                 (construction.cpp          : 159)   Average read length 186.494
  0:00:02.628     1M / 257M  INFO    General                 (stage.cpp                 : 117)   PROCEDURE == k+1-mer counting (id: construction:kpomer_counting)
  0:00:02.628     1M / 257M  INFO    General                 (kmer_index_builder.hpp    : 243)   Splitting kmer instances into 160 files using 16 threads. This might take a while.
  0:00:02.629     1M / 257M  INFO    General                 (file_limit.hpp            :  42)   Open file limit set to 1024
  0:00:02.629     1M / 257M  INFO    General                 (kmer_splitter.hpp         :  93)   Memory available for splitting buffers: 1.29165 Gb
  0:00:02.629     1M / 257M  INFO    General                 (kmer_splitter.hpp         : 101)   Using cell size of 419430
  0:00:04.028  9601M / 9601M INFO    General                 (kmer_splitters.hpp        : 125)   Processed 1633358 reads
  0:00:04.030     1M / 1348M INFO    General                 (kmer_splitters.hpp        : 131)   Used 1633358 reads
  0:00:04.101     1M / 1348M INFO    General                 (kmer_index_builder.hpp    : 249)   Starting k-mer counting.
  0:00:04.142     1M / 1348M INFO    General                 (kmer_index_builder.hpp    : 260)   K-mer counting done. There are 4050753 kmers in total.
  0:00:04.142     1M / 1348M INFO    General                 (stage.cpp                 : 117)   PROCEDURE == Extension index construction (id: construction:extension_index_construction)
  0:00:04.143     1M / 1348M INFO   K-mer Index Building     (kmer_index_builder.hpp    : 438)   Building kmer index
  0:00:04.143     1M / 1348M INFO    General                 (kmer_index_builder.hpp    : 243)   Splitting kmer instances into 160 files using 16 threads. This might take a while.
  0:00:04.144     1M / 1348M INFO    General                 (file_limit.hpp            :  42)   Open file limit set to 1024
  0:00:04.144     1M / 1348M INFO    General                 (kmer_splitter.hpp         :  93)   Memory available for splitting buffers: 1.29165 Gb
  0:00:04.144     1M / 1348M INFO    General                 (kmer_splitter.hpp         : 101)   Using cell size of 419430
  0:00:04.316  9601M / 9601M INFO    General                 (kmer_splitters.hpp        : 194)   Processed 4050753 kmers
  0:00:04.316  9601M / 9601M INFO    General                 (kmer_splitters.hpp        : 199)   Used 4050753 kmers.
  0:00:04.319     1M / 1348M INFO    General                 (kmer_index_builder.hpp    : 249)   Starting k-mer counting.
  0:00:04.355     1M / 1348M INFO    General                 (kmer_index_builder.hpp    : 260)   K-mer counting done. There are 4044572 kmers in total.
  0:00:04.355     1M / 1348M INFO   K-mer Index Building     (kmer_index_builder.hpp    : 395)   Building perfect hash indices
  0:00:04.407     5M / 1348M INFO   K-mer Index Building     (kmer_index_builder.hpp    : 431)   Index built. Total 4044572 kmers, 3041576 bytes occupied (6.01611 bits per kmer).
  0:00:04.407     5M / 1348M INFO    General                 (kmer_index_builder.hpp    : 169)   Merging final buckets.
  0:00:04.645     9M / 1348M INFO   DeBruijnExtensionIndexBu (kmer_extension_index_build: 100)   Building k-mer extensions from k+1-mers
  0:00:04.785     9M / 1348M INFO   DeBruijnExtensionIndexBu (kmer_extension_index_build: 105)   Building k-mer extensions from k+1-mers finished.
  0:00:04.791     9M / 1348M INFO    General                 (stage.cpp                 : 117)   PROCEDURE == Early tip clipping (id: construction:early_tip_clipper)
  0:00:04.792     9M / 1348M INFO    General                 (construction.cpp          : 301)   Early tip clipper length bound set as (RL - K)
  0:00:04.792     9M / 1348M INFO   Early tip clipping       (early_simplification.hpp  :  47)   Early tip clipping
  0:00:04.855     9M / 1348M INFO   Early tip clipping       (early_simplification.hpp  :  82)   #tipped junctions: 5224
  0:00:04.855     9M / 1348M INFO   Early tip clipping       (early_simplification.hpp  :  93)   Clipped tips: 5231
  0:00:04.860     9M / 1348M INFO   Early tip clipping       (early_simplification.hpp  :  49)   44485 22-mers were removed by early tip clipper
  0:00:04.860     9M / 1348M INFO    General                 (stage.cpp                 : 117)   PROCEDURE == Condensing graph (id: construction:graph_condensing)
  0:00:04.861     9M / 1348M INFO   UnbranchingPathExtractor (debruijn_graph_constructor: 354)   Extracting unbranching paths
  0:00:04.952    10M / 1348M INFO   UnbranchingPathExtractor (debruijn_graph_constructor: 373)   Extracting unbranching paths finished. 17791 sequences extracted
  0:00:05.041    10M / 1348M INFO   UnbranchingPathExtractor (debruijn_graph_constructor: 309)   Collecting perfect loops
  0:00:05.069    10M / 1348M INFO   UnbranchingPathExtractor (debruijn_graph_constructor: 342)   Collecting perfect loops finished. 0 loops collected
  0:00:05.077    10M / 1348M INFO    General                 (debruijn_graph_constructor: 487)   Total 35582 edges to create
  0:00:05.078    12M / 1348M INFO    General                 (debruijn_graph_constructor: 489)   Collecting link records
  0:00:05.095    12M / 1348M INFO    General                 (debruijn_graph_constructor: 491)   Ordering link records
  0:00:05.095    12M / 1348M INFO    General                 (debruijn_graph_constructor: 493)   Sorting done
  0:00:05.096    13M / 1348M INFO    General                 (debruijn_graph_constructor: 503)   Total 11610 vertices to create
  0:00:05.096    14M / 1348M INFO    General                 (debruijn_graph_constructor: 506)   Connecting the graph
  0:00:05.107    13M / 1348M INFO    General                 (stage.cpp                 : 117)   PROCEDURE == Filling coverage indices (PHM) (id: construction:coverage_filling_phm)
  0:00:05.107    13M / 1348M INFO   K-mer Index Building     (kmer_index_builder.hpp    : 395)   Building perfect hash indices
  0:00:05.150    16M / 1348M INFO   K-mer Index Building     (kmer_index_builder.hpp    : 431)   Index built. Total 4050753 kmers, 3046008 bytes occupied (6.01569 bits per kmer).
  0:00:05.153    32M / 1348M INFO    General                 (coverage_hash_map_builder.:  47)   Collecting k-mer coverage information from reads, this takes a while.
  0:00:06.396    32M / 1348M INFO    General                 (construction.cpp          : 430)   Filling coverage and flanking coverage from PHM
  0:00:06.482    32M / 1348M INFO    General                 (coverage_filling.hpp      :  82)   Processed 35541 edges
  0:00:06.499     5M / 1348M INFO   StageManager             (stage.cpp                 : 185)   STAGE == EC Threshold Finding (id: ec_threshold_finder)
  0:00:06.500     5M / 1348M INFO    General                 (kmer_coverage_model.cpp   : 181)   Kmer coverage valley at: 3
  0:00:06.500     5M / 1348M INFO    General                 (kmer_coverage_model.cpp   : 201)   K-mer histogram maximum: 27
  0:00:06.500     5M / 1348M INFO    General                 (kmer_coverage_model.cpp   : 237)   Estimated median coverage: 30. Coverage mad: 10.3782
  0:00:06.500     5M / 1348M INFO    General                 (kmer_coverage_model.cpp   : 259)   Fitting coverage model
  0:00:06.534     5M / 1348M INFO    General                 (kmer_coverage_model.cpp   : 295)   ... iteration 2
  0:00:06.629     5M / 1348M INFO    General                 (kmer_coverage_model.cpp   : 295)   ... iteration 4
  0:00:06.957     5M / 1348M INFO    General                 (kmer_coverage_model.cpp   : 295)   ... iteration 8
  0:00:07.457     5M / 1348M INFO    General                 (kmer_coverage_model.cpp   : 309)   Fitted mean coverage: 30.0097. Fitted coverage std. dev: 8.16244
  0:00:07.458     5M / 1348M INFO    General                 (kmer_coverage_model.cpp   : 334)   Probability of erroneous kmer at valley: 0.724034
  0:00:07.458     5M / 1348M INFO    General                 (kmer_coverage_model.cpp   : 358)   Preliminary threshold calculated as: 6
  0:00:07.458     5M / 1348M INFO    General                 (kmer_coverage_model.cpp   : 362)   Threshold adjusted to: 6
  0:00:07.458     5M / 1348M INFO    General                 (kmer_coverage_model.cpp   : 375)   Estimated genome size (ignoring repeats): 3926117
  0:00:07.458     5M / 1348M INFO    General                 (genomic_info_filler.cpp   :  55)   Mean coverage was calculated as 30.0097
  0:00:07.458     5M / 1348M INFO    General                 (genomic_info_filler.cpp   :  70)   EC coverage threshold value was calculated as 6
  0:00:07.458     5M / 1348M INFO    General                 (genomic_info_filler.cpp   :  71)   Trusted kmer low bound: 0
  0:00:07.458     5M / 1348M INFO   StageManager             (stage.cpp                 : 185)   STAGE == Raw Simplification (id: raw_simplification)
  0:00:07.458     5M / 1348M INFO    General                 (simplification.cpp        : 127)   PROCEDURE == Initial cleaning
  0:00:07.459     5M / 1348M INFO    General                 (graph_simplification.hpp  : 662)   Flanking coverage based disconnection disabled
  0:00:07.459     5M / 1348M INFO   Simplification           (parallel_processing.hpp   : 167)   Running Self conjugate edge remover
  0:00:07.460     5M / 1348M INFO   Simplification           (parallel_processing.hpp   : 170)   Self conjugate edge remover triggered 0 times
  0:00:07.460     5M / 1348M INFO   StageManager             (stage.cpp                 : 185)   STAGE == Simplification (id: simplification)
  0:00:07.460     5M / 1348M INFO    General                 (simplification.cpp        : 368)   Graph simplification started
  0:00:07.460     5M / 1348M INFO    General                 (graph_simplification.hpp  : 634)   Creating parallel br instance
  0:00:07.460     5M / 1348M INFO    General                 (simplification.cpp        : 373)   PROCEDURE == Simplification cycle, iteration 1
  0:00:07.460     5M / 1348M INFO   Simplification           (parallel_processing.hpp   : 167)   Running Tip clipper
  0:00:07.462     5M / 1348M INFO   Simplification           (parallel_processing.hpp   : 170)   Tip clipper triggered 19 times
  0:00:07.462     5M / 1348M INFO   Simplification           (parallel_processing.hpp   : 167)   Running Bulge remover
  0:00:07.528     5M / 1348M INFO   Simplification           (parallel_processing.hpp   : 170)   Bulge remover triggered 1871 times
  0:00:07.529     5M / 1348M INFO   Simplification           (parallel_processing.hpp   : 167)   Running Low coverage edge remover
  0:00:07.529     5M / 1348M INFO   Simplification           (parallel_processing.hpp   : 170)   Low coverage edge remover triggered 0 times
  0:00:07.530     5M / 1348M INFO    General                 (simplification.cpp        : 373)   PROCEDURE == Simplification cycle, iteration 2
  0:00:07.530     5M / 1348M INFO   Simplification           (parallel_processing.hpp   : 167)   Running Tip clipper
  0:00:07.530     5M / 1348M INFO   Simplification           (parallel_processing.hpp   : 170)   Tip clipper triggered 0 times
  0:00:07.531     5M / 1348M INFO   Simplification           (parallel_processing.hpp   : 167)   Running Bulge remover
  0:00:07.531     5M / 1348M INFO   Simplification           (parallel_processing.hpp   : 170)   Bulge remover triggered 0 times
  0:00:07.531     5M / 1348M INFO   Simplification           (parallel_processing.hpp   : 167)   Running Low coverage edge remover
  0:00:07.555     5M / 1348M INFO   Simplification           (parallel_processing.hpp   : 170)   Low coverage edge remover triggered 1350 times
  0:00:07.555     5M / 1348M INFO    General                 (simplification.cpp        : 373)   PROCEDURE == Simplification cycle, iteration 3
  0:00:07.555     5M / 1348M INFO   Simplification           (parallel_processing.hpp   : 167)   Running Tip clipper
  0:00:07.556     5M / 1348M INFO   Simplification           (parallel_processing.hpp   : 170)   Tip clipper triggered 2 times
  0:00:07.556     5M / 1348M INFO   Simplification           (parallel_processing.hpp   : 167)   Running Bulge remover
  0:00:07.566     5M / 1348M INFO   Simplification           (parallel_processing.hpp   : 170)   Bulge remover triggered 175 times
  0:00:07.566     5M / 1348M INFO   Simplification           (parallel_processing.hpp   : 167)   Running Low coverage edge remover
  0:00:07.568     5M / 1348M INFO   Simplification           (parallel_processing.hpp   : 170)   Low coverage edge remover triggered 72 times
  0:00:07.568     5M / 1348M INFO    General                 (simplification.cpp        : 373)   PROCEDURE == Simplification cycle, iteration 4
  0:00:07.568     5M / 1348M INFO   Simplification           (parallel_processing.hpp   : 167)   Running Tip clipper
  0:00:07.568     5M / 1348M INFO   Simplification           (parallel_processing.hpp   : 170)   Tip clipper triggered 0 times
  0:00:07.568     5M / 1348M INFO   Simplification           (parallel_processing.hpp   : 167)   Running Bulge remover
  0:00:07.569     5M / 1348M INFO   Simplification           (parallel_processing.hpp   : 170)   Bulge remover triggered 10 times
  0:00:07.569     5M / 1348M INFO   Simplification           (parallel_processing.hpp   : 167)   Running Low coverage edge remover
  0:00:07.575     5M / 1348M INFO   Simplification           (parallel_processing.hpp   : 170)   Low coverage edge remover triggered 226 times
  0:00:07.576     5M / 1348M INFO    General                 (simplification.cpp        : 373)   PROCEDURE == Simplification cycle, iteration 5
  0:00:07.576     5M / 1348M INFO   Simplification           (parallel_processing.hpp   : 167)   Running Tip clipper
  0:00:07.576     5M / 1348M INFO   Simplification           (parallel_processing.hpp   : 170)   Tip clipper triggered 0 times
  0:00:07.576     5M / 1348M INFO   Simplification           (parallel_processing.hpp   : 167)   Running Bulge remover
  0:00:07.577     5M / 1348M INFO   Simplification           (parallel_processing.hpp   : 170)   Bulge remover triggered 41 times
  0:00:07.577     5M / 1348M INFO   Simplification           (parallel_processing.hpp   : 167)   Running Low coverage edge remover
  0:00:07.578     5M / 1348M INFO   Simplification           (parallel_processing.hpp   : 170)   Low coverage edge remover triggered 35 times
  0:00:07.578     5M / 1348M INFO    General                 (simplification.cpp        : 373)   PROCEDURE == Simplification cycle, iteration 6
  0:00:07.578     5M / 1348M INFO   Simplification           (parallel_processing.hpp   : 167)   Running Tip clipper
  0:00:07.578     5M / 1348M INFO   Simplification           (parallel_processing.hpp   : 170)   Tip clipper triggered 0 times
  0:00:07.578     5M / 1348M INFO   Simplification           (parallel_processing.hpp   : 167)   Running Bulge remover
  0:00:07.578     5M / 1348M INFO   Simplification           (parallel_processing.hpp   : 170)   Bulge remover triggered 15 times
  0:00:07.578     5M / 1348M INFO   Simplification           (parallel_processing.hpp   : 167)   Running Low coverage edge remover
  0:00:07.578     5M / 1348M INFO   Simplification           (parallel_processing.hpp   : 170)   Low coverage edge remover triggered 6 times
  0:00:07.578     5M / 1348M INFO    General                 (simplification.cpp        : 373)   PROCEDURE == Simplification cycle, iteration 7
  0:00:07.578     5M / 1348M INFO   Simplification           (parallel_processing.hpp   : 167)   Running Tip clipper
  0:00:07.578     5M / 1348M INFO   Simplification           (parallel_processing.hpp   : 170)   Tip clipper triggered 0 times
  0:00:07.578     5M / 1348M INFO   Simplification           (parallel_processing.hpp   : 167)   Running Bulge remover
  0:00:07.578     5M / 1348M INFO   Simplification           (parallel_processing.hpp   : 170)   Bulge remover triggered 0 times
  0:00:07.578     5M / 1348M INFO   Simplification           (parallel_processing.hpp   : 167)   Running Low coverage edge remover
  0:00:07.579     5M / 1348M INFO   Simplification           (parallel_processing.hpp   : 170)   Low coverage edge remover triggered 20 times
  0:00:07.579     5M / 1348M INFO    General                 (simplification.cpp        : 373)   PROCEDURE == Simplification cycle, iteration 8
  0:00:07.579     5M / 1348M INFO   Simplification           (parallel_processing.hpp   : 167)   Running Tip clipper
  0:00:07.579     5M / 1348M INFO   Simplification           (parallel_processing.hpp   : 170)   Tip clipper triggered 0 times
  0:00:07.579     5M / 1348M INFO   Simplification           (parallel_processing.hpp   : 167)   Running Bulge remover
  0:00:07.579     5M / 1348M INFO   Simplification           (parallel_processing.hpp   : 170)   Bulge remover triggered 6 times
  0:00:07.579     5M / 1348M INFO   Simplification           (parallel_processing.hpp   : 167)   Running Low coverage edge remover
  0:00:07.579     5M / 1348M INFO   Simplification           (parallel_processing.hpp   : 170)   Low coverage edge remover triggered 4 times
  0:00:07.579     5M / 1348M INFO    General                 (simplification.cpp        : 373)   PROCEDURE == Simplification cycle, iteration 9
  0:00:07.579     5M / 1348M INFO   Simplification           (parallel_processing.hpp   : 167)   Running Tip clipper
  0:00:07.579     5M / 1348M INFO   Simplification           (parallel_processing.hpp   : 170)   Tip clipper triggered 0 times
  0:00:07.579     5M / 1348M INFO   Simplification           (parallel_processing.hpp   : 167)   Running Bulge remover
  0:00:07.579     5M / 1348M INFO   Simplification           (parallel_processing.hpp   : 170)   Bulge remover triggered 0 times
  0:00:07.579     5M / 1348M INFO   Simplification           (parallel_processing.hpp   : 167)   Running Low coverage edge remover
  0:00:07.579     5M / 1348M INFO   Simplification           (parallel_processing.hpp   : 170)   Low coverage edge remover triggered 5 times
  0:00:07.579     5M / 1348M INFO    General                 (simplification.cpp        : 373)   PROCEDURE == Simplification cycle, iteration 10
  0:00:07.579     5M / 1348M INFO   Simplification           (parallel_processing.hpp   : 167)   Running Tip clipper
  0:00:07.579     5M / 1348M INFO   Simplification           (parallel_processing.hpp   : 170)   Tip clipper triggered 0 times
  0:00:07.579     5M / 1348M INFO   Simplification           (parallel_processing.hpp   : 167)   Running Bulge remover
  0:00:07.579     5M / 1348M INFO   Simplification           (parallel_processing.hpp   : 170)   Bulge remover triggered 0 times
  0:00:07.579     5M / 1348M INFO   Simplification           (parallel_processing.hpp   : 167)   Running Low coverage edge remover
  0:00:07.579     5M / 1348M INFO   Simplification           (parallel_processing.hpp   : 170)   Low coverage edge remover triggered 3 times
  0:00:07.579     5M / 1348M INFO    General                 (simplification.cpp        : 373)   PROCEDURE == Simplification cycle, iteration 11
  0:00:07.579     5M / 1348M INFO   Simplification           (parallel_processing.hpp   : 167)   Running Tip clipper
  0:00:07.580     5M / 1348M INFO   Simplification           (parallel_processing.hpp   : 170)   Tip clipper triggered 0 times
  0:00:07.580     5M / 1348M INFO   Simplification           (parallel_processing.hpp   : 167)   Running Bulge remover
  0:00:07.587     5M / 1348M INFO   Simplification           (parallel_processing.hpp   : 170)   Bulge remover triggered 17 times
  0:00:07.588     5M / 1348M INFO   Simplification           (parallel_processing.hpp   : 167)   Running Low coverage edge remover
  0:00:07.588     5M / 1348M INFO   Simplification           (parallel_processing.hpp   : 170)   Low coverage edge remover triggered 0 times
  0:00:07.588     5M / 1348M INFO    General                 (simplification.cpp        : 373)   PROCEDURE == Simplification cycle, iteration 12
  0:00:07.588     5M / 1348M INFO   Simplification           (parallel_processing.hpp   : 167)   Running Tip clipper
  0:00:07.588     5M / 1348M INFO   Simplification           (parallel_processing.hpp   : 170)   Tip clipper triggered 0 times
  0:00:07.588     5M / 1348M INFO   Simplification           (parallel_processing.hpp   : 167)   Running Bulge remover
  0:00:07.588     5M / 1348M INFO   Simplification           (parallel_processing.hpp   : 170)   Bulge remover triggered 0 times
  0:00:07.588     5M / 1348M INFO   Simplification           (parallel_processing.hpp   : 167)   Running Low coverage edge remover
  0:00:07.588     5M / 1348M INFO   Simplification           (parallel_processing.hpp   : 170)   Low coverage edge remover triggered 0 times
  0:00:07.588     5M / 1348M INFO   StageManager             (stage.cpp                 : 185)   STAGE == Simplification Cleanup (id: simplification_cleanup)
  0:00:07.588     5M / 1348M INFO    General                 (simplification.cpp        : 176)   PROCEDURE == Post simplification
  0:00:07.588     5M / 1348M INFO    General                 (graph_simplification.hpp  : 448)   Disconnection of relatively low covered edges disabled
  0:00:07.588     5M / 1348M INFO    General                 (graph_simplification.hpp  : 485)   Complex tip clipping disabled
  0:00:07.588     5M / 1348M INFO    General                 (graph_simplification.hpp  : 634)   Creating parallel br instance
  0:00:07.588     5M / 1348M INFO   Simplification           (parallel_processing.hpp   : 167)   Running Tip clipper
  0:00:07.588     5M / 1348M INFO   Simplification           (parallel_processing.hpp   : 170)   Tip clipper triggered 0 times
  0:00:07.588     5M / 1348M INFO   Simplification           (parallel_processing.hpp   : 167)   Running Bulge remover
  0:00:07.595     5M / 1348M INFO   Simplification           (parallel_processing.hpp   : 170)   Bulge remover triggered 0 times
  0:00:07.596     5M / 1348M INFO   Simplification           (parallel_processing.hpp   : 167)   Running Tip clipper
  0:00:07.596     5M / 1348M INFO   Simplification           (parallel_processing.hpp   : 170)   Tip clipper triggered 0 times
  0:00:07.596     5M / 1348M INFO   Simplification           (parallel_processing.hpp   : 167)   Running Bulge remover
  0:00:07.603     5M / 1348M INFO   Simplification           (parallel_processing.hpp   : 170)   Bulge remover triggered 0 times
  0:00:07.603     5M / 1348M INFO    General                 (simplification.cpp        : 327)   Disrupting self-conjugate edges
  0:00:07.605     5M / 1348M INFO   Simplification           (parallel_processing.hpp   : 167)   Running Removing isolated edges
  0:00:07.605     5M / 1348M INFO   Simplification           (parallel_processing.hpp   : 170)   Removing isolated edges triggered 143 times
  0:00:07.605     5M / 1348M INFO    General                 (simplification.cpp        : 495)   After simplification:
  0:00:07.605     5M / 1348M INFO    General                 (simplification.cpp        : 496)     Average coverage = 34.5546
  0:00:07.605     5M / 1348M INFO    General                 (simplification.cpp        : 497)     Total length = 3908331
  0:00:07.606     5M / 1348M INFO    General                 (simplification.cpp        : 498)     Median edge length: 6766
  0:00:07.606     5M / 1348M INFO    General                 (simplification.cpp        : 499)     Edges: 13488
  0:00:07.606     5M / 1348M INFO    General                 (simplification.cpp        : 500)     Vertices: 8574
  0:00:07.606     5M / 1348M INFO   StageManager             (stage.cpp                 : 185)   STAGE == Contig Output (id: contig_output)
  0:00:07.606     5M / 1348M INFO    General                 (read_converter.cpp        : 107)   Outputting contigs to /data/djs217/PROJECTS/10_X_fragariae_feb_2024/04_spades/NCPPB_1469.spades/K21/simplified_contigs
  0:00:07.613     7M / 1348M INFO    General                 (binary_converter.cpp      : 111)   6755 reads written
  0:00:07.618     5M / 1348M INFO    General                 (pipeline.cpp              : 287)   SPAdes finished
  0:00:07.621     1M / 1348M INFO    General                 (main.cpp                  : 136)   Assembling time: 0 hours 0 minutes 7 seconds

===== K21 finished. 


===== K33 started. 


== Running: /data/djs217/anaconda3/envs/spades-env/bin/spades-core /data/djs217/PROJECTS/10_X_fragariae_feb_2024/04_spades/NCPPB_1469.spades/K33/configs/config.info /data/djs217/PROJECTS/10_X_fragariae_feb_2024/04_spades/NCPPB_1469.spades/K33/configs/careful_mode.info

  0:00:00.000     1M / 19M   INFO    General                 (main.cpp                  :  99)   Loaded config from /data/djs217/PROJECTS/10_X_fragariae_feb_2024/04_spades/NCPPB_1469.spades/K33/configs/config.info
  0:00:00.001     1M / 19M   INFO    General                 (main.cpp                  :  99)   Loaded config from /data/djs217/PROJECTS/10_X_fragariae_feb_2024/04_spades/NCPPB_1469.spades/K33/configs/careful_mode.info
  0:00:00.001     1M / 19M   INFO    General                 (memory_limit.cpp          :  54)   Memory limit set to 62 Gb
  0:00:00.001     1M / 19M   INFO    General                 (main.cpp                  : 107)   Starting SPAdes, built from N/A, git revision N/A
  0:00:00.001     1M / 19M   INFO    General                 (main.cpp                  : 108)   Maximum k-mer length: 128
  0:00:00.001     1M / 19M   INFO    General                 (main.cpp                  : 109)   Assembling dataset (/data/djs217/PROJECTS/10_X_fragariae_feb_2024/04_spades/NCPPB_1469.spades/dataset.info) with K=33
  0:00:00.001     1M / 19M   INFO    General                 (main.cpp                  : 110)   Maximum # of threads to use (adjusted due to OMP capabilities): 16
  0:00:00.001     1M / 19M   INFO    General                 (pipeline.cpp              : 212)   SPAdes started
  0:00:00.001     1M / 19M   INFO    General                 (pipeline.cpp              : 225)   Starting from stage: read_conversion
  0:00:00.001     1M / 19M   INFO    General                 (pipeline.cpp              : 231)   Two-step repeat resolution disabled
  0:00:00.001     1M / 19M   INFO   GraphCore                (graph_core.hpp            : 672)   Graph created, vertex min_id: 3, edge min_id: 3
  0:00:00.001     1M / 19M   INFO   GraphCore                (graph_core.hpp            : 673)   Vertex size: 48, edge size: 40
  0:00:00.002     1M / 19M   INFO    General                 (edge_index.hpp            : 113)   Size of edge index entries: 12/8
  0:00:00.002     1M / 19M   INFO   StageManager             (stage.cpp                 : 185)   STAGE == Binary Read Conversion (id: read_conversion)
  0:00:00.003     1M / 19M   INFO    General                 (read_converter.cpp        :  53)   Binary reads detected
  0:00:00.007     1M / 19M   INFO   StageManager             (stage.cpp                 : 185)   STAGE == de Bruijn graph construction (id: construction)
  0:00:00.007     1M / 19M   INFO    General                 (construction.cpp          : 118)   Contigs from previous K will be used: /data/djs217/PROJECTS/10_X_fragariae_feb_2024/04_spades/NCPPB_1469.spades/K21/simplified_contigs
  0:00:00.038     1M / 19M   INFO    General                 (construction.cpp          : 153)   Max read length 301
  0:00:00.038     1M / 19M   INFO    General                 (construction.cpp          : 159)   Average read length 186.494
  0:00:00.038     1M / 19M   INFO    General                 (stage.cpp                 : 117)   PROCEDURE == k+1-mer counting (id: construction:kpomer_counting)
  0:00:00.039     1M / 19M   INFO    General                 (kmer_index_builder.hpp    : 243)   Splitting kmer instances into 160 files using 16 threads. This might take a while.
  0:00:00.039     1M / 19M   INFO    General                 (file_limit.hpp            :  42)   Open file limit set to 1024
  0:00:00.039     1M / 19M   INFO    General                 (kmer_splitter.hpp         :  93)   Memory available for splitting buffers: 1.29165 Gb
  0:00:00.039     1M / 19M   INFO    General                 (kmer_splitter.hpp         : 101)   Using cell size of 209715
  0:00:01.560  9601M / 9601M INFO    General                 (kmer_splitters.hpp        : 125)   Processed 1646868 reads
  0:00:01.569     1M / 2235M INFO    General                 (kmer_splitters.hpp        : 131)   Used 1646868 reads
  0:00:01.736     1M / 2235M INFO    General                 (kmer_index_builder.hpp    : 249)   Starting k-mer counting.
  0:00:01.797     1M / 2235M INFO    General                 (kmer_index_builder.hpp    : 260)   K-mer counting done. There are 4106066 kmers in total.
  0:00:01.797     1M / 2235M INFO    General                 (stage.cpp                 : 117)   PROCEDURE == Extension index construction (id: construction:extension_index_construction)
  0:00:01.800     1M / 2235M INFO   K-mer Index Building     (kmer_index_builder.hpp    : 438)   Building kmer index
  0:00:01.800     1M / 2235M INFO    General                 (kmer_index_builder.hpp    : 243)   Splitting kmer instances into 160 files using 16 threads. This might take a while.
  0:00:01.800     1M / 2235M INFO    General                 (file_limit.hpp            :  42)   Open file limit set to 1024
  0:00:01.800     1M / 2235M INFO    General                 (kmer_splitter.hpp         :  93)   Memory available for splitting buffers: 1.29165 Gb
  0:00:01.800     1M / 2235M INFO    General                 (kmer_splitter.hpp         : 101)   Using cell size of 209715
  0:00:01.963  9602M / 9602M INFO    General                 (kmer_splitters.hpp        : 194)   Processed 4106066 kmers
  0:00:01.963  9602M / 9602M INFO    General                 (kmer_splitters.hpp        : 199)   Used 4106066 kmers.
  0:00:01.964     2M / 2235M INFO    General                 (kmer_index_builder.hpp    : 249)   Starting k-mer counting.
  0:00:02.008     2M / 2235M INFO    General                 (kmer_index_builder.hpp    : 260)   K-mer counting done. There are 4102278 kmers in total.
  0:00:02.009     2M / 2235M INFO   K-mer Index Building     (kmer_index_builder.hpp    : 395)   Building perfect hash indices
  0:00:02.068     5M / 2235M INFO   K-mer Index Building     (kmer_index_builder.hpp    : 431)   Index built. Total 4102278 kmers, 3083200 bytes occupied (6.01266 bits per kmer).
  0:00:02.068     5M / 2235M INFO    General                 (kmer_index_builder.hpp    : 169)   Merging final buckets.
  0:00:02.396     9M / 2235M INFO   DeBruijnExtensionIndexBu (kmer_extension_index_build: 100)   Building k-mer extensions from k+1-mers
  0:00:02.539     9M / 2235M INFO   DeBruijnExtensionIndexBu (kmer_extension_index_build: 105)   Building k-mer extensions from k+1-mers finished.
  0:00:02.546     9M / 2235M INFO    General                 (stage.cpp                 : 117)   PROCEDURE == Early tip clipping (id: construction:early_tip_clipper)
  0:00:02.547     9M / 2235M INFO    General                 (construction.cpp          : 301)   Early tip clipper length bound set as (RL - K)
  0:00:02.547     9M / 2235M INFO   Early tip clipping       (early_simplification.hpp  :  47)   Early tip clipping
  0:00:02.617     9M / 2235M INFO   Early tip clipping       (early_simplification.hpp  :  82)   #tipped junctions: 5927
  0:00:02.618     9M / 2235M INFO   Early tip clipping       (early_simplification.hpp  :  93)   Clipped tips: 5934
  0:00:02.624     9M / 2235M INFO   Early tip clipping       (early_simplification.hpp  :  49)   66724 34-mers were removed by early tip clipper
  0:00:02.624     9M / 2235M INFO    General                 (stage.cpp                 : 117)   PROCEDURE == Condensing graph (id: construction:graph_condensing)
  0:00:02.625     9M / 2235M INFO   UnbranchingPathExtractor (debruijn_graph_constructor: 354)   Extracting unbranching paths
  0:00:02.730    10M / 2235M INFO   UnbranchingPathExtractor (debruijn_graph_constructor: 373)   Extracting unbranching paths finished. 11689 sequences extracted
  0:00:02.832    10M / 2235M INFO   UnbranchingPathExtractor (debruijn_graph_constructor: 309)   Collecting perfect loops
  0:00:02.860    10M / 2235M INFO   UnbranchingPathExtractor (debruijn_graph_constructor: 342)   Collecting perfect loops finished. 0 loops collected
  0:00:02.867    10M / 2235M INFO    General                 (debruijn_graph_constructor: 487)   Total 23378 edges to create
  0:00:02.867    11M / 2235M INFO    General                 (debruijn_graph_constructor: 489)   Collecting link records
  0:00:02.878    12M / 2235M INFO    General                 (debruijn_graph_constructor: 491)   Ordering link records
  0:00:02.879    12M / 2235M INFO    General                 (debruijn_graph_constructor: 493)   Sorting done
  0:00:02.879    12M / 2235M INFO    General                 (debruijn_graph_constructor: 503)   Total 7901 vertices to create
  0:00:02.879    12M / 2235M INFO    General                 (debruijn_graph_constructor: 506)   Connecting the graph
  0:00:02.886    12M / 2235M INFO    General                 (stage.cpp                 : 117)   PROCEDURE == Filling coverage indices (PHM) (id: construction:coverage_filling_phm)
  0:00:02.886    12M / 2235M INFO   K-mer Index Building     (kmer_index_builder.hpp    : 395)   Building perfect hash indices
  0:00:02.935    15M / 2235M INFO   K-mer Index Building     (kmer_index_builder.hpp    : 431)   Index built. Total 4106066 kmers, 3085768 bytes occupied (6.01212 bits per kmer).
  0:00:02.942    31M / 2235M INFO    General                 (coverage_hash_map_builder.:  47)   Collecting k-mer coverage information from reads, this takes a while.
  0:00:04.106    31M / 2235M INFO    General                 (construction.cpp          : 430)   Filling coverage and flanking coverage from PHM
  0:00:04.189    31M / 2235M INFO    General                 (coverage_filling.hpp      :  82)   Processed 23365 edges
  0:00:04.216     4M / 2235M INFO   StageManager             (stage.cpp                 : 185)   STAGE == EC Threshold Finding (id: ec_threshold_finder)
  0:00:04.217     4M / 2235M INFO    General                 (kmer_coverage_model.cpp   : 181)   Kmer coverage valley at: 2
  0:00:04.217     4M / 2235M INFO    General                 (kmer_coverage_model.cpp   : 201)   K-mer histogram maximum: 25
  0:00:04.217     4M / 2235M INFO    General                 (kmer_coverage_model.cpp   : 237)   Estimated median coverage: 27. Coverage mad: 8.8956
  0:00:04.217     4M / 2235M INFO    General                 (kmer_coverage_model.cpp   : 259)   Fitting coverage model
  0:00:04.247     4M / 2235M INFO    General                 (kmer_coverage_model.cpp   : 295)   ... iteration 2
  0:00:04.327     4M / 2235M INFO    General                 (kmer_coverage_model.cpp   : 295)   ... iteration 4
  0:00:04.624     4M / 2235M INFO    General                 (kmer_coverage_model.cpp   : 295)   ... iteration 8
  0:00:04.983     4M / 2235M INFO    General                 (kmer_coverage_model.cpp   : 309)   Fitted mean coverage: 27.8154. Fitted coverage std. dev: 7.84581
  0:00:04.984     4M / 2235M INFO    General                 (kmer_coverage_model.cpp   : 334)   Probability of erroneous kmer at valley: 0.931898
  0:00:04.984     4M / 2235M INFO    General                 (kmer_coverage_model.cpp   : 358)   Preliminary threshold calculated as: 6
  0:00:04.984     4M / 2235M INFO    General                 (kmer_coverage_model.cpp   : 362)   Threshold adjusted to: 6
  0:00:04.984     4M / 2235M INFO    General                 (kmer_coverage_model.cpp   : 375)   Estimated genome size (ignoring repeats): 3953863
  0:00:04.984     4M / 2235M INFO    General                 (genomic_info_filler.cpp   :  55)   Mean coverage was calculated as 27.8154
  0:00:04.984     4M / 2235M INFO    General                 (genomic_info_filler.cpp   :  70)   EC coverage threshold value was calculated as 6
  0:00:04.984     4M / 2235M INFO    General                 (genomic_info_filler.cpp   :  71)   Trusted kmer low bound: 0
  0:00:04.984     4M / 2235M INFO   StageManager             (stage.cpp                 : 185)   STAGE == Raw Simplification (id: raw_simplification)
  0:00:04.985     4M / 2235M INFO    General                 (simplification.cpp        : 127)   PROCEDURE == Initial cleaning
  0:00:04.985     4M / 2235M INFO    General                 (graph_simplification.hpp  : 662)   Flanking coverage based disconnection disabled
  0:00:04.985     4M / 2235M INFO   Simplification           (parallel_processing.hpp   : 167)   Running Self conjugate edge remover
  0:00:04.987     4M / 2235M INFO   Simplification           (parallel_processing.hpp   : 170)   Self conjugate edge remover triggered 0 times
  0:00:04.987     4M / 2235M INFO   StageManager             (stage.cpp                 : 185)   STAGE == Simplification (id: simplification)
  0:00:04.987     4M / 2235M INFO    General                 (simplification.cpp        : 368)   Graph simplification started
  0:00:04.987     4M / 2235M INFO    General                 (graph_simplification.hpp  : 634)   Creating parallel br instance
  0:00:04.987     4M / 2235M INFO    General                 (simplification.cpp        : 373)   PROCEDURE == Simplification cycle, iteration 1
  0:00:04.987     4M / 2235M INFO   Simplification           (parallel_processing.hpp   : 167)   Running Tip clipper
  0:00:04.989     4M / 2235M INFO   Simplification           (parallel_processing.hpp   : 170)   Tip clipper triggered 25 times
  0:00:04.989     4M / 2235M INFO   Simplification           (parallel_processing.hpp   : 167)   Running Bulge remover
  0:00:05.057     4M / 2235M INFO   Simplification           (parallel_processing.hpp   : 170)   Bulge remover triggered 1449 times
  0:00:05.058     4M / 2235M INFO   Simplification           (parallel_processing.hpp   : 167)   Running Low coverage edge remover
  0:00:05.059     4M / 2235M INFO   Simplification           (parallel_processing.hpp   : 170)   Low coverage edge remover triggered 7 times
  0:00:05.059     4M / 2235M INFO    General                 (simplification.cpp        : 373)   PROCEDURE == Simplification cycle, iteration 2
  0:00:05.059     4M / 2235M INFO   Simplification           (parallel_processing.hpp   : 167)   Running Tip clipper
  0:00:05.060     4M / 2235M INFO   Simplification           (parallel_processing.hpp   : 170)   Tip clipper triggered 0 times
  0:00:05.060     4M / 2235M INFO   Simplification           (parallel_processing.hpp   : 167)   Running Bulge remover
  0:00:05.060     4M / 2235M INFO   Simplification           (parallel_processing.hpp   : 170)   Bulge remover triggered 4 times
  0:00:05.060     4M / 2235M INFO   Simplification           (parallel_processing.hpp   : 167)   Running Low coverage edge remover
  0:00:05.084     4M / 2235M INFO   Simplification           (parallel_processing.hpp   : 170)   Low coverage edge remover triggered 742 times
  0:00:05.084     4M / 2235M INFO    General                 (simplification.cpp        : 373)   PROCEDURE == Simplification cycle, iteration 3
  0:00:05.084     4M / 2235M INFO   Simplification           (parallel_processing.hpp   : 167)   Running Tip clipper
  0:00:05.085     4M / 2235M INFO   Simplification           (parallel_processing.hpp   : 170)   Tip clipper triggered 15 times
  0:00:05.085     4M / 2235M INFO   Simplification           (parallel_processing.hpp   : 167)   Running Bulge remover
  0:00:05.092     4M / 2235M INFO   Simplification           (parallel_processing.hpp   : 170)   Bulge remover triggered 156 times
  0:00:05.092     4M / 2235M INFO   Simplification           (parallel_processing.hpp   : 167)   Running Low coverage edge remover
  0:00:05.094     4M / 2235M INFO   Simplification           (parallel_processing.hpp   : 170)   Low coverage edge remover triggered 51 times
  0:00:05.094     4M / 2235M INFO    General                 (simplification.cpp        : 373)   PROCEDURE == Simplification cycle, iteration 4
  0:00:05.094     4M / 2235M INFO   Simplification           (parallel_processing.hpp   : 167)   Running Tip clipper
  0:00:05.094     4M / 2235M INFO   Simplification           (parallel_processing.hpp   : 170)   Tip clipper triggered 1 times
  0:00:05.094     4M / 2235M INFO   Simplification           (parallel_processing.hpp   : 167)   Running Bulge remover
  0:00:05.095     4M / 2235M INFO   Simplification           (parallel_processing.hpp   : 170)   Bulge remover triggered 8 times
  0:00:05.095     4M / 2235M INFO   Simplification           (parallel_processing.hpp   : 167)   Running Low coverage edge remover
  0:00:05.102     4M / 2235M INFO   Simplification           (parallel_processing.hpp   : 170)   Low coverage edge remover triggered 115 times
  0:00:05.102     4M / 2235M INFO    General                 (simplification.cpp        : 373)   PROCEDURE == Simplification cycle, iteration 5
  0:00:05.102     4M / 2235M INFO   Simplification           (parallel_processing.hpp   : 167)   Running Tip clipper
  0:00:05.102     4M / 2235M INFO   Simplification           (parallel_processing.hpp   : 170)   Tip clipper triggered 1 times
  0:00:05.102     4M / 2235M INFO   Simplification           (parallel_processing.hpp   : 167)   Running Bulge remover
  0:00:05.104     4M / 2235M INFO   Simplification           (parallel_processing.hpp   : 170)   Bulge remover triggered 34 times
  0:00:05.104     4M / 2235M INFO   Simplification           (parallel_processing.hpp   : 167)   Running Low coverage edge remover
  0:00:05.104     4M / 2235M INFO   Simplification           (parallel_processing.hpp   : 170)   Low coverage edge remover triggered 14 times
  0:00:05.104     4M / 2235M INFO    General                 (simplification.cpp        : 373)   PROCEDURE == Simplification cycle, iteration 6
  0:00:05.104     4M / 2235M INFO   Simplification           (parallel_processing.hpp   : 167)   Running Tip clipper
  0:00:05.104     4M / 2235M INFO   Simplification           (parallel_processing.hpp   : 170)   Tip clipper triggered 0 times
  0:00:05.104     4M / 2235M INFO   Simplification           (parallel_processing.hpp   : 167)   Running Bulge remover
  0:00:05.105     4M / 2235M INFO   Simplification           (parallel_processing.hpp   : 170)   Bulge remover triggered 10 times
  0:00:05.105     4M / 2235M INFO   Simplification           (parallel_processing.hpp   : 167)   Running Low coverage edge remover
  0:00:05.105     4M / 2235M INFO   Simplification           (parallel_processing.hpp   : 170)   Low coverage edge remover triggered 5 times
  0:00:05.105     4M / 2235M INFO    General                 (simplification.cpp        : 373)   PROCEDURE == Simplification cycle, iteration 7
  0:00:05.105     4M / 2235M INFO   Simplification           (parallel_processing.hpp   : 167)   Running Tip clipper
  0:00:05.105     4M / 2235M INFO   Simplification           (parallel_processing.hpp   : 170)   Tip clipper triggered 0 times
  0:00:05.105     4M / 2235M INFO   Simplification           (parallel_processing.hpp   : 167)   Running Bulge remover
  0:00:05.105     4M / 2235M INFO   Simplification           (parallel_processing.hpp   : 170)   Bulge remover triggered 1 times
  0:00:05.105     4M / 2235M INFO   Simplification           (parallel_processing.hpp   : 167)   Running Low coverage edge remover
  0:00:05.105     4M / 2235M INFO   Simplification           (parallel_processing.hpp   : 170)   Low coverage edge remover triggered 6 times
  0:00:05.105     4M / 2235M INFO    General                 (simplification.cpp        : 373)   PROCEDURE == Simplification cycle, iteration 8
  0:00:05.105     4M / 2235M INFO   Simplification           (parallel_processing.hpp   : 167)   Running Tip clipper
  0:00:05.105     4M / 2235M INFO   Simplification           (parallel_processing.hpp   : 170)   Tip clipper triggered 0 times
  0:00:05.105     4M / 2235M INFO   Simplification           (parallel_processing.hpp   : 167)   Running Bulge remover
  0:00:05.105     4M / 2235M INFO   Simplification           (parallel_processing.hpp   : 170)   Bulge remover triggered 0 times
  0:00:05.105     4M / 2235M INFO   Simplification           (parallel_processing.hpp   : 167)   Running Low coverage edge remover
  0:00:05.105     4M / 2235M INFO   Simplification           (parallel_processing.hpp   : 170)   Low coverage edge remover triggered 1 times
  0:00:05.105     4M / 2235M INFO    General                 (simplification.cpp        : 373)   PROCEDURE == Simplification cycle, iteration 9
  0:00:05.105     4M / 2235M INFO   Simplification           (parallel_processing.hpp   : 167)   Running Tip clipper
  0:00:05.105     4M / 2235M INFO   Simplification           (parallel_processing.hpp   : 170)   Tip clipper triggered 0 times
  0:00:05.105     4M / 2235M INFO   Simplification           (parallel_processing.hpp   : 167)   Running Bulge remover
  0:00:05.105     4M / 2235M INFO   Simplification           (parallel_processing.hpp   : 170)   Bulge remover triggered 0 times
  0:00:05.105     4M / 2235M INFO   Simplification           (parallel_processing.hpp   : 167)   Running Low coverage edge remover
  0:00:05.105     4M / 2235M INFO   Simplification           (parallel_processing.hpp   : 170)   Low coverage edge remover triggered 1 times
  0:00:05.105     4M / 2235M INFO    General                 (simplification.cpp        : 373)   PROCEDURE == Simplification cycle, iteration 10
  0:00:05.105     4M / 2235M INFO   Simplification           (parallel_processing.hpp   : 167)   Running Tip clipper
  0:00:05.105     4M / 2235M INFO   Simplification           (parallel_processing.hpp   : 170)   Tip clipper triggered 0 times
  0:00:05.106     4M / 2235M INFO   Simplification           (parallel_processing.hpp   : 167)   Running Bulge remover
  0:00:05.106     4M / 2235M INFO   Simplification           (parallel_processing.hpp   : 170)   Bulge remover triggered 0 times
  0:00:05.106     4M / 2235M INFO   Simplification           (parallel_processing.hpp   : 167)   Running Low coverage edge remover
  0:00:05.106     4M / 2235M INFO   Simplification           (parallel_processing.hpp   : 170)   Low coverage edge remover triggered 3 times
  0:00:05.106     4M / 2235M INFO    General                 (simplification.cpp        : 373)   PROCEDURE == Simplification cycle, iteration 11
  0:00:05.106     4M / 2235M INFO   Simplification           (parallel_processing.hpp   : 167)   Running Tip clipper
  0:00:05.106     4M / 2235M INFO   Simplification           (parallel_processing.hpp   : 170)   Tip clipper triggered 0 times
  0:00:05.106     4M / 2235M INFO   Simplification           (parallel_processing.hpp   : 167)   Running Bulge remover
  0:00:05.110     4M / 2235M INFO   Simplification           (parallel_processing.hpp   : 170)   Bulge remover triggered 13 times
  0:00:05.110     4M / 2235M INFO   Simplification           (parallel_processing.hpp   : 167)   Running Low coverage edge remover
  0:00:05.110     4M / 2235M INFO   Simplification           (parallel_processing.hpp   : 170)   Low coverage edge remover triggered 0 times
  0:00:05.110     4M / 2235M INFO    General                 (simplification.cpp        : 373)   PROCEDURE == Simplification cycle, iteration 12
  0:00:05.110     4M / 2235M INFO   Simplification           (parallel_processing.hpp   : 167)   Running Tip clipper
  0:00:05.110     4M / 2235M INFO   Simplification           (parallel_processing.hpp   : 170)   Tip clipper triggered 0 times
  0:00:05.110     4M / 2235M INFO   Simplification           (parallel_processing.hpp   : 167)   Running Bulge remover
  0:00:05.110     4M / 2235M INFO   Simplification           (parallel_processing.hpp   : 170)   Bulge remover triggered 0 times
  0:00:05.110     4M / 2235M INFO   Simplification           (parallel_processing.hpp   : 167)   Running Low coverage edge remover
  0:00:05.110     4M / 2235M INFO   Simplification           (parallel_processing.hpp   : 170)   Low coverage edge remover triggered 0 times
  0:00:05.110     4M / 2235M INFO   StageManager             (stage.cpp                 : 185)   STAGE == Simplification Cleanup (id: simplification_cleanup)
  0:00:05.110     4M / 2235M INFO    General                 (simplification.cpp        : 176)   PROCEDURE == Post simplification
  0:00:05.110     4M / 2235M INFO    General                 (graph_simplification.hpp  : 448)   Disconnection of relatively low covered edges disabled
  0:00:05.111     4M / 2235M INFO    General                 (graph_simplification.hpp  : 485)   Complex tip clipping disabled
  0:00:05.111     4M / 2235M INFO    General                 (graph_simplification.hpp  : 634)   Creating parallel br instance
  0:00:05.111     4M / 2235M INFO   Simplification           (parallel_processing.hpp   : 167)   Running Tip clipper
  0:00:05.111     4M / 2235M INFO   Simplification           (parallel_processing.hpp   : 170)   Tip clipper triggered 0 times
  0:00:05.111     4M / 2235M INFO   Simplification           (parallel_processing.hpp   : 167)   Running Bulge remover
  0:00:05.114     4M / 2235M INFO   Simplification           (parallel_processing.hpp   : 170)   Bulge remover triggered 0 times
  0:00:05.114     4M / 2235M INFO   Simplification           (parallel_processing.hpp   : 167)   Running Tip clipper
  0:00:05.114     4M / 2235M INFO   Simplification           (parallel_processing.hpp   : 170)   Tip clipper triggered 0 times
  0:00:05.114     4M / 2235M INFO   Simplification           (parallel_processing.hpp   : 167)   Running Bulge remover
  0:00:05.117     4M / 2235M INFO   Simplification           (parallel_processing.hpp   : 170)   Bulge remover triggered 0 times
  0:00:05.117     4M / 2235M INFO    General                 (simplification.cpp        : 327)   Disrupting self-conjugate edges
  0:00:05.118     4M / 2235M INFO   Simplification           (parallel_processing.hpp   : 167)   Running Removing isolated edges
  0:00:05.119     4M / 2235M INFO   Simplification           (parallel_processing.hpp   : 170)   Removing isolated edges triggered 197 times
  0:00:05.119     4M / 2235M INFO    General                 (simplification.cpp        : 495)   After simplification:
  0:00:05.119     4M / 2235M INFO    General                 (simplification.cpp        : 496)     Average coverage = 31.7761
  0:00:05.119     4M / 2235M INFO    General                 (simplification.cpp        : 497)     Total length = 3941656
  0:00:05.119     4M / 2235M INFO    General                 (simplification.cpp        : 498)     Median edge length: 17518
  0:00:05.119     4M / 2235M INFO    General                 (simplification.cpp        : 499)     Edges: 7698
  0:00:05.119     4M / 2235M INFO    General                 (simplification.cpp        : 500)     Vertices: 4970
  0:00:05.120     4M / 2235M INFO   StageManager             (stage.cpp                 : 185)   STAGE == Contig Output (id: contig_output)
  0:00:05.120     4M / 2235M INFO    General                 (read_converter.cpp        : 107)   Outputting contigs to /data/djs217/PROJECTS/10_X_fragariae_feb_2024/04_spades/NCPPB_1469.spades/K33/simplified_contigs
  0:00:05.125     6M / 2235M INFO    General                 (binary_converter.cpp      : 111)   3850 reads written
  0:00:05.131     4M / 2235M INFO    General                 (pipeline.cpp              : 287)   SPAdes finished
  0:00:05.132     1M / 2235M INFO    General                 (main.cpp                  : 136)   Assembling time: 0 hours 0 minutes 5 seconds

===== K33 finished. 


===== K55 started. 


== Running: /data/djs217/anaconda3/envs/spades-env/bin/spades-core /data/djs217/PROJECTS/10_X_fragariae_feb_2024/04_spades/NCPPB_1469.spades/K55/configs/config.info /data/djs217/PROJECTS/10_X_fragariae_feb_2024/04_spades/NCPPB_1469.spades/K55/configs/careful_mode.info

  0:00:00.000     1M / 19M   INFO    General                 (main.cpp                  :  99)   Loaded config from /data/djs217/PROJECTS/10_X_fragariae_feb_2024/04_spades/NCPPB_1469.spades/K55/configs/config.info
  0:00:00.001     1M / 19M   INFO    General                 (main.cpp                  :  99)   Loaded config from /data/djs217/PROJECTS/10_X_fragariae_feb_2024/04_spades/NCPPB_1469.spades/K55/configs/careful_mode.info
  0:00:00.002     1M / 19M   INFO    General                 (memory_limit.cpp          :  54)   Memory limit set to 62 Gb
  0:00:00.002     1M / 19M   INFO    General                 (main.cpp                  : 107)   Starting SPAdes, built from N/A, git revision N/A
  0:00:00.002     1M / 19M   INFO    General                 (main.cpp                  : 108)   Maximum k-mer length: 128
  0:00:00.002     1M / 19M   INFO    General                 (main.cpp                  : 109)   Assembling dataset (/data/djs217/PROJECTS/10_X_fragariae_feb_2024/04_spades/NCPPB_1469.spades/dataset.info) with K=55
  0:00:00.002     1M / 19M   INFO    General                 (main.cpp                  : 110)   Maximum # of threads to use (adjusted due to OMP capabilities): 16
  0:00:00.002     1M / 19M   INFO    General                 (pipeline.cpp              : 212)   SPAdes started
  0:00:00.002     1M / 19M   INFO    General                 (pipeline.cpp              : 225)   Starting from stage: read_conversion
  0:00:00.002     1M / 19M   INFO    General                 (pipeline.cpp              : 231)   Two-step repeat resolution disabled
  0:00:00.002     1M / 19M   INFO   GraphCore                (graph_core.hpp            : 672)   Graph created, vertex min_id: 3, edge min_id: 3
  0:00:00.002     1M / 19M   INFO   GraphCore                (graph_core.hpp            : 673)   Vertex size: 48, edge size: 40
  0:00:00.002     1M / 19M   INFO    General                 (edge_index.hpp            : 113)   Size of edge index entries: 12/8
  0:00:00.002     1M / 19M   INFO    General                 (pipeline.cpp              : 242)   Will need read mapping, kmer mapper will be attached
  0:00:00.002     1M / 19M   INFO   StageManager             (stage.cpp                 : 185)   STAGE == Binary Read Conversion (id: read_conversion)
  0:00:00.003     1M / 19M   INFO    General                 (read_converter.cpp        :  53)   Binary reads detected
  0:00:00.006     1M / 19M   INFO   StageManager             (stage.cpp                 : 185)   STAGE == de Bruijn graph construction (id: construction)
  0:00:00.006     1M / 19M   INFO    General                 (construction.cpp          : 118)   Contigs from previous K will be used: /data/djs217/PROJECTS/10_X_fragariae_feb_2024/04_spades/NCPPB_1469.spades/K33/simplified_contigs
  0:00:00.052     1M / 19M   INFO    General                 (construction.cpp          : 153)   Max read length 301
  0:00:00.053     1M / 19M   INFO    General                 (construction.cpp          : 159)   Average read length 186.494
  0:00:00.053     1M / 19M   INFO    General                 (stage.cpp                 : 117)   PROCEDURE == k+1-mer counting (id: construction:kpomer_counting)
  0:00:00.053     1M / 19M   INFO    General                 (kmer_index_builder.hpp    : 243)   Splitting kmer instances into 160 files using 16 threads. This might take a while.
  0:00:00.053     1M / 19M   INFO    General                 (file_limit.hpp            :  42)   Open file limit set to 1024
  0:00:00.053     1M / 19M   INFO    General                 (kmer_splitter.hpp         :  93)   Memory available for splitting buffers: 1.29165 Gb
  0:00:00.053     1M / 19M   INFO    General                 (kmer_splitter.hpp         : 101)   Using cell size of 209715
  0:00:01.383  9601M / 9601M INFO    General                 (kmer_splitters.hpp        : 125)   Processed 1641058 reads
  0:00:01.386     1M / 1889M INFO    General                 (kmer_splitters.hpp        : 131)   Used 1641058 reads
  0:00:01.523     1M / 1889M INFO    General                 (kmer_index_builder.hpp    : 249)   Starting k-mer counting.
  0:00:01.574     1M / 1889M INFO    General                 (kmer_index_builder.hpp    : 260)   K-mer counting done. There are 4171716 kmers in total.
  0:00:01.574     1M / 1889M INFO    General                 (stage.cpp                 : 117)   PROCEDURE == Extension index construction (id: construction:extension_index_construction)
  0:00:01.575     1M / 1889M INFO   K-mer Index Building     (kmer_index_builder.hpp    : 438)   Building kmer index
  0:00:01.575     1M / 1889M INFO    General                 (kmer_index_builder.hpp    : 243)   Splitting kmer instances into 160 files using 16 threads. This might take a while.
  0:00:01.576     1M / 1889M INFO    General                 (file_limit.hpp            :  42)   Open file limit set to 1024
  0:00:01.576     1M / 1889M INFO    General                 (kmer_splitter.hpp         :  93)   Memory available for splitting buffers: 1.29165 Gb
  0:00:01.576     1M / 1889M INFO    General                 (kmer_splitter.hpp         : 101)   Using cell size of 209715
  0:00:01.790  9602M / 9602M INFO    General                 (kmer_splitters.hpp        : 194)   Processed 4171716 kmers
  0:00:01.790  9602M / 9602M INFO    General                 (kmer_splitters.hpp        : 199)   Used 4171716 kmers.
  0:00:01.793     2M / 1889M INFO    General                 (kmer_index_builder.hpp    : 249)   Starting k-mer counting.
  0:00:01.860     2M / 1889M INFO    General                 (kmer_index_builder.hpp    : 260)   K-mer counting done. There are 4169239 kmers in total.
  0:00:01.860     2M / 1889M INFO   K-mer Index Building     (kmer_index_builder.hpp    : 395)   Building perfect hash indices
  0:00:01.930     5M / 1889M INFO   K-mer Index Building     (kmer_index_builder.hpp    : 431)   Index built. Total 4169239 kmers, 3131904 bytes occupied (6.00955 bits per kmer).
  0:00:01.931     5M / 1889M INFO    General                 (kmer_index_builder.hpp    : 169)   Merging final buckets.
  0:00:02.198     9M / 1889M INFO   DeBruijnExtensionIndexBu (kmer_extension_index_build: 100)   Building k-mer extensions from k+1-mers
  0:00:02.345     9M / 1889M INFO   DeBruijnExtensionIndexBu (kmer_extension_index_build: 105)   Building k-mer extensions from k+1-mers finished.
  0:00:02.353     9M / 1889M INFO    General                 (stage.cpp                 : 117)   PROCEDURE == Condensing graph (id: construction:graph_condensing)
  0:00:02.353     9M / 1889M INFO   UnbranchingPathExtractor (debruijn_graph_constructor: 354)   Extracting unbranching paths
  0:00:02.462    11M / 1889M INFO   UnbranchingPathExtractor (debruijn_graph_constructor: 373)   Extracting unbranching paths finished. 21188 sequences extracted
  0:00:02.554    11M / 1889M INFO   UnbranchingPathExtractor (debruijn_graph_constructor: 309)   Collecting perfect loops
  0:00:02.583    11M / 1889M INFO   UnbranchingPathExtractor (debruijn_graph_constructor: 342)   Collecting perfect loops finished. 0 loops collected
  0:00:02.592    11M / 1889M INFO    General                 (debruijn_graph_constructor: 487)   Total 42376 edges to create
  0:00:02.592    13M / 1889M INFO    General                 (debruijn_graph_constructor: 489)   Collecting link records
  0:00:02.613    13M / 1889M INFO    General                 (debruijn_graph_constructor: 491)   Ordering link records
  0:00:02.613    13M / 1889M INFO    General                 (debruijn_graph_constructor: 493)   Sorting done
  0:00:02.614    14M / 1889M INFO    General                 (debruijn_graph_constructor: 503)   Total 18711 vertices to create
  0:00:02.614    15M / 1889M INFO    General                 (debruijn_graph_constructor: 506)   Connecting the graph
  0:00:02.631    14M / 1889M INFO    General                 (stage.cpp                 : 117)   PROCEDURE == Filling coverage indices (PHM) (id: construction:coverage_filling_phm)
  0:00:02.631    14M / 1889M INFO   K-mer Index Building     (kmer_index_builder.hpp    : 395)   Building perfect hash indices
  0:00:02.682    17M / 1889M INFO   K-mer Index Building     (kmer_index_builder.hpp    : 431)   Index built. Total 4171716 kmers, 3133656 bytes occupied (6.00934 bits per kmer).
  0:00:02.689    33M / 1889M INFO    General                 (coverage_hash_map_builder.:  47)   Collecting k-mer coverage information from reads, this takes a while.
  0:00:03.736    33M / 1889M INFO    General                 (construction.cpp          : 430)   Filling coverage and flanking coverage from PHM
  0:00:03.833    34M / 1889M INFO    General                 (coverage_filling.hpp      :  82)   Processed 42375 edges
  0:00:03.862     6M / 1889M INFO   StageManager             (stage.cpp                 : 185)   STAGE == EC Threshold Finding (id: ec_threshold_finder)
  0:00:03.862     6M / 1889M INFO    General                 (kmer_coverage_model.cpp   : 181)   Kmer coverage valley at: 2
  0:00:03.862     6M / 1889M INFO    General                 (kmer_coverage_model.cpp   : 201)   K-mer histogram maximum: 21
  0:00:03.862     6M / 1889M INFO    General                 (kmer_coverage_model.cpp   : 237)   Estimated median coverage: 23. Coverage mad: 8.8956
  0:00:03.862     6M / 1889M INFO    General                 (kmer_coverage_model.cpp   : 259)   Fitting coverage model
  0:00:03.894     6M / 1889M INFO    General                 (kmer_coverage_model.cpp   : 295)   ... iteration 2
  0:00:03.970     6M / 1889M INFO    General                 (kmer_coverage_model.cpp   : 295)   ... iteration 4
  0:00:04.218     6M / 1889M INFO    General                 (kmer_coverage_model.cpp   : 295)   ... iteration 8
  0:00:04.753     6M / 1889M INFO    General                 (kmer_coverage_model.cpp   : 295)   ... iteration 16
  0:00:05.810     6M / 1889M INFO    General                 (kmer_coverage_model.cpp   : 295)   ... iteration 32
  0:00:05.972     6M / 1889M INFO    General                 (kmer_coverage_model.cpp   : 309)   Fitted mean coverage: 23.8426. Fitted coverage std. dev: 7.21064
  0:00:05.974     6M / 1889M INFO    General                 (kmer_coverage_model.cpp   : 334)   Probability of erroneous kmer at valley: 0.805664
  0:00:05.974     6M / 1889M INFO    General                 (kmer_coverage_model.cpp   : 358)   Preliminary threshold calculated as: 5
  0:00:05.974     6M / 1889M INFO    General                 (kmer_coverage_model.cpp   : 362)   Threshold adjusted to: 5
  0:00:05.974     6M / 1889M INFO    General                 (kmer_coverage_model.cpp   : 375)   Estimated genome size (ignoring repeats): 3988105
  0:00:05.974     6M / 1889M INFO    General                 (genomic_info_filler.cpp   :  55)   Mean coverage was calculated as 23.8426
  0:00:05.974     6M / 1889M INFO    General                 (genomic_info_filler.cpp   :  70)   EC coverage threshold value was calculated as 5
  0:00:05.974     6M / 1889M INFO    General                 (genomic_info_filler.cpp   :  71)   Trusted kmer low bound: 0
  0:00:05.974     6M / 1889M INFO   StageManager             (stage.cpp                 : 185)   STAGE == Gap Closer (id: early_gapcloser)
  0:00:05.979    15M / 1889M INFO    General                 (edge_index.hpp            : 113)   Size of edge index entries: 12/8
  0:00:05.983    15M / 1889M INFO    General                 (gap_closer.cpp            : 101)   Total edges in tip neighborhood: 7183 out of 42375, length: 133603
  0:00:05.984    15M / 1889M INFO    General                 (edge_index.hpp            : 167)   Using small index (max_id = 42590)
  0:00:05.986    15M / 1889M INFO   K-mer Index Building     (kmer_index_builder.hpp    : 395)   Building perfect hash indices
  0:00:05.995    15M / 1889M INFO   K-mer Index Building     (kmer_index_builder.hpp    : 431)   Index built. Total 119045 kmers, 86728 bytes occupied (5.82825 bits per kmer).
  0:00:05.995    16M / 1889M INFO    General                 (edge_index_builders.hpp   : 265)   Collecting edge information from graph, this takes a while.
  0:00:06.911    16M / 1889M INFO    General                 (sequence_mapper_notifier.h:  95)   Total 407906 reads processed
  0:00:06.919    15M / 1889M INFO    General                 (gap_closer.cpp            : 452)   Initializing gap closer
  0:00:06.920    15M / 1889M INFO   GapCloser                (gap_closer.cpp            : 359)   Closing short gaps
  0:00:06.939    15M / 1889M INFO   GapCloser                (gap_closer.cpp            : 391)   Closing short gaps complete: filled 0 gaps after checking 42 candidates
  0:00:06.940    15M / 1889M INFO    General                 (gap_closer.cpp            : 456)   Gap closer done
  0:00:06.941     6M / 1889M INFO   StageManager             (stage.cpp                 : 185)   STAGE == Raw Simplification (id: raw_simplification)
  0:00:06.941     6M / 1889M INFO    General                 (simplification.cpp        : 127)   PROCEDURE == Initial cleaning
  0:00:06.941     6M / 1889M INFO    General                 (graph_simplification.hpp  : 662)   Flanking coverage based disconnection disabled
  0:00:06.941     6M / 1889M INFO   Simplification           (parallel_processing.hpp   : 167)   Running Self conjugate edge remover
  0:00:06.942     6M / 1889M INFO   Simplification           (parallel_processing.hpp   : 170)   Self conjugate edge remover triggered 0 times
  0:00:06.942     6M / 1889M INFO   StageManager             (stage.cpp                 : 185)   STAGE == Simplification (id: simplification)
  0:00:06.942     6M / 1889M INFO    General                 (simplification.cpp        : 368)   Graph simplification started
  0:00:06.942     6M / 1889M INFO    General                 (graph_simplification.hpp  : 634)   Creating parallel br instance
  0:00:06.942     6M / 1889M INFO    General                 (simplification.cpp        : 373)   PROCEDURE == Simplification cycle, iteration 1
  0:00:06.942     6M / 1889M INFO   Simplification           (parallel_processing.hpp   : 167)   Running Tip clipper
  0:00:07.013     6M / 1889M INFO   Simplification           (parallel_processing.hpp   : 170)   Tip clipper triggered 6466 times
  0:00:07.013     6M / 1889M INFO   Simplification           (parallel_processing.hpp   : 167)   Running Bulge remover
  0:00:07.108    11M / 1889M INFO   Simplification           (parallel_processing.hpp   : 170)   Bulge remover triggered 987 times
  0:00:07.109    11M / 1889M INFO   Simplification           (parallel_processing.hpp   : 167)   Running Low coverage edge remover
  0:00:07.109    11M / 1889M INFO   Simplification           (parallel_processing.hpp   : 170)   Low coverage edge remover triggered 2 times
  0:00:07.109    11M / 1889M INFO    General                 (simplification.cpp        : 373)   PROCEDURE == Simplification cycle, iteration 2
  0:00:07.109    11M / 1889M INFO   Simplification           (parallel_processing.hpp   : 167)   Running Tip clipper
  0:00:07.110    11M / 1889M INFO   Simplification           (parallel_processing.hpp   : 170)   Tip clipper triggered 2 times
  0:00:07.110    11M / 1889M INFO   Simplification           (parallel_processing.hpp   : 167)   Running Bulge remover
  0:00:07.110    11M / 1889M INFO   Simplification           (parallel_processing.hpp   : 170)   Bulge remover triggered 1 times
  0:00:07.110    11M / 1889M INFO   Simplification           (parallel_processing.hpp   : 167)   Running Low coverage edge remover
  0:00:07.119    11M / 1889M INFO   Simplification           (parallel_processing.hpp   : 170)   Low coverage edge remover triggered 424 times
  0:00:07.120    11M / 1889M INFO    General                 (simplification.cpp        : 373)   PROCEDURE == Simplification cycle, iteration 3
  0:00:07.120    11M / 1889M INFO   Simplification           (parallel_processing.hpp   : 167)   Running Tip clipper
  0:00:07.120    11M / 1889M INFO   Simplification           (parallel_processing.hpp   : 170)   Tip clipper triggered 8 times
  0:00:07.120    11M / 1889M INFO   Simplification           (parallel_processing.hpp   : 167)   Running Bulge remover
  0:00:07.134    12M / 1889M INFO   Simplification           (parallel_processing.hpp   : 170)   Bulge remover triggered 145 times
  0:00:07.134    12M / 1889M INFO   Simplification           (parallel_processing.hpp   : 167)   Running Low coverage edge remover
  0:00:07.137    12M / 1889M INFO   Simplification           (parallel_processing.hpp   : 170)   Low coverage edge remover triggered 50 times
  0:00:07.137    12M / 1889M INFO    General                 (simplification.cpp        : 373)   PROCEDURE == Simplification cycle, iteration 4
  0:00:07.137    12M / 1889M INFO   Simplification           (parallel_processing.hpp   : 167)   Running Tip clipper
  0:00:07.137    12M / 1889M INFO   Simplification           (parallel_processing.hpp   : 170)   Tip clipper triggered 2 times
  0:00:07.137    12M / 1889M INFO   Simplification           (parallel_processing.hpp   : 167)   Running Bulge remover
  0:00:07.139    12M / 1889M INFO   Simplification           (parallel_processing.hpp   : 170)   Bulge remover triggered 14 times
  0:00:07.139    12M / 1889M INFO   Simplification           (parallel_processing.hpp   : 167)   Running Low coverage edge remover
  0:00:07.143    12M / 1889M INFO   Simplification           (parallel_processing.hpp   : 170)   Low coverage edge remover triggered 65 times
  0:00:07.143    12M / 1889M INFO    General                 (simplification.cpp        : 373)   PROCEDURE == Simplification cycle, iteration 5
  0:00:07.143    12M / 1889M INFO   Simplification           (parallel_processing.hpp   : 167)   Running Tip clipper
  0:00:07.143    12M / 1889M INFO   Simplification           (parallel_processing.hpp   : 170)   Tip clipper triggered 0 times
  0:00:07.143    12M / 1889M INFO   Simplification           (parallel_processing.hpp   : 167)   Running Bulge remover
  0:00:07.144    12M / 1889M INFO   Simplification           (parallel_processing.hpp   : 170)   Bulge remover triggered 17 times
  0:00:07.144    12M / 1889M INFO   Simplification           (parallel_processing.hpp   : 167)   Running Low coverage edge remover
  0:00:07.145    12M / 1889M INFO   Simplification           (parallel_processing.hpp   : 170)   Low coverage edge remover triggered 7 times
  0:00:07.145    12M / 1889M INFO    General                 (simplification.cpp        : 373)   PROCEDURE == Simplification cycle, iteration 6
  0:00:07.145    12M / 1889M INFO   Simplification           (parallel_processing.hpp   : 167)   Running Tip clipper
  0:00:07.145    12M / 1889M INFO   Simplification           (parallel_processing.hpp   : 170)   Tip clipper triggered 0 times
  0:00:07.145    12M / 1889M INFO   Simplification           (parallel_processing.hpp   : 167)   Running Bulge remover
  0:00:07.145    12M / 1889M INFO   Simplification           (parallel_processing.hpp   : 170)   Bulge remover triggered 4 times
  0:00:07.145    12M / 1889M INFO   Simplification           (parallel_processing.hpp   : 167)   Running Low coverage edge remover
  0:00:07.145    12M / 1889M INFO   Simplification           (parallel_processing.hpp   : 170)   Low coverage edge remover triggered 8 times
  0:00:07.145    12M / 1889M INFO    General                 (simplification.cpp        : 373)   PROCEDURE == Simplification cycle, iteration 7
  0:00:07.145    12M / 1889M INFO   Simplification           (parallel_processing.hpp   : 167)   Running Tip clipper
  0:00:07.145    12M / 1889M INFO   Simplification           (parallel_processing.hpp   : 170)   Tip clipper triggered 0 times
  0:00:07.145    12M / 1889M INFO   Simplification           (parallel_processing.hpp   : 167)   Running Bulge remover
  0:00:07.146    12M / 1889M INFO   Simplification           (parallel_processing.hpp   : 170)   Bulge remover triggered 9 times
  0:00:07.146    12M / 1889M INFO   Simplification           (parallel_processing.hpp   : 167)   Running Low coverage edge remover
  0:00:07.146    12M / 1889M INFO   Simplification           (parallel_processing.hpp   : 170)   Low coverage edge remover triggered 4 times
  0:00:07.146    12M / 1889M INFO    General                 (simplification.cpp        : 373)   PROCEDURE == Simplification cycle, iteration 8
  0:00:07.146    12M / 1889M INFO   Simplification           (parallel_processing.hpp   : 167)   Running Tip clipper
  0:00:07.146    12M / 1889M INFO   Simplification           (parallel_processing.hpp   : 170)   Tip clipper triggered 0 times
  0:00:07.146    12M / 1889M INFO   Simplification           (parallel_processing.hpp   : 167)   Running Bulge remover
  0:00:07.147    12M / 1889M INFO   Simplification           (parallel_processing.hpp   : 170)   Bulge remover triggered 2 times
  0:00:07.147    12M / 1889M INFO   Simplification           (parallel_processing.hpp   : 167)   Running Low coverage edge remover
  0:00:07.147    12M / 1889M INFO   Simplification           (parallel_processing.hpp   : 170)   Low coverage edge remover triggered 2 times
  0:00:07.147    12M / 1889M INFO    General                 (simplification.cpp        : 373)   PROCEDURE == Simplification cycle, iteration 9
  0:00:07.147    12M / 1889M INFO   Simplification           (parallel_processing.hpp   : 167)   Running Tip clipper
  0:00:07.147    12M / 1889M INFO   Simplification           (parallel_processing.hpp   : 170)   Tip clipper triggered 0 times
  0:00:07.147    12M / 1889M INFO   Simplification           (parallel_processing.hpp   : 167)   Running Bulge remover
  0:00:07.147    12M / 1889M INFO   Simplification           (parallel_processing.hpp   : 170)   Bulge remover triggered 3 times
  0:00:07.147    12M / 1889M INFO   Simplification           (parallel_processing.hpp   : 167)   Running Low coverage edge remover
  0:00:07.147    12M / 1889M INFO   Simplification           (parallel_processing.hpp   : 170)   Low coverage edge remover triggered 0 times
  0:00:07.147    12M / 1889M INFO    General                 (simplification.cpp        : 373)   PROCEDURE == Simplification cycle, iteration 10
  0:00:07.147    12M / 1889M INFO   Simplification           (parallel_processing.hpp   : 167)   Running Tip clipper
  0:00:07.147    12M / 1889M INFO   Simplification           (parallel_processing.hpp   : 170)   Tip clipper triggered 0 times
  0:00:07.147    12M / 1889M INFO   Simplification           (parallel_processing.hpp   : 167)   Running Bulge remover
  0:00:07.147    12M / 1889M INFO   Simplification           (parallel_processing.hpp   : 170)   Bulge remover triggered 0 times
  0:00:07.147    12M / 1889M INFO   Simplification           (parallel_processing.hpp   : 167)   Running Low coverage edge remover
  0:00:07.147    12M / 1889M INFO   Simplification           (parallel_processing.hpp   : 170)   Low coverage edge remover triggered 4 times
  0:00:07.147    12M / 1889M INFO    General                 (simplification.cpp        : 373)   PROCEDURE == Simplification cycle, iteration 11
  0:00:07.147    12M / 1889M INFO   Simplification           (parallel_processing.hpp   : 167)   Running Tip clipper
  0:00:07.147    12M / 1889M INFO   Simplification           (parallel_processing.hpp   : 170)   Tip clipper triggered 0 times
  0:00:07.147    12M / 1889M INFO   Simplification           (parallel_processing.hpp   : 167)   Running Bulge remover
  0:00:07.150    12M / 1889M INFO   Simplification           (parallel_processing.hpp   : 170)   Bulge remover triggered 10 times
  0:00:07.150    12M / 1889M INFO   Simplification           (parallel_processing.hpp   : 167)   Running Low coverage edge remover
  0:00:07.151    12M / 1889M INFO   Simplification           (parallel_processing.hpp   : 170)   Low coverage edge remover triggered 0 times
  0:00:07.151    12M / 1889M INFO    General                 (simplification.cpp        : 373)   PROCEDURE == Simplification cycle, iteration 12
  0:00:07.151    12M / 1889M INFO   Simplification           (parallel_processing.hpp   : 167)   Running Tip clipper
  0:00:07.151    12M / 1889M INFO   Simplification           (parallel_processing.hpp   : 170)   Tip clipper triggered 0 times
  0:00:07.151    12M / 1889M INFO   Simplification           (parallel_processing.hpp   : 167)   Running Bulge remover
  0:00:07.151    12M / 1889M INFO   Simplification           (parallel_processing.hpp   : 170)   Bulge remover triggered 0 times
  0:00:07.151    12M / 1889M INFO   Simplification           (parallel_processing.hpp   : 167)   Running Low coverage edge remover
  0:00:07.151    12M / 1889M INFO   Simplification           (parallel_processing.hpp   : 170)   Low coverage edge remover triggered 0 times
  0:00:07.151    12M / 1889M INFO   StageManager             (stage.cpp                 : 185)   STAGE == Gap Closer (id: late_gapcloser)
  0:00:07.153    21M / 1889M INFO    General                 (edge_index.hpp            : 113)   Size of edge index entries: 12/8
  0:00:07.153    21M / 1889M INFO    General                 (gap_closer.cpp            : 101)   Total edges in tip neighborhood: 625 out of 6460, length: 87991
  0:00:07.153    21M / 1889M INFO    General                 (edge_index.hpp            : 167)   Using small index (max_id = 42590)
  0:00:07.154    21M / 1889M INFO   K-mer Index Building     (kmer_index_builder.hpp    : 395)   Building perfect hash indices
  0:00:07.162    21M / 1889M INFO   K-mer Index Building     (kmer_index_builder.hpp    : 431)   Index built. Total 73028 kmers, 53504 bytes occupied (5.8612 bits per kmer).
  0:00:07.162    22M / 1889M INFO    General                 (edge_index_builders.hpp   : 265)   Collecting edge information from graph, this takes a while.
  0:00:08.629    22M / 1889M INFO    General                 (sequence_mapper_notifier.h:  95)   Total 407906 reads processed
  0:00:08.637    21M / 1889M INFO    General                 (gap_closer.cpp            : 452)   Initializing gap closer
  0:00:08.638    21M / 1889M INFO   GapCloser                (gap_closer.cpp            : 359)   Closing short gaps
  0:00:08.642    21M / 1889M INFO   GapCloser                (gap_closer.cpp            : 391)   Closing short gaps complete: filled 0 gaps after checking 2 candidates
  0:00:08.643    21M / 1889M INFO    General                 (gap_closer.cpp            : 456)   Gap closer done
  0:00:08.644    12M / 1889M INFO   StageManager             (stage.cpp                 : 185)   STAGE == Simplification Cleanup (id: simplification_cleanup)
  0:00:08.644    12M / 1889M INFO    General                 (simplification.cpp        : 176)   PROCEDURE == Post simplification
  0:00:08.644    12M / 1889M INFO    General                 (graph_simplification.hpp  : 448)   Disconnection of relatively low covered edges disabled
  0:00:08.644    12M / 1889M INFO    General                 (graph_simplification.hpp  : 485)   Complex tip clipping disabled
  0:00:08.644    12M / 1889M INFO    General                 (graph_simplification.hpp  : 634)   Creating parallel br instance
  0:00:08.644    12M / 1889M INFO   Simplification           (parallel_processing.hpp   : 167)   Running Tip clipper
  0:00:08.645    12M / 1889M INFO   Simplification           (parallel_processing.hpp   : 170)   Tip clipper triggered 0 times
  0:00:08.645    12M / 1889M INFO   Simplification           (parallel_processing.hpp   : 167)   Running Bulge remover
  0:00:08.650    12M / 1889M INFO   Simplification           (parallel_processing.hpp   : 170)   Bulge remover triggered 0 times
  0:00:08.650    12M / 1889M INFO   Simplification           (parallel_processing.hpp   : 167)   Running Tip clipper
  0:00:08.650    12M / 1889M INFO   Simplification           (parallel_processing.hpp   : 170)   Tip clipper triggered 0 times
  0:00:08.650    12M / 1889M INFO   Simplification           (parallel_processing.hpp   : 167)   Running Bulge remover
  0:00:08.654    12M / 1889M INFO   Simplification           (parallel_processing.hpp   : 170)   Bulge remover triggered 0 times
  0:00:08.654    12M / 1889M INFO    General                 (simplification.cpp        : 327)   Disrupting self-conjugate edges
  0:00:08.655    12M / 1889M INFO   Simplification           (parallel_processing.hpp   : 167)   Running Removing isolated edges
  0:00:08.656    12M / 1889M INFO   Simplification           (parallel_processing.hpp   : 170)   Removing isolated edges triggered 308 times
  0:00:08.656    12M / 1889M INFO    General                 (simplification.cpp        : 495)   After simplification:
  0:00:08.656    12M / 1889M INFO    General                 (simplification.cpp        : 496)     Average coverage = 27.0367
  0:00:08.656    12M / 1889M INFO    General                 (simplification.cpp        : 497)     Total length = 3975760
  0:00:08.657    12M / 1889M INFO    General                 (simplification.cpp        : 498)     Median edge length: 22100
  0:00:08.657    12M / 1889M INFO    General                 (simplification.cpp        : 499)     Edges: 5844
  0:00:08.657    12M / 1889M INFO    General                 (simplification.cpp        : 500)     Vertices: 3790
  0:00:08.657    12M / 1889M INFO   StageManager             (stage.cpp                 : 185)   STAGE == Contig Output (id: contig_output)
  0:00:08.657    12M / 1889M INFO    General                 (read_converter.cpp        : 107)   Outputting contigs to /data/djs217/PROJECTS/10_X_fragariae_feb_2024/04_spades/NCPPB_1469.spades/K55/simplified_contigs
  0:00:08.663    15M / 1889M INFO    General                 (binary_converter.cpp      : 111)   2922 reads written
  0:00:08.668    12M / 1889M INFO    General                 (pipeline.cpp              : 287)   SPAdes finished
  0:00:08.682     1M / 1889M INFO    General                 (main.cpp                  : 136)   Assembling time: 0 hours 0 minutes 8 seconds

===== K55 finished. 


===== K77 started. 


== Running: /data/djs217/anaconda3/envs/spades-env/bin/spades-core /data/djs217/PROJECTS/10_X_fragariae_feb_2024/04_spades/NCPPB_1469.spades/K77/configs/config.info /data/djs217/PROJECTS/10_X_fragariae_feb_2024/04_spades/NCPPB_1469.spades/K77/configs/careful_mode.info

  0:00:00.000     1M / 19M   INFO    General                 (main.cpp                  :  99)   Loaded config from /data/djs217/PROJECTS/10_X_fragariae_feb_2024/04_spades/NCPPB_1469.spades/K77/configs/config.info
  0:00:00.002     1M / 19M   INFO    General                 (main.cpp                  :  99)   Loaded config from /data/djs217/PROJECTS/10_X_fragariae_feb_2024/04_spades/NCPPB_1469.spades/K77/configs/careful_mode.info
  0:00:00.002     1M / 19M   INFO    General                 (memory_limit.cpp          :  54)   Memory limit set to 62 Gb
  0:00:00.002     1M / 19M   INFO    General                 (main.cpp                  : 107)   Starting SPAdes, built from N/A, git revision N/A
  0:00:00.002     1M / 19M   INFO    General                 (main.cpp                  : 108)   Maximum k-mer length: 128
  0:00:00.002     1M / 19M   INFO    General                 (main.cpp                  : 109)   Assembling dataset (/data/djs217/PROJECTS/10_X_fragariae_feb_2024/04_spades/NCPPB_1469.spades/dataset.info) with K=77
  0:00:00.002     1M / 19M   INFO    General                 (main.cpp                  : 110)   Maximum # of threads to use (adjusted due to OMP capabilities): 16
  0:00:00.002     1M / 19M   INFO    General                 (pipeline.cpp              : 212)   SPAdes started
  0:00:00.002     1M / 19M   INFO    General                 (pipeline.cpp              : 225)   Starting from stage: read_conversion
  0:00:00.002     1M / 19M   INFO    General                 (pipeline.cpp              : 231)   Two-step repeat resolution disabled
  0:00:00.002     1M / 19M   INFO   GraphCore                (graph_core.hpp            : 672)   Graph created, vertex min_id: 3, edge min_id: 3
  0:00:00.002     1M / 19M   INFO   GraphCore                (graph_core.hpp            : 673)   Vertex size: 48, edge size: 40
  0:00:00.003     1M / 19M   INFO    General                 (edge_index.hpp            : 113)   Size of edge index entries: 12/8
  0:00:00.003     1M / 19M   INFO    General                 (pipeline.cpp              : 242)   Will need read mapping, kmer mapper will be attached
  0:00:00.003     1M / 19M   INFO   StageManager             (stage.cpp                 : 185)   STAGE == Binary Read Conversion (id: read_conversion)
  0:00:00.004     1M / 19M   INFO    General                 (read_converter.cpp        :  53)   Binary reads detected
  0:00:00.007     1M / 19M   INFO   StageManager             (stage.cpp                 : 185)   STAGE == de Bruijn graph construction (id: construction)
  0:00:00.007     1M / 19M   INFO    General                 (construction.cpp          : 118)   Contigs from previous K will be used: /data/djs217/PROJECTS/10_X_fragariae_feb_2024/04_spades/NCPPB_1469.spades/K55/simplified_contigs
  0:00:00.065     1M / 19M   INFO    General                 (construction.cpp          : 153)   Max read length 301
  0:00:00.065     1M / 19M   INFO    General                 (construction.cpp          : 159)   Average read length 186.494
  0:00:00.065     1M / 19M   INFO    General                 (stage.cpp                 : 117)   PROCEDURE == k+1-mer counting (id: construction:kpomer_counting)
  0:00:00.065     1M / 19M   INFO    General                 (kmer_index_builder.hpp    : 243)   Splitting kmer instances into 160 files using 16 threads. This might take a while.
  0:00:00.066     1M / 19M   INFO    General                 (file_limit.hpp            :  42)   Open file limit set to 1024
  0:00:00.066     1M / 19M   INFO    General                 (kmer_splitter.hpp         :  93)   Memory available for splitting buffers: 1.29165 Gb
  0:00:00.066     1M / 19M   INFO    General                 (kmer_splitter.hpp         : 101)   Using cell size of 139810
  0:00:01.417  9601M / 9601M INFO    General                 (kmer_splitters.hpp        : 125)   Processed 1639202 reads
  0:00:01.428     1M / 2444M INFO    General                 (kmer_splitters.hpp        : 131)   Used 1639202 reads
  0:00:01.614     1M / 2444M INFO    General                 (kmer_index_builder.hpp    : 249)   Starting k-mer counting.
  0:00:01.684     1M / 2444M INFO    General                 (kmer_index_builder.hpp    : 260)   K-mer counting done. There are 4215446 kmers in total.
  0:00:01.685     1M / 2444M INFO    General                 (stage.cpp                 : 117)   PROCEDURE == Extension index construction (id: construction:extension_index_construction)
  0:00:01.686     1M / 2444M INFO   K-mer Index Building     (kmer_index_builder.hpp    : 438)   Building kmer index
  0:00:01.686     1M / 2444M INFO    General                 (kmer_index_builder.hpp    : 243)   Splitting kmer instances into 160 files using 16 threads. This might take a while.
  0:00:01.686     1M / 2444M INFO    General                 (file_limit.hpp            :  42)   Open file limit set to 1024
  0:00:01.687     1M / 2444M INFO    General                 (kmer_splitter.hpp         :  93)   Memory available for splitting buffers: 1.29165 Gb
  0:00:01.687     1M / 2444M INFO    General                 (kmer_splitter.hpp         : 101)   Using cell size of 139810
  0:00:01.850  9602M / 9602M INFO    General                 (kmer_splitters.hpp        : 194)   Processed 4215446 kmers
  0:00:01.850  9602M / 9602M INFO    General                 (kmer_splitters.hpp        : 199)   Used 4215446 kmers.
  0:00:01.852     2M / 2444M INFO    General                 (kmer_index_builder.hpp    : 249)   Starting k-mer counting.
  0:00:01.899     2M / 2444M INFO    General                 (kmer_index_builder.hpp    : 260)   K-mer counting done. There are 4213844 kmers in total.
  0:00:01.899     2M / 2444M INFO   K-mer Index Building     (kmer_index_builder.hpp    : 395)   Building perfect hash indices
  0:00:01.971     5M / 2444M INFO   K-mer Index Building     (kmer_index_builder.hpp    : 431)   Index built. Total 4213844 kmers, 3163696 bytes occupied (6.00629 bits per kmer).
  0:00:01.971     5M / 2444M INFO    General                 (kmer_index_builder.hpp    : 169)   Merging final buckets.
  0:00:02.375     9M / 2444M INFO   DeBruijnExtensionIndexBu (kmer_extension_index_build: 100)   Building k-mer extensions from k+1-mers
  0:00:02.527     9M / 2444M INFO   DeBruijnExtensionIndexBu (kmer_extension_index_build: 105)   Building k-mer extensions from k+1-mers finished.
  0:00:02.536     9M / 2444M INFO    General                 (stage.cpp                 : 117)   PROCEDURE == Condensing graph (id: construction:graph_condensing)
  0:00:02.537     9M / 2444M INFO   UnbranchingPathExtractor (debruijn_graph_constructor: 354)   Extracting unbranching paths
  0:00:02.649    11M / 2444M INFO   UnbranchingPathExtractor (debruijn_graph_constructor: 373)   Extracting unbranching paths finished. 19556 sequences extracted
  0:00:02.744    11M / 2444M INFO   UnbranchingPathExtractor (debruijn_graph_constructor: 309)   Collecting perfect loops
  0:00:02.776    11M / 2444M INFO   UnbranchingPathExtractor (debruijn_graph_constructor: 342)   Collecting perfect loops finished. 0 loops collected
  0:00:02.786    11M / 2444M INFO    General                 (debruijn_graph_constructor: 487)   Total 39112 edges to create
  0:00:02.787    13M / 2444M INFO    General                 (debruijn_graph_constructor: 489)   Collecting link records
  0:00:02.808    13M / 2444M INFO    General                 (debruijn_graph_constructor: 491)   Ordering link records
  0:00:02.809    13M / 2444M INFO    General                 (debruijn_graph_constructor: 493)   Sorting done
  0:00:02.809    13M / 2444M INFO    General                 (debruijn_graph_constructor: 503)   Total 17954 vertices to create
  0:00:02.809    15M / 2444M INFO    General                 (debruijn_graph_constructor: 506)   Connecting the graph
  0:00:02.828    14M / 2444M INFO    General                 (stage.cpp                 : 117)   PROCEDURE == Filling coverage indices (PHM) (id: construction:coverage_filling_phm)
  0:00:02.828    14M / 2444M INFO   K-mer Index Building     (kmer_index_builder.hpp    : 395)   Building perfect hash indices
  0:00:02.884    18M / 2444M INFO   K-mer Index Building     (kmer_index_builder.hpp    : 431)   Index built. Total 4215446 kmers, 3164760 bytes occupied (6.00603 bits per kmer).
  0:00:02.891    35M / 2444M INFO    General                 (coverage_hash_map_builder.:  47)   Collecting k-mer coverage information from reads, this takes a while.
  0:00:03.907    35M / 2444M INFO    General                 (construction.cpp          : 430)   Filling coverage and flanking coverage from PHM
  0:00:04.006    35M / 2444M INFO    General                 (coverage_filling.hpp      :  82)   Processed 39112 edges
  0:00:04.044     6M / 2444M INFO   StageManager             (stage.cpp                 : 185)   STAGE == EC Threshold Finding (id: ec_threshold_finder)
  0:00:04.045     6M / 2444M INFO    General                 (kmer_coverage_model.cpp   : 181)   Kmer coverage valley at: 0
  0:00:04.045     6M / 2444M INFO    General                 (kmer_coverage_model.cpp   : 201)   K-mer histogram maximum: 18
  0:00:04.045     6M / 2444M INFO    General                 (kmer_coverage_model.cpp   : 237)   Estimated median coverage: 20. Coverage mad: 8.8956
  0:00:04.045     6M / 2444M INFO    General                 (kmer_coverage_model.cpp   : 259)   Fitting coverage model
  0:00:04.067     6M / 2444M INFO    General                 (kmer_coverage_model.cpp   : 295)   ... iteration 2
  0:00:04.123     6M / 2444M INFO    General                 (kmer_coverage_model.cpp   : 295)   ... iteration 4
  0:00:04.334     6M / 2444M INFO    General                 (kmer_coverage_model.cpp   : 295)   ... iteration 8
  0:00:04.815     6M / 2444M INFO    General                 (kmer_coverage_model.cpp   : 295)   ... iteration 16
  0:00:05.055     6M / 2444M INFO    General                 (kmer_coverage_model.cpp   : 309)   Fitted mean coverage: 20.0209. Fitted coverage std. dev: 6.51811
  0:00:05.057     6M / 2444M INFO    General                 (kmer_coverage_model.cpp   : 334)   Probability of erroneous kmer at valley: 0.996614
  0:00:05.057     6M / 2444M INFO    General                 (kmer_coverage_model.cpp   : 358)   Preliminary threshold calculated as: 8
  0:00:05.057     6M / 2444M INFO    General                 (kmer_coverage_model.cpp   : 362)   Threshold adjusted to: 8
  0:00:05.058     6M / 2444M INFO    General                 (kmer_coverage_model.cpp   : 375)   Estimated genome size (ignoring repeats): 3964467
  0:00:05.058     6M / 2444M INFO    General                 (genomic_info_filler.cpp   :  55)   Mean coverage was calculated as 20.0209
  0:00:05.058     6M / 2444M INFO    General                 (genomic_info_filler.cpp   :  70)   EC coverage threshold value was calculated as 8
  0:00:05.058     6M / 2444M INFO    General                 (genomic_info_filler.cpp   :  71)   Trusted kmer low bound: 0
  0:00:05.058     6M / 2444M INFO   StageManager             (stage.cpp                 : 185)   STAGE == Gap Closer (id: early_gapcloser)
  0:00:05.063    15M / 2444M INFO    General                 (edge_index.hpp            : 113)   Size of edge index entries: 12/8
  0:00:05.068    15M / 2444M INFO    General                 (gap_closer.cpp            : 101)   Total edges in tip neighborhood: 7604 out of 39112, length: 165037
  0:00:05.069    15M / 2444M INFO    General                 (edge_index.hpp            : 167)   Using small index (max_id = 39310)
  0:00:05.071    15M / 2444M INFO   K-mer Index Building     (kmer_index_builder.hpp    : 395)   Building perfect hash indices
  0:00:05.082    15M / 2444M INFO   K-mer Index Building     (kmer_index_builder.hpp    : 431)   Index built. Total 147799 kmers, 107488 bytes occupied (5.81806 bits per kmer).
  0:00:05.082    16M / 2444M INFO    General                 (edge_index_builders.hpp   : 265)   Collecting edge information from graph, this takes a while.
  0:00:05.963    16M / 2444M INFO    General                 (sequence_mapper_notifier.h:  95)   Total 407906 reads processed
  0:00:05.967    15M / 2444M INFO    General                 (gap_closer.cpp            : 452)   Initializing gap closer
  0:00:05.967    15M / 2444M INFO   GapCloser                (gap_closer.cpp            : 359)   Closing short gaps
  0:00:05.974    15M / 2444M INFO   GapCloser                (gap_closer.cpp            : 391)   Closing short gaps complete: filled 0 gaps after checking 32 candidates
  0:00:05.975    15M / 2444M INFO    General                 (gap_closer.cpp            : 456)   Gap closer done
  0:00:05.976     6M / 2444M INFO   StageManager             (stage.cpp                 : 185)   STAGE == Raw Simplification (id: raw_simplification)
  0:00:05.976     6M / 2444M INFO    General                 (simplification.cpp        : 127)   PROCEDURE == Initial cleaning
  0:00:05.976     6M / 2444M INFO    General                 (graph_simplification.hpp  : 662)   Flanking coverage based disconnection disabled
  0:00:05.976     6M / 2444M INFO   Simplification           (parallel_processing.hpp   : 167)   Running Self conjugate edge remover
  0:00:05.977     6M / 2444M INFO   Simplification           (parallel_processing.hpp   : 170)   Self conjugate edge remover triggered 0 times
  0:00:05.977     6M / 2444M INFO   StageManager             (stage.cpp                 : 185)   STAGE == Simplification (id: simplification)
  0:00:05.977     6M / 2444M INFO    General                 (simplification.cpp        : 368)   Graph simplification started
  0:00:05.977     6M / 2444M INFO    General                 (graph_simplification.hpp  : 634)   Creating parallel br instance
  0:00:05.977     6M / 2444M INFO    General                 (simplification.cpp        : 373)   PROCEDURE == Simplification cycle, iteration 1
  0:00:05.977     6M / 2444M INFO   Simplification           (parallel_processing.hpp   : 167)   Running Tip clipper
  0:00:06.054     5M / 2444M INFO   Simplification           (parallel_processing.hpp   : 170)   Tip clipper triggered 6653 times
  0:00:06.054     5M / 2444M INFO   Simplification           (parallel_processing.hpp   : 167)   Running Bulge remover
  0:00:06.152    13M / 2444M INFO   Simplification           (parallel_processing.hpp   : 170)   Bulge remover triggered 652 times
  0:00:06.153    13M / 2444M INFO   Simplification           (parallel_processing.hpp   : 167)   Running Low coverage edge remover
  0:00:06.153    13M / 2444M INFO   Simplification           (parallel_processing.hpp   : 170)   Low coverage edge remover triggered 1 times
  0:00:06.154    13M / 2444M INFO    General                 (simplification.cpp        : 373)   PROCEDURE == Simplification cycle, iteration 2
  0:00:06.155    13M / 2444M INFO   Simplification           (parallel_processing.hpp   : 167)   Running Tip clipper
  0:00:06.155    13M / 2444M INFO   Simplification           (parallel_processing.hpp   : 170)   Tip clipper triggered 1 times
  0:00:06.155    13M / 2444M INFO   Simplification           (parallel_processing.hpp   : 167)   Running Bulge remover
  0:00:06.155    13M / 2444M INFO   Simplification           (parallel_processing.hpp   : 170)   Bulge remover triggered 0 times
  0:00:06.155    13M / 2444M INFO   Simplification           (parallel_processing.hpp   : 167)   Running Low coverage edge remover
  0:00:06.162    13M / 2444M INFO   Simplification           (parallel_processing.hpp   : 170)   Low coverage edge remover triggered 306 times
  0:00:06.162    13M / 2444M INFO    General                 (simplification.cpp        : 373)   PROCEDURE == Simplification cycle, iteration 3
  0:00:06.162    13M / 2444M INFO   Simplification           (parallel_processing.hpp   : 167)   Running Tip clipper
  0:00:06.162    13M / 2444M INFO   Simplification           (parallel_processing.hpp   : 170)   Tip clipper triggered 14 times
  0:00:06.162    13M / 2444M INFO   Simplification           (parallel_processing.hpp   : 167)   Running Bulge remover
  0:00:06.175    14M / 2444M INFO   Simplification           (parallel_processing.hpp   : 170)   Bulge remover triggered 88 times
  0:00:06.175    14M / 2444M INFO   Simplification           (parallel_processing.hpp   : 167)   Running Low coverage edge remover
  0:00:06.177    14M / 2444M INFO   Simplification           (parallel_processing.hpp   : 170)   Low coverage edge remover triggered 38 times
  0:00:06.177    14M / 2444M INFO    General                 (simplification.cpp        : 373)   PROCEDURE == Simplification cycle, iteration 4
  0:00:06.177    14M / 2444M INFO   Simplification           (parallel_processing.hpp   : 167)   Running Tip clipper
  0:00:06.177    14M / 2444M INFO   Simplification           (parallel_processing.hpp   : 170)   Tip clipper triggered 2 times
  0:00:06.177    14M / 2444M INFO   Simplification           (parallel_processing.hpp   : 167)   Running Bulge remover
  0:00:06.179    14M / 2444M INFO   Simplification           (parallel_processing.hpp   : 170)   Bulge remover triggered 13 times
  0:00:06.179    14M / 2444M INFO   Simplification           (parallel_processing.hpp   : 167)   Running Low coverage edge remover
  0:00:06.179    14M / 2444M INFO   Simplification           (parallel_processing.hpp   : 170)   Low coverage edge remover triggered 5 times
  0:00:06.179    14M / 2444M INFO    General                 (simplification.cpp        : 373)   PROCEDURE == Simplification cycle, iteration 5
  0:00:06.179    14M / 2444M INFO   Simplification           (parallel_processing.hpp   : 167)   Running Tip clipper
  0:00:06.179    14M / 2444M INFO   Simplification           (parallel_processing.hpp   : 170)   Tip clipper triggered 0 times
  0:00:06.179    14M / 2444M INFO   Simplification           (parallel_processing.hpp   : 167)   Running Bulge remover
  0:00:06.180    14M / 2444M INFO   Simplification           (parallel_processing.hpp   : 170)   Bulge remover triggered 6 times
  0:00:06.180    14M / 2444M INFO   Simplification           (parallel_processing.hpp   : 167)   Running Low coverage edge remover
  0:00:06.180    14M / 2444M INFO   Simplification           (parallel_processing.hpp   : 170)   Low coverage edge remover triggered 3 times
  0:00:06.180    14M / 2444M INFO    General                 (simplification.cpp        : 373)   PROCEDURE == Simplification cycle, iteration 6
  0:00:06.180    14M / 2444M INFO   Simplification           (parallel_processing.hpp   : 167)   Running Tip clipper
  0:00:06.180    14M / 2444M INFO   Simplification           (parallel_processing.hpp   : 170)   Tip clipper triggered 0 times
  0:00:06.180    14M / 2444M INFO   Simplification           (parallel_processing.hpp   : 167)   Running Bulge remover
  0:00:06.181    14M / 2444M INFO   Simplification           (parallel_processing.hpp   : 170)   Bulge remover triggered 3 times
  0:00:06.181    14M / 2444M INFO   Simplification           (parallel_processing.hpp   : 167)   Running Low coverage edge remover
  0:00:06.181    14M / 2444M INFO   Simplification           (parallel_processing.hpp   : 170)   Low coverage edge remover triggered 1 times
  0:00:06.181    14M / 2444M INFO    General                 (simplification.cpp        : 373)   PROCEDURE == Simplification cycle, iteration 7
  0:00:06.181    14M / 2444M INFO   Simplification           (parallel_processing.hpp   : 167)   Running Tip clipper
  0:00:06.181    14M / 2444M INFO   Simplification           (parallel_processing.hpp   : 170)   Tip clipper triggered 0 times
  0:00:06.181    14M / 2444M INFO   Simplification           (parallel_processing.hpp   : 167)   Running Bulge remover
  0:00:06.181    14M / 2444M INFO   Simplification           (parallel_processing.hpp   : 170)   Bulge remover triggered 0 times
  0:00:06.181    14M / 2444M INFO   Simplification           (parallel_processing.hpp   : 167)   Running Low coverage edge remover
  0:00:06.181    14M / 2444M INFO   Simplification           (parallel_processing.hpp   : 170)   Low coverage edge remover triggered 5 times
  0:00:06.181    14M / 2444M INFO    General                 (simplification.cpp        : 373)   PROCEDURE == Simplification cycle, iteration 8
  0:00:06.181    14M / 2444M INFO   Simplification           (parallel_processing.hpp   : 167)   Running Tip clipper
  0:00:06.181    14M / 2444M INFO   Simplification           (parallel_processing.hpp   : 170)   Tip clipper triggered 0 times
  0:00:06.181    14M / 2444M INFO   Simplification           (parallel_processing.hpp   : 167)   Running Bulge remover
  0:00:06.181    14M / 2444M INFO   Simplification           (parallel_processing.hpp   : 170)   Bulge remover triggered 0 times
  0:00:06.182    14M / 2444M INFO   Simplification           (parallel_processing.hpp   : 167)   Running Low coverage edge remover
  0:00:06.182    14M / 2444M INFO   Simplification           (parallel_processing.hpp   : 170)   Low coverage edge remover triggered 0 times
  0:00:06.182    14M / 2444M INFO    General                 (simplification.cpp        : 373)   PROCEDURE == Simplification cycle, iteration 9
  0:00:06.182    14M / 2444M INFO   Simplification           (parallel_processing.hpp   : 167)   Running Tip clipper
  0:00:06.182    14M / 2444M INFO   Simplification           (parallel_processing.hpp   : 170)   Tip clipper triggered 0 times
  0:00:06.182    14M / 2444M INFO   Simplification           (parallel_processing.hpp   : 167)   Running Bulge remover
  0:00:06.182    14M / 2444M INFO   Simplification           (parallel_processing.hpp   : 170)   Bulge remover triggered 0 times
  0:00:06.182    14M / 2444M INFO   Simplification           (parallel_processing.hpp   : 167)   Running Low coverage edge remover
  0:00:06.182    14M / 2444M INFO   Simplification           (parallel_processing.hpp   : 170)   Low coverage edge remover triggered 6 times
  0:00:06.182    14M / 2444M INFO    General                 (simplification.cpp        : 373)   PROCEDURE == Simplification cycle, iteration 10
  0:00:06.182    14M / 2444M INFO   Simplification           (parallel_processing.hpp   : 167)   Running Tip clipper
  0:00:06.182    14M / 2444M INFO   Simplification           (parallel_processing.hpp   : 170)   Tip clipper triggered 0 times
  0:00:06.182    14M / 2444M INFO   Simplification           (parallel_processing.hpp   : 167)   Running Bulge remover
  0:00:06.182    14M / 2444M INFO   Simplification           (parallel_processing.hpp   : 170)   Bulge remover triggered 1 times
  0:00:06.182    14M / 2444M INFO   Simplification           (parallel_processing.hpp   : 167)   Running Low coverage edge remover
  0:00:06.182    14M / 2444M INFO   Simplification           (parallel_processing.hpp   : 170)   Low coverage edge remover triggered 3 times
  0:00:06.182    14M / 2444M INFO    General                 (simplification.cpp        : 373)   PROCEDURE == Simplification cycle, iteration 11
  0:00:06.182    14M / 2444M INFO   Simplification           (parallel_processing.hpp   : 167)   Running Tip clipper
  0:00:06.182    14M / 2444M INFO   Simplification           (parallel_processing.hpp   : 170)   Tip clipper triggered 0 times
  0:00:06.182    14M / 2444M INFO   Simplification           (parallel_processing.hpp   : 167)   Running Bulge remover
  0:00:06.185    14M / 2444M INFO   Simplification           (parallel_processing.hpp   : 170)   Bulge remover triggered 4 times
  0:00:06.185    14M / 2444M INFO   Simplification           (parallel_processing.hpp   : 167)   Running Low coverage edge remover
  0:00:06.185    14M / 2444M INFO   Simplification           (parallel_processing.hpp   : 170)   Low coverage edge remover triggered 0 times
  0:00:06.185    14M / 2444M INFO    General                 (simplification.cpp        : 373)   PROCEDURE == Simplification cycle, iteration 12
  0:00:06.185    14M / 2444M INFO   Simplification           (parallel_processing.hpp   : 167)   Running Tip clipper
  0:00:06.185    14M / 2444M INFO   Simplification           (parallel_processing.hpp   : 170)   Tip clipper triggered 0 times
  0:00:06.185    14M / 2444M INFO   Simplification           (parallel_processing.hpp   : 167)   Running Bulge remover
  0:00:06.185    14M / 2444M INFO   Simplification           (parallel_processing.hpp   : 170)   Bulge remover triggered 0 times
  0:00:06.185    14M / 2444M INFO   Simplification           (parallel_processing.hpp   : 167)   Running Low coverage edge remover
  0:00:06.185    14M / 2444M INFO   Simplification           (parallel_processing.hpp   : 170)   Low coverage edge remover triggered 0 times
  0:00:06.185    14M / 2444M INFO   StageManager             (stage.cpp                 : 185)   STAGE == Gap Closer (id: late_gapcloser)
  0:00:06.188    23M / 2444M INFO    General                 (edge_index.hpp            : 113)   Size of edge index entries: 12/8
  0:00:06.189    23M / 2444M INFO    General                 (gap_closer.cpp            : 101)   Total edges in tip neighborhood: 864 out of 5962, length: 112994
  0:00:06.189    23M / 2444M INFO    General                 (edge_index.hpp            : 167)   Using small index (max_id = 39310)
  0:00:06.191    23M / 2444M INFO   K-mer Index Building     (kmer_index_builder.hpp    : 395)   Building perfect hash indices
  0:00:06.201    23M / 2444M INFO   K-mer Index Building     (kmer_index_builder.hpp    : 431)   Index built. Total 95727 kmers, 69880 bytes occupied (5.83994 bits per kmer).
  0:00:06.201    24M / 2444M INFO    General                 (edge_index_builders.hpp   : 265)   Collecting edge information from graph, this takes a while.
  0:00:07.527    24M / 2444M INFO    General                 (sequence_mapper_notifier.h:  95)   Total 407906 reads processed
  0:00:07.536    23M / 2444M INFO    General                 (gap_closer.cpp            : 452)   Initializing gap closer
  0:00:07.536    23M / 2444M INFO   GapCloser                (gap_closer.cpp            : 359)   Closing short gaps
  0:00:07.540    23M / 2444M INFO   GapCloser                (gap_closer.cpp            : 391)   Closing short gaps complete: filled 0 gaps after checking 2 candidates
  0:00:07.541    23M / 2444M INFO    General                 (gap_closer.cpp            : 456)   Gap closer done
  0:00:07.542    14M / 2444M INFO   StageManager             (stage.cpp                 : 185)   STAGE == Simplification Cleanup (id: simplification_cleanup)
  0:00:07.542    14M / 2444M INFO    General                 (simplification.cpp        : 176)   PROCEDURE == Post simplification
  0:00:07.543    14M / 2444M INFO    General                 (graph_simplification.hpp  : 448)   Disconnection of relatively low covered edges disabled
  0:00:07.543    14M / 2444M INFO    General                 (graph_simplification.hpp  : 485)   Complex tip clipping disabled
  0:00:07.543    14M / 2444M INFO    General                 (graph_simplification.hpp  : 634)   Creating parallel br instance
  0:00:07.543    14M / 2444M INFO   Simplification           (parallel_processing.hpp   : 167)   Running Tip clipper
  0:00:07.543    14M / 2444M INFO   Simplification           (parallel_processing.hpp   : 170)   Tip clipper triggered 0 times
  0:00:07.543    14M / 2444M INFO   Simplification           (parallel_processing.hpp   : 167)   Running Bulge remover
  0:00:07.548    14M / 2444M INFO   Simplification           (parallel_processing.hpp   : 170)   Bulge remover triggered 0 times
  0:00:07.548    14M / 2444M INFO   Simplification           (parallel_processing.hpp   : 167)   Running Tip clipper
  0:00:07.549    14M / 2444M INFO   Simplification           (parallel_processing.hpp   : 170)   Tip clipper triggered 0 times
  0:00:07.549    14M / 2444M INFO   Simplification           (parallel_processing.hpp   : 167)   Running Bulge remover
  0:00:07.553    14M / 2444M INFO   Simplification           (parallel_processing.hpp   : 170)   Bulge remover triggered 0 times
  0:00:07.553    14M / 2444M INFO    General                 (simplification.cpp        : 327)   Disrupting self-conjugate edges
  0:00:07.554    14M / 2444M INFO   Simplification           (parallel_processing.hpp   : 167)   Running Removing isolated edges
  0:00:07.555    14M / 2444M INFO   Simplification           (parallel_processing.hpp   : 170)   Removing isolated edges triggered 428 times
  0:00:07.555    14M / 2444M INFO    General                 (simplification.cpp        : 495)   After simplification:
  0:00:07.555    14M / 2444M INFO    General                 (simplification.cpp        : 496)     Average coverage = 22.5388
  0:00:07.555    14M / 2444M INFO    General                 (simplification.cpp        : 497)     Total length = 3998994
  0:00:07.556    14M / 2444M INFO    General                 (simplification.cpp        : 498)     Median edge length: 23789
  0:00:07.556    14M / 2444M INFO    General                 (simplification.cpp        : 499)     Edges: 5106
  0:00:07.556    14M / 2444M INFO    General                 (simplification.cpp        : 500)     Vertices: 3316
  0:00:07.556    14M / 2444M INFO   StageManager             (stage.cpp                 : 185)   STAGE == Contig Output (id: contig_output)
  0:00:07.556    14M / 2444M INFO    General                 (read_converter.cpp        : 107)   Outputting contigs to /data/djs217/PROJECTS/10_X_fragariae_feb_2024/04_spades/NCPPB_1469.spades/K77/simplified_contigs
  0:00:07.563    17M / 2444M INFO    General                 (binary_converter.cpp      : 111)   2553 reads written
  0:00:07.568    14M / 2444M INFO    General                 (pipeline.cpp              : 287)   SPAdes finished
  0:00:07.584     1M / 2444M INFO    General                 (main.cpp                  : 136)   Assembling time: 0 hours 0 minutes 7 seconds

===== K77 finished. 


===== K99 started. 


== Running: /data/djs217/anaconda3/envs/spades-env/bin/spades-core /data/djs217/PROJECTS/10_X_fragariae_feb_2024/04_spades/NCPPB_1469.spades/K99/configs/config.info /data/djs217/PROJECTS/10_X_fragariae_feb_2024/04_spades/NCPPB_1469.spades/K99/configs/careful_mode.info

  0:00:00.000     1M / 19M   INFO    General                 (main.cpp                  :  99)   Loaded config from /data/djs217/PROJECTS/10_X_fragariae_feb_2024/04_spades/NCPPB_1469.spades/K99/configs/config.info
  0:00:00.001     1M / 19M   INFO    General                 (main.cpp                  :  99)   Loaded config from /data/djs217/PROJECTS/10_X_fragariae_feb_2024/04_spades/NCPPB_1469.spades/K99/configs/careful_mode.info
  0:00:00.001     1M / 19M   INFO    General                 (memory_limit.cpp          :  54)   Memory limit set to 62 Gb
  0:00:00.001     1M / 19M   INFO    General                 (main.cpp                  : 107)   Starting SPAdes, built from N/A, git revision N/A
  0:00:00.001     1M / 19M   INFO    General                 (main.cpp                  : 108)   Maximum k-mer length: 128
  0:00:00.002     1M / 19M   INFO    General                 (main.cpp                  : 109)   Assembling dataset (/data/djs217/PROJECTS/10_X_fragariae_feb_2024/04_spades/NCPPB_1469.spades/dataset.info) with K=99
  0:00:00.002     1M / 19M   INFO    General                 (main.cpp                  : 110)   Maximum # of threads to use (adjusted due to OMP capabilities): 16
  0:00:00.002     1M / 19M   INFO    General                 (pipeline.cpp              : 212)   SPAdes started
  0:00:00.002     1M / 19M   INFO    General                 (pipeline.cpp              : 225)   Starting from stage: read_conversion
  0:00:00.002     1M / 19M   INFO    General                 (pipeline.cpp              : 231)   Two-step repeat resolution disabled
  0:00:00.002     1M / 19M   INFO   GraphCore                (graph_core.hpp            : 672)   Graph created, vertex min_id: 3, edge min_id: 3
  0:00:00.002     1M / 19M   INFO   GraphCore                (graph_core.hpp            : 673)   Vertex size: 48, edge size: 40
  0:00:00.002     1M / 19M   INFO    General                 (edge_index.hpp            : 113)   Size of edge index entries: 12/8
  0:00:00.002     1M / 19M   INFO    General                 (pipeline.cpp              : 242)   Will need read mapping, kmer mapper will be attached
  0:00:00.002     1M / 19M   INFO   StageManager             (stage.cpp                 : 185)   STAGE == Binary Read Conversion (id: read_conversion)
  0:00:00.003     1M / 19M   INFO    General                 (read_converter.cpp        :  53)   Binary reads detected
  0:00:00.007     1M / 19M   INFO   StageManager             (stage.cpp                 : 185)   STAGE == de Bruijn graph construction (id: construction)
  0:00:00.007     1M / 19M   INFO    General                 (construction.cpp          : 118)   Contigs from previous K will be used: /data/djs217/PROJECTS/10_X_fragariae_feb_2024/04_spades/NCPPB_1469.spades/K77/simplified_contigs
  0:00:00.051     1M / 19M   INFO    General                 (construction.cpp          : 153)   Max read length 301
  0:00:00.051     1M / 19M   INFO    General                 (construction.cpp          : 159)   Average read length 186.494
  0:00:00.051     1M / 19M   INFO    General                 (stage.cpp                 : 117)   PROCEDURE == k+1-mer counting (id: construction:kpomer_counting)
  0:00:00.051     1M / 19M   INFO    General                 (kmer_index_builder.hpp    : 243)   Splitting kmer instances into 160 files using 16 threads. This might take a while.
  0:00:00.051     1M / 19M   INFO    General                 (file_limit.hpp            :  42)   Open file limit set to 1024
  0:00:00.052     1M / 19M   INFO    General                 (kmer_splitter.hpp         :  93)   Memory available for splitting buffers: 1.29165 Gb
  0:00:00.052     1M / 19M   INFO    General                 (kmer_splitter.hpp         : 101)   Using cell size of 104857
  0:00:01.232  9601M / 9601M INFO    General                 (kmer_splitters.hpp        : 125)   Processed 1638464 reads
  0:00:01.245     2M / 2757M INFO    General                 (kmer_splitters.hpp        : 131)   Used 1638464 reads
  0:00:01.403     2M / 2757M INFO    General                 (kmer_index_builder.hpp    : 249)   Starting k-mer counting.
  0:00:01.493     1M / 2757M INFO    General                 (kmer_index_builder.hpp    : 260)   K-mer counting done. There are 4241545 kmers in total.
  0:00:01.493     1M / 2757M INFO    General                 (stage.cpp                 : 117)   PROCEDURE == Extension index construction (id: construction:extension_index_construction)
  0:00:01.496     1M / 2757M INFO   K-mer Index Building     (kmer_index_builder.hpp    : 438)   Building kmer index
  0:00:01.496     1M / 2757M INFO    General                 (kmer_index_builder.hpp    : 243)   Splitting kmer instances into 160 files using 16 threads. This might take a while.
  0:00:01.496     1M / 2757M INFO    General                 (file_limit.hpp            :  42)   Open file limit set to 1024
  0:00:01.496     1M / 2757M INFO    General                 (kmer_splitter.hpp         :  93)   Memory available for splitting buffers: 1.29165 Gb
  0:00:01.496     1M / 2757M INFO    General                 (kmer_splitter.hpp         : 101)   Using cell size of 104857
  0:00:01.695  9602M / 9602M INFO    General                 (kmer_splitters.hpp        : 194)   Processed 4241545 kmers
  0:00:01.696  9602M / 9602M INFO    General                 (kmer_splitters.hpp        : 199)   Used 4241545 kmers.
  0:00:01.697     2M / 2757M INFO    General                 (kmer_index_builder.hpp    : 249)   Starting k-mer counting.
  0:00:01.798     2M / 2757M INFO    General                 (kmer_index_builder.hpp    : 260)   K-mer counting done. There are 4240617 kmers in total.
  0:00:01.798     2M / 2757M INFO   K-mer Index Building     (kmer_index_builder.hpp    : 395)   Building perfect hash indices
  0:00:02.039     5M / 2757M INFO   K-mer Index Building     (kmer_index_builder.hpp    : 431)   Index built. Total 4240617 kmers, 3182904 bytes occupied (6.00461 bits per kmer).
  0:00:02.039     5M / 2757M INFO    General                 (kmer_index_builder.hpp    : 169)   Merging final buckets.
  0:00:02.648     9M / 2757M INFO   DeBruijnExtensionIndexBu (kmer_extension_index_build: 100)   Building k-mer extensions from k+1-mers
  0:00:02.815     9M / 2757M INFO   DeBruijnExtensionIndexBu (kmer_extension_index_build: 105)   Building k-mer extensions from k+1-mers finished.
  0:00:02.825     9M / 2757M INFO    General                 (stage.cpp                 : 117)   PROCEDURE == Condensing graph (id: construction:graph_condensing)
  0:00:02.826     9M / 2757M INFO   UnbranchingPathExtractor (debruijn_graph_constructor: 354)   Extracting unbranching paths
  0:00:02.950    11M / 2757M INFO   UnbranchingPathExtractor (debruijn_graph_constructor: 373)   Extracting unbranching paths finished. 17953 sequences extracted
  0:00:03.057    11M / 2757M INFO   UnbranchingPathExtractor (debruijn_graph_constructor: 309)   Collecting perfect loops
  0:00:03.090    11M / 2757M INFO   UnbranchingPathExtractor (debruijn_graph_constructor: 342)   Collecting perfect loops finished. 0 loops collected
  0:00:03.103    11M / 2757M INFO    General                 (debruijn_graph_constructor: 487)   Total 35906 edges to create
  0:00:03.103    13M / 2757M INFO    General                 (debruijn_graph_constructor: 489)   Collecting link records
  0:00:03.128    13M / 2757M INFO    General                 (debruijn_graph_constructor: 491)   Ordering link records
  0:00:03.129    13M / 2757M INFO    General                 (debruijn_graph_constructor: 493)   Sorting done
  0:00:03.129    14M / 2757M INFO    General                 (debruijn_graph_constructor: 503)   Total 17025 vertices to create
  0:00:03.129    15M / 2757M INFO    General                 (debruijn_graph_constructor: 506)   Connecting the graph
  0:00:03.153    14M / 2757M INFO    General                 (stage.cpp                 : 117)   PROCEDURE == Filling coverage indices (PHM) (id: construction:coverage_filling_phm)
  0:00:03.153    14M / 2757M INFO   K-mer Index Building     (kmer_index_builder.hpp    : 395)   Building perfect hash indices
  0:00:03.217    18M / 2757M INFO   K-mer Index Building     (kmer_index_builder.hpp    : 431)   Index built. Total 4241545 kmers, 3183536 bytes occupied (6.00448 bits per kmer).
  0:00:03.219    35M / 2757M INFO    General                 (coverage_hash_map_builder.:  47)   Collecting k-mer coverage information from reads, this takes a while.
  0:00:04.079    35M / 2757M INFO    General                 (construction.cpp          : 430)   Filling coverage and flanking coverage from PHM
  0:00:04.174    35M / 2757M INFO    General                 (coverage_filling.hpp      :  82)   Processed 35906 edges
  0:00:04.220     6M / 2757M INFO   StageManager             (stage.cpp                 : 185)   STAGE == EC Threshold Finding (id: ec_threshold_finder)
  0:00:04.221     6M / 2757M INFO    General                 (kmer_coverage_model.cpp   : 181)   Kmer coverage valley at: 0
  0:00:04.221     6M / 2757M INFO    General                 (kmer_coverage_model.cpp   : 201)   K-mer histogram maximum: 14
  0:00:04.221     6M / 2757M INFO    General                 (kmer_coverage_model.cpp   : 237)   Estimated median coverage: 16. Coverage mad: 7.413
  0:00:04.221     6M / 2757M INFO    General                 (kmer_coverage_model.cpp   : 259)   Fitting coverage model
  0:00:04.239     6M / 2757M INFO    General                 (kmer_coverage_model.cpp   : 295)   ... iteration 2
  0:00:04.287     6M / 2757M INFO    General                 (kmer_coverage_model.cpp   : 295)   ... iteration 4
  0:00:04.467     6M / 2757M INFO    General                 (kmer_coverage_model.cpp   : 295)   ... iteration 8
  0:00:04.840     6M / 2757M INFO    General                 (kmer_coverage_model.cpp   : 295)   ... iteration 16
  0:00:05.394     6M / 2757M INFO    General                 (kmer_coverage_model.cpp   : 309)   Fitted mean coverage: 16.3182. Fitted coverage std. dev: 5.79161
  0:00:05.397     6M / 2757M INFO    General                 (kmer_coverage_model.cpp   : 334)   Probability of erroneous kmer at valley: 0.989618
  0:00:05.397     6M / 2757M INFO    General                 (kmer_coverage_model.cpp   : 358)   Preliminary threshold calculated as: 6
  0:00:05.397     6M / 2757M INFO    General                 (kmer_coverage_model.cpp   : 362)   Threshold adjusted to: 6
  0:00:05.397     6M / 2757M INFO    General                 (kmer_coverage_model.cpp   : 375)   Estimated genome size (ignoring repeats): 3985509
  0:00:05.397     6M / 2757M INFO    General                 (genomic_info_filler.cpp   :  55)   Mean coverage was calculated as 16.3182
  0:00:05.397     6M / 2757M INFO    General                 (genomic_info_filler.cpp   :  70)   EC coverage threshold value was calculated as 6
  0:00:05.397     6M / 2757M INFO    General                 (genomic_info_filler.cpp   :  71)   Trusted kmer low bound: 0
  0:00:05.397     6M / 2757M INFO   StageManager             (stage.cpp                 : 185)   STAGE == Gap Closer (id: early_gapcloser)
  0:00:05.403    15M / 2757M INFO    General                 (edge_index.hpp            : 113)   Size of edge index entries: 12/8
  0:00:05.412    15M / 2757M INFO    General                 (gap_closer.cpp            : 101)   Total edges in tip neighborhood: 7772 out of 35906, length: 189161
  0:00:05.412    15M / 2757M INFO    General                 (edge_index.hpp            : 167)   Using small index (max_id = 36088)
  0:00:05.415    15M / 2757M INFO   K-mer Index Building     (kmer_index_builder.hpp    : 395)   Building perfect hash indices
  0:00:05.428    15M / 2757M INFO   K-mer Index Building     (kmer_index_builder.hpp    : 431)   Index built. Total 167662 kmers, 121840 bytes occupied (5.8136 bits per kmer).
  0:00:05.428    17M / 2757M INFO    General                 (edge_index_builders.hpp   : 265)   Collecting edge information from graph, this takes a while.
  0:00:06.150    17M / 2757M INFO    General                 (sequence_mapper_notifier.h:  95)   Total 407906 reads processed
  0:00:06.158    15M / 2757M INFO    General                 (gap_closer.cpp            : 452)   Initializing gap closer
  0:00:06.159    15M / 2757M INFO   GapCloser                (gap_closer.cpp            : 359)   Closing short gaps
  0:00:06.176    15M / 2757M INFO   GapCloser                (gap_closer.cpp            : 391)   Closing short gaps complete: filled 0 gaps after checking 26 candidates
  0:00:06.177    15M / 2757M INFO    General                 (gap_closer.cpp            : 456)   Gap closer done
  0:00:06.178     6M / 2757M INFO   StageManager             (stage.cpp                 : 185)   STAGE == Raw Simplification (id: raw_simplification)
  0:00:06.178     6M / 2757M INFO    General                 (simplification.cpp        : 127)   PROCEDURE == Initial cleaning
  0:00:06.178     6M / 2757M INFO    General                 (graph_simplification.hpp  : 662)   Flanking coverage based disconnection disabled
  0:00:06.178     6M / 2757M INFO   Simplification           (parallel_processing.hpp   : 167)   Running Self conjugate edge remover
  0:00:06.179     6M / 2757M INFO   Simplification           (parallel_processing.hpp   : 170)   Self conjugate edge remover triggered 0 times
  0:00:06.179     6M / 2757M INFO   StageManager             (stage.cpp                 : 185)   STAGE == Simplification (id: simplification)
  0:00:06.179     6M / 2757M INFO    General                 (simplification.cpp        : 368)   Graph simplification started
  0:00:06.179     6M / 2757M INFO    General                 (graph_simplification.hpp  : 634)   Creating parallel br instance
  0:00:06.179     6M / 2757M INFO    General                 (simplification.cpp        : 373)   PROCEDURE == Simplification cycle, iteration 1
  0:00:06.179     6M / 2757M INFO   Simplification           (parallel_processing.hpp   : 167)   Running Tip clipper
  0:00:06.297     5M / 2757M INFO   Simplification           (parallel_processing.hpp   : 170)   Tip clipper triggered 6515 times
  0:00:06.297     5M / 2757M INFO   Simplification           (parallel_processing.hpp   : 167)   Running Bulge remover
  0:00:06.409    11M / 2757M INFO   Simplification           (parallel_processing.hpp   : 170)   Bulge remover triggered 381 times
  0:00:06.411    11M / 2757M INFO   Simplification           (parallel_processing.hpp   : 167)   Running Low coverage edge remover
  0:00:06.412    11M / 2757M INFO   Simplification           (parallel_processing.hpp   : 170)   Low coverage edge remover triggered 1 times
  0:00:06.412    11M / 2757M INFO    General                 (simplification.cpp        : 373)   PROCEDURE == Simplification cycle, iteration 2
  0:00:06.412    11M / 2757M INFO   Simplification           (parallel_processing.hpp   : 167)   Running Tip clipper
  0:00:06.412    11M / 2757M INFO   Simplification           (parallel_processing.hpp   : 170)   Tip clipper triggered 0 times
  0:00:06.412    11M / 2757M INFO   Simplification           (parallel_processing.hpp   : 167)   Running Bulge remover
  0:00:06.412    11M / 2757M INFO   Simplification           (parallel_processing.hpp   : 170)   Bulge remover triggered 0 times
  0:00:06.412    11M / 2757M INFO   Simplification           (parallel_processing.hpp   : 167)   Running Low coverage edge remover
  0:00:06.418    11M / 2757M INFO   Simplification           (parallel_processing.hpp   : 170)   Low coverage edge remover triggered 168 times
  0:00:06.418    11M / 2757M INFO    General                 (simplification.cpp        : 373)   PROCEDURE == Simplification cycle, iteration 3
  0:00:06.419    11M / 2757M INFO   Simplification           (parallel_processing.hpp   : 167)   Running Tip clipper
  0:00:06.419    11M / 2757M INFO   Simplification           (parallel_processing.hpp   : 170)   Tip clipper triggered 14 times
  0:00:06.419    11M / 2757M INFO   Simplification           (parallel_processing.hpp   : 167)   Running Bulge remover
  0:00:06.436    12M / 2757M INFO   Simplification           (parallel_processing.hpp   : 170)   Bulge remover triggered 57 times
  0:00:06.437    12M / 2757M INFO   Simplification           (parallel_processing.hpp   : 167)   Running Low coverage edge remover
  0:00:06.438    12M / 2757M INFO   Simplification           (parallel_processing.hpp   : 170)   Low coverage edge remover triggered 22 times
  0:00:06.438    12M / 2757M INFO    General                 (simplification.cpp        : 373)   PROCEDURE == Simplification cycle, iteration 4
  0:00:06.438    12M / 2757M INFO   Simplification           (parallel_processing.hpp   : 167)   Running Tip clipper
  0:00:06.438    12M / 2757M INFO   Simplification           (parallel_processing.hpp   : 170)   Tip clipper triggered 0 times
  0:00:06.438    12M / 2757M INFO   Simplification           (parallel_processing.hpp   : 167)   Running Bulge remover
  0:00:06.441    13M / 2757M INFO   Simplification           (parallel_processing.hpp   : 170)   Bulge remover triggered 9 times
  0:00:06.441    13M / 2757M INFO   Simplification           (parallel_processing.hpp   : 167)   Running Low coverage edge remover
  0:00:06.442    13M / 2757M INFO   Simplification           (parallel_processing.hpp   : 170)   Low coverage edge remover triggered 10 times
  0:00:06.442    13M / 2757M INFO    General                 (simplification.cpp        : 373)   PROCEDURE == Simplification cycle, iteration 5
  0:00:06.442    13M / 2757M INFO   Simplification           (parallel_processing.hpp   : 167)   Running Tip clipper
  0:00:06.442    13M / 2757M INFO   Simplification           (parallel_processing.hpp   : 170)   Tip clipper triggered 0 times
  0:00:06.442    13M / 2757M INFO   Simplification           (parallel_processing.hpp   : 167)   Running Bulge remover
  0:00:06.443    13M / 2757M INFO   Simplification           (parallel_processing.hpp   : 170)   Bulge remover triggered 3 times
  0:00:06.443    13M / 2757M INFO   Simplification           (parallel_processing.hpp   : 167)   Running Low coverage edge remover
  0:00:06.443    13M / 2757M INFO   Simplification           (parallel_processing.hpp   : 170)   Low coverage edge remover triggered 3 times
  0:00:06.443    13M / 2757M INFO    General                 (simplification.cpp        : 373)   PROCEDURE == Simplification cycle, iteration 6
  0:00:06.443    13M / 2757M INFO   Simplification           (parallel_processing.hpp   : 167)   Running Tip clipper
  0:00:06.443    13M / 2757M INFO   Simplification           (parallel_processing.hpp   : 170)   Tip clipper triggered 0 times
  0:00:06.443    13M / 2757M INFO   Simplification           (parallel_processing.hpp   : 167)   Running Bulge remover
  0:00:06.444    13M / 2757M INFO   Simplification           (parallel_processing.hpp   : 170)   Bulge remover triggered 3 times
  0:00:06.444    13M / 2757M INFO   Simplification           (parallel_processing.hpp   : 167)   Running Low coverage edge remover
  0:00:06.444    13M / 2757M INFO   Simplification           (parallel_processing.hpp   : 170)   Low coverage edge remover triggered 2 times
  0:00:06.444    13M / 2757M INFO    General                 (simplification.cpp        : 373)   PROCEDURE == Simplification cycle, iteration 7
  0:00:06.444    13M / 2757M INFO   Simplification           (parallel_processing.hpp   : 167)   Running Tip clipper
  0:00:06.444    13M / 2757M INFO   Simplification           (parallel_processing.hpp   : 170)   Tip clipper triggered 0 times
  0:00:06.444    13M / 2757M INFO   Simplification           (parallel_processing.hpp   : 167)   Running Bulge remover
  0:00:06.444    13M / 2757M INFO   Simplification           (parallel_processing.hpp   : 170)   Bulge remover triggered 1 times
  0:00:06.444    13M / 2757M INFO   Simplification           (parallel_processing.hpp   : 167)   Running Low coverage edge remover
  0:00:06.444    13M / 2757M INFO   Simplification           (parallel_processing.hpp   : 170)   Low coverage edge remover triggered 0 times
  0:00:06.444    13M / 2757M INFO    General                 (simplification.cpp        : 373)   PROCEDURE == Simplification cycle, iteration 8
  0:00:06.444    13M / 2757M INFO   Simplification           (parallel_processing.hpp   : 167)   Running Tip clipper
  0:00:06.444    13M / 2757M INFO   Simplification           (parallel_processing.hpp   : 170)   Tip clipper triggered 0 times
  0:00:06.444    13M / 2757M INFO   Simplification           (parallel_processing.hpp   : 167)   Running Bulge remover
  0:00:06.444    13M / 2757M INFO   Simplification           (parallel_processing.hpp   : 170)   Bulge remover triggered 0 times
  0:00:06.444    13M / 2757M INFO   Simplification           (parallel_processing.hpp   : 167)   Running Low coverage edge remover
  0:00:06.444    13M / 2757M INFO   Simplification           (parallel_processing.hpp   : 170)   Low coverage edge remover triggered 0 times
  0:00:06.444    13M / 2757M INFO    General                 (simplification.cpp        : 373)   PROCEDURE == Simplification cycle, iteration 9
  0:00:06.444    13M / 2757M INFO   Simplification           (parallel_processing.hpp   : 167)   Running Tip clipper
  0:00:06.444    13M / 2757M INFO   Simplification           (parallel_processing.hpp   : 170)   Tip clipper triggered 0 times
  0:00:06.445    13M / 2757M INFO   Simplification           (parallel_processing.hpp   : 167)   Running Bulge remover
  0:00:06.445    13M / 2757M INFO   Simplification           (parallel_processing.hpp   : 170)   Bulge remover triggered 0 times
  0:00:06.445    13M / 2757M INFO   Simplification           (parallel_processing.hpp   : 167)   Running Low coverage edge remover
  0:00:06.445    13M / 2757M INFO   Simplification           (parallel_processing.hpp   : 170)   Low coverage edge remover triggered 2 times
  0:00:06.445    13M / 2757M INFO    General                 (simplification.cpp        : 373)   PROCEDURE == Simplification cycle, iteration 10
  0:00:06.445    13M / 2757M INFO   Simplification           (parallel_processing.hpp   : 167)   Running Tip clipper
  0:00:06.445    13M / 2757M INFO   Simplification           (parallel_processing.hpp   : 170)   Tip clipper triggered 0 times
  0:00:06.445    13M / 2757M INFO   Simplification           (parallel_processing.hpp   : 167)   Running Bulge remover
  0:00:06.445    13M / 2757M INFO   Simplification           (parallel_processing.hpp   : 170)   Bulge remover triggered 2 times
  0:00:06.445    13M / 2757M INFO   Simplification           (parallel_processing.hpp   : 167)   Running Low coverage edge remover
  0:00:06.446    13M / 2757M INFO   Simplification           (parallel_processing.hpp   : 170)   Low coverage edge remover triggered 7 times
  0:00:06.446    13M / 2757M INFO    General                 (simplification.cpp        : 373)   PROCEDURE == Simplification cycle, iteration 11
  0:00:06.446    13M / 2757M INFO   Simplification           (parallel_processing.hpp   : 167)   Running Tip clipper
  0:00:06.446    13M / 2757M INFO   Simplification           (parallel_processing.hpp   : 170)   Tip clipper triggered 1 times
  0:00:06.446    13M / 2757M INFO   Simplification           (parallel_processing.hpp   : 167)   Running Bulge remover
  0:00:06.448    13M / 2757M INFO   Simplification           (parallel_processing.hpp   : 170)   Bulge remover triggered 0 times
  0:00:06.448    13M / 2757M INFO   Simplification           (parallel_processing.hpp   : 167)   Running Low coverage edge remover
  0:00:06.449    13M / 2757M INFO   Simplification           (parallel_processing.hpp   : 170)   Low coverage edge remover triggered 0 times
  0:00:06.449    13M / 2757M INFO    General                 (simplification.cpp        : 373)   PROCEDURE == Simplification cycle, iteration 12
  0:00:06.449    13M / 2757M INFO   Simplification           (parallel_processing.hpp   : 167)   Running Tip clipper
  0:00:06.449    13M / 2757M INFO   Simplification           (parallel_processing.hpp   : 170)   Tip clipper triggered 0 times
  0:00:06.449    13M / 2757M INFO   Simplification           (parallel_processing.hpp   : 167)   Running Bulge remover
  0:00:06.449    13M / 2757M INFO   Simplification           (parallel_processing.hpp   : 170)   Bulge remover triggered 0 times
  0:00:06.449    13M / 2757M INFO   Simplification           (parallel_processing.hpp   : 167)   Running Low coverage edge remover
  0:00:06.449    13M / 2757M INFO   Simplification           (parallel_processing.hpp   : 170)   Low coverage edge remover triggered 0 times
  0:00:06.449    13M / 2757M INFO   StageManager             (stage.cpp                 : 185)   STAGE == Gap Closer (id: late_gapcloser)
  0:00:06.454    22M / 2757M INFO    General                 (edge_index.hpp            : 113)   Size of edge index entries: 12/8
  0:00:06.455    22M / 2757M INFO    General                 (gap_closer.cpp            : 101)   Total edges in tip neighborhood: 1187 out of 6030, length: 147671
  0:00:06.455    22M / 2757M INFO    General                 (edge_index.hpp            : 167)   Using small index (max_id = 36088)
  0:00:06.457    22M / 2757M INFO   K-mer Index Building     (kmer_index_builder.hpp    : 395)   Building perfect hash indices
  0:00:06.476    22M / 2757M INFO   K-mer Index Building     (kmer_index_builder.hpp    : 431)   Index built. Total 126153 kmers, 91864 bytes occupied (5.82556 bits per kmer).
  0:00:06.476    23M / 2757M INFO    General                 (edge_index_builders.hpp   : 265)   Collecting edge information from graph, this takes a while.
  0:00:07.661    23M / 2757M INFO    General                 (sequence_mapper_notifier.h:  95)   Total 407906 reads processed
  0:00:07.670    22M / 2757M INFO    General                 (gap_closer.cpp            : 452)   Initializing gap closer
  0:00:07.670    22M / 2757M INFO   GapCloser                (gap_closer.cpp            : 359)   Closing short gaps
  0:00:07.675    22M / 2757M INFO   GapCloser                (gap_closer.cpp            : 391)   Closing short gaps complete: filled 0 gaps after checking 4 candidates
  0:00:07.675    22M / 2757M INFO    General                 (gap_closer.cpp            : 456)   Gap closer done
  0:00:07.677    13M / 2757M INFO   StageManager             (stage.cpp                 : 185)   STAGE == Simplification Cleanup (id: simplification_cleanup)
  0:00:07.677    13M / 2757M INFO    General                 (simplification.cpp        : 176)   PROCEDURE == Post simplification
  0:00:07.677    13M / 2757M INFO    General                 (graph_simplification.hpp  : 448)   Disconnection of relatively low covered edges disabled
  0:00:07.677    13M / 2757M INFO    General                 (graph_simplification.hpp  : 485)   Complex tip clipping disabled
  0:00:07.677    13M / 2757M INFO    General                 (graph_simplification.hpp  : 634)   Creating parallel br instance
  0:00:07.677    13M / 2757M INFO   Simplification           (parallel_processing.hpp   : 167)   Running Tip clipper
  0:00:07.678    13M / 2757M INFO   Simplification           (parallel_processing.hpp   : 170)   Tip clipper triggered 0 times
  0:00:07.678    13M / 2757M INFO   Simplification           (parallel_processing.hpp   : 167)   Running Bulge remover
  0:00:07.683    13M / 2757M INFO   Simplification           (parallel_processing.hpp   : 170)   Bulge remover triggered 0 times
  0:00:07.683    13M / 2757M INFO   Simplification           (parallel_processing.hpp   : 167)   Running Tip clipper
  0:00:07.683    13M / 2757M INFO   Simplification           (parallel_processing.hpp   : 170)   Tip clipper triggered 0 times
  0:00:07.683    13M / 2757M INFO   Simplification           (parallel_processing.hpp   : 167)   Running Bulge remover
  0:00:07.688    13M / 2757M INFO   Simplification           (parallel_processing.hpp   : 170)   Bulge remover triggered 0 times
  0:00:07.688    13M / 2757M INFO    General                 (simplification.cpp        : 327)   Disrupting self-conjugate edges
  0:00:07.689    13M / 2757M INFO   Simplification           (parallel_processing.hpp   : 167)   Running Removing isolated edges
  0:00:07.691    13M / 2757M INFO   Simplification           (parallel_processing.hpp   : 170)   Removing isolated edges triggered 590 times
  0:00:07.691    13M / 2757M INFO    General                 (simplification.cpp        : 495)   After simplification:
  0:00:07.691    13M / 2757M INFO    General                 (simplification.cpp        : 496)     Average coverage = 18.2578
  0:00:07.691    13M / 2757M INFO    General                 (simplification.cpp        : 497)     Total length = 4023449
  0:00:07.692    13M / 2757M INFO    General                 (simplification.cpp        : 498)     Median edge length: 24729
  0:00:07.692    13M / 2757M INFO    General                 (simplification.cpp        : 499)     Edges: 4850
  0:00:07.692    13M / 2757M INFO    General                 (simplification.cpp        : 500)     Vertices: 3156
  0:00:07.692    13M / 2757M INFO   StageManager             (stage.cpp                 : 185)   STAGE == Contig Output (id: contig_output)
  0:00:07.692    13M / 2757M INFO    General                 (read_converter.cpp        : 107)   Outputting contigs to /data/djs217/PROJECTS/10_X_fragariae_feb_2024/04_spades/NCPPB_1469.spades/K99/simplified_contigs
  0:00:07.699    15M / 2757M INFO    General                 (binary_converter.cpp      : 111)   2425 reads written
  0:00:07.704    13M / 2757M INFO    General                 (pipeline.cpp              : 287)   SPAdes finished
  0:00:07.717     1M / 2757M INFO    General                 (main.cpp                  : 136)   Assembling time: 0 hours 0 minutes 7 seconds

===== K99 finished. 


===== K127 started. 


== Running: /data/djs217/anaconda3/envs/spades-env/bin/spades-core /data/djs217/PROJECTS/10_X_fragariae_feb_2024/04_spades/NCPPB_1469.spades/K127/configs/config.info /data/djs217/PROJECTS/10_X_fragariae_feb_2024/04_spades/NCPPB_1469.spades/K127/configs/careful_mode.info

  0:00:00.000     1M / 19M   INFO    General                 (main.cpp                  :  99)   Loaded config from /data/djs217/PROJECTS/10_X_fragariae_feb_2024/04_spades/NCPPB_1469.spades/K127/configs/config.info
  0:00:00.002     1M / 19M   INFO    General                 (main.cpp                  :  99)   Loaded config from /data/djs217/PROJECTS/10_X_fragariae_feb_2024/04_spades/NCPPB_1469.spades/K127/configs/careful_mode.info
  0:00:00.002     1M / 19M   INFO    General                 (memory_limit.cpp          :  54)   Memory limit set to 62 Gb
  0:00:00.002     1M / 19M   INFO    General                 (main.cpp                  : 107)   Starting SPAdes, built from N/A, git revision N/A
  0:00:00.002     1M / 19M   INFO    General                 (main.cpp                  : 108)   Maximum k-mer length: 128
  0:00:00.002     1M / 19M   INFO    General                 (main.cpp                  : 109)   Assembling dataset (/data/djs217/PROJECTS/10_X_fragariae_feb_2024/04_spades/NCPPB_1469.spades/dataset.info) with K=127
  0:00:00.002     1M / 19M   INFO    General                 (main.cpp                  : 110)   Maximum # of threads to use (adjusted due to OMP capabilities): 16
  0:00:00.002     1M / 19M   INFO    General                 (pipeline.cpp              : 212)   SPAdes started
  0:00:00.002     1M / 19M   INFO    General                 (pipeline.cpp              : 225)   Starting from stage: read_conversion
  0:00:00.002     1M / 19M   INFO    General                 (pipeline.cpp              : 231)   Two-step repeat resolution disabled
  0:00:00.002     1M / 19M   INFO   GraphCore                (graph_core.hpp            : 672)   Graph created, vertex min_id: 3, edge min_id: 3
  0:00:00.002     1M / 19M   INFO   GraphCore                (graph_core.hpp            : 673)   Vertex size: 48, edge size: 40
  0:00:00.002     1M / 19M   INFO    General                 (edge_index.hpp            : 113)   Size of edge index entries: 12/8
  0:00:00.002     1M / 19M   INFO    General                 (pipeline.cpp              : 242)   Will need read mapping, kmer mapper will be attached
  0:00:00.002     1M / 19M   INFO   StageManager             (stage.cpp                 : 185)   STAGE == Binary Read Conversion (id: read_conversion)
  0:00:00.003     1M / 19M   INFO    General                 (read_converter.cpp        :  53)   Binary reads detected
  0:00:00.008     1M / 19M   INFO   StageManager             (stage.cpp                 : 185)   STAGE == de Bruijn graph construction (id: construction)
  0:00:00.008     1M / 19M   INFO    General                 (construction.cpp          : 118)   Contigs from previous K will be used: /data/djs217/PROJECTS/10_X_fragariae_feb_2024/04_spades/NCPPB_1469.spades/K99/simplified_contigs
  0:00:00.054     1M / 19M   INFO    General                 (construction.cpp          : 153)   Max read length 301
  0:00:00.054     1M / 19M   INFO    General                 (construction.cpp          : 159)   Average read length 186.494
  0:00:00.054     1M / 19M   INFO    General                 (stage.cpp                 : 117)   PROCEDURE == k+1-mer counting (id: construction:kpomer_counting)
  0:00:00.054     1M / 19M   INFO    General                 (kmer_index_builder.hpp    : 243)   Splitting kmer instances into 160 files using 16 threads. This might take a while.
  0:00:00.054     1M / 19M   INFO    General                 (file_limit.hpp            :  42)   Open file limit set to 1024
  0:00:00.055     1M / 19M   INFO    General                 (kmer_splitter.hpp         :  93)   Memory available for splitting buffers: 1.29165 Gb
  0:00:00.055     1M / 19M   INFO    General                 (kmer_splitter.hpp         : 101)   Using cell size of 104857
  0:00:01.051  9601M / 9601M INFO    General                 (kmer_splitters.hpp        : 125)   Processed 1638208 reads
  0:00:01.061     2M / 2129M INFO    General                 (kmer_splitters.hpp        : 131)   Used 1638208 reads
  0:00:01.205     2M / 2129M INFO    General                 (kmer_index_builder.hpp    : 249)   Starting k-mer counting.
  0:00:01.309     1M / 2129M INFO    General                 (kmer_index_builder.hpp    : 260)   K-mer counting done. There are 4256413 kmers in total.
  0:00:01.309     1M / 2129M INFO    General                 (stage.cpp                 : 117)   PROCEDURE == Extension index construction (id: construction:extension_index_construction)
  0:00:01.312     1M / 2129M INFO   K-mer Index Building     (kmer_index_builder.hpp    : 438)   Building kmer index
  0:00:01.312     1M / 2129M INFO    General                 (kmer_index_builder.hpp    : 243)   Splitting kmer instances into 160 files using 16 threads. This might take a while.
  0:00:01.312     1M / 2129M INFO    General                 (file_limit.hpp            :  42)   Open file limit set to 1024
  0:00:01.313     1M / 2129M INFO    General                 (kmer_splitter.hpp         :  93)   Memory available for splitting buffers: 1.29165 Gb
  0:00:01.313     1M / 2129M INFO    General                 (kmer_splitter.hpp         : 101)   Using cell size of 104857
  0:00:01.573  9602M / 9602M INFO    General                 (kmer_splitters.hpp        : 194)   Processed 4256413 kmers
  0:00:01.573  9602M / 9602M INFO    General                 (kmer_splitters.hpp        : 199)   Used 4256413 kmers.
  0:00:01.576     2M / 2129M INFO    General                 (kmer_index_builder.hpp    : 249)   Starting k-mer counting.
  0:00:01.704     2M / 2129M INFO    General                 (kmer_index_builder.hpp    : 260)   K-mer counting done. There are 4256168 kmers in total.
  0:00:01.704     2M / 2129M INFO   K-mer Index Building     (kmer_index_builder.hpp    : 395)   Building perfect hash indices
  0:00:01.964     5M / 2129M INFO   K-mer Index Building     (kmer_index_builder.hpp    : 431)   Index built. Total 4256168 kmers, 3194408 bytes occupied (6.00429 bits per kmer).
  0:00:01.964     5M / 2129M INFO    General                 (kmer_index_builder.hpp    : 169)   Merging final buckets.
  0:00:02.399     9M / 2129M INFO   DeBruijnExtensionIndexBu (kmer_extension_index_build: 100)   Building k-mer extensions from k+1-mers
  0:00:02.554     9M / 2129M INFO   DeBruijnExtensionIndexBu (kmer_extension_index_build: 105)   Building k-mer extensions from k+1-mers finished.
  0:00:02.568     9M / 2129M INFO    General                 (stage.cpp                 : 117)   PROCEDURE == Condensing graph (id: construction:graph_condensing)
  0:00:02.569     9M / 2129M INFO   UnbranchingPathExtractor (debruijn_graph_constructor: 354)   Extracting unbranching paths
  0:00:02.689    11M / 2129M INFO   UnbranchingPathExtractor (debruijn_graph_constructor: 373)   Extracting unbranching paths finished. 15763 sequences extracted
  0:00:02.797    11M / 2129M INFO   UnbranchingPathExtractor (debruijn_graph_constructor: 309)   Collecting perfect loops
  0:00:02.829    11M / 2129M INFO   UnbranchingPathExtractor (debruijn_graph_constructor: 342)   Collecting perfect loops finished. 0 loops collected
  0:00:02.840    11M / 2129M INFO    General                 (debruijn_graph_constructor: 487)   Total 31526 edges to create
  0:00:02.840    12M / 2129M INFO    General                 (debruijn_graph_constructor: 489)   Collecting link records
  0:00:02.855    13M / 2129M INFO    General                 (debruijn_graph_constructor: 491)   Ordering link records
  0:00:02.855    13M / 2129M INFO    General                 (debruijn_graph_constructor: 493)   Sorting done
  0:00:02.856    13M / 2129M INFO    General                 (debruijn_graph_constructor: 503)   Total 15518 vertices to create
  0:00:02.856    14M / 2129M INFO    General                 (debruijn_graph_constructor: 506)   Connecting the graph
  0:00:02.872    14M / 2129M INFO    General                 (stage.cpp                 : 117)   PROCEDURE == Filling coverage indices (PHM) (id: construction:coverage_filling_phm)
  0:00:02.872    14M / 2129M INFO   K-mer Index Building     (kmer_index_builder.hpp    : 395)   Building perfect hash indices
  0:00:02.938    17M / 2129M INFO   K-mer Index Building     (kmer_index_builder.hpp    : 431)   Index built. Total 4256413 kmers, 3194472 bytes occupied (6.00406 bits per kmer).
  0:00:02.944    34M / 2129M INFO    General                 (coverage_hash_map_builder.:  47)   Collecting k-mer coverage information from reads, this takes a while.
  0:00:03.644    34M / 2129M INFO    General                 (construction.cpp          : 430)   Filling coverage and flanking coverage from PHM
  0:00:03.752    34M / 2129M INFO    General                 (coverage_filling.hpp      :  82)   Processed 31526 edges
  0:00:03.790     5M / 2129M INFO   StageManager             (stage.cpp                 : 185)   STAGE == EC Threshold Finding (id: ec_threshold_finder)
  0:00:03.790     5M / 2129M INFO    General                 (kmer_coverage_model.cpp   : 181)   Kmer coverage valley at: 0
  0:00:03.790     5M / 2129M INFO    General                 (kmer_coverage_model.cpp   : 201)   K-mer histogram maximum: 10
  0:00:03.790     5M / 2129M INFO    General                 (kmer_coverage_model.cpp   : 237)   Estimated median coverage: 11. Coverage mad: 5.9304
  0:00:03.790     5M / 2129M INFO    General                 (kmer_coverage_model.cpp   : 259)   Fitting coverage model
  0:00:03.796     5M / 2129M INFO    General                 (kmer_coverage_model.cpp   : 295)   ... iteration 2
  0:00:03.812     5M / 2129M INFO    General                 (kmer_coverage_model.cpp   : 295)   ... iteration 4
  0:00:03.906     5M / 2129M INFO    General                 (kmer_coverage_model.cpp   : 295)   ... iteration 8
  0:00:04.117     5M / 2129M INFO    General                 (kmer_coverage_model.cpp   : 295)   ... iteration 16
  0:00:04.497     5M / 2129M INFO    General                 (kmer_coverage_model.cpp   : 295)   ... iteration 32
  0:00:05.020     5M / 2129M INFO    General                 (kmer_coverage_model.cpp   : 309)   Fitted mean coverage: 11.9883. Fitted coverage std. dev: 4.81254
  0:00:05.021     5M / 2129M INFO    General                 (kmer_coverage_model.cpp   : 334)   Probability of erroneous kmer at valley: 0.960236
  0:00:05.021     5M / 2129M INFO    General                 (kmer_coverage_model.cpp   : 358)   Preliminary threshold calculated as: 5
  0:00:05.021     5M / 2129M INFO    General                 (kmer_coverage_model.cpp   : 362)   Threshold adjusted to: 5
  0:00:05.021     5M / 2129M INFO    General                 (kmer_coverage_model.cpp   : 375)   Estimated genome size (ignoring repeats): 3913284
  0:00:05.021     5M / 2129M INFO    General                 (genomic_info_filler.cpp   :  55)   Mean coverage was calculated as 11.9883
  0:00:05.021     5M / 2129M INFO    General                 (genomic_info_filler.cpp   :  70)   EC coverage threshold value was calculated as 5
  0:00:05.021     5M / 2129M INFO    General                 (genomic_info_filler.cpp   :  71)   Trusted kmer low bound: 0
  0:00:05.021     5M / 2129M INFO   StageManager             (stage.cpp                 : 185)   STAGE == Gap Closer (id: early_gapcloser)
  0:00:05.026    14M / 2129M INFO    General                 (edge_index.hpp            : 113)   Size of edge index entries: 12/8
  0:00:05.036    14M / 2129M INFO    General                 (gap_closer.cpp            : 101)   Total edges in tip neighborhood: 7676 out of 31526, length: 205490
  0:00:05.036    15M / 2129M INFO    General                 (edge_index.hpp            : 167)   Using small index (max_id = 31686)
  0:00:05.039    15M / 2129M INFO   K-mer Index Building     (kmer_index_builder.hpp    : 395)   Building perfect hash indices
  0:00:05.051    15M / 2129M INFO   K-mer Index Building     (kmer_index_builder.hpp    : 431)   Index built. Total 174190 kmers, 126552 bytes occupied (5.81214 bits per kmer).
  0:00:05.051    16M / 2129M INFO    General                 (edge_index_builders.hpp   : 265)   Collecting edge information from graph, this takes a while.
  0:00:05.600    16M / 2129M INFO    General                 (sequence_mapper_notifier.h:  95)   Total 407906 reads processed
  0:00:05.609    14M / 2129M INFO    General                 (gap_closer.cpp            : 452)   Initializing gap closer
  0:00:05.609    14M / 2129M INFO   GapCloser                (gap_closer.cpp            : 359)   Closing short gaps
  0:00:05.625    14M / 2129M INFO   GapCloser                (gap_closer.cpp            : 391)   Closing short gaps complete: filled 0 gaps after checking 20 candidates
  0:00:05.626    14M / 2129M INFO    General                 (gap_closer.cpp            : 456)   Gap closer done
  0:00:05.627     5M / 2129M INFO   StageManager             (stage.cpp                 : 185)   STAGE == Raw Simplification (id: raw_simplification)
  0:00:05.628     5M / 2129M INFO    General                 (simplification.cpp        : 127)   PROCEDURE == Initial cleaning
  0:00:05.628     5M / 2129M INFO    General                 (simplification.cpp        :  61)   Most init cleaning disabled on main iteration
  0:00:05.628     5M / 2129M INFO   Simplification           (parallel_processing.hpp   : 167)   Running Self conjugate edge remover
  0:00:05.628     5M / 2129M INFO   Simplification           (parallel_processing.hpp   : 170)   Self conjugate edge remover triggered 0 times
  0:00:05.628     5M / 2129M INFO   StageManager             (stage.cpp                 : 185)   STAGE == Simplification (id: simplification)
  0:00:05.628     5M / 2129M INFO    General                 (simplification.cpp        : 368)   Graph simplification started
  0:00:05.628     5M / 2129M INFO    General                 (graph_simplification.hpp  : 634)   Creating parallel br instance
  0:00:05.628     5M / 2129M INFO    General                 (simplification.cpp        : 373)   PROCEDURE == Simplification cycle, iteration 1
  0:00:05.628     5M / 2129M INFO   Simplification           (parallel_processing.hpp   : 167)   Running Tip clipper
  0:00:05.725     5M / 2129M INFO   Simplification           (parallel_processing.hpp   : 170)   Tip clipper triggered 5820 times
  0:00:05.725     5M / 2129M INFO   Simplification           (parallel_processing.hpp   : 167)   Running Bulge remover
  0:00:05.779     9M / 2129M INFO   Simplification           (parallel_processing.hpp   : 170)   Bulge remover triggered 214 times
  0:00:05.779     9M / 2129M INFO   Simplification           (parallel_processing.hpp   : 167)   Running Low coverage edge remover
  0:00:05.780     9M / 2129M INFO   Simplification           (parallel_processing.hpp   : 170)   Low coverage edge remover triggered 1 times
  0:00:05.780     9M / 2129M INFO    General                 (simplification.cpp        : 373)   PROCEDURE == Simplification cycle, iteration 2
  0:00:05.780     9M / 2129M INFO   Simplification           (parallel_processing.hpp   : 167)   Running Tip clipper
  0:00:05.780     9M / 2129M INFO   Simplification           (parallel_processing.hpp   : 170)   Tip clipper triggered 0 times
  0:00:05.780     9M / 2129M INFO   Simplification           (parallel_processing.hpp   : 167)   Running Bulge remover
  0:00:05.781     9M / 2129M INFO   Simplification           (parallel_processing.hpp   : 170)   Bulge remover triggered 2 times
  0:00:05.781     9M / 2129M INFO   Simplification           (parallel_processing.hpp   : 167)   Running Low coverage edge remover
  0:00:05.783     9M / 2129M INFO   Simplification           (parallel_processing.hpp   : 170)   Low coverage edge remover triggered 89 times
  0:00:05.783     9M / 2129M INFO    General                 (simplification.cpp        : 373)   PROCEDURE == Simplification cycle, iteration 3
  0:00:05.783     9M / 2129M INFO   Simplification           (parallel_processing.hpp   : 167)   Running Tip clipper
  0:00:05.783     9M / 2129M INFO   Simplification           (parallel_processing.hpp   : 170)   Tip clipper triggered 13 times
  0:00:05.783     9M / 2129M INFO   Simplification           (parallel_processing.hpp   : 167)   Running Bulge remover
  0:00:05.791    10M / 2129M INFO   Simplification           (parallel_processing.hpp   : 170)   Bulge remover triggered 35 times
  0:00:05.791    10M / 2129M INFO   Simplification           (parallel_processing.hpp   : 167)   Running Low coverage edge remover
  0:00:05.792    10M / 2129M INFO   Simplification           (parallel_processing.hpp   : 170)   Low coverage edge remover triggered 15 times
  0:00:05.792    10M / 2129M INFO    General                 (simplification.cpp        : 373)   PROCEDURE == Simplification cycle, iteration 4
  0:00:05.792    10M / 2129M INFO   Simplification           (parallel_processing.hpp   : 167)   Running Tip clipper
  0:00:05.792    10M / 2129M INFO   Simplification           (parallel_processing.hpp   : 170)   Tip clipper triggered 0 times
  0:00:05.793    10M / 2129M INFO   Simplification           (parallel_processing.hpp   : 167)   Running Bulge remover
  0:00:05.793    10M / 2129M INFO   Simplification           (parallel_processing.hpp   : 170)   Bulge remover triggered 1 times
  0:00:05.793    10M / 2129M INFO   Simplification           (parallel_processing.hpp   : 167)   Running Low coverage edge remover
  0:00:05.794    10M / 2129M INFO   Simplification           (parallel_processing.hpp   : 170)   Low coverage edge remover triggered 12 times
  0:00:05.794    10M / 2129M INFO    General                 (simplification.cpp        : 373)   PROCEDURE == Simplification cycle, iteration 5
  0:00:05.794    10M / 2129M INFO   Simplification           (parallel_processing.hpp   : 167)   Running Tip clipper
  0:00:05.794    10M / 2129M INFO   Simplification           (parallel_processing.hpp   : 170)   Tip clipper triggered 1 times
  0:00:05.794    10M / 2129M INFO   Simplification           (parallel_processing.hpp   : 167)   Running Bulge remover
  0:00:05.794    10M / 2129M INFO   Simplification           (parallel_processing.hpp   : 170)   Bulge remover triggered 1 times
  0:00:05.794    10M / 2129M INFO   Simplification           (parallel_processing.hpp   : 167)   Running Low coverage edge remover
  0:00:05.794    10M / 2129M INFO   Simplification           (parallel_processing.hpp   : 170)   Low coverage edge remover triggered 5 times
  0:00:05.794    10M / 2129M INFO    General                 (simplification.cpp        : 373)   PROCEDURE == Simplification cycle, iteration 6
  0:00:05.794    10M / 2129M INFO   Simplification           (parallel_processing.hpp   : 167)   Running Tip clipper
  0:00:05.794    10M / 2129M INFO   Simplification           (parallel_processing.hpp   : 170)   Tip clipper triggered 0 times
  0:00:05.794    10M / 2129M INFO   Simplification           (parallel_processing.hpp   : 167)   Running Bulge remover
  0:00:05.795    10M / 2129M INFO   Simplification           (parallel_processing.hpp   : 170)   Bulge remover triggered 2 times
  0:00:05.795    10M / 2129M INFO   Simplification           (parallel_processing.hpp   : 167)   Running Low coverage edge remover
  0:00:05.795    10M / 2129M INFO   Simplification           (parallel_processing.hpp   : 170)   Low coverage edge remover triggered 4 times
  0:00:05.795    10M / 2129M INFO    General                 (simplification.cpp        : 373)   PROCEDURE == Simplification cycle, iteration 7
  0:00:05.795    10M / 2129M INFO   Simplification           (parallel_processing.hpp   : 167)   Running Tip clipper
  0:00:05.795    10M / 2129M INFO   Simplification           (parallel_processing.hpp   : 170)   Tip clipper triggered 0 times
  0:00:05.795    10M / 2129M INFO   Simplification           (parallel_processing.hpp   : 167)   Running Bulge remover
  0:00:05.796    10M / 2129M INFO   Simplification           (parallel_processing.hpp   : 170)   Bulge remover triggered 1 times
  0:00:05.796    10M / 2129M INFO   Simplification           (parallel_processing.hpp   : 167)   Running Low coverage edge remover
  0:00:05.796    10M / 2129M INFO   Simplification           (parallel_processing.hpp   : 170)   Low coverage edge remover triggered 2 times
  0:00:05.796    10M / 2129M INFO    General                 (simplification.cpp        : 373)   PROCEDURE == Simplification cycle, iteration 8
  0:00:05.796    10M / 2129M INFO   Simplification           (parallel_processing.hpp   : 167)   Running Tip clipper
  0:00:05.796    10M / 2129M INFO   Simplification           (parallel_processing.hpp   : 170)   Tip clipper triggered 0 times
  0:00:05.796    10M / 2129M INFO   Simplification           (parallel_processing.hpp   : 167)   Running Bulge remover
  0:00:05.796    10M / 2129M INFO   Simplification           (parallel_processing.hpp   : 170)   Bulge remover triggered 0 times
  0:00:05.796    10M / 2129M INFO   Simplification           (parallel_processing.hpp   : 167)   Running Low coverage edge remover
  0:00:05.796    10M / 2129M INFO   Simplification           (parallel_processing.hpp   : 170)   Low coverage edge remover triggered 6 times
  0:00:05.796    10M / 2129M INFO    General                 (simplification.cpp        : 373)   PROCEDURE == Simplification cycle, iteration 9
  0:00:05.796    10M / 2129M INFO   Simplification           (parallel_processing.hpp   : 167)   Running Tip clipper
  0:00:05.796    10M / 2129M INFO   Simplification           (parallel_processing.hpp   : 170)   Tip clipper triggered 0 times
  0:00:05.796    10M / 2129M INFO   Simplification           (parallel_processing.hpp   : 167)   Running Bulge remover
  0:00:05.796    10M / 2129M INFO   Simplification           (parallel_processing.hpp   : 170)   Bulge remover triggered 0 times
  0:00:05.796    10M / 2129M INFO   Simplification           (parallel_processing.hpp   : 167)   Running Low coverage edge remover
  0:00:05.797    10M / 2129M INFO   Simplification           (parallel_processing.hpp   : 170)   Low coverage edge remover triggered 3 times
  0:00:05.797    10M / 2129M INFO    General                 (simplification.cpp        : 373)   PROCEDURE == Simplification cycle, iteration 10
  0:00:05.797    10M / 2129M INFO   Simplification           (parallel_processing.hpp   : 167)   Running Tip clipper
  0:00:05.797    10M / 2129M INFO   Simplification           (parallel_processing.hpp   : 170)   Tip clipper triggered 0 times
  0:00:05.797    10M / 2129M INFO   Simplification           (parallel_processing.hpp   : 167)   Running Bulge remover
  0:00:05.797    10M / 2129M INFO   Simplification           (parallel_processing.hpp   : 170)   Bulge remover triggered 1 times
  0:00:05.797    10M / 2129M INFO   Simplification           (parallel_processing.hpp   : 167)   Running Low coverage edge remover
  0:00:05.797    10M / 2129M INFO   Simplification           (parallel_processing.hpp   : 170)   Low coverage edge remover triggered 3 times
  0:00:05.797    10M / 2129M INFO    General                 (simplification.cpp        : 373)   PROCEDURE == Simplification cycle, iteration 11
  0:00:05.797    10M / 2129M INFO   Simplification           (parallel_processing.hpp   : 167)   Running Tip clipper
  0:00:05.797    10M / 2129M INFO   Simplification           (parallel_processing.hpp   : 170)   Tip clipper triggered 0 times
  0:00:05.797    10M / 2129M INFO   Simplification           (parallel_processing.hpp   : 167)   Running Bulge remover
  0:00:05.799    10M / 2129M INFO   Simplification           (parallel_processing.hpp   : 170)   Bulge remover triggered 0 times
  0:00:05.799    10M / 2129M INFO   Simplification           (parallel_processing.hpp   : 167)   Running Low coverage edge remover
  0:00:05.799    10M / 2129M INFO   Simplification           (parallel_processing.hpp   : 170)   Low coverage edge remover triggered 0 times
  0:00:05.799    10M / 2129M INFO   StageManager             (stage.cpp                 : 185)   STAGE == Gap Closer (id: late_gapcloser)
  0:00:05.803    19M / 2129M INFO    General                 (edge_index.hpp            : 113)   Size of edge index entries: 12/8
  0:00:05.804    19M / 2129M INFO    General                 (gap_closer.cpp            : 101)   Total edges in tip neighborhood: 1772 out of 5988, length: 167630
  0:00:05.804    19M / 2129M INFO    General                 (edge_index.hpp            : 167)   Using small index (max_id = 31686)
  0:00:05.807    19M / 2129M INFO   K-mer Index Building     (kmer_index_builder.hpp    : 395)   Building perfect hash indices
  0:00:05.823    19M / 2129M INFO   K-mer Index Building     (kmer_index_builder.hpp    : 431)   Index built. Total 136929 kmers, 99640 bytes occupied (5.82141 bits per kmer).
  0:00:05.824    21M / 2129M INFO    General                 (edge_index_builders.hpp   : 265)   Collecting edge information from graph, this takes a while.
  0:00:06.746    21M / 2129M INFO    General                 (sequence_mapper_notifier.h:  95)   Total 407906 reads processed
  0:00:06.755    19M / 2129M INFO    General                 (gap_closer.cpp            : 452)   Initializing gap closer
  0:00:06.755    19M / 2129M INFO   GapCloser                (gap_closer.cpp            : 359)   Closing short gaps
  0:00:06.760    19M / 2129M INFO   GapCloser                (gap_closer.cpp            : 391)   Closing short gaps complete: filled 0 gaps after checking 0 candidates
  0:00:06.761    19M / 2129M INFO    General                 (gap_closer.cpp            : 456)   Gap closer done
  0:00:06.762    10M / 2129M INFO   StageManager             (stage.cpp                 : 185)   STAGE == Simplification Cleanup (id: simplification_cleanup)
  0:00:06.762    10M / 2129M INFO    General                 (simplification.cpp        : 176)   PROCEDURE == Post simplification
  0:00:06.762    10M / 2129M INFO    General                 (graph_simplification.hpp  : 448)   Disconnection of relatively low covered edges disabled
  0:00:06.762    10M / 2129M INFO    General                 (graph_simplification.hpp  : 485)   Complex tip clipping disabled
  0:00:06.763    10M / 2129M INFO    General                 (graph_simplification.hpp  : 634)   Creating parallel br instance
  0:00:06.763    10M / 2129M INFO   Simplification           (parallel_processing.hpp   : 167)   Running Tip clipper
  0:00:06.763    10M / 2129M INFO   Simplification           (parallel_processing.hpp   : 170)   Tip clipper triggered 0 times
  0:00:06.763    10M / 2129M INFO   Simplification           (parallel_processing.hpp   : 167)   Running Bulge remover
  0:00:06.768    10M / 2129M INFO   Simplification           (parallel_processing.hpp   : 170)   Bulge remover triggered 0 times
  0:00:06.768    10M / 2129M INFO   Simplification           (parallel_processing.hpp   : 167)   Running Tip clipper
  0:00:06.768    10M / 2129M INFO   Simplification           (parallel_processing.hpp   : 170)   Tip clipper triggered 0 times
  0:00:06.768    10M / 2129M INFO   Simplification           (parallel_processing.hpp   : 167)   Running Bulge remover
  0:00:06.772    10M / 2129M INFO   Simplification           (parallel_processing.hpp   : 170)   Bulge remover triggered 0 times
  0:00:06.772    10M / 2129M INFO    General                 (simplification.cpp        : 327)   Disrupting self-conjugate edges
  0:00:06.773    10M / 2129M INFO   Simplification           (parallel_processing.hpp   : 167)   Running Removing isolated edges
  0:00:06.775    10M / 2129M INFO   Simplification           (parallel_processing.hpp   : 170)   Removing isolated edges triggered 882 times
  0:00:06.776    10M / 2129M INFO    General                 (simplification.cpp        : 495)   After simplification:
  0:00:06.776    10M / 2129M INFO    General                 (simplification.cpp        : 496)     Average coverage = 13.2842
  0:00:06.776    10M / 2129M INFO    General                 (simplification.cpp        : 497)     Total length = 4048828
  0:00:06.776    10M / 2129M INFO    General                 (simplification.cpp        : 498)     Median edge length: 24219
  0:00:06.776    10M / 2129M INFO    General                 (simplification.cpp        : 499)     Edges: 4224
  0:00:06.776    10M / 2129M INFO    General                 (simplification.cpp        : 500)     Vertices: 2764
  0:00:06.776    10M / 2129M INFO   StageManager             (stage.cpp                 : 185)   STAGE == Mismatch Correction (id: mismatch_correction)
  0:00:06.776    10M / 2129M INFO    General                 (graph_pack.cpp            :  67)   Index refill
  0:00:06.776    10M / 2129M INFO    General                 (edge_index.hpp            : 156)   Using small index (max_id = 31686)
  0:00:06.795    10M / 2129M INFO   K-mer Index Building     (kmer_index_builder.hpp    : 395)   Building perfect hash indices
  0:00:06.971    13M / 2129M INFO   K-mer Index Building     (kmer_index_builder.hpp    : 431)   Index built. Total 4048828 kmers, 2925024 bytes occupied (5.7795 bits per kmer).
  0:00:06.982    44M / 2129M INFO    General                 (edge_index_builders.hpp   : 252)   Collecting edge information from graph, this takes a while.
  0:00:07.100    44M / 2129M INFO    General                 (graph_pack.cpp            :  77)   Normalizing k-mer map. Total 71044 kmers to process
  0:00:07.111    44M / 2129M INFO    General                 (graph_pack.cpp            :  79)   Normalizing done
  0:00:07.111    44M / 2129M INFO    General                 (mismatch_correction.cpp   : 400)   Collect potential mismatches
  0:00:07.132    44M / 2129M INFO    General                 (mismatch_correction.cpp   : 192)   Total 1100 edges (out of 4224) with 9924 potential mismatch positions (9.02182 positions per edge)
  0:00:07.133    44M / 2129M INFO    General                 (mismatch_correction.cpp   : 402)   Potential mismatches collected
  0:00:07.515    51M / 2129M INFO    General                 (sequence_mapper_notifier.h:  95)   Total 1633358 reads processed
  0:00:07.540    45M / 2129M INFO    General                 (mismatch_correction.cpp   : 395)   All edges processed
  0:00:07.540    44M / 2129M INFO    General                 (mismatch_correction.cpp   : 450)   Corrected 0 nucleotides
  0:00:07.540    44M / 2129M INFO   StageManager             (stage.cpp                 : 185)   STAGE == Contig Output (id: contig_output)
  0:00:07.541    44M / 2129M INFO    General                 (contig_output.hpp         :  16)   Outputting contigs to /data/djs217/PROJECTS/10_X_fragariae_feb_2024/04_spades/NCPPB_1469.spades/K127/before_rr.fasta
  0:00:07.563    44M / 2129M INFO    General                 (contig_output_stage.cpp   : 151)   Writing GFA graph to /data/djs217/PROJECTS/10_X_fragariae_feb_2024/04_spades/NCPPB_1469.spades/K127/assembly_graph_after_simplification.gfa
  0:00:07.575    44M / 2129M INFO   StageManager             (stage.cpp                 : 185)   STAGE == Paired Information Counting (id: late_pair_info_count)
  0:00:07.578    45M / 2129M INFO    General                 (graph_pack.cpp            :  77)   Normalizing k-mer map. Total 71044 kmers to process
  0:00:07.578    45M / 2129M INFO    General                 (graph_pack.cpp            :  79)   Normalizing done
  0:00:07.578    45M / 2129M INFO    General                 (pair_info_count.cpp       : 339)   Min edge length for estimation: 24219
  0:00:07.578    45M / 2129M INFO    General                 (pair_info_count.cpp       : 350)   Estimating insert size for library #0
  0:00:07.578    45M / 2129M INFO    General                 (pair_info_count.cpp       : 202)   Estimating insert size (takes a while)
  0:00:07.683   317M / 2129M INFO    General                 (pair_info_count.cpp       :  48)   Selecting usual mapper
  0:00:08.133   317M / 2129M INFO    General                 (sequence_mapper_notifier.h:  95)   Total 407906 reads processed
  0:00:08.207   317M / 2129M INFO    General                 (pair_info_count.cpp       : 220)   Edge pairs: 108363
  0:00:08.207   317M / 2129M INFO    General                 (pair_info_count.cpp       : 222)   147341 paired reads (36.1213% of all) aligned to long edges
  0:00:08.207    45M / 2129M INFO    General                 (pair_info_count.cpp       : 369)     Insert size = 297.822, deviation = 133.251, left quantile = 157, right quantile = 482, read length = 301
  0:00:08.207    45M / 2129M WARN    General                 (pair_info_count.cpp       : 376)   Estimated mean insert size 297.822 is very small compared to read length 301
  0:00:08.207    45M / 2129M INFO    General                 (pair_info_count.cpp       : 390)   Filtering data for library #0
  0:00:08.208    45M / 2129M INFO    General                 (pair_info_count.cpp       :  48)   Selecting usual mapper
  0:00:08.393    45M / 2129M INFO    General                 (sequence_mapper_notifier.h:  95)   Total 407906 reads processed
  0:00:08.394    45M / 2129M INFO    General                 (pair_info_count.cpp       : 402)   Mapping library #0
  0:00:08.394    45M / 2129M INFO    General                 (pair_info_count.cpp       : 404)   Mapping paired reads (takes a while)
  0:00:08.394    45M / 2129M INFO    General                 (pair_info_count.cpp       : 299)   Left insert size quantile 157, right insert size quantile 482, filtering threshold 2, rounding threshold 0
  0:00:08.403    54M / 2129M INFO    General                 (pair_info_count.cpp       :  48)   Selecting usual mapper
  0:00:08.641    63M / 2129M INFO    General                 (sequence_mapper_notifier.h:  95)   Total 407906 reads processed
  0:00:08.648    54M / 2129M INFO   StageManager             (stage.cpp                 : 185)   STAGE == Distance Estimation (id: distance_estimation)
  0:00:08.648    54M / 2129M INFO    General                 (distance_estimation.cpp   : 179)   Processing library #0
  0:00:08.648    54M / 2129M INFO    General                 (distance_estimation.cpp   : 150)   Weight Filter Done
  0:00:08.648    54M / 2129M INFO   DistanceEstimator        (distance_estimation.hpp   : 116)   Using SIMPLE distance estimator
  0:00:08.683    57M / 2129M INFO    General                 (distance_estimation.cpp   :  37)   Filtering info
  0:00:08.684    57M / 2129M INFO    General                 (pair_info_filters.hpp     : 242)   Start filtering; library index size: 64886
  0:00:08.695    58M / 2129M INFO    General                 (pair_info_filters.hpp     : 263)   Done filtering; library index size: 58186
  0:00:08.695    57M / 2129M INFO    General                 (distance_estimation.cpp   : 156)   Refining clustered pair information
  0:00:08.704    57M / 2129M INFO    General                 (distance_estimation.cpp   : 158)   The refining of clustered pair information has been finished
  0:00:08.704    57M / 2129M INFO    General                 (distance_estimation.cpp   : 160)   Improving paired information
  0:00:08.752    58M / 2129M INFO   PairInfoImprover         (pair_info_improver.hpp    : 104)   Paired info stats: missing = 4745; contradictional = 80
  0:00:08.802    58M / 2129M INFO   PairInfoImprover         (pair_info_improver.hpp    : 104)   Paired info stats: missing = 463; contradictional = 0
  0:00:08.802    58M / 2129M INFO    General                 (distance_estimation.cpp   : 104)   Filling scaffolding index
  0:00:08.802    58M / 2129M INFO   DistanceEstimator        (distance_estimation.hpp   : 116)   Using SMOOTHING distance estimator
  0:00:08.896    58M / 2129M INFO    General                 (distance_estimation.cpp   :  37)   Filtering info
  0:00:08.896    58M / 2129M INFO    General                 (pair_info_filters.hpp     : 242)   Start filtering; library index size: 13648
  0:00:08.900    59M / 2129M INFO    General                 (pair_info_filters.hpp     : 263)   Done filtering; library index size: 13648
  0:00:08.900    58M / 2129M INFO    General                 (distance_estimation.cpp   : 186)   Clearing raw paired index
  0:00:08.911    49M / 2129M INFO   StageManager             (stage.cpp                 : 185)   STAGE == Repeat Resolving (id: repeat_resolving)
  0:00:08.912    49M / 2129M INFO    General                 (repeat_resolving.cpp      :  87)   Using Path-Extend repeat resolving
  0:00:08.912    49M / 2129M INFO    General                 (launcher.cpp              : 600)   ExSPAnder repeat resolving tool started
  0:00:08.912    49M / 2129M INFO    General                 (coverage_uniformity_analyz:  25)   genomic coverage is 11.9053 calculated of length 3917998
  0:00:08.914    58M / 2129M INFO    General                 (launcher.cpp              : 418)   Creating main extenders, unique edge length = 2000
  0:00:08.914    58M / 2129M INFO    General                 (extenders_logic.cpp       : 334)   Estimated coverage of library #0 is 13.2842
  0:00:08.914    58M / 2129M INFO    General                 (extenders_logic.cpp       : 345)   Creating extender; library index size: 68522
  0:00:08.914    58M / 2129M INFO    General                 (extenders_logic.cpp       : 334)   Estimated coverage of library #0 is 13.2842
  0:00:08.915    58M / 2129M INFO    General                 (extenders_logic.cpp       : 345)   Creating extender; library index size: 68522
  0:00:08.915    59M / 2129M INFO    General                 (extenders_logic.cpp       : 543)   Using 1 paired-end library
  0:00:08.915    59M / 2129M INFO    General                 (extenders_logic.cpp       : 544)   Using 1 paired-end scaffolding library
  0:00:08.915    59M / 2129M INFO    General                 (extenders_logic.cpp       : 545)   Using 0 single read libraries
  0:00:08.915    59M / 2129M INFO    General                 (launcher.cpp              : 447)   Total number of extenders is 3
  0:00:08.915    59M / 2129M INFO    General                 (path_extenders.cpp        :  36)   Processed 0 paths from 2099 (0%)
  0:00:09.042    64M / 2129M INFO    General                 (path_extenders.cpp        :  34)   Processed 128 paths from 2099 (6%)
  0:00:09.098    66M / 2129M INFO    General                 (path_extenders.cpp        :  36)   Processed 210 paths from 2099 (10%)
  0:00:09.115    67M / 2129M INFO    General                 (path_extenders.cpp        :  34)   Processed 256 paths from 2099 (12%)
  0:00:09.175    69M / 2129M INFO    General                 (path_extenders.cpp        :  36)   Processed 420 paths from 2099 (20%)
  0:00:09.203    70M / 2129M INFO    General                 (path_extenders.cpp        :  34)   Processed 512 paths from 2099 (24%)
  0:00:09.221    71M / 2129M INFO    General                 (path_extenders.cpp        :  36)   Processed 630 paths from 2099 (30%)
  0:00:09.243    71M / 2129M INFO    General                 (path_extenders.cpp        :  36)   Processed 840 paths from 2099 (40%)
  0:00:09.260    72M / 2129M INFO    General                 (path_extenders.cpp        :  34)   Processed 1024 paths from 2099 (48%)
  0:00:09.260    72M / 2129M INFO    General                 (path_extenders.cpp        :  36)   Processed 1050 paths from 2099 (50%)
  0:00:09.264    72M / 2129M INFO    General                 (path_extenders.cpp        :  36)   Processed 1260 paths from 2099 (60%)
  0:00:09.270    72M / 2129M INFO    General                 (path_extenders.cpp        :  36)   Processed 1470 paths from 2099 (70%)
  0:00:09.271    72M / 2129M INFO    General                 (path_extenders.cpp        :  36)   Processed 1680 paths from 2099 (80%)
  0:00:09.273    72M / 2129M INFO    General                 (path_extenders.cpp        :  36)   Processed 1890 paths from 2099 (90%)
  0:00:09.274    72M / 2129M INFO    General                 (path_extenders.cpp        :  34)   Processed 2048 paths from 2099 (97%)
  0:00:09.274    72M / 2129M INFO    General                 (launcher.cpp              : 250)   Finalizing paths
  0:00:09.274    72M / 2129M INFO    General                 (launcher.cpp              : 252)   Deduplicating paths
  0:00:09.386    71M / 2129M INFO    General                 (launcher.cpp              : 256)   Paths deduplicated
  0:00:09.386    71M / 2129M INFO   PEResolver               (pe_resolver.cpp           :  60)   Removing overlaps
  0:00:09.386    71M / 2129M INFO   PEResolver               (pe_resolver.cpp           :  63)   Sorting paths
  0:00:09.386    71M / 2129M INFO   PEResolver               (pe_resolver.cpp           :  70)   Marking overlaps
  0:00:09.386    71M / 2129M INFO   OverlapRemover           (overlap_remover.hpp       : 116)   Marking start/end overlaps
  0:00:09.519    71M / 2129M INFO   OverlapRemover           (overlap_remover.hpp       : 119)   Marking remaining overlaps
  0:00:09.651    71M / 2129M INFO   PEResolver               (pe_resolver.cpp           :  73)   Splitting paths
  0:00:09.657    80M / 2129M INFO   PEResolver               (pe_resolver.cpp           :  78)   Deduplicating paths
  0:00:09.665    70M / 2129M INFO   PEResolver               (pe_resolver.cpp           :  80)   Overlaps removed
  0:00:09.666    73M / 2129M INFO    General                 (launcher.cpp              : 273)   Paths finalized
  0:00:09.666    73M / 2129M INFO    General                 (launcher.cpp              : 454)   Closing gaps in paths
  0:00:09.667    78M / 2129M INFO    General                 (launcher.cpp              : 484)   Gap closing completed
  0:00:09.667    78M / 2129M INFO    General                 (launcher.cpp              : 302)   Traversing tandem repeats
  0:00:09.671    78M / 2129M INFO    General                 (launcher.cpp              : 312)   Traversed 0 loops
  0:00:09.671    78M / 2129M INFO    General                 (launcher.cpp              : 250)   Finalizing paths
  0:00:09.671    78M / 2129M INFO    General                 (launcher.cpp              : 252)   Deduplicating paths
  0:00:09.671    78M / 2129M INFO    General                 (launcher.cpp              : 256)   Paths deduplicated
  0:00:09.671    78M / 2129M INFO   PEResolver               (pe_resolver.cpp           :  60)   Removing overlaps
  0:00:09.671    78M / 2129M INFO   PEResolver               (pe_resolver.cpp           :  63)   Sorting paths
  0:00:09.672    78M / 2129M INFO   PEResolver               (pe_resolver.cpp           :  70)   Marking overlaps
  0:00:09.672    78M / 2129M INFO   OverlapRemover           (overlap_remover.hpp       : 116)   Marking start/end overlaps
  0:00:09.672    78M / 2129M INFO   OverlapRemover           (overlap_remover.hpp       : 119)   Marking remaining overlaps
  0:00:09.673    78M / 2129M INFO   PEResolver               (pe_resolver.cpp           :  73)   Splitting paths
  0:00:09.673    78M / 2129M INFO   PEResolver               (pe_resolver.cpp           :  78)   Deduplicating paths
  0:00:09.673    78M / 2129M INFO   PEResolver               (pe_resolver.cpp           :  80)   Overlaps removed
  0:00:09.674    78M / 2129M INFO    General                 (launcher.cpp              : 273)   Paths finalized
  0:00:09.674    78M / 2129M INFO    General                 (launcher.cpp              : 664)   ExSPAnder repeat resolving tool finished
  0:00:09.678    54M / 2129M INFO   StageManager             (stage.cpp                 : 185)   STAGE == Contig Output (id: contig_output)
  0:00:09.679    54M / 2129M INFO    General                 (contig_output.hpp         :  16)   Outputting contigs to /data/djs217/PROJECTS/10_X_fragariae_feb_2024/04_spades/NCPPB_1469.spades/K127/before_rr.fasta
  0:00:09.700    54M / 2129M INFO    General                 (contig_output_stage.cpp   : 151)   Writing GFA graph to /data/djs217/PROJECTS/10_X_fragariae_feb_2024/04_spades/NCPPB_1469.spades/K127/assembly_graph_with_scaffolds.gfa
  0:00:09.712    54M / 2129M INFO    General                 (contig_output_stage.cpp   : 165)   Outputting FastG graph to /data/djs217/PROJECTS/10_X_fragariae_feb_2024/04_spades/NCPPB_1469.spades/K127/assembly_graph.fastg
  0:00:09.757    54M / 2129M INFO    General                 (contig_output_stage.cpp   : 196)   Breaking scaffolds
  0:00:09.767    64M / 2129M INFO    General                 (contig_output_stage.cpp   :  98)   Outputting contigs to /data/djs217/PROJECTS/10_X_fragariae_feb_2024/04_spades/NCPPB_1469.spades/K127/final_contigs.fasta
  0:00:09.779    64M / 2129M INFO    General                 (contig_output_stage.cpp   : 104)   Outputting FastG paths to /data/djs217/PROJECTS/10_X_fragariae_feb_2024/04_spades/NCPPB_1469.spades/K127/final_contigs.paths
  0:00:09.796    59M / 2129M INFO    General                 (contig_output_stage.cpp   :  98)   Outputting contigs to /data/djs217/PROJECTS/10_X_fragariae_feb_2024/04_spades/NCPPB_1469.spades/K127/scaffolds.fasta
  0:00:09.808    59M / 2129M INFO    General                 (contig_output_stage.cpp   : 104)   Outputting FastG paths to /data/djs217/PROJECTS/10_X_fragariae_feb_2024/04_spades/NCPPB_1469.spades/K127/scaffolds.paths
  0:00:09.809    59M / 2129M INFO    General                 (contig_output_stage.cpp   : 111)   Populating GFA with scaffold paths
  0:00:09.810    54M / 2129M INFO    General                 (pipeline.cpp              : 287)   SPAdes finished
  0:00:09.822     1M / 2129M INFO    General                 (main.cpp                  : 136)   Assembling time: 0 hours 0 minutes 9 seconds

===== K127 finished. 


===== Copy files started. 


== Running: /data/djs217/anaconda3/envs/spades-env/bin/python /data/djs217/anaconda3/envs/spades-env/share/spades/spades_pipeline/scripts/copy_files.py /data/djs217/PROJECTS/10_X_fragariae_feb_2024/04_spades/NCPPB_1469.spades/K127/before_rr.fasta /data/djs217/PROJECTS/10_X_fragariae_feb_2024/04_spades/NCPPB_1469.spades/before_rr.fasta /data/djs217/PROJECTS/10_X_fragariae_feb_2024/04_spades/NCPPB_1469.spades/K127/assembly_graph_after_simplification.gfa /data/djs217/PROJECTS/10_X_fragariae_feb_2024/04_spades/NCPPB_1469.spades/assembly_graph_after_simplification.gfa /data/djs217/PROJECTS/10_X_fragariae_feb_2024/04_spades/NCPPB_1469.spades/K127/final_contigs.fasta /data/djs217/PROJECTS/10_X_fragariae_feb_2024/04_spades/NCPPB_1469.spades/contigs.fasta /data/djs217/PROJECTS/10_X_fragariae_feb_2024/04_spades/NCPPB_1469.spades/K127/first_pe_contigs.fasta /data/djs217/PROJECTS/10_X_fragariae_feb_2024/04_spades/NCPPB_1469.spades/first_pe_contigs.fasta /data/djs217/PROJECTS/10_X_fragariae_feb_2024/04_spades/NCPPB_1469.spades/K127/strain_graph.gfa /data/djs217/PROJECTS/10_X_fragariae_feb_2024/04_spades/NCPPB_1469.spades/strain_graph.gfa /data/djs217/PROJECTS/10_X_fragariae_feb_2024/04_spades/NCPPB_1469.spades/K127/scaffolds.fasta /data/djs217/PROJECTS/10_X_fragariae_feb_2024/04_spades/NCPPB_1469.spades/scaffolds.fasta /data/djs217/PROJECTS/10_X_fragariae_feb_2024/04_spades/NCPPB_1469.spades/K127/scaffolds.paths /data/djs217/PROJECTS/10_X_fragariae_feb_2024/04_spades/NCPPB_1469.spades/scaffolds.paths /data/djs217/PROJECTS/10_X_fragariae_feb_2024/04_spades/NCPPB_1469.spades/K127/assembly_graph_with_scaffolds.gfa /data/djs217/PROJECTS/10_X_fragariae_feb_2024/04_spades/NCPPB_1469.spades/assembly_graph_with_scaffolds.gfa /data/djs217/PROJECTS/10_X_fragariae_feb_2024/04_spades/NCPPB_1469.spades/K127/assembly_graph.fastg /data/djs217/PROJECTS/10_X_fragariae_feb_2024/04_spades/NCPPB_1469.spades/assembly_graph.fastg /data/djs217/PROJECTS/10_X_fragariae_feb_2024/04_spades/NCPPB_1469.spades/K127/final_contigs.paths /data/djs217/PROJECTS/10_X_fragariae_feb_2024/04_spades/NCPPB_1469.spades/contigs.paths


===== Copy files finished. 


===== Assembling finished. 


===== Mismatch correction started. 


===== Mismatch correction contigs started. 


== Running: /data/djs217/anaconda3/envs/spades-env/bin/python /data/djs217/anaconda3/envs/spades-env/share/spades/spades_pipeline/scripts/correction_iteration_script.py --corrected /data/djs217/PROJECTS/10_X_fragariae_feb_2024/04_spades/NCPPB_1469.spades/contigs.fasta --assembled /data/djs217/PROJECTS/10_X_fragariae_feb_2024/04_spades/NCPPB_1469.spades/misc/assembled_contigs.fasta --assembly_type contigs --output_dir /data/djs217/PROJECTS/10_X_fragariae_feb_2024/04_spades/NCPPB_1469.spades --bin_home /data/djs217/anaconda3/envs/spades-env/bin

== Processing of contigs
== Running contig polishing tool: /data/djs217/anaconda3/envs/spades-env/bin/spades-corrector-core /data/djs217/PROJECTS/10_X_fragariae_feb_2024/04_spades/NCPPB_1469.spades/mismatch_corrector/contigs/configs/corrector.info /data/djs217/PROJECTS/10_X_fragariae_feb_2024/04_spades/NCPPB_1469.spades/misc/assembled_contigs.fasta
== Dataset description file was created: /data/djs217/PROJECTS/10_X_fragariae_feb_2024/04_spades/NCPPB_1469.spades/mismatch_corrector/contigs/configs/corrector.info
Run: /data/djs217/anaconda3/envs/spades-env/bin/spades-corrector-core /data/djs217/PROJECTS/10_X_fragariae_feb_2024/04_spades/NCPPB_1469.spades/mismatch_corrector/contigs/configs/corrector.info /data/djs217/PROJECTS/10_X_fragariae_feb_2024/04_spades/NCPPB_1469.spades/misc/assembled_contigs.fasta
/data/djs217/PROJECTS/10_X_fragariae_feb_2024/04_spades/NCPPB_1469.spades/mismatch_corrector/contigs/configs/log.properties  0:00:00.000     1M / 16M   INFO    General                 (main.cpp                  :  58)   Starting mismatch corrector, built from N/A, git revision N/A
  0:00:00.001     1M / 16M   INFO    General                 (main.cpp                  :  59)   Maximum # of threads to use (adjusted due to OMP capabilities): 16
  0:00:00.001     1M / 16M   INFO   DatasetProcessor         (dataset_processor.cpp     : 175)   Splitting assembly...
  0:00:00.001     1M / 16M   INFO   DatasetProcessor         (dataset_processor.cpp     : 176)   Assembly file: /data/djs217/PROJECTS/10_X_fragariae_feb_2024/04_spades/NCPPB_1469.spades/misc/assembled_contigs.fasta
  0:00:00.089     2M / 16M   INFO   DatasetProcessor         (dataset_processor.cpp     : 128)   Running bwa index ...: /data/djs217/anaconda3/envs/spades-env/bin/spades-bwa index /data/djs217/PROJECTS/10_X_fragariae_feb_2024/04_spades/NCPPB_1469.spades/misc/assembled_contigs.fasta
[bwa_index] Pack FASTA... 0.05 sec
[bwa_index] Construct BWT for the packed sequence...
[bwa_index] 1.10 seconds elapse.
[bwa_index] Update BWT... 0.04 sec
[bwa_index] Pack forward-only FASTA... 0.04 sec
[bwa_index] Construct SA from BWT and Occ... 0.59 sec
[main] Version: 0.7.16a-r1181
[main] CMD: /data/djs217/anaconda3/envs/spades-env/bin/spades-bwa index /data/djs217/PROJECTS/10_X_fragariae_feb_2024/04_spades/NCPPB_1469.spades/misc/assembled_contigs.fasta
[main] Real time: 2.258 sec; CPU: 1.826 sec
  0:00:02.353     2M / 16M   INFO   DatasetProcessor         (dataset_processor.cpp     : 190)   Processing paired sublib of number 0
  0:00:02.353     2M / 16M   INFO   DatasetProcessor         (dataset_processor.cpp     : 191)   /data/djs217/PROJECTS/10_X_fragariae_feb_2024/04_spades/NCPPB_1469.1_val_1.fq.gz /data/djs217/PROJECTS/10_X_fragariae_feb_2024/04_spades/NCPPB_1469.2_val_2.fq.gz
  0:00:02.354     2M / 16M   INFO   DatasetProcessor         (dataset_processor.cpp     : 153)   Running bwa mem ...:/data/djs217/anaconda3/envs/spades-env/bin/spades-bwa mem  -v 1 -t 16  /data/djs217/PROJECTS/10_X_fragariae_feb_2024/04_spades/NCPPB_1469.spades/misc/assembled_contigs.fasta /data/djs217/PROJECTS/10_X_fragariae_feb_2024/04_spades/NCPPB_1469.1_val_1.fq.gz /data/djs217/PROJECTS/10_X_fragariae_feb_2024/04_spades/NCPPB_1469.2_val_2.fq.gz   > /data/djs217/PROJECTS/10_X_fragariae_feb_2024/04_spades/NCPPB_1469.spades/tmp/corrector_9wpj9msj/lib0_n42K1B/tmp.sam
[main] Version: 0.7.16a-r1181
[main] CMD: /data/djs217/anaconda3/envs/spades-env/bin/spades-bwa mem -v 1 -t 16 /data/djs217/PROJECTS/10_X_fragariae_feb_2024/04_spades/NCPPB_1469.spades/misc/assembled_contigs.fasta /data/djs217/PROJECTS/10_X_fragariae_feb_2024/04_spades/NCPPB_1469.1_val_1.fq.gz /data/djs217/PROJECTS/10_X_fragariae_feb_2024/04_spades/NCPPB_1469.2_val_2.fq.gz
[main] Real time: 8.290 sec; CPU: 69.335 sec
  0:00:10.691     2M / 16M   INFO   DatasetProcessor         (dataset_processor.cpp     : 199)   Adding samfile /data/djs217/PROJECTS/10_X_fragariae_feb_2024/04_spades/NCPPB_1469.spades/tmp/corrector_9wpj9msj/lib0_n42K1B/tmp.sam
  0:00:12.925    62M / 72M   INFO   DatasetProcessor         (dataset_processor.cpp     : 118)   processed 1000000reads, flushing
  0:00:13.504     7M / 72M   INFO   DatasetProcessor         (dataset_processor.cpp     : 227)   Processing contigs
  0:00:13.822    13M / 179M  INFO   DatasetProcessor         (dataset_processor.cpp     : 243)   Contig NODE_9_length_55903_cov_11.806601 processed with 0 changes in thread 3
  0:00:13.830    19M / 183M  INFO   DatasetProcessor         (dataset_processor.cpp     : 243)   Contig NODE_14_length_50058_cov_10.471611 processed with 1 changes in thread 7
  0:00:13.835    25M / 187M  INFO   DatasetProcessor         (dataset_processor.cpp     : 243)   Contig NODE_13_length_53601_cov_10.337641 processed with 0 changes in thread 6
  0:00:13.838    31M / 189M  INFO   DatasetProcessor         (dataset_processor.cpp     : 243)   Contig NODE_5_length_58647_cov_11.905280 processed with 0 changes in thread 8
  0:00:13.880    41M / 195M  INFO   DatasetProcessor         (dataset_processor.cpp     : 243)   Contig NODE_1_length_78161_cov_9.888215 processed with 4 changes in thread 0
  0:00:13.885    47M / 198M  INFO   DatasetProcessor         (dataset_processor.cpp     : 243)   Contig NODE_11_length_54111_cov_11.317687 processed with 0 changes in thread 5
  0:00:13.892    52M / 201M  INFO   DatasetProcessor         (dataset_processor.cpp     : 243)   Contig NODE_15_length_48000_cov_13.187997 processed with 0 changes in thread 9
  0:00:13.893    59M / 201M  INFO   DatasetProcessor         (dataset_processor.cpp     : 243)   Contig NODE_8_length_56504_cov_12.451354 processed with 0 changes in thread 1
  0:00:13.902    64M / 210M  INFO   DatasetProcessor         (dataset_processor.cpp     : 243)   Contig NODE_16_length_45680_cov_11.528988 processed with 0 changes in thread 4
  0:00:13.903    71M / 210M  INFO   DatasetProcessor         (dataset_processor.cpp     : 243)   Contig NODE_7_length_56975_cov_12.405256 processed with 1 changes in thread 10
  0:00:13.913    77M / 218M  INFO   DatasetProcessor         (dataset_processor.cpp     : 243)   Contig NODE_12_length_54022_cov_10.824381 processed with 0 changes in thread 14
  0:00:13.968    85M / 221M  INFO   DatasetProcessor         (dataset_processor.cpp     : 243)   Contig NODE_4_length_68329_cov_11.314756 processed with 1 changes in thread 12
  0:00:13.974    93M / 225M  INFO   DatasetProcessor         (dataset_processor.cpp     : 243)   Contig NODE_2_length_74069_cov_14.050972 processed with 0 changes in thread 2
  0:00:13.978    99M / 225M  INFO   DatasetProcessor         (dataset_processor.cpp     : 243)   Contig NODE_6_length_57812_cov_13.884199 processed with 0 changes in thread 11
  0:00:13.985   106M / 229M  INFO   DatasetProcessor         (dataset_processor.cpp     : 243)   Contig NODE_10_length_55244_cov_14.305913 processed with 0 changes in thread 13
  0:00:14.036   104M / 231M  INFO   DatasetProcessor         (dataset_processor.cpp     : 243)   Contig NODE_20_length_43327_cov_11.003287 processed with 0 changes in thread 8
  0:00:14.044   103M / 231M  INFO   DatasetProcessor         (dataset_processor.cpp     : 243)   Contig NODE_17_length_45559_cov_11.436300 processed with 0 changes in thread 3
  0:00:14.083   101M / 234M  INFO   DatasetProcessor         (dataset_processor.cpp     : 243)   Contig NODE_24_length_41466_cov_10.936089 processed with 0 changes in thread 1
  0:00:14.098   101M / 236M  INFO   DatasetProcessor         (dataset_processor.cpp     : 243)   Contig NODE_18_length_43946_cov_11.093179 processed with 0 changes in thread 7
  0:00:14.108   100M / 237M  INFO   DatasetProcessor         (dataset_processor.cpp     : 243)   Contig NODE_19_length_43525_cov_11.413936 processed with 0 changes in thread 6
  0:00:14.119    96M / 238M  INFO   DatasetProcessor         (dataset_processor.cpp     : 243)   Contig NODE_21_length_42856_cov_13.055864 processed with 0 changes in thread 0
  0:00:14.142    95M / 238M  INFO   DatasetProcessor         (dataset_processor.cpp     : 243)   Contig NODE_25_length_37661_cov_11.241568 processed with 0 changes in thread 4
  0:00:14.142    92M / 238M  INFO   DatasetProcessor         (dataset_processor.cpp     : 243)   Contig NODE_26_length_36817_cov_11.842818 processed with 0 changes in thread 10
  0:00:14.165    90M / 239M  INFO   DatasetProcessor         (dataset_processor.cpp     : 243)   Contig NODE_31_length_32781_cov_9.674925 processed with 0 changes in thread 13
  0:00:14.168    88M / 239M  INFO   DatasetProcessor         (dataset_processor.cpp     : 243)   Contig NODE_27_length_36111_cov_12.723738 processed with 1 changes in thread 14
  0:00:14.170    86M / 239M  INFO   DatasetProcessor         (dataset_processor.cpp     : 243)   Contig NODE_32_length_32387_cov_10.084439 processed with 0 changes in thread 8
  0:00:14.188    86M / 239M  INFO   DatasetProcessor         (dataset_processor.cpp     : 243)   Contig NODE_23_length_42076_cov_12.806479 processed with 0 changes in thread 9
  0:00:14.206    84M / 239M  INFO   DatasetProcessor         (dataset_processor.cpp     : 243)   Contig NODE_33_length_32189_cov_12.461543 processed with 0 changes in thread 3
  0:00:14.214    81M / 240M  INFO   DatasetProcessor         (dataset_processor.cpp     : 243)   Contig NODE_30_length_33378_cov_12.898379 processed with 0 changes in thread 11
  0:00:14.225    80M / 242M  INFO   DatasetProcessor         (dataset_processor.cpp     : 243)   Contig NODE_34_length_31917_cov_11.025417 processed with 0 changes in thread 1
  0:00:14.236    76M / 242M  INFO   DatasetProcessor         (dataset_processor.cpp     : 243)   Contig NODE_29_length_34060_cov_16.097545 processed with 17 changes in thread 2
  0:00:14.253    75M / 242M  INFO   DatasetProcessor         (dataset_processor.cpp     : 243)   Contig NODE_22_length_42602_cov_15.018222 processed with 3 changes in thread 5
  0:00:14.257    71M / 242M  INFO   DatasetProcessor         (dataset_processor.cpp     : 243)   Contig NODE_28_length_34130_cov_14.799900 processed with 6 changes in thread 12
  0:00:14.261    70M / 242M  INFO   DatasetProcessor         (dataset_processor.cpp     : 243)   Contig NODE_37_length_31276_cov_10.658127 processed with 1 changes in thread 0
  0:00:14.321    70M / 242M  INFO   DatasetProcessor         (dataset_processor.cpp     : 243)   Contig NODE_39_length_30035_cov_11.068109 processed with 0 changes in thread 10
  0:00:14.322    69M / 242M  INFO   DatasetProcessor         (dataset_processor.cpp     : 243)   Contig NODE_50_length_26255_cov_11.764506 processed with 3 changes in thread 0
  0:00:14.331    69M / 242M  INFO   DatasetProcessor         (dataset_processor.cpp     : 243)   Contig NODE_44_length_28014_cov_10.472191 processed with 3 changes in thread 3
  0:00:14.335    68M / 242M  INFO   DatasetProcessor         (dataset_processor.cpp     : 243)   Contig NODE_42_length_28463_cov_13.967427 processed with 0 changes in thread 8
  0:00:14.337    67M / 242M  INFO   DatasetProcessor         (dataset_processor.cpp     : 243)   Contig NODE_35_length_31813_cov_13.534905 processed with 0 changes in thread 7
  0:00:14.356    67M / 242M  INFO   DatasetProcessor         (dataset_processor.cpp     : 243)   Contig NODE_46_length_27484_cov_11.540666 processed with 1 changes in thread 1
  0:00:14.357    66M / 242M  INFO   DatasetProcessor         (dataset_processor.cpp     : 243)   Contig NODE_41_length_29352_cov_11.861146 processed with 0 changes in thread 14
  0:00:14.359    64M / 242M  INFO   DatasetProcessor         (dataset_processor.cpp     : 243)   Contig NODE_43_length_28406_cov_10.998126 processed with 0 changes in thread 9
  0:00:14.360    63M / 242M  INFO   DatasetProcessor         (dataset_processor.cpp     : 243)   Contig NODE_36_length_31647_cov_14.609962 processed with 0 changes in thread 6
  0:00:14.381    62M / 242M  INFO   DatasetProcessor         (dataset_processor.cpp     : 243)   Contig NODE_40_length_29397_cov_13.295388 processed with 0 changes in thread 13
  0:00:14.396    61M / 242M  INFO   DatasetProcessor         (dataset_processor.cpp     : 243)   Contig NODE_47_length_27461_cov_13.817443 processed with 0 changes in thread 2
  0:00:14.406    61M / 242M  INFO   DatasetProcessor         (dataset_processor.cpp     : 243)   Contig NODE_45_length_27573_cov_12.747322 processed with 0 changes in thread 11
  0:00:14.411    60M / 242M  INFO   DatasetProcessor         (dataset_processor.cpp     : 243)   Contig NODE_49_length_26848_cov_9.969724 processed with 2 changes in thread 12
  0:00:14.444    59M / 242M  INFO   DatasetProcessor         (dataset_processor.cpp     : 243)   Contig NODE_53_length_26027_cov_10.454093 processed with 0 changes in thread 3
  0:00:14.445    59M / 242M  INFO   DatasetProcessor         (dataset_processor.cpp     : 243)   Contig NODE_54_length_25865_cov_10.213692 processed with 0 changes in thread 8
  0:00:14.464    57M / 242M  INFO   DatasetProcessor         (dataset_processor.cpp     : 243)   Contig NODE_48_length_26988_cov_14.850527 processed with 0 changes in thread 5
  0:00:14.464    57M / 242M  INFO   DatasetProcessor         (dataset_processor.cpp     : 243)   Contig NODE_52_length_26081_cov_11.983124 processed with 3 changes in thread 0
  0:00:14.509    57M / 242M  INFO   DatasetProcessor         (dataset_processor.cpp     : 243)   Contig NODE_61_length_24183_cov_11.400565 processed with 0 changes in thread 2
  0:00:14.509    56M / 242M  INFO   DatasetProcessor         (dataset_processor.cpp     : 243)   Contig NODE_51_length_26095_cov_12.866066 processed with 0 changes in thread 10
  0:00:14.509    56M / 242M  INFO   DatasetProcessor         (dataset_processor.cpp     : 243)   Contig NODE_56_length_25571_cov_14.970406 processed with 0 changes in thread 1
  0:00:14.525    55M / 243M  INFO   DatasetProcessor         (dataset_processor.cpp     : 243)   Contig NODE_59_length_24350_cov_12.374603 processed with 0 changes in thread 6
  0:00:14.531    55M / 243M  INFO   DatasetProcessor         (dataset_processor.cpp     : 243)   Contig NODE_60_length_24203_cov_11.025835 processed with 0 changes in thread 13
  0:00:14.534    54M / 243M  INFO   DatasetProcessor         (dataset_processor.cpp     : 243)   Contig NODE_38_length_30037_cov_24.016917 processed with 0 changes in thread 4
  0:00:14.534    54M / 243M  INFO   DatasetProcessor         (dataset_processor.cpp     : 243)   Contig NODE_57_length_25111_cov_12.687160 processed with 0 changes in thread 14
  0:00:14.536    62M / 244M  INFO   DatasetProcessor         (dataset_processor.cpp     : 243)   Contig NODE_3_length_69468_cov_25.401220 processed with 3 changes in thread 15
  0:00:14.545    62M / 244M  INFO   DatasetProcessor         (dataset_processor.cpp     : 243)   Contig NODE_64_length_23768_cov_10.390550 processed with 0 changes in thread 3
  0:00:14.556    61M / 244M  INFO   DatasetProcessor         (dataset_processor.cpp     : 243)   Contig NODE_58_length_24889_cov_14.872668 processed with 0 changes in thread 9
  0:00:14.558    61M / 244M  INFO   DatasetProcessor         (dataset_processor.cpp     : 243)   Contig NODE_62_length_24138_cov_11.624755 processed with 0 changes in thread 11
  0:00:14.562    60M / 245M  INFO   DatasetProcessor         (dataset_processor.cpp     : 243)   Contig NODE_65_length_23491_cov_12.237245 processed with 0 changes in thread 8
  0:00:14.564    60M / 245M  INFO   DatasetProcessor         (dataset_processor.cpp     : 243)   Contig NODE_55_length_25856_cov_16.899024 processed with 0 changes in thread 7
  0:00:14.578    60M / 245M  INFO   DatasetProcessor         (dataset_processor.cpp     : 243)   Contig NODE_63_length_24119_cov_12.901759 processed with 0 changes in thread 12
  0:00:14.601    59M / 245M  INFO   DatasetProcessor         (dataset_processor.cpp     : 243)   Contig NODE_67_length_22747_cov_13.828161 processed with 0 changes in thread 0
  0:00:14.605    59M / 245M  INFO   DatasetProcessor         (dataset_processor.cpp     : 243)   Contig NODE_68_length_22579_cov_10.552111 processed with 0 changes in thread 2
  0:00:14.608    58M / 245M  INFO   DatasetProcessor         (dataset_processor.cpp     : 243)   Contig NODE_66_length_23258_cov_11.129134 processed with 0 changes in thread 5
  0:00:14.622    58M / 245M  INFO   DatasetProcessor         (dataset_processor.cpp     : 243)   Contig NODE_70_length_22019_cov_12.208524 processed with 0 changes in thread 1
  0:00:14.643    58M / 245M  INFO   DatasetProcessor         (dataset_processor.cpp     : 243)   Contig NODE_69_length_22130_cov_11.079307 processed with 0 changes in thread 10
  0:00:14.647    58M / 245M  INFO   DatasetProcessor         (dataset_processor.cpp     : 243)   Contig NODE_79_length_20444_cov_10.034651 processed with 0 changes in thread 8
  0:00:14.661    57M / 245M  INFO   DatasetProcessor         (dataset_processor.cpp     : 243)   Contig NODE_76_length_20560_cov_13.823814 processed with 0 changes in thread 3
  0:00:14.665    52M / 245M  INFO   DatasetProcessor         (dataset_processor.cpp     : 243)   Contig NODE_75_length_21207_cov_10.973624 processed with 0 changes in thread 15
  0:00:14.679    51M / 245M  INFO   DatasetProcessor         (dataset_processor.cpp     : 243)   Contig NODE_78_length_20465_cov_10.021339 processed with 0 changes in thread 11
  0:00:14.686    51M / 245M  INFO   DatasetProcessor         (dataset_processor.cpp     : 243)   Contig NODE_71_length_21933_cov_13.600477 processed with 0 changes in thread 6
  0:00:14.689    50M / 245M  INFO   DatasetProcessor         (dataset_processor.cpp     : 243)   Contig NODE_73_length_21555_cov_13.023941 processed with 0 changes in thread 4
  0:00:14.690    50M / 245M  INFO   DatasetProcessor         (dataset_processor.cpp     : 243)   Contig NODE_72_length_21562_cov_13.301516 processed with 0 changes in thread 13
  0:00:14.708    49M / 246M  INFO   DatasetProcessor         (dataset_processor.cpp     : 243)   Contig NODE_77_length_20554_cov_13.581338 processed with 0 changes in thread 9
  0:00:14.802    49M / 246M  INFO   DatasetProcessor         (dataset_processor.cpp     : 243)   Contig NODE_74_length_21402_cov_15.383784 processed with 9 changes in thread 14
  0:00:15.283     7M / 251M  INFO   DatasetProcessor         (dataset_processor.cpp     : 247)   Gluing processed contigs
  0:00:15.304     1M / 251M  INFO    General                 (main.cpp                  :  72)   Correcting time: 0 hours 0 minutes 15 seconds

===== Mismatch correction contigs finished. 


===== Mismatch correction scaffolds started. 


== Running: /data/djs217/anaconda3/envs/spades-env/bin/python /data/djs217/anaconda3/envs/spades-env/share/spades/spades_pipeline/scripts/correction_iteration_script.py --corrected /data/djs217/PROJECTS/10_X_fragariae_feb_2024/04_spades/NCPPB_1469.spades/scaffolds.fasta --assembled /data/djs217/PROJECTS/10_X_fragariae_feb_2024/04_spades/NCPPB_1469.spades/misc/assembled_scaffolds.fasta --assembly_type scaffolds --output_dir /data/djs217/PROJECTS/10_X_fragariae_feb_2024/04_spades/NCPPB_1469.spades --bin_home /data/djs217/anaconda3/envs/spades-env/bin

== Processing of scaffolds
== Running contig polishing tool: /data/djs217/anaconda3/envs/spades-env/bin/spades-corrector-core /data/djs217/PROJECTS/10_X_fragariae_feb_2024/04_spades/NCPPB_1469.spades/mismatch_corrector/scaffolds/configs/corrector.info /data/djs217/PROJECTS/10_X_fragariae_feb_2024/04_spades/NCPPB_1469.spades/misc/assembled_scaffolds.fasta
== Dataset description file was created: /data/djs217/PROJECTS/10_X_fragariae_feb_2024/04_spades/NCPPB_1469.spades/mismatch_corrector/scaffolds/configs/corrector.info
Run: /data/djs217/anaconda3/envs/spades-env/bin/spades-corrector-core /data/djs217/PROJECTS/10_X_fragariae_feb_2024/04_spades/NCPPB_1469.spades/mismatch_corrector/scaffolds/configs/corrector.info /data/djs217/PROJECTS/10_X_fragariae_feb_2024/04_spades/NCPPB_1469.spades/misc/assembled_scaffolds.fasta
/data/djs217/PROJECTS/10_X_fragariae_feb_2024/04_spades/NCPPB_1469.spades/mismatch_corrector/scaffolds/configs/log.properties  0:00:00.000     1M / 16M   INFO    General                 (main.cpp                  :  58)   Starting mismatch corrector, built from N/A, git revision N/A
  0:00:00.001     1M / 16M   INFO    General                 (main.cpp                  :  59)   Maximum # of threads to use (adjusted due to OMP capabilities): 16
  0:00:00.001     1M / 16M   INFO   DatasetProcessor         (dataset_processor.cpp     : 175)   Splitting assembly...
  0:00:00.001     1M / 16M   INFO   DatasetProcessor         (dataset_processor.cpp     : 176)   Assembly file: /data/djs217/PROJECTS/10_X_fragariae_feb_2024/04_spades/NCPPB_1469.spades/misc/assembled_scaffolds.fasta
  0:00:00.062     2M / 16M   INFO   DatasetProcessor         (dataset_processor.cpp     : 128)   Running bwa index ...: /data/djs217/anaconda3/envs/spades-env/bin/spades-bwa index /data/djs217/PROJECTS/10_X_fragariae_feb_2024/04_spades/NCPPB_1469.spades/misc/assembled_scaffolds.fasta
[bwa_index] Pack FASTA... 0.05 sec
[bwa_index] Construct BWT for the packed sequence...
[bwa_index] 1.09 seconds elapse.
[bwa_index] Update BWT... 0.04 sec
[bwa_index] Pack forward-only FASTA... 0.04 sec
[bwa_index] Construct SA from BWT and Occ... 0.54 sec
[main] Version: 0.7.16a-r1181
[main] CMD: /data/djs217/anaconda3/envs/spades-env/bin/spades-bwa index /data/djs217/PROJECTS/10_X_fragariae_feb_2024/04_spades/NCPPB_1469.spades/misc/assembled_scaffolds.fasta
[main] Real time: 2.179 sec; CPU: 1.774 sec
  0:00:02.246     2M / 16M   INFO   DatasetProcessor         (dataset_processor.cpp     : 190)   Processing paired sublib of number 0
  0:00:02.246     2M / 16M   INFO   DatasetProcessor         (dataset_processor.cpp     : 191)   /data/djs217/PROJECTS/10_X_fragariae_feb_2024/04_spades/NCPPB_1469.1_val_1.fq.gz /data/djs217/PROJECTS/10_X_fragariae_feb_2024/04_spades/NCPPB_1469.2_val_2.fq.gz
  0:00:02.247     2M / 16M   INFO   DatasetProcessor         (dataset_processor.cpp     : 153)   Running bwa mem ...:/data/djs217/anaconda3/envs/spades-env/bin/spades-bwa mem  -v 1 -t 16  /data/djs217/PROJECTS/10_X_fragariae_feb_2024/04_spades/NCPPB_1469.spades/misc/assembled_scaffolds.fasta /data/djs217/PROJECTS/10_X_fragariae_feb_2024/04_spades/NCPPB_1469.1_val_1.fq.gz /data/djs217/PROJECTS/10_X_fragariae_feb_2024/04_spades/NCPPB_1469.2_val_2.fq.gz   > /data/djs217/PROJECTS/10_X_fragariae_feb_2024/04_spades/NCPPB_1469.spades/tmp/corrector_lsaorydc/lib0_vJctns/tmp.sam
[main] Version: 0.7.16a-r1181
[main] CMD: /data/djs217/anaconda3/envs/spades-env/bin/spades-bwa mem -v 1 -t 16 /data/djs217/PROJECTS/10_X_fragariae_feb_2024/04_spades/NCPPB_1469.spades/misc/assembled_scaffolds.fasta /data/djs217/PROJECTS/10_X_fragariae_feb_2024/04_spades/NCPPB_1469.1_val_1.fq.gz /data/djs217/PROJECTS/10_X_fragariae_feb_2024/04_spades/NCPPB_1469.2_val_2.fq.gz
[main] Real time: 8.243 sec; CPU: 65.615 sec
  0:00:10.540     2M / 16M   INFO   DatasetProcessor         (dataset_processor.cpp     : 199)   Adding samfile /data/djs217/PROJECTS/10_X_fragariae_feb_2024/04_spades/NCPPB_1469.spades/tmp/corrector_lsaorydc/lib0_vJctns/tmp.sam
  0:00:12.775    62M / 72M   INFO   DatasetProcessor         (dataset_processor.cpp     : 118)   processed 1000000reads, flushing
  0:00:13.303     7M / 72M   INFO   DatasetProcessor         (dataset_processor.cpp     : 227)   Processing contigs
  0:00:13.576    13M / 179M  INFO   DatasetProcessor         (dataset_processor.cpp     : 243)   Contig NODE_13_length_53601_cov_10.337641 processed with 0 changes in thread 3
  0:00:13.615    19M / 184M  INFO   DatasetProcessor         (dataset_processor.cpp     : 243)   Contig NODE_9_length_55903_cov_11.806601 processed with 0 changes in thread 7
  0:00:13.625    25M / 187M  INFO   DatasetProcessor         (dataset_processor.cpp     : 243)   Contig NODE_16_length_45680_cov_11.528988 processed with 0 changes in thread 8
  0:00:13.630    30M / 192M  INFO   DatasetProcessor         (dataset_processor.cpp     : 243)   Contig NODE_14_length_50058_cov_10.471611 processed with 1 changes in thread 4
  0:00:13.653    36M / 196M  INFO   DatasetProcessor         (dataset_processor.cpp     : 243)   Contig NODE_12_length_54022_cov_10.824381 processed with 0 changes in thread 6
  0:00:13.665    44M / 199M  INFO   DatasetProcessor         (dataset_processor.cpp     : 243)   Contig NODE_4_length_68329_cov_11.314756 processed with 1 changes in thread 1
  0:00:13.673    53M / 204M  INFO   DatasetProcessor         (dataset_processor.cpp     : 243)   Contig NODE_1_length_78161_cov_9.888215 processed with 4 changes in thread 0
  0:00:13.685    59M / 208M  INFO   DatasetProcessor         (dataset_processor.cpp     : 243)   Contig NODE_11_length_54111_cov_11.317687 processed with 0 changes in thread 13
  0:00:13.696    65M / 212M  INFO   DatasetProcessor         (dataset_processor.cpp     : 243)   Contig NODE_15_length_48000_cov_13.187997 processed with 0 changes in thread 10
  0:00:13.704    72M / 216M  INFO   DatasetProcessor         (dataset_processor.cpp     : 243)   Contig NODE_7_length_56975_cov_12.405256 processed with 1 changes in thread 5
  0:00:13.726    78M / 220M  INFO   DatasetProcessor         (dataset_processor.cpp     : 243)   Contig NODE_8_length_56504_cov_12.451354 processed with 0 changes in thread 15
  0:00:13.730    85M / 222M  INFO   DatasetProcessor         (dataset_processor.cpp     : 243)   Contig NODE_5_length_58647_cov_11.905280 processed with 0 changes in thread 9
  0:00:13.780    93M / 224M  INFO   DatasetProcessor         (dataset_processor.cpp     : 243)   Contig NODE_2_length_74069_cov_14.050972 processed with 0 changes in thread 2
  0:00:13.780   100M / 224M  INFO   DatasetProcessor         (dataset_processor.cpp     : 243)   Contig NODE_6_length_57812_cov_13.884199 processed with 0 changes in thread 12
  0:00:13.786   106M / 232M  INFO   DatasetProcessor         (dataset_processor.cpp     : 243)   Contig NODE_10_length_55244_cov_14.305913 processed with 0 changes in thread 11
  0:00:13.798   105M / 234M  INFO   DatasetProcessor         (dataset_processor.cpp     : 243)   Contig NODE_17_length_45559_cov_11.436300 processed with 0 changes in thread 3
  0:00:13.819   104M / 236M  INFO   DatasetProcessor         (dataset_processor.cpp     : 243)   Contig NODE_18_length_43946_cov_11.093179 processed with 0 changes in thread 7
  0:00:13.898   103M / 238M  INFO   DatasetProcessor         (dataset_processor.cpp     : 243)   Contig NODE_20_length_43327_cov_11.003287 processed with 2 changes in thread 4
  0:00:13.900    99M / 238M  INFO   DatasetProcessor         (dataset_processor.cpp     : 243)   Contig NODE_23_length_42076_cov_12.806479 processed with 0 changes in thread 0
  0:00:13.935    98M / 241M  INFO   DatasetProcessor         (dataset_processor.cpp     : 243)   Contig NODE_32_length_32387_cov_10.084439 processed with 0 changes in thread 3
  0:00:13.942    96M / 241M  INFO   DatasetProcessor         (dataset_processor.cpp     : 243)   Contig NODE_24_length_41466_cov_10.936089 processed with 0 changes in thread 13
  0:00:13.945    93M / 242M  INFO   DatasetProcessor         (dataset_processor.cpp     : 243)   Contig NODE_22_length_42602_cov_15.018222 processed with 3 changes in thread 1
  0:00:13.948    91M / 242M  INFO   DatasetProcessor         (dataset_processor.cpp     : 243)   Contig NODE_26_length_36817_cov_11.842818 processed with 0 changes in thread 5
  0:00:13.962    90M / 244M  INFO   DatasetProcessor         (dataset_processor.cpp     : 243)   Contig NODE_21_length_42856_cov_13.055864 processed with 0 changes in thread 6
  0:00:13.963    85M / 244M  INFO   DatasetProcessor         (dataset_processor.cpp     : 243)   Contig NODE_30_length_33378_cov_12.898379 processed with 0 changes in thread 2
  0:00:13.970    83M / 245M  INFO   DatasetProcessor         (dataset_processor.cpp     : 243)   Contig NODE_31_length_32781_cov_9.674925 processed with 0 changes in thread 11
  0:00:13.981    81M / 245M  INFO   DatasetProcessor         (dataset_processor.cpp     : 243)   Contig NODE_27_length_36111_cov_12.723738 processed with 0 changes in thread 15
  0:00:13.982    79M / 245M  INFO   DatasetProcessor         (dataset_processor.cpp     : 243)   Contig NODE_33_length_32189_cov_12.461543 processed with 0 changes in thread 7
  0:00:13.984    79M / 245M  INFO   DatasetProcessor         (dataset_processor.cpp     : 243)   Contig NODE_19_length_43525_cov_11.413936 processed with 0 changes in thread 8
  0:00:14.019    77M / 245M  INFO   DatasetProcessor         (dataset_processor.cpp     : 243)   Contig NODE_25_length_37661_cov_11.241568 processed with 1 changes in thread 10
  0:00:14.022    75M / 245M  INFO   DatasetProcessor         (dataset_processor.cpp     : 243)   Contig NODE_28_length_34130_cov_14.799900 processed with 3 changes in thread 9
  0:00:14.086    73M / 245M  INFO   DatasetProcessor         (dataset_processor.cpp     : 243)   Contig NODE_35_length_31813_cov_13.534905 processed with 0 changes in thread 0
  0:00:14.087    72M / 245M  INFO   DatasetProcessor         (dataset_processor.cpp     : 243)   Contig NODE_34_length_31917_cov_11.025417 processed with 0 changes in thread 4
  0:00:14.107    72M / 245M  INFO   DatasetProcessor         (dataset_processor.cpp     : 243)   Contig NODE_41_length_29352_cov_11.861146 processed with 0 changes in thread 2
  0:00:14.115    70M / 245M  INFO   DatasetProcessor         (dataset_processor.cpp     : 243)   Contig NODE_45_length_28014_cov_10.472191 processed with 3 changes in thread 8
  0:00:14.116    70M / 245M  INFO   DatasetProcessor         (dataset_processor.cpp     : 243)   Contig NODE_44_length_28406_cov_10.998126 processed with 0 changes in thread 7
  0:00:14.128    70M / 246M  INFO   DatasetProcessor         (dataset_processor.cpp     : 243)   Contig NODE_36_length_31647_cov_14.609962 processed with 0 changes in thread 3
  0:00:14.130    69M / 246M  INFO   DatasetProcessor         (dataset_processor.cpp     : 243)   Contig NODE_37_length_31276_cov_10.658127 processed with 1 changes in thread 13
  0:00:14.131    68M / 246M  INFO   DatasetProcessor         (dataset_processor.cpp     : 243)   Contig NODE_39_length_30035_cov_11.068109 processed with 0 changes in thread 5
  0:00:14.137    66M / 246M  INFO   DatasetProcessor         (dataset_processor.cpp     : 243)   Contig NODE_29_length_34060_cov_16.097545 processed with 18 changes in thread 12
  0:00:14.173    65M / 246M  INFO   DatasetProcessor         (dataset_processor.cpp     : 243)   Contig NODE_51_length_26255_cov_11.764506 processed with 3 changes in thread 8
  0:00:14.178    64M / 246M  INFO   DatasetProcessor         (dataset_processor.cpp     : 243)   Contig NODE_40_length_29397_cov_13.295388 processed with 0 changes in thread 6
  0:00:14.197    63M / 246M  INFO   DatasetProcessor         (dataset_processor.cpp     : 243)   Contig NODE_47_length_27484_cov_11.540666 processed with 1 changes in thread 9
  0:00:14.200    62M / 246M  INFO   DatasetProcessor         (dataset_processor.cpp     : 243)   Contig NODE_43_length_28463_cov_13.967427 processed with 0 changes in thread 15
  0:00:14.212    61M / 246M  INFO   DatasetProcessor         (dataset_processor.cpp     : 243)   Contig NODE_46_length_27573_cov_12.747322 processed with 0 changes in thread 10
  0:00:14.225    61M / 246M  INFO   DatasetProcessor         (dataset_processor.cpp     : 243)   Contig NODE_50_length_26848_cov_9.969724 processed with 2 changes in thread 2
  0:00:14.231    61M / 246M  INFO   DatasetProcessor         (dataset_processor.cpp     : 243)   Contig NODE_42_length_29228_cov_16.580392 processed with 1 changes in thread 11
  0:00:14.242    59M / 246M  INFO   DatasetProcessor         (dataset_processor.cpp     : 243)   Contig NODE_38_length_30037_cov_24.016917 processed with 0 changes in thread 1
  0:00:14.248    59M / 246M  INFO   DatasetProcessor         (dataset_processor.cpp     : 243)   Contig NODE_48_length_27461_cov_13.817443 processed with 0 changes in thread 0
  0:00:14.258    58M / 246M  INFO   DatasetProcessor         (dataset_processor.cpp     : 243)   Contig NODE_52_length_26095_cov_12.866066 processed with 0 changes in thread 7
  0:00:14.267    58M / 246M  INFO   DatasetProcessor         (dataset_processor.cpp     : 243)   Contig NODE_53_length_26081_cov_11.983124 processed with 3 changes in thread 3
  0:00:14.279    57M / 246M  INFO   DatasetProcessor         (dataset_processor.cpp     : 243)   Contig NODE_55_length_25865_cov_10.213692 processed with 0 changes in thread 5
  0:00:14.284    57M / 246M  INFO   DatasetProcessor         (dataset_processor.cpp     : 243)   Contig NODE_54_length_26027_cov_10.454093 processed with 0 changes in thread 13
  0:00:14.301    56M / 246M  INFO   DatasetProcessor         (dataset_processor.cpp     : 243)   Contig NODE_49_length_26988_cov_14.850527 processed with 0 changes in thread 4
  0:00:14.306    56M / 246M  INFO   DatasetProcessor         (dataset_processor.cpp     : 243)   Contig NODE_57_length_25111_cov_12.687160 processed with 0 changes in thread 8
  0:00:14.331    64M / 246M  INFO   DatasetProcessor         (dataset_processor.cpp     : 243)   Contig NODE_3_length_69468_cov_25.401220 processed with 3 changes in thread 14
  0:00:14.342    64M / 246M  INFO   DatasetProcessor         (dataset_processor.cpp     : 243)   Contig NODE_62_length_24138_cov_11.624755 processed with 0 changes in thread 2
  0:00:14.343    63M / 247M  INFO   DatasetProcessor         (dataset_processor.cpp     : 243)   Contig NODE_56_length_25571_cov_14.970406 processed with 0 changes in thread 12
  0:00:14.350    62M / 247M  INFO   DatasetProcessor         (dataset_processor.cpp     : 243)   Contig NODE_64_length_23830_cov_10.334683 processed with 1 changes in thread 1
  0:00:14.351    61M / 247M  INFO   DatasetProcessor         (dataset_processor.cpp     : 243)   Contig NODE_60_length_24203_cov_11.025835 processed with 0 changes in thread 15
  0:00:14.352    61M / 247M  INFO   DatasetProcessor         (dataset_processor.cpp     : 243)   Contig NODE_65_length_23768_cov_10.390550 processed with 0 changes in thread 0
  0:00:14.363    60M / 247M  INFO   DatasetProcessor         (dataset_processor.cpp     : 243)   Contig NODE_59_length_24350_cov_12.374603 processed with 0 changes in thread 9
  0:00:14.364    60M / 247M  INFO   DatasetProcessor         (dataset_processor.cpp     : 243)   Contig NODE_61_length_24183_cov_11.400565 processed with 0 changes in thread 10
  0:00:14.376    60M / 247M  INFO   DatasetProcessor         (dataset_processor.cpp     : 243)   Contig NODE_66_length_23491_cov_12.237245 processed with 0 changes in thread 7
  0:00:14.379    59M / 247M  INFO   DatasetProcessor         (dataset_processor.cpp     : 243)   Contig NODE_67_length_23258_cov_11.129134 processed with 0 changes in thread 3
  0:00:14.380    59M / 247M  INFO   DatasetProcessor         (dataset_processor.cpp     : 243)   Contig NODE_58_length_24889_cov_14.872668 processed with 0 changes in thread 6
  0:00:14.403    59M / 247M  INFO   DatasetProcessor         (dataset_processor.cpp     : 243)   Contig NODE_63_length_24119_cov_12.901759 processed with 0 changes in thread 11
  0:00:14.417    58M / 247M  INFO   DatasetProcessor         (dataset_processor.cpp     : 243)   Contig NODE_69_length_22579_cov_10.552111 processed with 0 changes in thread 13
  0:00:14.420    58M / 247M  INFO   DatasetProcessor         (dataset_processor.cpp     : 243)   Contig NODE_71_length_22019_cov_12.208524 processed with 0 changes in thread 8
  0:00:14.437    58M / 247M  INFO   DatasetProcessor         (dataset_processor.cpp     : 243)   Contig NODE_70_length_22130_cov_11.079307 processed with 0 changes in thread 4
  0:00:14.457    57M / 247M  INFO   DatasetProcessor         (dataset_processor.cpp     : 243)   Contig NODE_68_length_22747_cov_13.828161 processed with 0 changes in thread 5
  0:00:14.463    57M / 247M  INFO   DatasetProcessor         (dataset_processor.cpp     : 243)   Contig NODE_73_length_21562_cov_13.301516 processed with 0 changes in thread 2
  0:00:14.470    57M / 247M  INFO   DatasetProcessor         (dataset_processor.cpp     : 243)   Contig NODE_77_length_20560_cov_13.823814 processed with 0 changes in thread 0
  0:00:14.479    56M / 247M  INFO   DatasetProcessor         (dataset_processor.cpp     : 243)   Contig NODE_79_length_20444_cov_10.034651 processed with 0 changes in thread 10
  0:00:14.479    56M / 247M  INFO   DatasetProcessor         (dataset_processor.cpp     : 243)   Contig NODE_76_length_21207_cov_10.973624 processed with 0 changes in thread 15
  0:00:14.495    50M / 247M  INFO   DatasetProcessor         (dataset_processor.cpp     : 243)   Contig NODE_72_length_21933_cov_13.600477 processed with 0 changes in thread 14
  0:00:14.500    50M / 248M  INFO   DatasetProcessor         (dataset_processor.cpp     : 243)   Contig NODE_74_length_21555_cov_13.023941 processed with 0 changes in thread 12
  0:00:14.517    49M / 248M  INFO   DatasetProcessor         (dataset_processor.cpp     : 243)   Contig NODE_78_length_20554_cov_13.581338 processed with 0 changes in thread 9
  0:00:14.549    49M / 248M  INFO   DatasetProcessor         (dataset_processor.cpp     : 243)   Contig NODE_75_length_21402_cov_15.383784 processed with 9 changes in thread 1
  0:00:15.045     7M / 253M  INFO   DatasetProcessor         (dataset_processor.cpp     : 247)   Gluing processed contigs
  0:00:15.063     1M / 253M  INFO    General                 (main.cpp                  :  72)   Correcting time: 0 hours 0 minutes 15 seconds

===== Mismatch correction scaffolds finished. 


===== Mismatch correction finished. 


===== Breaking scaffolds started. 


== Running: /data/djs217/anaconda3/envs/spades-env/bin/python /data/djs217/anaconda3/envs/spades-env/share/spades/spades_pipeline/scripts/breaking_scaffolds_script.py --result_scaffolds_filename /data/djs217/PROJECTS/10_X_fragariae_feb_2024/04_spades/NCPPB_1469.spades/scaffolds.fasta --misc_dir /data/djs217/PROJECTS/10_X_fragariae_feb_2024/04_spades/NCPPB_1469.spades/misc --threshold_for_breaking_scaffolds 3


===== Breaking scaffolds finished. 


===== Terminate started. 


===== Terminate finished. 

 * Corrected reads are in /data/djs217/PROJECTS/10_X_fragariae_feb_2024/04_spades/NCPPB_1469.spades/corrected/
 * Assembled contigs are in /data/djs217/PROJECTS/10_X_fragariae_feb_2024/04_spades/NCPPB_1469.spades/contigs.fasta
 * Assembled scaffolds are in /data/djs217/PROJECTS/10_X_fragariae_feb_2024/04_spades/NCPPB_1469.spades/scaffolds.fasta
 * Paths in the assembly graph corresponding to the contigs are in /data/djs217/PROJECTS/10_X_fragariae_feb_2024/04_spades/NCPPB_1469.spades/contigs.paths
 * Paths in the assembly graph corresponding to the scaffolds are in /data/djs217/PROJECTS/10_X_fragariae_feb_2024/04_spades/NCPPB_1469.spades/scaffolds.paths
 * Assembly graph is in /data/djs217/PROJECTS/10_X_fragariae_feb_2024/04_spades/NCPPB_1469.spades/assembly_graph.fastg
 * Assembly graph in GFA format is in /data/djs217/PROJECTS/10_X_fragariae_feb_2024/04_spades/NCPPB_1469.spades/assembly_graph_with_scaffolds.gfa

======= SPAdes pipeline finished WITH WARNINGS!

=== Error correction and assembling warnings:
 * 0:00:08.207    45M / 2129M WARN    General                 (pair_info_count.cpp       : 376)   Estimated mean insert size 297.822 is very small compared to read length 301
======= Warnings saved to /data/djs217/PROJECTS/10_X_fragariae_feb_2024/04_spades/NCPPB_1469.spades/warnings.log

SPAdes log can be found here: /data/djs217/PROJECTS/10_X_fragariae_feb_2024/04_spades/NCPPB_1469.spades/spades.log

Thank you for using SPAdes!
