Command line: /data/djs217/anaconda3/envs/spades-env/bin/spades.py	--careful	-o	/data/djs217/PROJECTS/10_X_fragariae_feb_2024/04_spades/NCPPB_1822.spades	-1	/data/djs217/PROJECTS/10_X_fragariae_feb_2024/04_spades/NCPPB_1822.1_val_1.fq.gz	-2	/data/djs217/PROJECTS/10_X_fragariae_feb_2024/04_spades/NCPPB_1822.2_val_2.fq.gz	

System information:
  SPAdes version: 3.15.5
  Python version: 3.12.0
  OS: Linux-5.15.0-91-generic-x86_64-with-glibc2.35

Output dir: /data/djs217/PROJECTS/10_X_fragariae_feb_2024/04_spades/NCPPB_1822.spades
Mode: read error correction and assembling
Debug mode is turned OFF

Dataset parameters:
  Standard mode
  For multi-cell/isolate data we recommend to use '--isolate' option; for single-cell MDA data use '--sc'; for metagenomic data use '--meta'; for RNA-Seq use '--rna'.
  Reads:
    Library number: 1, library type: paired-end
      orientation: fr
      left reads: ['/data/djs217/PROJECTS/10_X_fragariae_feb_2024/04_spades/NCPPB_1822.1_val_1.fq.gz']
      right reads: ['/data/djs217/PROJECTS/10_X_fragariae_feb_2024/04_spades/NCPPB_1822.2_val_2.fq.gz']
      interlaced reads: not specified
      single reads: not specified
      merged reads: not specified
Read error correction parameters:
  Iterations: 1
  PHRED offset will be auto-detected
  Corrected reads will be compressed
Assembly parameters:
  k: automatic selection based on read length
  Repeat resolution is enabled
  Mismatch careful mode is turned ON
  MismatchCorrector will be used
  Coverage cutoff is turned OFF
Other parameters:
  Dir for temp files: /data/djs217/PROJECTS/10_X_fragariae_feb_2024/04_spades/NCPPB_1822.spades/tmp
  Threads: 16
  Memory limit (in Gb): 62


======= SPAdes pipeline started. Log can be found here: /data/djs217/PROJECTS/10_X_fragariae_feb_2024/04_spades/NCPPB_1822.spades/spades.log

/data/djs217/PROJECTS/10_X_fragariae_feb_2024/04_spades/NCPPB_1822.1_val_1.fq.gz: max reads length: 301
/data/djs217/PROJECTS/10_X_fragariae_feb_2024/04_spades/NCPPB_1822.2_val_2.fq.gz: max reads length: 301

Reads length: 301

Default k-mer sizes were set to [21, 33, 55, 77, 99, 127] because estimated read length (301) is equal to or greater than 250

===== Before start started. 


===== Read error correction started. 


===== Read error correction started. 


== Running: /data/djs217/anaconda3/envs/spades-env/bin/spades-hammer /data/djs217/PROJECTS/10_X_fragariae_feb_2024/04_spades/NCPPB_1822.spades/corrected/configs/config.info

  0:00:00.000     1M / 19M   INFO    General                 (main.cpp                  :  75)   Starting BayesHammer, built from N/A, git revision N/A
  0:00:00.005     1M / 19M   INFO    General                 (main.cpp                  :  76)   Loading config from /data/djs217/PROJECTS/10_X_fragariae_feb_2024/04_spades/NCPPB_1822.spades/corrected/configs/config.info
  0:00:00.006     1M / 19M   INFO    General                 (main.cpp                  :  78)   Maximum # of threads to use (adjusted due to OMP capabilities): 16
  0:00:00.006     1M / 19M   INFO    General                 (memory_limit.cpp          :  54)   Memory limit set to 62 Gb
  0:00:00.006     1M / 19M   INFO    General                 (main.cpp                  :  86)   Trying to determine PHRED offset
  0:00:00.010     1M / 19M   INFO    General                 (main.cpp                  :  92)   Determined value is 33
  0:00:00.010     1M / 19M   INFO    General                 (hammer_tools.cpp          :  38)   Hamming graph threshold tau=1, k=21, subkmer positions = [ 0 10 ]
  0:00:00.011     1M / 19M   INFO    General                 (main.cpp                  : 113)   Size of aux. kmer data 24 bytes
     === ITERATION 0 begins ===
  0:00:00.011     1M / 19M   INFO    General                 (kmer_index_builder.hpp    : 243)   Splitting kmer instances into 16 files using 16 threads. This might take a while.
  0:00:00.011     1M / 19M   INFO    General                 (file_limit.hpp            :  42)   Open file limit set to 1024
  0:00:00.011     1M / 19M   INFO    General                 (kmer_splitter.hpp         :  93)   Memory available for splitting buffers: 1.29166 Gb
  0:00:00.011     1M / 19M   INFO    General                 (kmer_splitter.hpp         : 101)   Using cell size of 4194304
  0:00:00.013  9217M / 9217M INFO   K-mer Splitting          (kmer_data.cpp             :  97)   Processing /data/djs217/PROJECTS/10_X_fragariae_feb_2024/04_spades/NCPPB_1822.1_val_1.fq.gz
  0:00:03.424  9217M / 9217M INFO   K-mer Splitting          (kmer_data.cpp             : 107)   Processed 445680 reads
  0:00:03.424  9217M / 9217M INFO   K-mer Splitting          (kmer_data.cpp             :  97)   Processing /data/djs217/PROJECTS/10_X_fragariae_feb_2024/04_spades/NCPPB_1822.2_val_2.fq.gz
  0:00:06.200  9217M / 9217M INFO   K-mer Splitting          (kmer_data.cpp             : 107)   Processed 891360 reads
  0:00:06.200  9217M / 9217M INFO   K-mer Splitting          (kmer_data.cpp             : 112)   Total 891360 reads processed
  0:00:06.200     1M / 2580M INFO    General                 (kmer_index_builder.hpp    : 249)   Starting k-mer counting.
  0:00:06.359     1M / 2580M INFO    General                 (kmer_index_builder.hpp    : 260)   K-mer counting done. There are 17787378 kmers in total.
  0:00:06.360     1M / 2580M INFO   K-mer Index Building     (kmer_index_builder.hpp    : 395)   Building perfect hash indices
  0:00:06.522    15M / 2580M INFO   K-mer Index Building     (kmer_index_builder.hpp    : 431)   Index built. Total 17787378 kmers, 12858976 bytes occupied (5.78342 bits per kmer).
  0:00:06.522    15M / 2580M INFO   K-mer Counting           (kmer_data.cpp             : 354)   Arranging kmers in hash map order
  0:00:06.932   287M / 2580M INFO    General                 (main.cpp                  : 148)   Clustering Hamming graph.
  0:00:11.749   287M / 2580M INFO    General                 (main.cpp                  : 155)   Extracting clusters:
  0:00:11.749   287M / 2580M INFO    General                 (concurrent_dsu.cpp        :  18)   Connecting to root
  0:00:11.777   287M / 2580M INFO    General                 (concurrent_dsu.cpp        :  34)   Calculating counts
  0:00:12.843   560M / 2580M INFO    General                 (concurrent_dsu.cpp        :  63)   Writing down entries
  0:00:14.423   287M / 2580M INFO    General                 (main.cpp                  : 167)   Clustering done. Total clusters: 8258929
  0:00:14.429   151M / 2580M INFO   K-mer Counting           (kmer_data.cpp             : 371)   Collecting K-mer information, this takes a while.
  0:00:14.577   559M / 2580M INFO   K-mer Counting           (kmer_data.cpp             : 377)   Processing /data/djs217/PROJECTS/10_X_fragariae_feb_2024/04_spades/NCPPB_1822.1_val_1.fq.gz
  0:00:19.217   559M / 2580M INFO   K-mer Counting           (kmer_data.cpp             : 377)   Processing /data/djs217/PROJECTS/10_X_fragariae_feb_2024/04_spades/NCPPB_1822.2_val_2.fq.gz
  0:00:22.823   559M / 2580M INFO   K-mer Counting           (kmer_data.cpp             : 384)   Collection done, postprocessing.
  0:00:22.885   559M / 2580M INFO   K-mer Counting           (kmer_data.cpp             : 397)   There are 17787378 kmers in total. Among them 9390114 (52.7909%) are singletons.
  0:00:22.886   559M / 2580M INFO    General                 (main.cpp                  : 173)   Subclustering Hamming graph
  0:00:24.441   559M / 2580M INFO   Hamming Subclustering    (kmer_cluster.cpp          : 650)   Subclustering done. Total 24 non-read kmers were generated.
  0:00:24.441   559M / 2580M INFO   Hamming Subclustering    (kmer_cluster.cpp          : 651)   Subclustering statistics:
  0:00:24.442   559M / 2580M INFO   Hamming Subclustering    (kmer_cluster.cpp          : 652)     Total singleton hamming clusters: 3156502. Among them 2566380 (81.3046%) are good
  0:00:24.442   559M / 2580M INFO   Hamming Subclustering    (kmer_cluster.cpp          : 653)     Total singleton subclusters: 50394. Among them 50157 (99.5297%) are good
  0:00:24.442   559M / 2580M INFO   Hamming Subclustering    (kmer_cluster.cpp          : 654)     Total non-singleton subcluster centers: 5193123. Among them 3485198 (67.1118%) are good
  0:00:24.442   559M / 2580M INFO   Hamming Subclustering    (kmer_cluster.cpp          : 655)     Average size of non-trivial subcluster: 2.81736 kmers
  0:00:24.442   559M / 2580M INFO   Hamming Subclustering    (kmer_cluster.cpp          : 656)     Average number of sub-clusters per non-singleton cluster: 1.02765
  0:00:24.442   559M / 2580M INFO   Hamming Subclustering    (kmer_cluster.cpp          : 657)     Total solid k-mers: 6101735
  0:00:24.442   559M / 2580M INFO   Hamming Subclustering    (kmer_cluster.cpp          : 658)     Substitution probabilities: [4,4]((0.9375,0.0333166,0.0181473,0.0110363),(0.018441,0.960796,0.00801611,0.0127472),(0.012732,0.00800011,0.960813,0.0184549),(0.011023,0.0181251,0.0332992,0.937553))
  0:00:24.452   559M / 2580M INFO    General                 (main.cpp                  : 178)   Finished clustering.
  0:00:24.452   559M / 2580M INFO    General                 (main.cpp                  : 197)   Starting solid k-mers expansion in 16 threads.
  0:00:27.455   559M / 2580M INFO    General                 (main.cpp                  : 218)   Solid k-mers iteration 0 produced 32096 new k-mers.
  0:00:30.459   559M / 2580M INFO    General                 (main.cpp                  : 218)   Solid k-mers iteration 1 produced 911 new k-mers.
  0:00:33.472   559M / 2580M INFO    General                 (main.cpp                  : 218)   Solid k-mers iteration 2 produced 7 new k-mers.
  0:00:33.472   559M / 2580M INFO    General                 (main.cpp                  : 222)   Solid k-mers finalized
  0:00:33.472   559M / 2580M INFO    General                 (hammer_tools.cpp          : 222)   Starting read correction in 16 threads.
  0:00:33.472   559M / 2580M INFO    General                 (hammer_tools.cpp          : 235)   Correcting pair of reads: /data/djs217/PROJECTS/10_X_fragariae_feb_2024/04_spades/NCPPB_1822.1_val_1.fq.gz and /data/djs217/PROJECTS/10_X_fragariae_feb_2024/04_spades/NCPPB_1822.2_val_2.fq.gz
  0:00:36.152  1310M / 2580M INFO    General                 (hammer_tools.cpp          : 170)   Prepared batch 0 of 445680 reads.
  0:00:38.894  1351M / 2580M INFO    General                 (hammer_tools.cpp          : 177)   Processed batch 0
  0:00:39.548  1351M / 2580M INFO    General                 (hammer_tools.cpp          : 187)   Written batch 0
  0:00:39.711   559M / 2580M INFO    General                 (hammer_tools.cpp          : 276)   Correction done. Changed 291796 bases in 216920 reads.
  0:00:39.723   559M / 2580M INFO    General                 (hammer_tools.cpp          : 277)   Failed to correct 234 bases out of 167826070.
  0:00:39.752     1M / 2580M INFO    General                 (main.cpp                  : 255)   Saving corrected dataset description to /data/djs217/PROJECTS/10_X_fragariae_feb_2024/04_spades/NCPPB_1822.spades/corrected/corrected.yaml
  0:00:39.752     1M / 2580M INFO    General                 (main.cpp                  : 262)   All done. Exiting.

===== Read error correction finished. 


===== corrected reads compression started. 


== Running: /data/djs217/anaconda3/envs/spades-env/bin/python /data/djs217/anaconda3/envs/spades-env/share/spades/spades_pipeline/scripts/compress_all.py --input_file /data/djs217/PROJECTS/10_X_fragariae_feb_2024/04_spades/NCPPB_1822.spades/corrected/corrected.yaml --ext_python_modules_home /data/djs217/anaconda3/envs/spades-env/share/spades --max_threads 16 --output_dir /data/djs217/PROJECTS/10_X_fragariae_feb_2024/04_spades/NCPPB_1822.spades/corrected --gzip_output

== Compressing corrected reads (with pigz)
== Files to compress: ['/data/djs217/PROJECTS/10_X_fragariae_feb_2024/04_spades/NCPPB_1822.spades/corrected/NCPPB_1822.1_val_1.fq.00.0_0.cor.fastq', '/data/djs217/PROJECTS/10_X_fragariae_feb_2024/04_spades/NCPPB_1822.spades/corrected/NCPPB_1822.2_val_2.fq.00.0_0.cor.fastq', '/data/djs217/PROJECTS/10_X_fragariae_feb_2024/04_spades/NCPPB_1822.spades/corrected/NCPPB_1822._unpaired.00.0_0.cor.fastq']
== Files compression is finished
== Dataset yaml file is updated

===== corrected reads compression finished. 


===== Read error correction finished. 


===== Assembling started. 


===== K21 started. 


== Running: /data/djs217/anaconda3/envs/spades-env/bin/spades-core /data/djs217/PROJECTS/10_X_fragariae_feb_2024/04_spades/NCPPB_1822.spades/K21/configs/config.info /data/djs217/PROJECTS/10_X_fragariae_feb_2024/04_spades/NCPPB_1822.spades/K21/configs/careful_mode.info

  0:00:00.000     1M / 19M   INFO    General                 (main.cpp                  :  99)   Loaded config from /data/djs217/PROJECTS/10_X_fragariae_feb_2024/04_spades/NCPPB_1822.spades/K21/configs/config.info
  0:00:00.002     1M / 19M   INFO    General                 (main.cpp                  :  99)   Loaded config from /data/djs217/PROJECTS/10_X_fragariae_feb_2024/04_spades/NCPPB_1822.spades/K21/configs/careful_mode.info
  0:00:00.002     1M / 19M   INFO    General                 (memory_limit.cpp          :  54)   Memory limit set to 62 Gb
  0:00:00.002     1M / 19M   INFO    General                 (main.cpp                  : 107)   Starting SPAdes, built from N/A, git revision N/A
  0:00:00.002     1M / 19M   INFO    General                 (main.cpp                  : 108)   Maximum k-mer length: 128
  0:00:00.002     1M / 19M   INFO    General                 (main.cpp                  : 109)   Assembling dataset (/data/djs217/PROJECTS/10_X_fragariae_feb_2024/04_spades/NCPPB_1822.spades/dataset.info) with K=21
  0:00:00.003     1M / 19M   INFO    General                 (main.cpp                  : 110)   Maximum # of threads to use (adjusted due to OMP capabilities): 16
  0:00:00.003     1M / 19M   INFO    General                 (pipeline.cpp              : 212)   SPAdes started
  0:00:00.003     1M / 19M   INFO    General                 (pipeline.cpp              : 225)   Starting from stage: read_conversion
  0:00:00.003     1M / 19M   INFO    General                 (pipeline.cpp              : 231)   Two-step repeat resolution disabled
  0:00:00.003     1M / 19M   INFO   GraphCore                (graph_core.hpp            : 672)   Graph created, vertex min_id: 3, edge min_id: 3
  0:00:00.003     1M / 19M   INFO   GraphCore                (graph_core.hpp            : 673)   Vertex size: 48, edge size: 40
  0:00:00.003     1M / 19M   INFO    General                 (edge_index.hpp            : 113)   Size of edge index entries: 12/8
  0:00:00.003     1M / 19M   INFO   StageManager             (stage.cpp                 : 185)   STAGE == Binary Read Conversion (id: read_conversion)
  0:00:00.005     1M / 19M   INFO    General                 (read_converter.cpp        :  72)   Converting reads to binary format for library #0 (takes a while)
  0:00:00.005     1M / 19M   INFO    General                 (read_converter.cpp        :  73)   Converting paired reads
  0:00:00.782    69M / 109M  INFO    General                 (binary_converter.cpp      :  96)   16384 reads processed
  0:00:00.803    76M / 122M  INFO    General                 (binary_converter.cpp      :  96)   32768 reads processed
  0:00:00.842    89M / 145M  INFO    General                 (binary_converter.cpp      :  96)   65536 reads processed
  0:00:01.171    75M / 207M  INFO    General                 (binary_converter.cpp      :  96)   131072 reads processed
  0:00:01.741    87M / 255M  INFO    General                 (binary_converter.cpp      :  96)   262144 reads processed
  0:00:02.665    63M / 283M  INFO    General                 (binary_converter.cpp      : 111)   444712 reads written
  0:00:02.665    41M / 283M  INFO    General                 (read_converter.cpp        :  86)   Converting single reads
  0:00:02.675    71M / 283M  INFO    General                 (binary_converter.cpp      : 111)   962 reads written
  0:00:02.675    61M / 283M  INFO    General                 (read_converter.cpp        :  92)   Converting merged reads
  0:00:02.675    71M / 283M  INFO    General                 (binary_converter.cpp      : 111)   0 reads written
  0:00:02.715     1M / 284M  INFO   StageManager             (stage.cpp                 : 185)   STAGE == de Bruijn graph construction (id: construction)
  0:00:02.725     1M / 284M  INFO    General                 (construction.cpp          : 153)   Max read length 301
  0:00:02.725     1M / 284M  INFO    General                 (construction.cpp          : 159)   Average read length 188.463
  0:00:02.725     1M / 284M  INFO    General                 (stage.cpp                 : 117)   PROCEDURE == k+1-mer counting (id: construction:kpomer_counting)
  0:00:02.726     1M / 284M  INFO    General                 (kmer_index_builder.hpp    : 243)   Splitting kmer instances into 160 files using 16 threads. This might take a while.
  0:00:02.726     1M / 284M  INFO    General                 (file_limit.hpp            :  42)   Open file limit set to 1024
  0:00:02.726     1M / 284M  INFO    General                 (kmer_splitter.hpp         :  93)   Memory available for splitting buffers: 1.29165 Gb
  0:00:02.726     1M / 284M  INFO    General                 (kmer_splitter.hpp         : 101)   Using cell size of 419430
  0:00:04.357  9601M / 9601M INFO    General                 (kmer_splitters.hpp        : 125)   Processed 1780772 reads
  0:00:04.361     1M / 1462M INFO    General                 (kmer_splitters.hpp        : 131)   Used 1780772 reads
  0:00:04.470     1M / 1462M INFO    General                 (kmer_index_builder.hpp    : 249)   Starting k-mer counting.
  0:00:04.522     1M / 1462M INFO    General                 (kmer_index_builder.hpp    : 260)   K-mer counting done. There are 4008993 kmers in total.
  0:00:04.522     1M / 1462M INFO    General                 (stage.cpp                 : 117)   PROCEDURE == Extension index construction (id: construction:extension_index_construction)
  0:00:04.524     1M / 1462M INFO   K-mer Index Building     (kmer_index_builder.hpp    : 438)   Building kmer index
  0:00:04.524     1M / 1462M INFO    General                 (kmer_index_builder.hpp    : 243)   Splitting kmer instances into 160 files using 16 threads. This might take a while.
  0:00:04.524     1M / 1462M INFO    General                 (file_limit.hpp            :  42)   Open file limit set to 1024
  0:00:04.525     1M / 1462M INFO    General                 (kmer_splitter.hpp         :  93)   Memory available for splitting buffers: 1.29165 Gb
  0:00:04.525     1M / 1462M INFO    General                 (kmer_splitter.hpp         : 101)   Using cell size of 419430
  0:00:04.745  9601M / 9601M INFO    General                 (kmer_splitters.hpp        : 194)   Processed 4008993 kmers
  0:00:04.746  9601M / 9601M INFO    General                 (kmer_splitters.hpp        : 199)   Used 4008993 kmers.
  0:00:04.749     1M / 1462M INFO    General                 (kmer_index_builder.hpp    : 249)   Starting k-mer counting.
  0:00:04.785     1M / 1462M INFO    General                 (kmer_index_builder.hpp    : 260)   K-mer counting done. There are 4002735 kmers in total.
  0:00:04.785     1M / 1462M INFO   K-mer Index Building     (kmer_index_builder.hpp    : 395)   Building perfect hash indices
  0:00:04.835     5M / 1462M INFO   K-mer Index Building     (kmer_index_builder.hpp    : 431)   Index built. Total 4002735 kmers, 3011248 bytes occupied (6.01838 bits per kmer).
  0:00:04.835     5M / 1462M INFO    General                 (kmer_index_builder.hpp    : 169)   Merging final buckets.
  0:00:04.959     9M / 1462M INFO   DeBruijnExtensionIndexBu (kmer_extension_index_build: 100)   Building k-mer extensions from k+1-mers
  0:00:05.090     9M / 1462M INFO   DeBruijnExtensionIndexBu (kmer_extension_index_build: 105)   Building k-mer extensions from k+1-mers finished.
  0:00:05.096     9M / 1462M INFO    General                 (stage.cpp                 : 117)   PROCEDURE == Early tip clipping (id: construction:early_tip_clipper)
  0:00:05.096     9M / 1462M INFO    General                 (construction.cpp          : 301)   Early tip clipper length bound set as (RL - K)
  0:00:05.096     9M / 1462M INFO   Early tip clipping       (early_simplification.hpp  :  47)   Early tip clipping
  0:00:05.162     9M / 1462M INFO   Early tip clipping       (early_simplification.hpp  :  82)   #tipped junctions: 5667
  0:00:05.162     9M / 1462M INFO   Early tip clipping       (early_simplification.hpp  :  93)   Clipped tips: 5677
  0:00:05.167     9M / 1462M INFO   Early tip clipping       (early_simplification.hpp  :  49)   48641 22-mers were removed by early tip clipper
  0:00:05.167     9M / 1462M INFO    General                 (stage.cpp                 : 117)   PROCEDURE == Condensing graph (id: construction:graph_condensing)
  0:00:05.168     9M / 1462M INFO   UnbranchingPathExtractor (debruijn_graph_constructor: 354)   Extracting unbranching paths
  0:00:05.273    10M / 1462M INFO   UnbranchingPathExtractor (debruijn_graph_constructor: 373)   Extracting unbranching paths finished. 18012 sequences extracted
  0:00:05.366    10M / 1462M INFO   UnbranchingPathExtractor (debruijn_graph_constructor: 309)   Collecting perfect loops
  0:00:05.394    10M / 1462M INFO   UnbranchingPathExtractor (debruijn_graph_constructor: 342)   Collecting perfect loops finished. 0 loops collected
  0:00:05.402    10M / 1462M INFO    General                 (debruijn_graph_constructor: 487)   Total 36024 edges to create
  0:00:05.403    12M / 1462M INFO    General                 (debruijn_graph_constructor: 489)   Collecting link records
  0:00:05.426    12M / 1462M INFO    General                 (debruijn_graph_constructor: 491)   Ordering link records
  0:00:05.427    12M / 1462M INFO    General                 (debruijn_graph_constructor: 493)   Sorting done
  0:00:05.427    13M / 1462M INFO    General                 (debruijn_graph_constructor: 503)   Total 11754 vertices to create
  0:00:05.427    14M / 1462M INFO    General                 (debruijn_graph_constructor: 506)   Connecting the graph
  0:00:05.443    13M / 1462M INFO    General                 (stage.cpp                 : 117)   PROCEDURE == Filling coverage indices (PHM) (id: construction:coverage_filling_phm)
  0:00:05.443    13M / 1462M INFO   K-mer Index Building     (kmer_index_builder.hpp    : 395)   Building perfect hash indices
  0:00:05.486    16M / 1462M INFO   K-mer Index Building     (kmer_index_builder.hpp    : 431)   Index built. Total 4008993 kmers, 3015680 bytes occupied (6.01783 bits per kmer).
  0:00:05.489    32M / 1462M INFO    General                 (coverage_hash_map_builder.:  47)   Collecting k-mer coverage information from reads, this takes a while.
  0:00:06.901    32M / 1462M INFO    General                 (construction.cpp          : 430)   Filling coverage and flanking coverage from PHM
  0:00:06.996    32M / 1462M INFO    General                 (coverage_filling.hpp      :  82)   Processed 35972 edges
  0:00:07.014     5M / 1462M INFO   StageManager             (stage.cpp                 : 185)   STAGE == EC Threshold Finding (id: ec_threshold_finder)
  0:00:07.014     5M / 1462M INFO    General                 (kmer_coverage_model.cpp   : 181)   Kmer coverage valley at: 4
  0:00:07.015     5M / 1462M INFO    General                 (kmer_coverage_model.cpp   : 201)   K-mer histogram maximum: 32
  0:00:07.015     5M / 1462M INFO    General                 (kmer_coverage_model.cpp   : 237)   Estimated median coverage: 34. Coverage mad: 10.3782
  0:00:07.015     5M / 1462M INFO    General                 (kmer_coverage_model.cpp   : 259)   Fitting coverage model
  0:00:07.051     5M / 1462M INFO    General                 (kmer_coverage_model.cpp   : 295)   ... iteration 2
  0:00:07.147     5M / 1462M INFO    General                 (kmer_coverage_model.cpp   : 295)   ... iteration 4
  0:00:07.433     5M / 1462M INFO    General                 (kmer_coverage_model.cpp   : 295)   ... iteration 8
  0:00:07.989     5M / 1462M INFO    General                 (kmer_coverage_model.cpp   : 295)   ... iteration 16
  0:00:08.102     5M / 1462M INFO    General                 (kmer_coverage_model.cpp   : 309)   Fitted mean coverage: 34.1334. Fitted coverage std. dev: 8.41113
  0:00:08.103     5M / 1462M INFO    General                 (kmer_coverage_model.cpp   : 334)   Probability of erroneous kmer at valley: 0.270009
  0:00:08.103     5M / 1462M INFO    General                 (kmer_coverage_model.cpp   : 358)   Preliminary threshold calculated as: 6
  0:00:08.103     5M / 1462M INFO    General                 (kmer_coverage_model.cpp   : 362)   Threshold adjusted to: 6
  0:00:08.103     5M / 1462M INFO    General                 (kmer_coverage_model.cpp   : 375)   Estimated genome size (ignoring repeats): 3872335
  0:00:08.103     5M / 1462M INFO    General                 (genomic_info_filler.cpp   :  55)   Mean coverage was calculated as 34.1334
  0:00:08.103     5M / 1462M INFO    General                 (genomic_info_filler.cpp   :  70)   EC coverage threshold value was calculated as 6
  0:00:08.103     5M / 1462M INFO    General                 (genomic_info_filler.cpp   :  71)   Trusted kmer low bound: 0
  0:00:08.104     5M / 1462M INFO   StageManager             (stage.cpp                 : 185)   STAGE == Raw Simplification (id: raw_simplification)
  0:00:08.104     5M / 1462M INFO    General                 (simplification.cpp        : 127)   PROCEDURE == Initial cleaning
  0:00:08.104     5M / 1462M INFO    General                 (graph_simplification.hpp  : 662)   Flanking coverage based disconnection disabled
  0:00:08.104     5M / 1462M INFO   Simplification           (parallel_processing.hpp   : 167)   Running Self conjugate edge remover
  0:00:08.105     5M / 1462M INFO   Simplification           (parallel_processing.hpp   : 170)   Self conjugate edge remover triggered 0 times
  0:00:08.105     5M / 1462M INFO   StageManager             (stage.cpp                 : 185)   STAGE == Simplification (id: simplification)
  0:00:08.105     5M / 1462M INFO    General                 (simplification.cpp        : 368)   Graph simplification started
  0:00:08.106     5M / 1462M INFO    General                 (graph_simplification.hpp  : 634)   Creating parallel br instance
  0:00:08.106     5M / 1462M INFO    General                 (simplification.cpp        : 373)   PROCEDURE == Simplification cycle, iteration 1
  0:00:08.106     5M / 1462M INFO   Simplification           (parallel_processing.hpp   : 167)   Running Tip clipper
  0:00:08.107     5M / 1462M INFO   Simplification           (parallel_processing.hpp   : 170)   Tip clipper triggered 15 times
  0:00:08.107     5M / 1462M INFO   Simplification           (parallel_processing.hpp   : 167)   Running Bulge remover
  0:00:08.172     5M / 1462M INFO   Simplification           (parallel_processing.hpp   : 170)   Bulge remover triggered 1932 times
  0:00:08.173     5M / 1462M INFO   Simplification           (parallel_processing.hpp   : 167)   Running Low coverage edge remover
  0:00:08.174     5M / 1462M INFO   Simplification           (parallel_processing.hpp   : 170)   Low coverage edge remover triggered 0 times
  0:00:08.174     5M / 1462M INFO    General                 (simplification.cpp        : 373)   PROCEDURE == Simplification cycle, iteration 2
  0:00:08.174     5M / 1462M INFO   Simplification           (parallel_processing.hpp   : 167)   Running Tip clipper
  0:00:08.175     5M / 1462M INFO   Simplification           (parallel_processing.hpp   : 170)   Tip clipper triggered 0 times
  0:00:08.175     5M / 1462M INFO   Simplification           (parallel_processing.hpp   : 167)   Running Bulge remover
  0:00:08.175     5M / 1462M INFO   Simplification           (parallel_processing.hpp   : 170)   Bulge remover triggered 0 times
  0:00:08.175     5M / 1462M INFO   Simplification           (parallel_processing.hpp   : 167)   Running Low coverage edge remover
  0:00:08.203     5M / 1462M INFO   Simplification           (parallel_processing.hpp   : 170)   Low coverage edge remover triggered 1485 times
  0:00:08.204     5M / 1462M INFO    General                 (simplification.cpp        : 373)   PROCEDURE == Simplification cycle, iteration 3
  0:00:08.204     5M / 1462M INFO   Simplification           (parallel_processing.hpp   : 167)   Running Tip clipper
  0:00:08.204     5M / 1462M INFO   Simplification           (parallel_processing.hpp   : 170)   Tip clipper triggered 5 times
  0:00:08.204     5M / 1462M INFO   Simplification           (parallel_processing.hpp   : 167)   Running Bulge remover
  0:00:08.213     5M / 1462M INFO   Simplification           (parallel_processing.hpp   : 170)   Bulge remover triggered 178 times
  0:00:08.213     5M / 1462M INFO   Simplification           (parallel_processing.hpp   : 167)   Running Low coverage edge remover
  0:00:08.215     5M / 1462M INFO   Simplification           (parallel_processing.hpp   : 170)   Low coverage edge remover triggered 100 times
  0:00:08.215     5M / 1462M INFO    General                 (simplification.cpp        : 373)   PROCEDURE == Simplification cycle, iteration 4
  0:00:08.215     5M / 1462M INFO   Simplification           (parallel_processing.hpp   : 167)   Running Tip clipper
  0:00:08.216     5M / 1462M INFO   Simplification           (parallel_processing.hpp   : 170)   Tip clipper triggered 0 times
  0:00:08.216     5M / 1462M INFO   Simplification           (parallel_processing.hpp   : 167)   Running Bulge remover
  0:00:08.217     5M / 1462M INFO   Simplification           (parallel_processing.hpp   : 170)   Bulge remover triggered 14 times
  0:00:08.217     5M / 1462M INFO   Simplification           (parallel_processing.hpp   : 167)   Running Low coverage edge remover
  0:00:08.224     5M / 1462M INFO   Simplification           (parallel_processing.hpp   : 170)   Low coverage edge remover triggered 238 times
  0:00:08.224     5M / 1462M INFO    General                 (simplification.cpp        : 373)   PROCEDURE == Simplification cycle, iteration 5
  0:00:08.224     5M / 1462M INFO   Simplification           (parallel_processing.hpp   : 167)   Running Tip clipper
  0:00:08.224     5M / 1462M INFO   Simplification           (parallel_processing.hpp   : 170)   Tip clipper triggered 0 times
  0:00:08.224     5M / 1462M INFO   Simplification           (parallel_processing.hpp   : 167)   Running Bulge remover
  0:00:08.226     5M / 1462M INFO   Simplification           (parallel_processing.hpp   : 170)   Bulge remover triggered 41 times
  0:00:08.226     5M / 1462M INFO   Simplification           (parallel_processing.hpp   : 167)   Running Low coverage edge remover
  0:00:08.226     5M / 1462M INFO   Simplification           (parallel_processing.hpp   : 170)   Low coverage edge remover triggered 40 times
  0:00:08.226     5M / 1462M INFO    General                 (simplification.cpp        : 373)   PROCEDURE == Simplification cycle, iteration 6
  0:00:08.226     5M / 1462M INFO   Simplification           (parallel_processing.hpp   : 167)   Running Tip clipper
  0:00:08.226     5M / 1462M INFO   Simplification           (parallel_processing.hpp   : 170)   Tip clipper triggered 0 times
  0:00:08.226     5M / 1462M INFO   Simplification           (parallel_processing.hpp   : 167)   Running Bulge remover
  0:00:08.227     5M / 1462M INFO   Simplification           (parallel_processing.hpp   : 170)   Bulge remover triggered 13 times
  0:00:08.227     5M / 1462M INFO   Simplification           (parallel_processing.hpp   : 167)   Running Low coverage edge remover
  0:00:08.227     5M / 1462M INFO   Simplification           (parallel_processing.hpp   : 170)   Low coverage edge remover triggered 10 times
  0:00:08.227     5M / 1462M INFO    General                 (simplification.cpp        : 373)   PROCEDURE == Simplification cycle, iteration 7
  0:00:08.227     5M / 1462M INFO   Simplification           (parallel_processing.hpp   : 167)   Running Tip clipper
  0:00:08.227     5M / 1462M INFO   Simplification           (parallel_processing.hpp   : 170)   Tip clipper triggered 0 times
  0:00:08.227     5M / 1462M INFO   Simplification           (parallel_processing.hpp   : 167)   Running Bulge remover
  0:00:08.227     5M / 1462M INFO   Simplification           (parallel_processing.hpp   : 170)   Bulge remover triggered 1 times
  0:00:08.227     5M / 1462M INFO   Simplification           (parallel_processing.hpp   : 167)   Running Low coverage edge remover
  0:00:08.228     5M / 1462M INFO   Simplification           (parallel_processing.hpp   : 170)   Low coverage edge remover triggered 39 times
  0:00:08.228     5M / 1462M INFO    General                 (simplification.cpp        : 373)   PROCEDURE == Simplification cycle, iteration 8
  0:00:08.228     5M / 1462M INFO   Simplification           (parallel_processing.hpp   : 167)   Running Tip clipper
  0:00:08.228     5M / 1462M INFO   Simplification           (parallel_processing.hpp   : 170)   Tip clipper triggered 0 times
  0:00:08.228     5M / 1462M INFO   Simplification           (parallel_processing.hpp   : 167)   Running Bulge remover
  0:00:08.228     5M / 1462M INFO   Simplification           (parallel_processing.hpp   : 170)   Bulge remover triggered 7 times
  0:00:08.228     5M / 1462M INFO   Simplification           (parallel_processing.hpp   : 167)   Running Low coverage edge remover
  0:00:08.229     5M / 1462M INFO   Simplification           (parallel_processing.hpp   : 170)   Low coverage edge remover triggered 4 times
  0:00:08.229     5M / 1462M INFO    General                 (simplification.cpp        : 373)   PROCEDURE == Simplification cycle, iteration 9
  0:00:08.229     5M / 1462M INFO   Simplification           (parallel_processing.hpp   : 167)   Running Tip clipper
  0:00:08.229     5M / 1462M INFO   Simplification           (parallel_processing.hpp   : 170)   Tip clipper triggered 0 times
  0:00:08.229     5M / 1462M INFO   Simplification           (parallel_processing.hpp   : 167)   Running Bulge remover
  0:00:08.229     5M / 1462M INFO   Simplification           (parallel_processing.hpp   : 170)   Bulge remover triggered 1 times
  0:00:08.229     5M / 1462M INFO   Simplification           (parallel_processing.hpp   : 167)   Running Low coverage edge remover
  0:00:08.229     5M / 1462M INFO   Simplification           (parallel_processing.hpp   : 170)   Low coverage edge remover triggered 7 times
  0:00:08.229     5M / 1462M INFO    General                 (simplification.cpp        : 373)   PROCEDURE == Simplification cycle, iteration 10
  0:00:08.229     5M / 1462M INFO   Simplification           (parallel_processing.hpp   : 167)   Running Tip clipper
  0:00:08.229     5M / 1462M INFO   Simplification           (parallel_processing.hpp   : 170)   Tip clipper triggered 0 times
  0:00:08.229     5M / 1462M INFO   Simplification           (parallel_processing.hpp   : 167)   Running Bulge remover
  0:00:08.229     5M / 1462M INFO   Simplification           (parallel_processing.hpp   : 170)   Bulge remover triggered 1 times
  0:00:08.229     5M / 1462M INFO   Simplification           (parallel_processing.hpp   : 167)   Running Low coverage edge remover
  0:00:08.229     5M / 1462M INFO   Simplification           (parallel_processing.hpp   : 170)   Low coverage edge remover triggered 2 times
  0:00:08.229     5M / 1462M INFO    General                 (simplification.cpp        : 373)   PROCEDURE == Simplification cycle, iteration 11
  0:00:08.229     5M / 1462M INFO   Simplification           (parallel_processing.hpp   : 167)   Running Tip clipper
  0:00:08.229     5M / 1462M INFO   Simplification           (parallel_processing.hpp   : 170)   Tip clipper triggered 0 times
  0:00:08.229     5M / 1462M INFO   Simplification           (parallel_processing.hpp   : 167)   Running Bulge remover
  0:00:08.236     5M / 1462M INFO   Simplification           (parallel_processing.hpp   : 170)   Bulge remover triggered 9 times
  0:00:08.237     5M / 1462M INFO   Simplification           (parallel_processing.hpp   : 167)   Running Low coverage edge remover
  0:00:08.237     5M / 1462M INFO   Simplification           (parallel_processing.hpp   : 170)   Low coverage edge remover triggered 0 times
  0:00:08.237     5M / 1462M INFO    General                 (simplification.cpp        : 373)   PROCEDURE == Simplification cycle, iteration 12
  0:00:08.237     5M / 1462M INFO   Simplification           (parallel_processing.hpp   : 167)   Running Tip clipper
  0:00:08.237     5M / 1462M INFO   Simplification           (parallel_processing.hpp   : 170)   Tip clipper triggered 0 times
  0:00:08.237     5M / 1462M INFO   Simplification           (parallel_processing.hpp   : 167)   Running Bulge remover
  0:00:08.237     5M / 1462M INFO   Simplification           (parallel_processing.hpp   : 170)   Bulge remover triggered 0 times
  0:00:08.237     5M / 1462M INFO   Simplification           (parallel_processing.hpp   : 167)   Running Low coverage edge remover
  0:00:08.237     5M / 1462M INFO   Simplification           (parallel_processing.hpp   : 170)   Low coverage edge remover triggered 0 times
  0:00:08.237     5M / 1462M INFO   StageManager             (stage.cpp                 : 185)   STAGE == Simplification Cleanup (id: simplification_cleanup)
  0:00:08.237     5M / 1462M INFO    General                 (simplification.cpp        : 176)   PROCEDURE == Post simplification
  0:00:08.237     5M / 1462M INFO    General                 (graph_simplification.hpp  : 448)   Disconnection of relatively low covered edges disabled
  0:00:08.237     5M / 1462M INFO    General                 (graph_simplification.hpp  : 485)   Complex tip clipping disabled
  0:00:08.237     5M / 1462M INFO    General                 (graph_simplification.hpp  : 634)   Creating parallel br instance
  0:00:08.237     5M / 1462M INFO   Simplification           (parallel_processing.hpp   : 167)   Running Tip clipper
  0:00:08.237     5M / 1462M INFO   Simplification           (parallel_processing.hpp   : 170)   Tip clipper triggered 0 times
  0:00:08.238     5M / 1462M INFO   Simplification           (parallel_processing.hpp   : 167)   Running Bulge remover
  0:00:08.244     5M / 1462M INFO   Simplification           (parallel_processing.hpp   : 170)   Bulge remover triggered 0 times
  0:00:08.244     5M / 1462M INFO   Simplification           (parallel_processing.hpp   : 167)   Running Tip clipper
  0:00:08.244     5M / 1462M INFO   Simplification           (parallel_processing.hpp   : 170)   Tip clipper triggered 0 times
  0:00:08.244     5M / 1462M INFO   Simplification           (parallel_processing.hpp   : 167)   Running Bulge remover
  0:00:08.251     5M / 1462M INFO   Simplification           (parallel_processing.hpp   : 170)   Bulge remover triggered 0 times
  0:00:08.251     5M / 1462M INFO    General                 (simplification.cpp        : 327)   Disrupting self-conjugate edges
  0:00:08.253     5M / 1462M INFO   Simplification           (parallel_processing.hpp   : 167)   Running Removing isolated edges
  0:00:08.253     5M / 1462M INFO   Simplification           (parallel_processing.hpp   : 170)   Removing isolated edges triggered 165 times
  0:00:08.253     5M / 1462M INFO    General                 (simplification.cpp        : 495)   After simplification:
  0:00:08.253     5M / 1462M INFO    General                 (simplification.cpp        : 496)     Average coverage = 38.6236
  0:00:08.253     5M / 1462M INFO    General                 (simplification.cpp        : 497)     Total length = 3857463
  0:00:08.254     5M / 1462M INFO    General                 (simplification.cpp        : 498)     Median edge length: 6860
  0:00:08.254     5M / 1462M INFO    General                 (simplification.cpp        : 499)     Edges: 12522
  0:00:08.254     5M / 1462M INFO    General                 (simplification.cpp        : 500)     Vertices: 7946
  0:00:08.254     5M / 1462M INFO   StageManager             (stage.cpp                 : 185)   STAGE == Contig Output (id: contig_output)
  0:00:08.254     5M / 1462M INFO    General                 (read_converter.cpp        : 107)   Outputting contigs to /data/djs217/PROJECTS/10_X_fragariae_feb_2024/04_spades/NCPPB_1822.spades/K21/simplified_contigs
  0:00:08.261     7M / 1462M INFO    General                 (binary_converter.cpp      : 111)   6274 reads written
  0:00:08.265     5M / 1462M INFO    General                 (pipeline.cpp              : 287)   SPAdes finished
  0:00:08.268     1M / 1462M INFO    General                 (main.cpp                  : 136)   Assembling time: 0 hours 0 minutes 8 seconds

===== K21 finished. 


===== K33 started. 


== Running: /data/djs217/anaconda3/envs/spades-env/bin/spades-core /data/djs217/PROJECTS/10_X_fragariae_feb_2024/04_spades/NCPPB_1822.spades/K33/configs/config.info /data/djs217/PROJECTS/10_X_fragariae_feb_2024/04_spades/NCPPB_1822.spades/K33/configs/careful_mode.info

  0:00:00.000     1M / 19M   INFO    General                 (main.cpp                  :  99)   Loaded config from /data/djs217/PROJECTS/10_X_fragariae_feb_2024/04_spades/NCPPB_1822.spades/K33/configs/config.info
  0:00:00.002     1M / 19M   INFO    General                 (main.cpp                  :  99)   Loaded config from /data/djs217/PROJECTS/10_X_fragariae_feb_2024/04_spades/NCPPB_1822.spades/K33/configs/careful_mode.info
  0:00:00.002     1M / 19M   INFO    General                 (memory_limit.cpp          :  54)   Memory limit set to 62 Gb
  0:00:00.002     1M / 19M   INFO    General                 (main.cpp                  : 107)   Starting SPAdes, built from N/A, git revision N/A
  0:00:00.002     1M / 19M   INFO    General                 (main.cpp                  : 108)   Maximum k-mer length: 128
  0:00:00.002     1M / 19M   INFO    General                 (main.cpp                  : 109)   Assembling dataset (/data/djs217/PROJECTS/10_X_fragariae_feb_2024/04_spades/NCPPB_1822.spades/dataset.info) with K=33
  0:00:00.002     1M / 19M   INFO    General                 (main.cpp                  : 110)   Maximum # of threads to use (adjusted due to OMP capabilities): 16
  0:00:00.002     1M / 19M   INFO    General                 (pipeline.cpp              : 212)   SPAdes started
  0:00:00.002     1M / 19M   INFO    General                 (pipeline.cpp              : 225)   Starting from stage: read_conversion
  0:00:00.002     1M / 19M   INFO    General                 (pipeline.cpp              : 231)   Two-step repeat resolution disabled
  0:00:00.002     1M / 19M   INFO   GraphCore                (graph_core.hpp            : 672)   Graph created, vertex min_id: 3, edge min_id: 3
  0:00:00.002     1M / 19M   INFO   GraphCore                (graph_core.hpp            : 673)   Vertex size: 48, edge size: 40
  0:00:00.002     1M / 19M   INFO    General                 (edge_index.hpp            : 113)   Size of edge index entries: 12/8
  0:00:00.002     1M / 19M   INFO   StageManager             (stage.cpp                 : 185)   STAGE == Binary Read Conversion (id: read_conversion)
  0:00:00.003     1M / 19M   INFO    General                 (read_converter.cpp        :  53)   Binary reads detected
  0:00:00.007     1M / 19M   INFO   StageManager             (stage.cpp                 : 185)   STAGE == de Bruijn graph construction (id: construction)
  0:00:00.007     1M / 19M   INFO    General                 (construction.cpp          : 118)   Contigs from previous K will be used: /data/djs217/PROJECTS/10_X_fragariae_feb_2024/04_spades/NCPPB_1822.spades/K21/simplified_contigs
  0:00:00.049     1M / 19M   INFO    General                 (construction.cpp          : 153)   Max read length 301
  0:00:00.049     1M / 19M   INFO    General                 (construction.cpp          : 159)   Average read length 188.463
  0:00:00.049     1M / 19M   INFO    General                 (stage.cpp                 : 117)   PROCEDURE == k+1-mer counting (id: construction:kpomer_counting)
  0:00:00.049     1M / 19M   INFO    General                 (kmer_index_builder.hpp    : 243)   Splitting kmer instances into 160 files using 16 threads. This might take a while.
  0:00:00.050     1M / 19M   INFO    General                 (file_limit.hpp            :  42)   Open file limit set to 1024
  0:00:00.050     1M / 19M   INFO    General                 (kmer_splitter.hpp         :  93)   Memory available for splitting buffers: 1.29165 Gb
  0:00:00.050     1M / 19M   INFO    General                 (kmer_splitter.hpp         : 101)   Using cell size of 209715
  0:00:01.735  9601M / 9601M INFO    General                 (kmer_splitters.hpp        : 125)   Processed 1793320 reads
  0:00:01.744     1M / 2460M INFO    General                 (kmer_splitters.hpp        : 131)   Used 1793320 reads
  0:00:01.944     1M / 2460M INFO    General                 (kmer_index_builder.hpp    : 249)   Starting k-mer counting.
  0:00:02.023     1M / 2460M INFO    General                 (kmer_index_builder.hpp    : 260)   K-mer counting done. There are 4064613 kmers in total.
  0:00:02.023     1M / 2460M INFO    General                 (stage.cpp                 : 117)   PROCEDURE == Extension index construction (id: construction:extension_index_construction)
  0:00:02.026     1M / 2460M INFO   K-mer Index Building     (kmer_index_builder.hpp    : 438)   Building kmer index
  0:00:02.026     1M / 2460M INFO    General                 (kmer_index_builder.hpp    : 243)   Splitting kmer instances into 160 files using 16 threads. This might take a while.
  0:00:02.026     1M / 2460M INFO    General                 (file_limit.hpp            :  42)   Open file limit set to 1024
  0:00:02.027     1M / 2460M INFO    General                 (kmer_splitter.hpp         :  93)   Memory available for splitting buffers: 1.29165 Gb
  0:00:02.027     1M / 2460M INFO    General                 (kmer_splitter.hpp         : 101)   Using cell size of 209715
  0:00:02.226  9602M / 9602M INFO    General                 (kmer_splitters.hpp        : 194)   Processed 4064613 kmers
  0:00:02.227  9602M / 9602M INFO    General                 (kmer_splitters.hpp        : 199)   Used 4064613 kmers.
  0:00:02.229     2M / 2460M INFO    General                 (kmer_index_builder.hpp    : 249)   Starting k-mer counting.
  0:00:02.302     2M / 2460M INFO    General                 (kmer_index_builder.hpp    : 260)   K-mer counting done. There are 4060799 kmers in total.
  0:00:02.302     2M / 2460M INFO   K-mer Index Building     (kmer_index_builder.hpp    : 395)   Building perfect hash indices
  0:00:02.483     5M / 2460M INFO   K-mer Index Building     (kmer_index_builder.hpp    : 431)   Index built. Total 4060799 kmers, 3053360 bytes occupied (6.01529 bits per kmer).
  0:00:02.483     5M / 2460M INFO    General                 (kmer_index_builder.hpp    : 169)   Merging final buckets.
  0:00:02.761     9M / 2460M INFO   DeBruijnExtensionIndexBu (kmer_extension_index_build: 100)   Building k-mer extensions from k+1-mers
  0:00:02.904     9M / 2460M INFO   DeBruijnExtensionIndexBu (kmer_extension_index_build: 105)   Building k-mer extensions from k+1-mers finished.
  0:00:02.911     9M / 2460M INFO    General                 (stage.cpp                 : 117)   PROCEDURE == Early tip clipping (id: construction:early_tip_clipper)
  0:00:02.912     9M / 2460M INFO    General                 (construction.cpp          : 301)   Early tip clipper length bound set as (RL - K)
  0:00:02.912     9M / 2460M INFO   Early tip clipping       (early_simplification.hpp  :  47)   Early tip clipping
  0:00:02.984     9M / 2460M INFO   Early tip clipping       (early_simplification.hpp  :  82)   #tipped junctions: 6430
  0:00:02.985     9M / 2460M INFO   Early tip clipping       (early_simplification.hpp  :  93)   Clipped tips: 6439
  0:00:02.991     9M / 2460M INFO   Early tip clipping       (early_simplification.hpp  :  49)   71849 34-mers were removed by early tip clipper
  0:00:02.991     9M / 2460M INFO    General                 (stage.cpp                 : 117)   PROCEDURE == Condensing graph (id: construction:graph_condensing)
  0:00:02.992     9M / 2460M INFO   UnbranchingPathExtractor (debruijn_graph_constructor: 354)   Extracting unbranching paths
  0:00:03.104    10M / 2460M INFO   UnbranchingPathExtractor (debruijn_graph_constructor: 373)   Extracting unbranching paths finished. 11859 sequences extracted
  0:00:03.220    10M / 2460M INFO   UnbranchingPathExtractor (debruijn_graph_constructor: 309)   Collecting perfect loops
  0:00:03.250    10M / 2460M INFO   UnbranchingPathExtractor (debruijn_graph_constructor: 342)   Collecting perfect loops finished. 0 loops collected
  0:00:03.257    10M / 2460M INFO    General                 (debruijn_graph_constructor: 487)   Total 23718 edges to create
  0:00:03.257    11M / 2460M INFO    General                 (debruijn_graph_constructor: 489)   Collecting link records
  0:00:03.272    12M / 2460M INFO    General                 (debruijn_graph_constructor: 491)   Ordering link records
  0:00:03.273    12M / 2460M INFO    General                 (debruijn_graph_constructor: 493)   Sorting done
  0:00:03.273    12M / 2460M INFO    General                 (debruijn_graph_constructor: 503)   Total 8045 vertices to create
  0:00:03.273    12M / 2460M INFO    General                 (debruijn_graph_constructor: 506)   Connecting the graph
  0:00:03.284    12M / 2460M INFO    General                 (stage.cpp                 : 117)   PROCEDURE == Filling coverage indices (PHM) (id: construction:coverage_filling_phm)
  0:00:03.284    12M / 2460M INFO   K-mer Index Building     (kmer_index_builder.hpp    : 395)   Building perfect hash indices
  0:00:03.343    15M / 2460M INFO   K-mer Index Building     (kmer_index_builder.hpp    : 431)   Index built. Total 4064613 kmers, 3056216 bytes occupied (6.01527 bits per kmer).
  0:00:03.350    31M / 2460M INFO    General                 (coverage_hash_map_builder.:  47)   Collecting k-mer coverage information from reads, this takes a while.
  0:00:04.728    31M / 2460M INFO    General                 (construction.cpp          : 430)   Filling coverage and flanking coverage from PHM
  0:00:04.831    31M / 2460M INFO    General                 (coverage_filling.hpp      :  82)   Processed 23698 edges
  0:00:04.859     4M / 2460M INFO   StageManager             (stage.cpp                 : 185)   STAGE == EC Threshold Finding (id: ec_threshold_finder)
  0:00:04.860     4M / 2460M INFO    General                 (kmer_coverage_model.cpp   : 181)   Kmer coverage valley at: 4
  0:00:04.860     4M / 2460M INFO    General                 (kmer_coverage_model.cpp   : 201)   K-mer histogram maximum: 30
  0:00:04.860     4M / 2460M INFO    General                 (kmer_coverage_model.cpp   : 237)   Estimated median coverage: 31. Coverage mad: 10.3782
  0:00:04.860     4M / 2460M INFO    General                 (kmer_coverage_model.cpp   : 259)   Fitting coverage model
  0:00:04.899     4M / 2460M INFO    General                 (kmer_coverage_model.cpp   : 295)   ... iteration 2
  0:00:05.000     4M / 2460M INFO    General                 (kmer_coverage_model.cpp   : 295)   ... iteration 4
  0:00:05.333     4M / 2460M INFO    General                 (kmer_coverage_model.cpp   : 295)   ... iteration 8
  0:00:06.025     4M / 2460M INFO    General                 (kmer_coverage_model.cpp   : 295)   ... iteration 16
  0:00:06.915     4M / 2460M INFO    General                 (kmer_coverage_model.cpp   : 309)   Fitted mean coverage: 31.6795. Fitted coverage std. dev: 8.0614
  0:00:06.917     4M / 2460M INFO    General                 (kmer_coverage_model.cpp   : 334)   Probability of erroneous kmer at valley: 0.933602
  0:00:06.917     4M / 2460M INFO    General                 (kmer_coverage_model.cpp   : 358)   Preliminary threshold calculated as: 14
  0:00:06.917     4M / 2460M INFO    General                 (kmer_coverage_model.cpp   : 362)   Threshold adjusted to: 14
  0:00:06.917     4M / 2460M INFO    General                 (kmer_coverage_model.cpp   : 375)   Estimated genome size (ignoring repeats): 3874848
  0:00:06.917     4M / 2460M INFO    General                 (genomic_info_filler.cpp   :  55)   Mean coverage was calculated as 31.6795
  0:00:06.917     4M / 2460M INFO    General                 (genomic_info_filler.cpp   :  70)   EC coverage threshold value was calculated as 14
  0:00:06.917     4M / 2460M INFO    General                 (genomic_info_filler.cpp   :  71)   Trusted kmer low bound: 0
  0:00:06.917     4M / 2460M INFO   StageManager             (stage.cpp                 : 185)   STAGE == Raw Simplification (id: raw_simplification)
  0:00:06.917     4M / 2460M INFO    General                 (simplification.cpp        : 127)   PROCEDURE == Initial cleaning
  0:00:06.917     4M / 2460M INFO    General                 (graph_simplification.hpp  : 662)   Flanking coverage based disconnection disabled
  0:00:06.918     4M / 2460M INFO   Simplification           (parallel_processing.hpp   : 167)   Running Self conjugate edge remover
  0:00:06.918     4M / 2460M INFO   Simplification           (parallel_processing.hpp   : 170)   Self conjugate edge remover triggered 0 times
  0:00:06.918     4M / 2460M INFO   StageManager             (stage.cpp                 : 185)   STAGE == Simplification (id: simplification)
  0:00:06.918     4M / 2460M INFO    General                 (simplification.cpp        : 368)   Graph simplification started
  0:00:06.918     4M / 2460M INFO    General                 (graph_simplification.hpp  : 634)   Creating parallel br instance
  0:00:06.918     4M / 2460M INFO    General                 (simplification.cpp        : 373)   PROCEDURE == Simplification cycle, iteration 1
  0:00:06.918     4M / 2460M INFO   Simplification           (parallel_processing.hpp   : 167)   Running Tip clipper
  0:00:06.920     4M / 2460M INFO   Simplification           (parallel_processing.hpp   : 170)   Tip clipper triggered 23 times
  0:00:06.920     4M / 2460M INFO   Simplification           (parallel_processing.hpp   : 167)   Running Bulge remover
  0:00:06.984     4M / 2460M INFO   Simplification           (parallel_processing.hpp   : 170)   Bulge remover triggered 1449 times
  0:00:06.984     4M / 2460M INFO   Simplification           (parallel_processing.hpp   : 167)   Running Low coverage edge remover
  0:00:07.014     4M / 2460M INFO   Simplification           (parallel_processing.hpp   : 170)   Low coverage edge remover triggered 909 times
  0:00:07.014     4M / 2460M INFO    General                 (simplification.cpp        : 373)   PROCEDURE == Simplification cycle, iteration 2
  0:00:07.014     4M / 2460M INFO   Simplification           (parallel_processing.hpp   : 167)   Running Tip clipper
  0:00:07.016     4M / 2460M INFO   Simplification           (parallel_processing.hpp   : 170)   Tip clipper triggered 12 times
  0:00:07.016     4M / 2460M INFO   Simplification           (parallel_processing.hpp   : 167)   Running Bulge remover
  0:00:07.022     4M / 2460M INFO   Simplification           (parallel_processing.hpp   : 170)   Bulge remover triggered 144 times
  0:00:07.022     4M / 2460M INFO   Simplification           (parallel_processing.hpp   : 167)   Running Low coverage edge remover
  0:00:07.032     4M / 2460M INFO   Simplification           (parallel_processing.hpp   : 170)   Low coverage edge remover triggered 187 times
  0:00:07.032     4M / 2460M INFO    General                 (simplification.cpp        : 373)   PROCEDURE == Simplification cycle, iteration 3
  0:00:07.032     4M / 2460M INFO   Simplification           (parallel_processing.hpp   : 167)   Running Tip clipper
  0:00:07.032     4M / 2460M INFO   Simplification           (parallel_processing.hpp   : 170)   Tip clipper triggered 1 times
  0:00:07.032     4M / 2460M INFO   Simplification           (parallel_processing.hpp   : 167)   Running Bulge remover
  0:00:07.033     4M / 2460M INFO   Simplification           (parallel_processing.hpp   : 170)   Bulge remover triggered 39 times
  0:00:07.033     4M / 2460M INFO   Simplification           (parallel_processing.hpp   : 167)   Running Low coverage edge remover
  0:00:07.034     4M / 2460M INFO   Simplification           (parallel_processing.hpp   : 170)   Low coverage edge remover triggered 38 times
  0:00:07.034     4M / 2460M INFO    General                 (simplification.cpp        : 373)   PROCEDURE == Simplification cycle, iteration 4
  0:00:07.034     4M / 2460M INFO   Simplification           (parallel_processing.hpp   : 167)   Running Tip clipper
  0:00:07.034     4M / 2460M INFO   Simplification           (parallel_processing.hpp   : 170)   Tip clipper triggered 0 times
  0:00:07.034     4M / 2460M INFO   Simplification           (parallel_processing.hpp   : 167)   Running Bulge remover
  0:00:07.035     4M / 2460M INFO   Simplification           (parallel_processing.hpp   : 170)   Bulge remover triggered 12 times
  0:00:07.035     4M / 2460M INFO   Simplification           (parallel_processing.hpp   : 167)   Running Low coverage edge remover
  0:00:07.035     4M / 2460M INFO   Simplification           (parallel_processing.hpp   : 170)   Low coverage edge remover triggered 10 times
  0:00:07.035     4M / 2460M INFO    General                 (simplification.cpp        : 373)   PROCEDURE == Simplification cycle, iteration 5
  0:00:07.035     4M / 2460M INFO   Simplification           (parallel_processing.hpp   : 167)   Running Tip clipper
  0:00:07.035     4M / 2460M INFO   Simplification           (parallel_processing.hpp   : 170)   Tip clipper triggered 0 times
  0:00:07.035     4M / 2460M INFO   Simplification           (parallel_processing.hpp   : 167)   Running Bulge remover
  0:00:07.035     4M / 2460M INFO   Simplification           (parallel_processing.hpp   : 170)   Bulge remover triggered 4 times
  0:00:07.035     4M / 2460M INFO   Simplification           (parallel_processing.hpp   : 167)   Running Low coverage edge remover
  0:00:07.035     4M / 2460M INFO   Simplification           (parallel_processing.hpp   : 170)   Low coverage edge remover triggered 3 times
  0:00:07.035     4M / 2460M INFO    General                 (simplification.cpp        : 373)   PROCEDURE == Simplification cycle, iteration 6
  0:00:07.035     4M / 2460M INFO   Simplification           (parallel_processing.hpp   : 167)   Running Tip clipper
  0:00:07.035     4M / 2460M INFO   Simplification           (parallel_processing.hpp   : 170)   Tip clipper triggered 0 times
  0:00:07.035     4M / 2460M INFO   Simplification           (parallel_processing.hpp   : 167)   Running Bulge remover
  0:00:07.036     4M / 2460M INFO   Simplification           (parallel_processing.hpp   : 170)   Bulge remover triggered 1 times
  0:00:07.036     4M / 2460M INFO   Simplification           (parallel_processing.hpp   : 167)   Running Low coverage edge remover
  0:00:07.036     4M / 2460M INFO   Simplification           (parallel_processing.hpp   : 170)   Low coverage edge remover triggered 2 times
  0:00:07.036     4M / 2460M INFO    General                 (simplification.cpp        : 373)   PROCEDURE == Simplification cycle, iteration 7
  0:00:07.036     4M / 2460M INFO   Simplification           (parallel_processing.hpp   : 167)   Running Tip clipper
  0:00:07.036     4M / 2460M INFO   Simplification           (parallel_processing.hpp   : 170)   Tip clipper triggered 0 times
  0:00:07.036     4M / 2460M INFO   Simplification           (parallel_processing.hpp   : 167)   Running Bulge remover
  0:00:07.036     4M / 2460M INFO   Simplification           (parallel_processing.hpp   : 170)   Bulge remover triggered 1 times
  0:00:07.036     4M / 2460M INFO   Simplification           (parallel_processing.hpp   : 167)   Running Low coverage edge remover
  0:00:07.036     4M / 2460M INFO   Simplification           (parallel_processing.hpp   : 170)   Low coverage edge remover triggered 1 times
  0:00:07.036     4M / 2460M INFO    General                 (simplification.cpp        : 373)   PROCEDURE == Simplification cycle, iteration 8
  0:00:07.036     4M / 2460M INFO   Simplification           (parallel_processing.hpp   : 167)   Running Tip clipper
  0:00:07.036     4M / 2460M INFO   Simplification           (parallel_processing.hpp   : 170)   Tip clipper triggered 0 times
  0:00:07.036     4M / 2460M INFO   Simplification           (parallel_processing.hpp   : 167)   Running Bulge remover
  0:00:07.036     4M / 2460M INFO   Simplification           (parallel_processing.hpp   : 170)   Bulge remover triggered 0 times
  0:00:07.036     4M / 2460M INFO   Simplification           (parallel_processing.hpp   : 167)   Running Low coverage edge remover
  0:00:07.036     4M / 2460M INFO   Simplification           (parallel_processing.hpp   : 170)   Low coverage edge remover triggered 0 times
  0:00:07.036     4M / 2460M INFO    General                 (simplification.cpp        : 373)   PROCEDURE == Simplification cycle, iteration 9
  0:00:07.036     4M / 2460M INFO   Simplification           (parallel_processing.hpp   : 167)   Running Tip clipper
  0:00:07.036     4M / 2460M INFO   Simplification           (parallel_processing.hpp   : 170)   Tip clipper triggered 0 times
  0:00:07.036     4M / 2460M INFO   Simplification           (parallel_processing.hpp   : 167)   Running Bulge remover
  0:00:07.036     4M / 2460M INFO   Simplification           (parallel_processing.hpp   : 170)   Bulge remover triggered 0 times
  0:00:07.036     4M / 2460M INFO   Simplification           (parallel_processing.hpp   : 167)   Running Low coverage edge remover
  0:00:07.036     4M / 2460M INFO   Simplification           (parallel_processing.hpp   : 170)   Low coverage edge remover triggered 4 times
  0:00:07.036     4M / 2460M INFO    General                 (simplification.cpp        : 373)   PROCEDURE == Simplification cycle, iteration 10
  0:00:07.036     4M / 2460M INFO   Simplification           (parallel_processing.hpp   : 167)   Running Tip clipper
  0:00:07.036     4M / 2460M INFO   Simplification           (parallel_processing.hpp   : 170)   Tip clipper triggered 0 times
  0:00:07.036     4M / 2460M INFO   Simplification           (parallel_processing.hpp   : 167)   Running Bulge remover
  0:00:07.037     4M / 2460M INFO   Simplification           (parallel_processing.hpp   : 170)   Bulge remover triggered 0 times
  0:00:07.037     4M / 2460M INFO   Simplification           (parallel_processing.hpp   : 167)   Running Low coverage edge remover
  0:00:07.037     4M / 2460M INFO   Simplification           (parallel_processing.hpp   : 170)   Low coverage edge remover triggered 2 times
  0:00:07.037     4M / 2460M INFO    General                 (simplification.cpp        : 373)   PROCEDURE == Simplification cycle, iteration 11
  0:00:07.037     4M / 2460M INFO   Simplification           (parallel_processing.hpp   : 167)   Running Tip clipper
  0:00:07.037     4M / 2460M INFO   Simplification           (parallel_processing.hpp   : 170)   Tip clipper triggered 2 times
  0:00:07.037     4M / 2460M INFO   Simplification           (parallel_processing.hpp   : 167)   Running Bulge remover
  0:00:07.040     4M / 2460M INFO   Simplification           (parallel_processing.hpp   : 170)   Bulge remover triggered 5 times
  0:00:07.040     4M / 2460M INFO   Simplification           (parallel_processing.hpp   : 167)   Running Low coverage edge remover
  0:00:07.041     4M / 2460M INFO   Simplification           (parallel_processing.hpp   : 170)   Low coverage edge remover triggered 0 times
  0:00:07.041     4M / 2460M INFO    General                 (simplification.cpp        : 373)   PROCEDURE == Simplification cycle, iteration 12
  0:00:07.041     4M / 2460M INFO   Simplification           (parallel_processing.hpp   : 167)   Running Tip clipper
  0:00:07.041     4M / 2460M INFO   Simplification           (parallel_processing.hpp   : 170)   Tip clipper triggered 0 times
  0:00:07.041     4M / 2460M INFO   Simplification           (parallel_processing.hpp   : 167)   Running Bulge remover
  0:00:07.041     4M / 2460M INFO   Simplification           (parallel_processing.hpp   : 170)   Bulge remover triggered 0 times
  0:00:07.041     4M / 2460M INFO   Simplification           (parallel_processing.hpp   : 167)   Running Low coverage edge remover
  0:00:07.041     4M / 2460M INFO   Simplification           (parallel_processing.hpp   : 170)   Low coverage edge remover triggered 0 times
  0:00:07.042     4M / 2460M INFO   StageManager             (stage.cpp                 : 185)   STAGE == Simplification Cleanup (id: simplification_cleanup)
  0:00:07.042     4M / 2460M INFO    General                 (simplification.cpp        : 176)   PROCEDURE == Post simplification
  0:00:07.042     4M / 2460M INFO    General                 (graph_simplification.hpp  : 448)   Disconnection of relatively low covered edges disabled
  0:00:07.042     4M / 2460M INFO    General                 (graph_simplification.hpp  : 485)   Complex tip clipping disabled
  0:00:07.042     4M / 2460M INFO    General                 (graph_simplification.hpp  : 634)   Creating parallel br instance
  0:00:07.042     4M / 2460M INFO   Simplification           (parallel_processing.hpp   : 167)   Running Tip clipper
  0:00:07.042     4M / 2460M INFO   Simplification           (parallel_processing.hpp   : 170)   Tip clipper triggered 0 times
  0:00:07.042     4M / 2460M INFO   Simplification           (parallel_processing.hpp   : 167)   Running Bulge remover
  0:00:07.045     4M / 2460M INFO   Simplification           (parallel_processing.hpp   : 170)   Bulge remover triggered 0 times
  0:00:07.045     4M / 2460M INFO   Simplification           (parallel_processing.hpp   : 167)   Running Tip clipper
  0:00:07.046     4M / 2460M INFO   Simplification           (parallel_processing.hpp   : 170)   Tip clipper triggered 0 times
  0:00:07.046     4M / 2460M INFO   Simplification           (parallel_processing.hpp   : 167)   Running Bulge remover
  0:00:07.048     4M / 2460M INFO   Simplification           (parallel_processing.hpp   : 170)   Bulge remover triggered 0 times
  0:00:07.048     4M / 2460M INFO    General                 (simplification.cpp        : 327)   Disrupting self-conjugate edges
  0:00:07.049     4M / 2460M INFO   Simplification           (parallel_processing.hpp   : 167)   Running Removing isolated edges
  0:00:07.050     4M / 2460M INFO   Simplification           (parallel_processing.hpp   : 170)   Removing isolated edges triggered 235 times
  0:00:07.050     4M / 2460M INFO    General                 (simplification.cpp        : 495)   After simplification:
  0:00:07.050     4M / 2460M INFO    General                 (simplification.cpp        : 496)     Average coverage = 35.5832
  0:00:07.050     4M / 2460M INFO    General                 (simplification.cpp        : 497)     Total length = 3886627
  0:00:07.051     4M / 2460M INFO    General                 (simplification.cpp        : 498)     Median edge length: 17462
  0:00:07.051     4M / 2460M INFO    General                 (simplification.cpp        : 499)     Edges: 6998
  0:00:07.051     4M / 2460M INFO    General                 (simplification.cpp        : 500)     Vertices: 4524
  0:00:07.051     4M / 2460M INFO   StageManager             (stage.cpp                 : 185)   STAGE == Contig Output (id: contig_output)
  0:00:07.051     4M / 2460M INFO    General                 (read_converter.cpp        : 107)   Outputting contigs to /data/djs217/PROJECTS/10_X_fragariae_feb_2024/04_spades/NCPPB_1822.spades/K33/simplified_contigs
  0:00:07.057     6M / 2460M INFO    General                 (binary_converter.cpp      : 111)   3500 reads written
  0:00:07.062     4M / 2460M INFO    General                 (pipeline.cpp              : 287)   SPAdes finished
  0:00:07.064     1M / 2460M INFO    General                 (main.cpp                  : 136)   Assembling time: 0 hours 0 minutes 7 seconds

===== K33 finished. 


===== K55 started. 


== Running: /data/djs217/anaconda3/envs/spades-env/bin/spades-core /data/djs217/PROJECTS/10_X_fragariae_feb_2024/04_spades/NCPPB_1822.spades/K55/configs/config.info /data/djs217/PROJECTS/10_X_fragariae_feb_2024/04_spades/NCPPB_1822.spades/K55/configs/careful_mode.info

  0:00:00.000     1M / 19M   INFO    General                 (main.cpp                  :  99)   Loaded config from /data/djs217/PROJECTS/10_X_fragariae_feb_2024/04_spades/NCPPB_1822.spades/K55/configs/config.info
  0:00:00.002     1M / 19M   INFO    General                 (main.cpp                  :  99)   Loaded config from /data/djs217/PROJECTS/10_X_fragariae_feb_2024/04_spades/NCPPB_1822.spades/K55/configs/careful_mode.info
  0:00:00.002     1M / 19M   INFO    General                 (memory_limit.cpp          :  54)   Memory limit set to 62 Gb
  0:00:00.002     1M / 19M   INFO    General                 (main.cpp                  : 107)   Starting SPAdes, built from N/A, git revision N/A
  0:00:00.002     1M / 19M   INFO    General                 (main.cpp                  : 108)   Maximum k-mer length: 128
  0:00:00.002     1M / 19M   INFO    General                 (main.cpp                  : 109)   Assembling dataset (/data/djs217/PROJECTS/10_X_fragariae_feb_2024/04_spades/NCPPB_1822.spades/dataset.info) with K=55
  0:00:00.002     1M / 19M   INFO    General                 (main.cpp                  : 110)   Maximum # of threads to use (adjusted due to OMP capabilities): 16
  0:00:00.002     1M / 19M   INFO    General                 (pipeline.cpp              : 212)   SPAdes started
  0:00:00.002     1M / 19M   INFO    General                 (pipeline.cpp              : 225)   Starting from stage: read_conversion
  0:00:00.002     1M / 19M   INFO    General                 (pipeline.cpp              : 231)   Two-step repeat resolution disabled
  0:00:00.002     1M / 19M   INFO   GraphCore                (graph_core.hpp            : 672)   Graph created, vertex min_id: 3, edge min_id: 3
  0:00:00.002     1M / 19M   INFO   GraphCore                (graph_core.hpp            : 673)   Vertex size: 48, edge size: 40
  0:00:00.002     1M / 19M   INFO    General                 (edge_index.hpp            : 113)   Size of edge index entries: 12/8
  0:00:00.002     1M / 19M   INFO    General                 (pipeline.cpp              : 242)   Will need read mapping, kmer mapper will be attached
  0:00:00.002     1M / 19M   INFO   StageManager             (stage.cpp                 : 185)   STAGE == Binary Read Conversion (id: read_conversion)
  0:00:00.004     1M / 19M   INFO    General                 (read_converter.cpp        :  53)   Binary reads detected
  0:00:00.009     1M / 19M   INFO   StageManager             (stage.cpp                 : 185)   STAGE == de Bruijn graph construction (id: construction)
  0:00:00.009     1M / 19M   INFO    General                 (construction.cpp          : 118)   Contigs from previous K will be used: /data/djs217/PROJECTS/10_X_fragariae_feb_2024/04_spades/NCPPB_1822.spades/K33/simplified_contigs
  0:00:00.049     1M / 19M   INFO    General                 (construction.cpp          : 153)   Max read length 301
  0:00:00.050     1M / 19M   INFO    General                 (construction.cpp          : 159)   Average read length 188.463
  0:00:00.050     1M / 19M   INFO    General                 (stage.cpp                 : 117)   PROCEDURE == k+1-mer counting (id: construction:kpomer_counting)
  0:00:00.050     1M / 19M   INFO    General                 (kmer_index_builder.hpp    : 243)   Splitting kmer instances into 160 files using 16 threads. This might take a while.
  0:00:00.050     1M / 19M   INFO    General                 (file_limit.hpp            :  42)   Open file limit set to 1024
  0:00:00.050     1M / 19M   INFO    General                 (kmer_splitter.hpp         :  93)   Memory available for splitting buffers: 1.29165 Gb
  0:00:00.050     1M / 19M   INFO    General                 (kmer_splitter.hpp         : 101)   Using cell size of 209715
  0:00:01.692  9601M / 9601M INFO    General                 (kmer_splitters.hpp        : 125)   Processed 1787772 reads
  0:00:01.701     1M / 2128M INFO    General                 (kmer_splitters.hpp        : 131)   Used 1787772 reads
  0:00:01.870     1M / 2128M INFO    General                 (kmer_index_builder.hpp    : 249)   Starting k-mer counting.
  0:00:01.962     1M / 2128M INFO    General                 (kmer_index_builder.hpp    : 260)   K-mer counting done. There are 4129631 kmers in total.
  0:00:01.962     1M / 2128M INFO    General                 (stage.cpp                 : 117)   PROCEDURE == Extension index construction (id: construction:extension_index_construction)
  0:00:01.965     1M / 2128M INFO   K-mer Index Building     (kmer_index_builder.hpp    : 438)   Building kmer index
  0:00:01.965     1M / 2128M INFO    General                 (kmer_index_builder.hpp    : 243)   Splitting kmer instances into 160 files using 16 threads. This might take a while.
  0:00:01.965     1M / 2128M INFO    General                 (file_limit.hpp            :  42)   Open file limit set to 1024
  0:00:01.965     1M / 2128M INFO    General                 (kmer_splitter.hpp         :  93)   Memory available for splitting buffers: 1.29165 Gb
  0:00:01.965     1M / 2128M INFO    General                 (kmer_splitter.hpp         : 101)   Using cell size of 209715
  0:00:02.273  9602M / 9602M INFO    General                 (kmer_splitters.hpp        : 194)   Processed 4129631 kmers
  0:00:02.274  9602M / 9602M INFO    General                 (kmer_splitters.hpp        : 199)   Used 4129631 kmers.
  0:00:02.278     2M / 2128M INFO    General                 (kmer_index_builder.hpp    : 249)   Starting k-mer counting.
  0:00:02.405     2M / 2128M INFO    General                 (kmer_index_builder.hpp    : 260)   K-mer counting done. There are 4127212 kmers in total.
  0:00:02.409     2M / 2128M INFO   K-mer Index Building     (kmer_index_builder.hpp    : 395)   Building perfect hash indices
  0:00:02.683     5M / 2128M INFO   K-mer Index Building     (kmer_index_builder.hpp    : 431)   Index built. Total 4127212 kmers, 3101048 bytes occupied (6.01093 bits per kmer).
  0:00:02.683     5M / 2128M INFO    General                 (kmer_index_builder.hpp    : 169)   Merging final buckets.
  0:00:02.959     9M / 2128M INFO   DeBruijnExtensionIndexBu (kmer_extension_index_build: 100)   Building k-mer extensions from k+1-mers
  0:00:03.193     9M / 2128M INFO   DeBruijnExtensionIndexBu (kmer_extension_index_build: 105)   Building k-mer extensions from k+1-mers finished.
  0:00:03.205     9M / 2128M INFO    General                 (stage.cpp                 : 117)   PROCEDURE == Condensing graph (id: construction:graph_condensing)
  0:00:03.207     9M / 2128M INFO   UnbranchingPathExtractor (debruijn_graph_constructor: 354)   Extracting unbranching paths
  0:00:03.355    11M / 2128M INFO   UnbranchingPathExtractor (debruijn_graph_constructor: 373)   Extracting unbranching paths finished. 22317 sequences extracted
  0:00:03.491    11M / 2128M INFO   UnbranchingPathExtractor (debruijn_graph_constructor: 309)   Collecting perfect loops
  0:00:03.528    11M / 2128M INFO   UnbranchingPathExtractor (debruijn_graph_constructor: 342)   Collecting perfect loops finished. 0 loops collected
  0:00:03.539    11M / 2128M INFO    General                 (debruijn_graph_constructor: 487)   Total 44634 edges to create
  0:00:03.539    13M / 2128M INFO    General                 (debruijn_graph_constructor: 489)   Collecting link records
  0:00:03.583    13M / 2128M INFO    General                 (debruijn_graph_constructor: 491)   Ordering link records
  0:00:03.583    13M / 2128M INFO    General                 (debruijn_graph_constructor: 493)   Sorting done
  0:00:03.584    14M / 2128M INFO    General                 (debruijn_graph_constructor: 503)   Total 19898 vertices to create
  0:00:03.584    16M / 2128M INFO    General                 (debruijn_graph_constructor: 506)   Connecting the graph
  0:00:03.620    14M / 2128M INFO    General                 (stage.cpp                 : 117)   PROCEDURE == Filling coverage indices (PHM) (id: construction:coverage_filling_phm)
  0:00:03.620    14M / 2128M INFO   K-mer Index Building     (kmer_index_builder.hpp    : 395)   Building perfect hash indices
  0:00:03.841    18M / 2128M INFO   K-mer Index Building     (kmer_index_builder.hpp    : 431)   Index built. Total 4129631 kmers, 3102888 bytes occupied (6.01097 bits per kmer).
  0:00:03.855    34M / 2128M INFO    General                 (coverage_hash_map_builder.:  47)   Collecting k-mer coverage information from reads, this takes a while.
  0:00:05.601    34M / 2128M INFO    General                 (construction.cpp          : 430)   Filling coverage and flanking coverage from PHM
  0:00:05.714    34M / 2128M INFO    General                 (coverage_filling.hpp      :  82)   Processed 44628 edges
  0:00:05.747     6M / 2128M INFO   StageManager             (stage.cpp                 : 185)   STAGE == EC Threshold Finding (id: ec_threshold_finder)
  0:00:05.748     6M / 2128M INFO    General                 (kmer_coverage_model.cpp   : 181)   Kmer coverage valley at: 3
  0:00:05.748     6M / 2128M INFO    General                 (kmer_coverage_model.cpp   : 201)   K-mer histogram maximum: 25
  0:00:05.748     6M / 2128M INFO    General                 (kmer_coverage_model.cpp   : 237)   Estimated median coverage: 27. Coverage mad: 8.8956
  0:00:05.748     6M / 2128M INFO    General                 (kmer_coverage_model.cpp   : 259)   Fitting coverage model
  0:00:05.768     6M / 2128M INFO    General                 (kmer_coverage_model.cpp   : 295)   ... iteration 2
  0:00:05.806     6M / 2128M INFO    General                 (kmer_coverage_model.cpp   : 295)   ... iteration 4
  0:00:06.016     6M / 2128M INFO    General                 (kmer_coverage_model.cpp   : 295)   ... iteration 8
  0:00:06.629     6M / 2128M INFO    General                 (kmer_coverage_model.cpp   : 295)   ... iteration 16
  0:00:07.796     6M / 2128M INFO    General                 (kmer_coverage_model.cpp   : 309)   Fitted mean coverage: 27.1818. Fitted coverage std. dev: 7.40029
  0:00:07.799     6M / 2128M INFO    General                 (kmer_coverage_model.cpp   : 334)   Probability of erroneous kmer at valley: 0.927264
  0:00:07.799     6M / 2128M INFO    General                 (kmer_coverage_model.cpp   : 358)   Preliminary threshold calculated as: 12
  0:00:07.799     6M / 2128M INFO    General                 (kmer_coverage_model.cpp   : 362)   Threshold adjusted to: 12
  0:00:07.800     6M / 2128M INFO    General                 (kmer_coverage_model.cpp   : 375)   Estimated genome size (ignoring repeats): 3893709
  0:00:07.800     6M / 2128M INFO    General                 (genomic_info_filler.cpp   :  55)   Mean coverage was calculated as 27.1818
  0:00:07.800     6M / 2128M INFO    General                 (genomic_info_filler.cpp   :  70)   EC coverage threshold value was calculated as 12
  0:00:07.800     6M / 2128M INFO    General                 (genomic_info_filler.cpp   :  71)   Trusted kmer low bound: 0
  0:00:07.800     6M / 2128M INFO   StageManager             (stage.cpp                 : 185)   STAGE == Gap Closer (id: early_gapcloser)
  0:00:07.807    15M / 2128M INFO    General                 (edge_index.hpp            : 113)   Size of edge index entries: 12/8
  0:00:07.812    15M / 2128M INFO    General                 (gap_closer.cpp            : 101)   Total edges in tip neighborhood: 7845 out of 44628, length: 149770
  0:00:07.813    16M / 2128M INFO    General                 (edge_index.hpp            : 167)   Using small index (max_id = 44860)
  0:00:07.816    16M / 2128M INFO   K-mer Index Building     (kmer_index_builder.hpp    : 395)   Building perfect hash indices
  0:00:07.826    16M / 2128M INFO   K-mer Index Building     (kmer_index_builder.hpp    : 431)   Index built. Total 132358 kmers, 96336 bytes occupied (5.82275 bits per kmer).
  0:00:07.826    17M / 2128M INFO    General                 (edge_index_builders.hpp   : 265)   Collecting edge information from graph, this takes a while.
  0:00:08.924    17M / 2128M INFO    General                 (sequence_mapper_notifier.h:  95)   Total 444712 reads processed
  0:00:08.931    15M / 2128M INFO    General                 (gap_closer.cpp            : 452)   Initializing gap closer
  0:00:08.931    15M / 2128M INFO   GapCloser                (gap_closer.cpp            : 359)   Closing short gaps
  0:00:08.947    15M / 2128M INFO   GapCloser                (gap_closer.cpp            : 391)   Closing short gaps complete: filled 0 gaps after checking 46 candidates
  0:00:08.948    15M / 2128M INFO    General                 (gap_closer.cpp            : 456)   Gap closer done
  0:00:08.950     6M / 2128M INFO   StageManager             (stage.cpp                 : 185)   STAGE == Raw Simplification (id: raw_simplification)
  0:00:08.950     6M / 2128M INFO    General                 (simplification.cpp        : 127)   PROCEDURE == Initial cleaning
  0:00:08.950     6M / 2128M INFO    General                 (graph_simplification.hpp  : 662)   Flanking coverage based disconnection disabled
  0:00:08.950     6M / 2128M INFO   Simplification           (parallel_processing.hpp   : 167)   Running Self conjugate edge remover
  0:00:08.950     6M / 2128M INFO   Simplification           (parallel_processing.hpp   : 170)   Self conjugate edge remover triggered 0 times
  0:00:08.950     6M / 2128M INFO   StageManager             (stage.cpp                 : 185)   STAGE == Simplification (id: simplification)
  0:00:08.950     6M / 2128M INFO    General                 (simplification.cpp        : 368)   Graph simplification started
  0:00:08.950     6M / 2128M INFO    General                 (graph_simplification.hpp  : 634)   Creating parallel br instance
  0:00:08.951     6M / 2128M INFO    General                 (simplification.cpp        : 373)   PROCEDURE == Simplification cycle, iteration 1
  0:00:08.951     6M / 2128M INFO   Simplification           (parallel_processing.hpp   : 167)   Running Tip clipper
  0:00:09.050     6M / 2128M INFO   Simplification           (parallel_processing.hpp   : 170)   Tip clipper triggered 7108 times
  0:00:09.051     6M / 2128M INFO   Simplification           (parallel_processing.hpp   : 167)   Running Bulge remover
  0:00:09.190    11M / 2128M INFO   Simplification           (parallel_processing.hpp   : 170)   Bulge remover triggered 1003 times
  0:00:09.192    11M / 2128M INFO   Simplification           (parallel_processing.hpp   : 167)   Running Low coverage edge remover
  0:00:09.211    11M / 2128M INFO   Simplification           (parallel_processing.hpp   : 170)   Low coverage edge remover triggered 502 times
  0:00:09.211    11M / 2128M INFO    General                 (simplification.cpp        : 373)   PROCEDURE == Simplification cycle, iteration 2
  0:00:09.211    11M / 2128M INFO   Simplification           (parallel_processing.hpp   : 167)   Running Tip clipper
  0:00:09.212    11M / 2128M INFO   Simplification           (parallel_processing.hpp   : 170)   Tip clipper triggered 9 times
  0:00:09.212    11M / 2128M INFO   Simplification           (parallel_processing.hpp   : 167)   Running Bulge remover
  0:00:09.231    12M / 2128M INFO   Simplification           (parallel_processing.hpp   : 170)   Bulge remover triggered 128 times
  0:00:09.232    12M / 2128M INFO   Simplification           (parallel_processing.hpp   : 167)   Running Low coverage edge remover
  0:00:09.238    12M / 2128M INFO   Simplification           (parallel_processing.hpp   : 170)   Low coverage edge remover triggered 120 times
  0:00:09.238    12M / 2128M INFO    General                 (simplification.cpp        : 373)   PROCEDURE == Simplification cycle, iteration 3
  0:00:09.238    12M / 2128M INFO   Simplification           (parallel_processing.hpp   : 167)   Running Tip clipper
  0:00:09.238    12M / 2128M INFO   Simplification           (parallel_processing.hpp   : 170)   Tip clipper triggered 3 times
  0:00:09.238    12M / 2128M INFO   Simplification           (parallel_processing.hpp   : 167)   Running Bulge remover
  0:00:09.244    12M / 2128M INFO   Simplification           (parallel_processing.hpp   : 170)   Bulge remover triggered 40 times
  0:00:09.244    12M / 2128M INFO   Simplification           (parallel_processing.hpp   : 167)   Running Low coverage edge remover
  0:00:09.244    12M / 2128M INFO   Simplification           (parallel_processing.hpp   : 170)   Low coverage edge remover triggered 14 times
  0:00:09.244    12M / 2128M INFO    General                 (simplification.cpp        : 373)   PROCEDURE == Simplification cycle, iteration 4
  0:00:09.245    12M / 2128M INFO   Simplification           (parallel_processing.hpp   : 167)   Running Tip clipper
  0:00:09.245    12M / 2128M INFO   Simplification           (parallel_processing.hpp   : 170)   Tip clipper triggered 0 times
  0:00:09.245    12M / 2128M INFO   Simplification           (parallel_processing.hpp   : 167)   Running Bulge remover
  0:00:09.245    12M / 2128M INFO   Simplification           (parallel_processing.hpp   : 170)   Bulge remover triggered 4 times
  0:00:09.246    12M / 2128M INFO   Simplification           (parallel_processing.hpp   : 167)   Running Low coverage edge remover
  0:00:09.246    12M / 2128M INFO   Simplification           (parallel_processing.hpp   : 170)   Low coverage edge remover triggered 4 times
  0:00:09.246    12M / 2128M INFO    General                 (simplification.cpp        : 373)   PROCEDURE == Simplification cycle, iteration 5
  0:00:09.246    12M / 2128M INFO   Simplification           (parallel_processing.hpp   : 167)   Running Tip clipper
  0:00:09.246    12M / 2128M INFO   Simplification           (parallel_processing.hpp   : 170)   Tip clipper triggered 0 times
  0:00:09.246    12M / 2128M INFO   Simplification           (parallel_processing.hpp   : 167)   Running Bulge remover
  0:00:09.246    12M / 2128M INFO   Simplification           (parallel_processing.hpp   : 170)   Bulge remover triggered 2 times
  0:00:09.246    12M / 2128M INFO   Simplification           (parallel_processing.hpp   : 167)   Running Low coverage edge remover
  0:00:09.247    12M / 2128M INFO   Simplification           (parallel_processing.hpp   : 170)   Low coverage edge remover triggered 3 times
  0:00:09.247    12M / 2128M INFO    General                 (simplification.cpp        : 373)   PROCEDURE == Simplification cycle, iteration 6
  0:00:09.247    12M / 2128M INFO   Simplification           (parallel_processing.hpp   : 167)   Running Tip clipper
  0:00:09.247    12M / 2128M INFO   Simplification           (parallel_processing.hpp   : 170)   Tip clipper triggered 0 times
  0:00:09.247    12M / 2128M INFO   Simplification           (parallel_processing.hpp   : 167)   Running Bulge remover
  0:00:09.247    12M / 2128M INFO   Simplification           (parallel_processing.hpp   : 170)   Bulge remover triggered 2 times
  0:00:09.247    12M / 2128M INFO   Simplification           (parallel_processing.hpp   : 167)   Running Low coverage edge remover
  0:00:09.247    12M / 2128M INFO   Simplification           (parallel_processing.hpp   : 170)   Low coverage edge remover triggered 2 times
  0:00:09.247    12M / 2128M INFO    General                 (simplification.cpp        : 373)   PROCEDURE == Simplification cycle, iteration 7
  0:00:09.247    12M / 2128M INFO   Simplification           (parallel_processing.hpp   : 167)   Running Tip clipper
  0:00:09.248    12M / 2128M INFO   Simplification           (parallel_processing.hpp   : 170)   Tip clipper triggered 0 times
  0:00:09.248    12M / 2128M INFO   Simplification           (parallel_processing.hpp   : 167)   Running Bulge remover
  0:00:09.248    12M / 2128M INFO   Simplification           (parallel_processing.hpp   : 170)   Bulge remover triggered 0 times
  0:00:09.248    12M / 2128M INFO   Simplification           (parallel_processing.hpp   : 167)   Running Low coverage edge remover
  0:00:09.248    12M / 2128M INFO   Simplification           (parallel_processing.hpp   : 170)   Low coverage edge remover triggered 1 times
  0:00:09.248    12M / 2128M INFO    General                 (simplification.cpp        : 373)   PROCEDURE == Simplification cycle, iteration 8
  0:00:09.248    12M / 2128M INFO   Simplification           (parallel_processing.hpp   : 167)   Running Tip clipper
  0:00:09.248    12M / 2128M INFO   Simplification           (parallel_processing.hpp   : 170)   Tip clipper triggered 0 times
  0:00:09.248    12M / 2128M INFO   Simplification           (parallel_processing.hpp   : 167)   Running Bulge remover
  0:00:09.248    12M / 2128M INFO   Simplification           (parallel_processing.hpp   : 170)   Bulge remover triggered 0 times
  0:00:09.248    12M / 2128M INFO   Simplification           (parallel_processing.hpp   : 167)   Running Low coverage edge remover
  0:00:09.248    12M / 2128M INFO   Simplification           (parallel_processing.hpp   : 170)   Low coverage edge remover triggered 1 times
  0:00:09.248    12M / 2128M INFO    General                 (simplification.cpp        : 373)   PROCEDURE == Simplification cycle, iteration 9
  0:00:09.248    12M / 2128M INFO   Simplification           (parallel_processing.hpp   : 167)   Running Tip clipper
  0:00:09.249    12M / 2128M INFO   Simplification           (parallel_processing.hpp   : 170)   Tip clipper triggered 0 times
  0:00:09.249    12M / 2128M INFO   Simplification           (parallel_processing.hpp   : 167)   Running Bulge remover
  0:00:09.249    12M / 2128M INFO   Simplification           (parallel_processing.hpp   : 170)   Bulge remover triggered 0 times
  0:00:09.249    12M / 2128M INFO   Simplification           (parallel_processing.hpp   : 167)   Running Low coverage edge remover
  0:00:09.249    12M / 2128M INFO   Simplification           (parallel_processing.hpp   : 170)   Low coverage edge remover triggered 1 times
  0:00:09.249    12M / 2128M INFO    General                 (simplification.cpp        : 373)   PROCEDURE == Simplification cycle, iteration 10
  0:00:09.249    12M / 2128M INFO   Simplification           (parallel_processing.hpp   : 167)   Running Tip clipper
  0:00:09.249    12M / 2128M INFO   Simplification           (parallel_processing.hpp   : 170)   Tip clipper triggered 0 times
  0:00:09.249    12M / 2128M INFO   Simplification           (parallel_processing.hpp   : 167)   Running Bulge remover
  0:00:09.249    12M / 2128M INFO   Simplification           (parallel_processing.hpp   : 170)   Bulge remover triggered 1 times
  0:00:09.249    12M / 2128M INFO   Simplification           (parallel_processing.hpp   : 167)   Running Low coverage edge remover
  0:00:09.250    12M / 2128M INFO   Simplification           (parallel_processing.hpp   : 170)   Low coverage edge remover triggered 6 times
  0:00:09.250    12M / 2128M INFO    General                 (simplification.cpp        : 373)   PROCEDURE == Simplification cycle, iteration 11
  0:00:09.250    12M / 2128M INFO   Simplification           (parallel_processing.hpp   : 167)   Running Tip clipper
  0:00:09.250    12M / 2128M INFO   Simplification           (parallel_processing.hpp   : 170)   Tip clipper triggered 0 times
  0:00:09.250    12M / 2128M INFO   Simplification           (parallel_processing.hpp   : 167)   Running Bulge remover
  0:00:09.253    12M / 2128M INFO   Simplification           (parallel_processing.hpp   : 170)   Bulge remover triggered 1 times
  0:00:09.253    12M / 2128M INFO   Simplification           (parallel_processing.hpp   : 167)   Running Low coverage edge remover
  0:00:09.253    12M / 2128M INFO   Simplification           (parallel_processing.hpp   : 170)   Low coverage edge remover triggered 0 times
  0:00:09.253    12M / 2128M INFO    General                 (simplification.cpp        : 373)   PROCEDURE == Simplification cycle, iteration 12
  0:00:09.253    12M / 2128M INFO   Simplification           (parallel_processing.hpp   : 167)   Running Tip clipper
  0:00:09.253    12M / 2128M INFO   Simplification           (parallel_processing.hpp   : 170)   Tip clipper triggered 0 times
  0:00:09.253    12M / 2128M INFO   Simplification           (parallel_processing.hpp   : 167)   Running Bulge remover
  0:00:09.254    12M / 2128M INFO   Simplification           (parallel_processing.hpp   : 170)   Bulge remover triggered 0 times
  0:00:09.254    12M / 2128M INFO   Simplification           (parallel_processing.hpp   : 167)   Running Low coverage edge remover
  0:00:09.254    12M / 2128M INFO   Simplification           (parallel_processing.hpp   : 170)   Low coverage edge remover triggered 0 times
  0:00:09.254    12M / 2128M INFO   StageManager             (stage.cpp                 : 185)   STAGE == Gap Closer (id: late_gapcloser)
  0:00:09.258    21M / 2128M INFO    General                 (edge_index.hpp            : 113)   Size of edge index entries: 12/8
  0:00:09.259    21M / 2128M INFO    General                 (gap_closer.cpp            : 101)   Total edges in tip neighborhood: 648 out of 5758, length: 93283
  0:00:09.259    21M / 2128M INFO    General                 (edge_index.hpp            : 167)   Using small index (max_id = 44860)
  0:00:09.260    21M / 2128M INFO   K-mer Index Building     (kmer_index_builder.hpp    : 395)   Building perfect hash indices
  0:00:09.268    21M / 2128M INFO   K-mer Index Building     (kmer_index_builder.hpp    : 431)   Index built. Total 75953 kmers, 55624 bytes occupied (5.85878 bits per kmer).
  0:00:09.269    22M / 2128M INFO    General                 (edge_index_builders.hpp   : 265)   Collecting edge information from graph, this takes a while.
  0:00:11.222    22M / 2128M INFO    General                 (sequence_mapper_notifier.h:  95)   Total 444712 reads processed
  0:00:11.231    21M / 2128M INFO    General                 (gap_closer.cpp            : 452)   Initializing gap closer
  0:00:11.233    21M / 2128M INFO   GapCloser                (gap_closer.cpp            : 359)   Closing short gaps
  0:00:11.237    21M / 2128M INFO   GapCloser                (gap_closer.cpp            : 391)   Closing short gaps complete: filled 0 gaps after checking 2 candidates
  0:00:11.238    21M / 2128M INFO    General                 (gap_closer.cpp            : 456)   Gap closer done
  0:00:11.239    12M / 2128M INFO   StageManager             (stage.cpp                 : 185)   STAGE == Simplification Cleanup (id: simplification_cleanup)
  0:00:11.239    12M / 2128M INFO    General                 (simplification.cpp        : 176)   PROCEDURE == Post simplification
  0:00:11.239    12M / 2128M INFO    General                 (graph_simplification.hpp  : 448)   Disconnection of relatively low covered edges disabled
  0:00:11.240    12M / 2128M INFO    General                 (graph_simplification.hpp  : 485)   Complex tip clipping disabled
  0:00:11.240    12M / 2128M INFO    General                 (graph_simplification.hpp  : 634)   Creating parallel br instance
  0:00:11.240    12M / 2128M INFO   Simplification           (parallel_processing.hpp   : 167)   Running Tip clipper
  0:00:11.240    12M / 2128M INFO   Simplification           (parallel_processing.hpp   : 170)   Tip clipper triggered 0 times
  0:00:11.240    12M / 2128M INFO   Simplification           (parallel_processing.hpp   : 167)   Running Bulge remover
  0:00:11.245    12M / 2128M INFO   Simplification           (parallel_processing.hpp   : 170)   Bulge remover triggered 0 times
  0:00:11.245    12M / 2128M INFO   Simplification           (parallel_processing.hpp   : 167)   Running Tip clipper
  0:00:11.246    12M / 2128M INFO   Simplification           (parallel_processing.hpp   : 170)   Tip clipper triggered 0 times
  0:00:11.246    12M / 2128M INFO   Simplification           (parallel_processing.hpp   : 167)   Running Bulge remover
  0:00:11.250    12M / 2128M INFO   Simplification           (parallel_processing.hpp   : 170)   Bulge remover triggered 0 times
  0:00:11.250    12M / 2128M INFO    General                 (simplification.cpp        : 327)   Disrupting self-conjugate edges
  0:00:11.251    12M / 2128M INFO   Simplification           (parallel_processing.hpp   : 167)   Running Removing isolated edges
  0:00:11.252    12M / 2128M INFO   Simplification           (parallel_processing.hpp   : 170)   Removing isolated edges triggered 319 times
  0:00:11.252    12M / 2128M INFO    General                 (simplification.cpp        : 495)   After simplification:
  0:00:11.252    12M / 2128M INFO    General                 (simplification.cpp        : 496)     Average coverage = 30.3641
  0:00:11.253    12M / 2128M INFO    General                 (simplification.cpp        : 497)     Total length = 3916903
  0:00:11.253    12M / 2128M INFO    General                 (simplification.cpp        : 498)     Median edge length: 22107
  0:00:11.253    12M / 2128M INFO    General                 (simplification.cpp        : 499)     Edges: 5120
  0:00:11.253    12M / 2128M INFO    General                 (simplification.cpp        : 500)     Vertices: 3314
  0:00:11.253    12M / 2128M INFO   StageManager             (stage.cpp                 : 185)   STAGE == Contig Output (id: contig_output)
  0:00:11.254    12M / 2128M INFO    General                 (read_converter.cpp        : 107)   Outputting contigs to /data/djs217/PROJECTS/10_X_fragariae_feb_2024/04_spades/NCPPB_1822.spades/K55/simplified_contigs
  0:00:11.261    15M / 2128M INFO    General                 (binary_converter.cpp      : 111)   2560 reads written
  0:00:11.267    12M / 2128M INFO    General                 (pipeline.cpp              : 287)   SPAdes finished
  0:00:11.285     1M / 2128M INFO    General                 (main.cpp                  : 136)   Assembling time: 0 hours 0 minutes 11 seconds

===== K55 finished. 


===== K77 started. 


== Running: /data/djs217/anaconda3/envs/spades-env/bin/spades-core /data/djs217/PROJECTS/10_X_fragariae_feb_2024/04_spades/NCPPB_1822.spades/K77/configs/config.info /data/djs217/PROJECTS/10_X_fragariae_feb_2024/04_spades/NCPPB_1822.spades/K77/configs/careful_mode.info

  0:00:00.000     1M / 19M   INFO    General                 (main.cpp                  :  99)   Loaded config from /data/djs217/PROJECTS/10_X_fragariae_feb_2024/04_spades/NCPPB_1822.spades/K77/configs/config.info
  0:00:00.001     1M / 19M   INFO    General                 (main.cpp                  :  99)   Loaded config from /data/djs217/PROJECTS/10_X_fragariae_feb_2024/04_spades/NCPPB_1822.spades/K77/configs/careful_mode.info
  0:00:00.001     1M / 19M   INFO    General                 (memory_limit.cpp          :  54)   Memory limit set to 62 Gb
  0:00:00.001     1M / 19M   INFO    General                 (main.cpp                  : 107)   Starting SPAdes, built from N/A, git revision N/A
  0:00:00.001     1M / 19M   INFO    General                 (main.cpp                  : 108)   Maximum k-mer length: 128
  0:00:00.001     1M / 19M   INFO    General                 (main.cpp                  : 109)   Assembling dataset (/data/djs217/PROJECTS/10_X_fragariae_feb_2024/04_spades/NCPPB_1822.spades/dataset.info) with K=77
  0:00:00.002     1M / 19M   INFO    General                 (main.cpp                  : 110)   Maximum # of threads to use (adjusted due to OMP capabilities): 16
  0:00:00.002     1M / 19M   INFO    General                 (pipeline.cpp              : 212)   SPAdes started
  0:00:00.002     1M / 19M   INFO    General                 (pipeline.cpp              : 225)   Starting from stage: read_conversion
  0:00:00.002     1M / 19M   INFO    General                 (pipeline.cpp              : 231)   Two-step repeat resolution disabled
  0:00:00.002     1M / 19M   INFO   GraphCore                (graph_core.hpp            : 672)   Graph created, vertex min_id: 3, edge min_id: 3
  0:00:00.002     1M / 19M   INFO   GraphCore                (graph_core.hpp            : 673)   Vertex size: 48, edge size: 40
  0:00:00.002     1M / 19M   INFO    General                 (edge_index.hpp            : 113)   Size of edge index entries: 12/8
  0:00:00.002     1M / 19M   INFO    General                 (pipeline.cpp              : 242)   Will need read mapping, kmer mapper will be attached
  0:00:00.002     1M / 19M   INFO   StageManager             (stage.cpp                 : 185)   STAGE == Binary Read Conversion (id: read_conversion)
  0:00:00.003     1M / 19M   INFO    General                 (read_converter.cpp        :  53)   Binary reads detected
  0:00:00.010     1M / 19M   INFO   StageManager             (stage.cpp                 : 185)   STAGE == de Bruijn graph construction (id: construction)
  0:00:00.010     1M / 19M   INFO    General                 (construction.cpp          : 118)   Contigs from previous K will be used: /data/djs217/PROJECTS/10_X_fragariae_feb_2024/04_spades/NCPPB_1822.spades/K55/simplified_contigs
  0:00:00.070     1M / 19M   INFO    General                 (construction.cpp          : 153)   Max read length 301
  0:00:00.070     1M / 19M   INFO    General                 (construction.cpp          : 159)   Average read length 188.463
  0:00:00.070     1M / 19M   INFO    General                 (stage.cpp                 : 117)   PROCEDURE == k+1-mer counting (id: construction:kpomer_counting)
  0:00:00.070     1M / 19M   INFO    General                 (kmer_index_builder.hpp    : 243)   Splitting kmer instances into 160 files using 16 threads. This might take a while.
  0:00:00.071     1M / 19M   INFO    General                 (file_limit.hpp            :  42)   Open file limit set to 1024
  0:00:00.071     1M / 19M   INFO    General                 (kmer_splitter.hpp         :  93)   Memory available for splitting buffers: 1.29165 Gb
  0:00:00.071     1M / 19M   INFO    General                 (kmer_splitter.hpp         : 101)   Using cell size of 139810
  0:00:01.653  9601M / 9601M INFO    General                 (kmer_splitters.hpp        : 125)   Processed 1785892 reads
  0:00:01.667     2M / 2802M INFO    General                 (kmer_splitters.hpp        : 131)   Used 1785892 reads
  0:00:01.883     2M / 2802M INFO    General                 (kmer_index_builder.hpp    : 249)   Starting k-mer counting.
  0:00:01.984     1M / 2802M INFO    General                 (kmer_index_builder.hpp    : 260)   K-mer counting done. There are 4171777 kmers in total.
  0:00:01.984     1M / 2802M INFO    General                 (stage.cpp                 : 117)   PROCEDURE == Extension index construction (id: construction:extension_index_construction)
  0:00:01.987     1M / 2802M INFO   K-mer Index Building     (kmer_index_builder.hpp    : 438)   Building kmer index
  0:00:01.987     1M / 2802M INFO    General                 (kmer_index_builder.hpp    : 243)   Splitting kmer instances into 160 files using 16 threads. This might take a while.
  0:00:01.987     1M / 2802M INFO    General                 (file_limit.hpp            :  42)   Open file limit set to 1024
  0:00:01.987     1M / 2802M INFO    General                 (kmer_splitter.hpp         :  93)   Memory available for splitting buffers: 1.29165 Gb
  0:00:01.988     1M / 2802M INFO    General                 (kmer_splitter.hpp         : 101)   Using cell size of 139810
  0:00:02.222  9602M / 9602M INFO    General                 (kmer_splitters.hpp        : 194)   Processed 4171777 kmers
  0:00:02.222  9602M / 9602M INFO    General                 (kmer_splitters.hpp        : 199)   Used 4171777 kmers.
  0:00:02.225     2M / 2802M INFO    General                 (kmer_index_builder.hpp    : 249)   Starting k-mer counting.
  0:00:02.346     2M / 2802M INFO    General                 (kmer_index_builder.hpp    : 260)   K-mer counting done. There are 4170253 kmers in total.
  0:00:02.346     2M / 2802M INFO   K-mer Index Building     (kmer_index_builder.hpp    : 395)   Building perfect hash indices
  0:00:02.658     5M / 2802M INFO   K-mer Index Building     (kmer_index_builder.hpp    : 431)   Index built. Total 4170253 kmers, 3132672 bytes occupied (6.00956 bits per kmer).
  0:00:02.658     5M / 2802M INFO    General                 (kmer_index_builder.hpp    : 169)   Merging final buckets.
  0:00:03.162     9M / 2802M INFO   DeBruijnExtensionIndexBu (kmer_extension_index_build: 100)   Building k-mer extensions from k+1-mers
  0:00:03.405     9M / 2802M INFO   DeBruijnExtensionIndexBu (kmer_extension_index_build: 105)   Building k-mer extensions from k+1-mers finished.
  0:00:03.416     9M / 2802M INFO    General                 (stage.cpp                 : 117)   PROCEDURE == Condensing graph (id: construction:graph_condensing)
  0:00:03.417     9M / 2802M INFO   UnbranchingPathExtractor (debruijn_graph_constructor: 354)   Extracting unbranching paths
  0:00:03.569    11M / 2802M INFO   UnbranchingPathExtractor (debruijn_graph_constructor: 373)   Extracting unbranching paths finished. 20772 sequences extracted
  0:00:03.726    11M / 2802M INFO   UnbranchingPathExtractor (debruijn_graph_constructor: 309)   Collecting perfect loops
  0:00:03.763    11M / 2802M INFO   UnbranchingPathExtractor (debruijn_graph_constructor: 342)   Collecting perfect loops finished. 0 loops collected
  0:00:03.777    11M / 2802M INFO    General                 (debruijn_graph_constructor: 487)   Total 41544 edges to create
  0:00:03.777    13M / 2802M INFO    General                 (debruijn_graph_constructor: 489)   Collecting link records
  0:00:03.831    13M / 2802M INFO    General                 (debruijn_graph_constructor: 491)   Ordering link records
  0:00:03.832    13M / 2802M INFO    General                 (debruijn_graph_constructor: 493)   Sorting done
  0:00:03.832    14M / 2802M INFO    General                 (debruijn_graph_constructor: 503)   Total 19248 vertices to create
  0:00:03.832    16M / 2802M INFO    General                 (debruijn_graph_constructor: 506)   Connecting the graph
  0:00:03.876    14M / 2802M INFO    General                 (stage.cpp                 : 117)   PROCEDURE == Filling coverage indices (PHM) (id: construction:coverage_filling_phm)
  0:00:03.877    14M / 2802M INFO   K-mer Index Building     (kmer_index_builder.hpp    : 395)   Building perfect hash indices
  0:00:04.123    18M / 2802M INFO   K-mer Index Building     (kmer_index_builder.hpp    : 431)   Index built. Total 4171777 kmers, 3133864 bytes occupied (6.00965 bits per kmer).
  0:00:04.136    34M / 2802M INFO    General                 (coverage_hash_map_builder.:  47)   Collecting k-mer coverage information from reads, this takes a while.
  0:00:05.783    34M / 2802M INFO    General                 (construction.cpp          : 430)   Filling coverage and flanking coverage from PHM
  0:00:05.906    34M / 2802M INFO    General                 (coverage_filling.hpp      :  82)   Processed 41543 edges
  0:00:05.951     6M / 2802M INFO   StageManager             (stage.cpp                 : 185)   STAGE == EC Threshold Finding (id: ec_threshold_finder)
  0:00:05.952     6M / 2802M INFO    General                 (kmer_coverage_model.cpp   : 181)   Kmer coverage valley at: 0
  0:00:05.952     6M / 2802M INFO    General                 (kmer_coverage_model.cpp   : 201)   K-mer histogram maximum: 21
  0:00:05.952     6M / 2802M INFO    General                 (kmer_coverage_model.cpp   : 237)   Estimated median coverage: 22. Coverage mad: 8.8956
  0:00:05.952     6M / 2802M INFO    General                 (kmer_coverage_model.cpp   : 259)   Fitting coverage model
  0:00:05.978     6M / 2802M INFO    General                 (kmer_coverage_model.cpp   : 295)   ... iteration 2
  0:00:06.041     6M / 2802M INFO    General                 (kmer_coverage_model.cpp   : 295)   ... iteration 4
  0:00:06.270     6M / 2802M INFO    General                 (kmer_coverage_model.cpp   : 295)   ... iteration 8
  0:00:06.792     6M / 2802M INFO    General                 (kmer_coverage_model.cpp   : 295)   ... iteration 16
  0:00:07.804     6M / 2802M INFO    General                 (kmer_coverage_model.cpp   : 295)   ... iteration 32
  0:00:07.987     6M / 2802M INFO    General                 (kmer_coverage_model.cpp   : 309)   Fitted mean coverage: 22.7758. Fitted coverage std. dev: 6.66987
  0:00:07.989     6M / 2802M INFO    General                 (kmer_coverage_model.cpp   : 334)   Probability of erroneous kmer at valley: 0.998883
  0:00:07.989     6M / 2802M INFO    General                 (kmer_coverage_model.cpp   : 358)   Preliminary threshold calculated as: 10
  0:00:07.989     6M / 2802M INFO    General                 (kmer_coverage_model.cpp   : 362)   Threshold adjusted to: 10
  0:00:07.989     6M / 2802M INFO    General                 (kmer_coverage_model.cpp   : 375)   Estimated genome size (ignoring repeats): 3901682
  0:00:07.990     6M / 2802M INFO    General                 (genomic_info_filler.cpp   :  55)   Mean coverage was calculated as 22.7758
  0:00:07.990     6M / 2802M INFO    General                 (genomic_info_filler.cpp   :  70)   EC coverage threshold value was calculated as 10
  0:00:07.990     6M / 2802M INFO    General                 (genomic_info_filler.cpp   :  71)   Trusted kmer low bound: 0
  0:00:07.990     6M / 2802M INFO   StageManager             (stage.cpp                 : 185)   STAGE == Gap Closer (id: early_gapcloser)
  0:00:07.997    15M / 2802M INFO    General                 (edge_index.hpp            : 113)   Size of edge index entries: 12/8
  0:00:08.003    15M / 2802M INFO    General                 (gap_closer.cpp            : 101)   Total edges in tip neighborhood: 8359 out of 41543, length: 182372
  0:00:08.006    16M / 2802M INFO    General                 (edge_index.hpp            : 167)   Using small index (max_id = 41754)
  0:00:08.008    16M / 2802M INFO   K-mer Index Building     (kmer_index_builder.hpp    : 395)   Building perfect hash indices
  0:00:08.020    16M / 2802M INFO   K-mer Index Building     (kmer_index_builder.hpp    : 431)   Index built. Total 162090 kmers, 117824 bytes occupied (5.81524 bits per kmer).
  0:00:08.021    17M / 2802M INFO    General                 (edge_index_builders.hpp   : 265)   Collecting edge information from graph, this takes a while.
  0:00:08.994    17M / 2802M INFO    General                 (sequence_mapper_notifier.h:  95)   Total 444712 reads processed
  0:00:09.002    15M / 2802M INFO    General                 (gap_closer.cpp            : 452)   Initializing gap closer
  0:00:09.002    15M / 2802M INFO   GapCloser                (gap_closer.cpp            : 359)   Closing short gaps
  0:00:09.023    15M / 2802M INFO   GapCloser                (gap_closer.cpp            : 391)   Closing short gaps complete: filled 0 gaps after checking 38 candidates
  0:00:09.024    15M / 2802M INFO    General                 (gap_closer.cpp            : 456)   Gap closer done
  0:00:09.025     6M / 2802M INFO   StageManager             (stage.cpp                 : 185)   STAGE == Raw Simplification (id: raw_simplification)
  0:00:09.025     6M / 2802M INFO    General                 (simplification.cpp        : 127)   PROCEDURE == Initial cleaning
  0:00:09.025     6M / 2802M INFO    General                 (graph_simplification.hpp  : 662)   Flanking coverage based disconnection disabled
  0:00:09.025     6M / 2802M INFO   Simplification           (parallel_processing.hpp   : 167)   Running Self conjugate edge remover
  0:00:09.026     6M / 2802M INFO   Simplification           (parallel_processing.hpp   : 170)   Self conjugate edge remover triggered 0 times
  0:00:09.026     6M / 2802M INFO   StageManager             (stage.cpp                 : 185)   STAGE == Simplification (id: simplification)
  0:00:09.026     6M / 2802M INFO    General                 (simplification.cpp        : 368)   Graph simplification started
  0:00:09.026     6M / 2802M INFO    General                 (graph_simplification.hpp  : 634)   Creating parallel br instance
  0:00:09.026     6M / 2802M INFO    General                 (simplification.cpp        : 373)   PROCEDURE == Simplification cycle, iteration 1
  0:00:09.026     6M / 2802M INFO   Simplification           (parallel_processing.hpp   : 167)   Running Tip clipper
  0:00:09.109     6M / 2802M INFO   Simplification           (parallel_processing.hpp   : 170)   Tip clipper triggered 7304 times
  0:00:09.110     6M / 2802M INFO   Simplification           (parallel_processing.hpp   : 167)   Running Bulge remover
  0:00:09.207    13M / 2802M INFO   Simplification           (parallel_processing.hpp   : 170)   Bulge remover triggered 680 times
  0:00:09.208    13M / 2802M INFO   Simplification           (parallel_processing.hpp   : 167)   Running Low coverage edge remover
  0:00:09.214    13M / 2802M INFO   Simplification           (parallel_processing.hpp   : 170)   Low coverage edge remover triggered 256 times
  0:00:09.215    13M / 2802M INFO    General                 (simplification.cpp        : 373)   PROCEDURE == Simplification cycle, iteration 2
  0:00:09.215    13M / 2802M INFO   Simplification           (parallel_processing.hpp   : 167)   Running Tip clipper
  0:00:09.216    13M / 2802M INFO   Simplification           (parallel_processing.hpp   : 170)   Tip clipper triggered 16 times
  0:00:09.216    13M / 2802M INFO   Simplification           (parallel_processing.hpp   : 167)   Running Bulge remover
  0:00:09.227    14M / 2802M INFO   Simplification           (parallel_processing.hpp   : 170)   Bulge remover triggered 83 times
  0:00:09.227    14M / 2802M INFO   Simplification           (parallel_processing.hpp   : 167)   Running Low coverage edge remover
  0:00:09.230    14M / 2802M INFO   Simplification           (parallel_processing.hpp   : 170)   Low coverage edge remover triggered 87 times
  0:00:09.230    14M / 2802M INFO    General                 (simplification.cpp        : 373)   PROCEDURE == Simplification cycle, iteration 3
  0:00:09.230    14M / 2802M INFO   Simplification           (parallel_processing.hpp   : 167)   Running Tip clipper
  0:00:09.230    14M / 2802M INFO   Simplification           (parallel_processing.hpp   : 170)   Tip clipper triggered 5 times
  0:00:09.230    14M / 2802M INFO   Simplification           (parallel_processing.hpp   : 167)   Running Bulge remover
  0:00:09.234    15M / 2802M INFO   Simplification           (parallel_processing.hpp   : 170)   Bulge remover triggered 29 times
  0:00:09.234    15M / 2802M INFO   Simplification           (parallel_processing.hpp   : 167)   Running Low coverage edge remover
  0:00:09.235    15M / 2802M INFO   Simplification           (parallel_processing.hpp   : 170)   Low coverage edge remover triggered 13 times
  0:00:09.235    15M / 2802M INFO    General                 (simplification.cpp        : 373)   PROCEDURE == Simplification cycle, iteration 4
  0:00:09.235    15M / 2802M INFO   Simplification           (parallel_processing.hpp   : 167)   Running Tip clipper
  0:00:09.235    15M / 2802M INFO   Simplification           (parallel_processing.hpp   : 170)   Tip clipper triggered 0 times
  0:00:09.235    15M / 2802M INFO   Simplification           (parallel_processing.hpp   : 167)   Running Bulge remover
  0:00:09.236    15M / 2802M INFO   Simplification           (parallel_processing.hpp   : 170)   Bulge remover triggered 5 times
  0:00:09.236    15M / 2802M INFO   Simplification           (parallel_processing.hpp   : 167)   Running Low coverage edge remover
  0:00:09.236    15M / 2802M INFO   Simplification           (parallel_processing.hpp   : 170)   Low coverage edge remover triggered 4 times
  0:00:09.236    15M / 2802M INFO    General                 (simplification.cpp        : 373)   PROCEDURE == Simplification cycle, iteration 5
  0:00:09.236    15M / 2802M INFO   Simplification           (parallel_processing.hpp   : 167)   Running Tip clipper
  0:00:09.236    15M / 2802M INFO   Simplification           (parallel_processing.hpp   : 170)   Tip clipper triggered 0 times
  0:00:09.236    15M / 2802M INFO   Simplification           (parallel_processing.hpp   : 167)   Running Bulge remover
  0:00:09.236    15M / 2802M INFO   Simplification           (parallel_processing.hpp   : 170)   Bulge remover triggered 2 times
  0:00:09.236    15M / 2802M INFO   Simplification           (parallel_processing.hpp   : 167)   Running Low coverage edge remover
  0:00:09.236    15M / 2802M INFO   Simplification           (parallel_processing.hpp   : 170)   Low coverage edge remover triggered 2 times
  0:00:09.236    15M / 2802M INFO    General                 (simplification.cpp        : 373)   PROCEDURE == Simplification cycle, iteration 6
  0:00:09.236    15M / 2802M INFO   Simplification           (parallel_processing.hpp   : 167)   Running Tip clipper
  0:00:09.236    15M / 2802M INFO   Simplification           (parallel_processing.hpp   : 170)   Tip clipper triggered 0 times
  0:00:09.236    15M / 2802M INFO   Simplification           (parallel_processing.hpp   : 167)   Running Bulge remover
  0:00:09.236    15M / 2802M INFO   Simplification           (parallel_processing.hpp   : 170)   Bulge remover triggered 0 times
  0:00:09.236    15M / 2802M INFO   Simplification           (parallel_processing.hpp   : 167)   Running Low coverage edge remover
  0:00:09.236    15M / 2802M INFO   Simplification           (parallel_processing.hpp   : 170)   Low coverage edge remover triggered 0 times
  0:00:09.236    15M / 2802M INFO    General                 (simplification.cpp        : 373)   PROCEDURE == Simplification cycle, iteration 7
  0:00:09.236    15M / 2802M INFO   Simplification           (parallel_processing.hpp   : 167)   Running Tip clipper
  0:00:09.236    15M / 2802M INFO   Simplification           (parallel_processing.hpp   : 170)   Tip clipper triggered 0 times
  0:00:09.236    15M / 2802M INFO   Simplification           (parallel_processing.hpp   : 167)   Running Bulge remover
  0:00:09.236    15M / 2802M INFO   Simplification           (parallel_processing.hpp   : 170)   Bulge remover triggered 0 times
  0:00:09.236    15M / 2802M INFO   Simplification           (parallel_processing.hpp   : 167)   Running Low coverage edge remover
  0:00:09.236    15M / 2802M INFO   Simplification           (parallel_processing.hpp   : 170)   Low coverage edge remover triggered 3 times
  0:00:09.236    15M / 2802M INFO    General                 (simplification.cpp        : 373)   PROCEDURE == Simplification cycle, iteration 8
  0:00:09.236    15M / 2802M INFO   Simplification           (parallel_processing.hpp   : 167)   Running Tip clipper
  0:00:09.236    15M / 2802M INFO   Simplification           (parallel_processing.hpp   : 170)   Tip clipper triggered 0 times
  0:00:09.237    15M / 2802M INFO   Simplification           (parallel_processing.hpp   : 167)   Running Bulge remover
  0:00:09.237    15M / 2802M INFO   Simplification           (parallel_processing.hpp   : 170)   Bulge remover triggered 0 times
  0:00:09.237    15M / 2802M INFO   Simplification           (parallel_processing.hpp   : 167)   Running Low coverage edge remover
  0:00:09.237    15M / 2802M INFO   Simplification           (parallel_processing.hpp   : 170)   Low coverage edge remover triggered 0 times
  0:00:09.237    15M / 2802M INFO    General                 (simplification.cpp        : 373)   PROCEDURE == Simplification cycle, iteration 9
  0:00:09.237    15M / 2802M INFO   Simplification           (parallel_processing.hpp   : 167)   Running Tip clipper
  0:00:09.237    15M / 2802M INFO   Simplification           (parallel_processing.hpp   : 170)   Tip clipper triggered 0 times
  0:00:09.237    15M / 2802M INFO   Simplification           (parallel_processing.hpp   : 167)   Running Bulge remover
  0:00:09.237    15M / 2802M INFO   Simplification           (parallel_processing.hpp   : 170)   Bulge remover triggered 0 times
  0:00:09.237    15M / 2802M INFO   Simplification           (parallel_processing.hpp   : 167)   Running Low coverage edge remover
  0:00:09.237    15M / 2802M INFO   Simplification           (parallel_processing.hpp   : 170)   Low coverage edge remover triggered 5 times
  0:00:09.237    15M / 2802M INFO    General                 (simplification.cpp        : 373)   PROCEDURE == Simplification cycle, iteration 10
  0:00:09.237    15M / 2802M INFO   Simplification           (parallel_processing.hpp   : 167)   Running Tip clipper
  0:00:09.237    15M / 2802M INFO   Simplification           (parallel_processing.hpp   : 170)   Tip clipper triggered 0 times
  0:00:09.237    15M / 2802M INFO   Simplification           (parallel_processing.hpp   : 167)   Running Bulge remover
  0:00:09.237    15M / 2802M INFO   Simplification           (parallel_processing.hpp   : 170)   Bulge remover triggered 0 times
  0:00:09.237    15M / 2802M INFO   Simplification           (parallel_processing.hpp   : 167)   Running Low coverage edge remover
  0:00:09.237    15M / 2802M INFO   Simplification           (parallel_processing.hpp   : 170)   Low coverage edge remover triggered 4 times
  0:00:09.237    15M / 2802M INFO    General                 (simplification.cpp        : 373)   PROCEDURE == Simplification cycle, iteration 11
  0:00:09.237    15M / 2802M INFO   Simplification           (parallel_processing.hpp   : 167)   Running Tip clipper
  0:00:09.237    15M / 2802M INFO   Simplification           (parallel_processing.hpp   : 170)   Tip clipper triggered 0 times
  0:00:09.237    15M / 2802M INFO   Simplification           (parallel_processing.hpp   : 167)   Running Bulge remover
  0:00:09.239    15M / 2802M INFO   Simplification           (parallel_processing.hpp   : 170)   Bulge remover triggered 1 times
  0:00:09.239    15M / 2802M INFO   Simplification           (parallel_processing.hpp   : 167)   Running Low coverage edge remover
  0:00:09.239    15M / 2802M INFO   Simplification           (parallel_processing.hpp   : 170)   Low coverage edge remover triggered 0 times
  0:00:09.239    15M / 2802M INFO    General                 (simplification.cpp        : 373)   PROCEDURE == Simplification cycle, iteration 12
  0:00:09.239    15M / 2802M INFO   Simplification           (parallel_processing.hpp   : 167)   Running Tip clipper
  0:00:09.239    15M / 2802M INFO   Simplification           (parallel_processing.hpp   : 170)   Tip clipper triggered 0 times
  0:00:09.239    15M / 2802M INFO   Simplification           (parallel_processing.hpp   : 167)   Running Bulge remover
  0:00:09.239    15M / 2802M INFO   Simplification           (parallel_processing.hpp   : 170)   Bulge remover triggered 0 times
  0:00:09.239    15M / 2802M INFO   Simplification           (parallel_processing.hpp   : 167)   Running Low coverage edge remover
  0:00:09.239    15M / 2802M INFO   Simplification           (parallel_processing.hpp   : 170)   Low coverage edge remover triggered 0 times
  0:00:09.239    15M / 2802M INFO   StageManager             (stage.cpp                 : 185)   STAGE == Gap Closer (id: late_gapcloser)
  0:00:09.243    24M / 2802M INFO    General                 (edge_index.hpp            : 113)   Size of edge index entries: 12/8
  0:00:09.243    24M / 2802M INFO    General                 (gap_closer.cpp            : 101)   Total edges in tip neighborhood: 952 out of 5598, length: 101527
  0:00:09.243    24M / 2802M INFO    General                 (edge_index.hpp            : 167)   Using small index (max_id = 41754)
  0:00:09.244    24M / 2802M INFO   K-mer Index Building     (kmer_index_builder.hpp    : 395)   Building perfect hash indices
  0:00:09.253    24M / 2802M INFO   K-mer Index Building     (kmer_index_builder.hpp    : 431)   Index built. Total 81133 kmers, 59344 bytes occupied (5.85153 bits per kmer).
  0:00:09.253    25M / 2802M INFO    General                 (edge_index_builders.hpp   : 265)   Collecting edge information from graph, this takes a while.
  0:00:10.732    25M / 2802M INFO    General                 (sequence_mapper_notifier.h:  95)   Total 444712 reads processed
  0:00:10.741    24M / 2802M INFO    General                 (gap_closer.cpp            : 452)   Initializing gap closer
  0:00:10.741    24M / 2802M INFO   GapCloser                (gap_closer.cpp            : 359)   Closing short gaps
  0:00:10.745    24M / 2802M INFO   GapCloser                (gap_closer.cpp            : 391)   Closing short gaps complete: filled 0 gaps after checking 2 candidates
  0:00:10.746    24M / 2802M INFO    General                 (gap_closer.cpp            : 456)   Gap closer done
  0:00:10.747    15M / 2802M INFO   StageManager             (stage.cpp                 : 185)   STAGE == Simplification Cleanup (id: simplification_cleanup)
  0:00:10.747    15M / 2802M INFO    General                 (simplification.cpp        : 176)   PROCEDURE == Post simplification
  0:00:10.747    15M / 2802M INFO    General                 (graph_simplification.hpp  : 448)   Disconnection of relatively low covered edges disabled
  0:00:10.747    15M / 2802M INFO    General                 (graph_simplification.hpp  : 485)   Complex tip clipping disabled
  0:00:10.747    15M / 2802M INFO    General                 (graph_simplification.hpp  : 634)   Creating parallel br instance
  0:00:10.747    15M / 2802M INFO   Simplification           (parallel_processing.hpp   : 167)   Running Tip clipper
  0:00:10.748    15M / 2802M INFO   Simplification           (parallel_processing.hpp   : 170)   Tip clipper triggered 0 times
  0:00:10.748    15M / 2802M INFO   Simplification           (parallel_processing.hpp   : 167)   Running Bulge remover
  0:00:10.753    15M / 2802M INFO   Simplification           (parallel_processing.hpp   : 170)   Bulge remover triggered 0 times
  0:00:10.753    15M / 2802M INFO   Simplification           (parallel_processing.hpp   : 167)   Running Tip clipper
  0:00:10.753    15M / 2802M INFO   Simplification           (parallel_processing.hpp   : 170)   Tip clipper triggered 0 times
  0:00:10.753    15M / 2802M INFO   Simplification           (parallel_processing.hpp   : 167)   Running Bulge remover
  0:00:10.756    15M / 2802M INFO   Simplification           (parallel_processing.hpp   : 170)   Bulge remover triggered 0 times
  0:00:10.757    15M / 2802M INFO    General                 (simplification.cpp        : 327)   Disrupting self-conjugate edges
  0:00:10.758    15M / 2802M INFO   Simplification           (parallel_processing.hpp   : 167)   Running Removing isolated edges
  0:00:10.759    15M / 2802M INFO   Simplification           (parallel_processing.hpp   : 170)   Removing isolated edges triggered 472 times
  0:00:10.759    15M / 2802M INFO    General                 (simplification.cpp        : 495)   After simplification:
  0:00:10.759    15M / 2802M INFO    General                 (simplification.cpp        : 496)     Average coverage = 25.3836
  0:00:10.759    15M / 2802M INFO    General                 (simplification.cpp        : 497)     Total length = 3939181
  0:00:10.760    15M / 2802M INFO    General                 (simplification.cpp        : 498)     Median edge length: 23956
  0:00:10.760    15M / 2802M INFO    General                 (simplification.cpp        : 499)     Edges: 4654
  0:00:10.760    15M / 2802M INFO    General                 (simplification.cpp        : 500)     Vertices: 3010
  0:00:10.760    15M / 2802M INFO   StageManager             (stage.cpp                 : 185)   STAGE == Contig Output (id: contig_output)
  0:00:10.760    15M / 2802M INFO    General                 (read_converter.cpp        : 107)   Outputting contigs to /data/djs217/PROJECTS/10_X_fragariae_feb_2024/04_spades/NCPPB_1822.spades/K77/simplified_contigs
  0:00:10.767    17M / 2802M INFO    General                 (binary_converter.cpp      : 111)   2327 reads written
  0:00:10.773    15M / 2802M INFO    General                 (pipeline.cpp              : 287)   SPAdes finished
  0:00:10.792     1M / 2802M INFO    General                 (main.cpp                  : 136)   Assembling time: 0 hours 0 minutes 10 seconds

===== K77 finished. 


===== K99 started. 


== Running: /data/djs217/anaconda3/envs/spades-env/bin/spades-core /data/djs217/PROJECTS/10_X_fragariae_feb_2024/04_spades/NCPPB_1822.spades/K99/configs/config.info /data/djs217/PROJECTS/10_X_fragariae_feb_2024/04_spades/NCPPB_1822.spades/K99/configs/careful_mode.info

  0:00:00.000     1M / 19M   INFO    General                 (main.cpp                  :  99)   Loaded config from /data/djs217/PROJECTS/10_X_fragariae_feb_2024/04_spades/NCPPB_1822.spades/K99/configs/config.info
  0:00:00.002     1M / 19M   INFO    General                 (main.cpp                  :  99)   Loaded config from /data/djs217/PROJECTS/10_X_fragariae_feb_2024/04_spades/NCPPB_1822.spades/K99/configs/careful_mode.info
  0:00:00.002     1M / 19M   INFO    General                 (memory_limit.cpp          :  54)   Memory limit set to 62 Gb
  0:00:00.002     1M / 19M   INFO    General                 (main.cpp                  : 107)   Starting SPAdes, built from N/A, git revision N/A
  0:00:00.002     1M / 19M   INFO    General                 (main.cpp                  : 108)   Maximum k-mer length: 128
  0:00:00.002     1M / 19M   INFO    General                 (main.cpp                  : 109)   Assembling dataset (/data/djs217/PROJECTS/10_X_fragariae_feb_2024/04_spades/NCPPB_1822.spades/dataset.info) with K=99
  0:00:00.002     1M / 19M   INFO    General                 (main.cpp                  : 110)   Maximum # of threads to use (adjusted due to OMP capabilities): 16
  0:00:00.003     1M / 19M   INFO    General                 (pipeline.cpp              : 212)   SPAdes started
  0:00:00.003     1M / 19M   INFO    General                 (pipeline.cpp              : 225)   Starting from stage: read_conversion
  0:00:00.003     1M / 19M   INFO    General                 (pipeline.cpp              : 231)   Two-step repeat resolution disabled
  0:00:00.003     1M / 19M   INFO   GraphCore                (graph_core.hpp            : 672)   Graph created, vertex min_id: 3, edge min_id: 3
  0:00:00.003     1M / 19M   INFO   GraphCore                (graph_core.hpp            : 673)   Vertex size: 48, edge size: 40
  0:00:00.003     1M / 19M   INFO    General                 (edge_index.hpp            : 113)   Size of edge index entries: 12/8
  0:00:00.003     1M / 19M   INFO    General                 (pipeline.cpp              : 242)   Will need read mapping, kmer mapper will be attached
  0:00:00.003     1M / 19M   INFO   StageManager             (stage.cpp                 : 185)   STAGE == Binary Read Conversion (id: read_conversion)
  0:00:00.004     1M / 19M   INFO    General                 (read_converter.cpp        :  53)   Binary reads detected
  0:00:00.009     1M / 19M   INFO   StageManager             (stage.cpp                 : 185)   STAGE == de Bruijn graph construction (id: construction)
  0:00:00.009     1M / 19M   INFO    General                 (construction.cpp          : 118)   Contigs from previous K will be used: /data/djs217/PROJECTS/10_X_fragariae_feb_2024/04_spades/NCPPB_1822.spades/K77/simplified_contigs
  0:00:00.055     1M / 19M   INFO    General                 (construction.cpp          : 153)   Max read length 301
  0:00:00.056     1M / 19M   INFO    General                 (construction.cpp          : 159)   Average read length 188.463
  0:00:00.056     1M / 19M   INFO    General                 (stage.cpp                 : 117)   PROCEDURE == k+1-mer counting (id: construction:kpomer_counting)
  0:00:00.056     1M / 19M   INFO    General                 (kmer_index_builder.hpp    : 243)   Splitting kmer instances into 160 files using 16 threads. This might take a while.
  0:00:00.056     1M / 19M   INFO    General                 (file_limit.hpp            :  42)   Open file limit set to 1024
  0:00:00.056     1M / 19M   INFO    General                 (kmer_splitter.hpp         :  93)   Memory available for splitting buffers: 1.29165 Gb
  0:00:00.056     1M / 19M   INFO    General                 (kmer_splitter.hpp         : 101)   Using cell size of 104857
  0:00:01.523  9601M / 9601M INFO    General                 (kmer_splitters.hpp        : 125)   Processed 1785426 reads
  0:00:01.543     1M / 2998M INFO    General                 (kmer_splitters.hpp        : 131)   Used 1785426 reads
  0:00:01.797     1M / 2998M INFO    General                 (kmer_index_builder.hpp    : 249)   Starting k-mer counting.
  0:00:01.919     1M / 2998M INFO    General                 (kmer_index_builder.hpp    : 260)   K-mer counting done. There are 4196763 kmers in total.
  0:00:01.919     1M / 2998M INFO    General                 (stage.cpp                 : 117)   PROCEDURE == Extension index construction (id: construction:extension_index_construction)
  0:00:01.922     1M / 2998M INFO   K-mer Index Building     (kmer_index_builder.hpp    : 438)   Building kmer index
  0:00:01.922     1M / 2998M INFO    General                 (kmer_index_builder.hpp    : 243)   Splitting kmer instances into 160 files using 16 threads. This might take a while.
  0:00:01.923     1M / 2998M INFO    General                 (file_limit.hpp            :  42)   Open file limit set to 1024
  0:00:01.923     1M / 2998M INFO    General                 (kmer_splitter.hpp         :  93)   Memory available for splitting buffers: 1.29165 Gb
  0:00:01.923     1M / 2998M INFO    General                 (kmer_splitter.hpp         : 101)   Using cell size of 104857
  0:00:02.210  9602M / 9602M INFO    General                 (kmer_splitters.hpp        : 194)   Processed 4196763 kmers
  0:00:02.210  9602M / 9602M INFO    General                 (kmer_splitters.hpp        : 199)   Used 4196763 kmers.
  0:00:02.214     2M / 2998M INFO    General                 (kmer_index_builder.hpp    : 249)   Starting k-mer counting.
  0:00:02.368     2M / 2998M INFO    General                 (kmer_index_builder.hpp    : 260)   K-mer counting done. There are 4195867 kmers in total.
  0:00:02.368     2M / 2998M INFO   K-mer Index Building     (kmer_index_builder.hpp    : 395)   Building perfect hash indices
  0:00:02.708     5M / 2998M INFO   K-mer Index Building     (kmer_index_builder.hpp    : 431)   Index built. Total 4195867 kmers, 3150920 bytes occupied (6.00766 bits per kmer).
  0:00:02.708     5M / 2998M INFO    General                 (kmer_index_builder.hpp    : 169)   Merging final buckets.
  0:00:03.242     9M / 2998M INFO   DeBruijnExtensionIndexBu (kmer_extension_index_build: 100)   Building k-mer extensions from k+1-mers
  0:00:03.483     9M / 2998M INFO   DeBruijnExtensionIndexBu (kmer_extension_index_build: 105)   Building k-mer extensions from k+1-mers finished.
  0:00:03.497     9M / 2998M INFO    General                 (stage.cpp                 : 117)   PROCEDURE == Condensing graph (id: construction:graph_condensing)
  0:00:03.498     9M / 2998M INFO   UnbranchingPathExtractor (debruijn_graph_constructor: 354)   Extracting unbranching paths
  0:00:03.655    11M / 2998M INFO   UnbranchingPathExtractor (debruijn_graph_constructor: 373)   Extracting unbranching paths finished. 19255 sequences extracted
  0:00:03.810    11M / 2998M INFO   UnbranchingPathExtractor (debruijn_graph_constructor: 309)   Collecting perfect loops
  0:00:03.850    11M / 2998M INFO   UnbranchingPathExtractor (debruijn_graph_constructor: 342)   Collecting perfect loops finished. 0 loops collected
  0:00:03.866    11M / 2998M INFO    General                 (debruijn_graph_constructor: 487)   Total 38510 edges to create
  0:00:03.866    13M / 2998M INFO    General                 (debruijn_graph_constructor: 489)   Collecting link records
  0:00:03.905    13M / 2998M INFO    General                 (debruijn_graph_constructor: 491)   Ordering link records
  0:00:03.905    13M / 2998M INFO    General                 (debruijn_graph_constructor: 493)   Sorting done
  0:00:03.906    14M / 2998M INFO    General                 (debruijn_graph_constructor: 503)   Total 18359 vertices to create
  0:00:03.906    15M / 2998M INFO    General                 (debruijn_graph_constructor: 506)   Connecting the graph
  0:00:03.939    14M / 2998M INFO    General                 (stage.cpp                 : 117)   PROCEDURE == Filling coverage indices (PHM) (id: construction:coverage_filling_phm)
  0:00:03.939    14M / 2998M INFO   K-mer Index Building     (kmer_index_builder.hpp    : 395)   Building perfect hash indices
  0:00:04.217    18M / 2998M INFO   K-mer Index Building     (kmer_index_builder.hpp    : 431)   Index built. Total 4196763 kmers, 3151672 bytes occupied (6.00782 bits per kmer).
  0:00:04.231    35M / 2998M INFO    General                 (coverage_hash_map_builder.:  47)   Collecting k-mer coverage information from reads, this takes a while.
  0:00:05.725    35M / 2998M INFO    General                 (construction.cpp          : 430)   Filling coverage and flanking coverage from PHM
  0:00:05.849    35M / 2998M INFO    General                 (coverage_filling.hpp      :  82)   Processed 38510 edges
  0:00:05.905     6M / 2998M INFO   StageManager             (stage.cpp                 : 185)   STAGE == EC Threshold Finding (id: ec_threshold_finder)
  0:00:05.906     6M / 2998M INFO    General                 (kmer_coverage_model.cpp   : 181)   Kmer coverage valley at: 0
  0:00:05.906     6M / 2998M INFO    General                 (kmer_coverage_model.cpp   : 201)   K-mer histogram maximum: 16
  0:00:05.906     6M / 2998M INFO    General                 (kmer_coverage_model.cpp   : 237)   Estimated median coverage: 18. Coverage mad: 7.413
  0:00:05.906     6M / 2998M INFO    General                 (kmer_coverage_model.cpp   : 259)   Fitting coverage model
  0:00:05.925     6M / 2998M INFO    General                 (kmer_coverage_model.cpp   : 295)   ... iteration 2
  0:00:05.976     6M / 2998M INFO    General                 (kmer_coverage_model.cpp   : 295)   ... iteration 4
  0:00:06.204     6M / 2998M INFO    General                 (kmer_coverage_model.cpp   : 295)   ... iteration 8
  0:00:06.620     6M / 2998M INFO    General                 (kmer_coverage_model.cpp   : 295)   ... iteration 16
  0:00:07.088     6M / 2998M INFO    General                 (kmer_coverage_model.cpp   : 309)   Fitted mean coverage: 18.5466. Fitted coverage std. dev: 5.90452
  0:00:07.091     6M / 2998M INFO    General                 (kmer_coverage_model.cpp   : 334)   Probability of erroneous kmer at valley: 0.996094
  0:00:07.091     6M / 2998M INFO    General                 (kmer_coverage_model.cpp   : 358)   Preliminary threshold calculated as: 8
  0:00:07.091     6M / 2998M INFO    General                 (kmer_coverage_model.cpp   : 362)   Threshold adjusted to: 8
  0:00:07.091     6M / 2998M INFO    General                 (kmer_coverage_model.cpp   : 375)   Estimated genome size (ignoring repeats): 3903824
  0:00:07.091     6M / 2998M INFO    General                 (genomic_info_filler.cpp   :  55)   Mean coverage was calculated as 18.5466
  0:00:07.091     6M / 2998M INFO    General                 (genomic_info_filler.cpp   :  70)   EC coverage threshold value was calculated as 8
  0:00:07.091     6M / 2998M INFO    General                 (genomic_info_filler.cpp   :  71)   Trusted kmer low bound: 0
  0:00:07.091     6M / 2998M INFO   StageManager             (stage.cpp                 : 185)   STAGE == Gap Closer (id: early_gapcloser)
  0:00:07.099    15M / 2998M INFO    General                 (edge_index.hpp            : 113)   Size of edge index entries: 12/8
  0:00:07.106    15M / 2998M INFO    General                 (gap_closer.cpp            : 101)   Total edges in tip neighborhood: 8483 out of 38510, length: 207205
  0:00:07.107    15M / 2998M INFO    General                 (edge_index.hpp            : 167)   Using small index (max_id = 38705)
  0:00:07.110    15M / 2998M INFO   K-mer Index Building     (kmer_index_builder.hpp    : 395)   Building perfect hash indices
  0:00:07.124    15M / 2998M INFO   K-mer Index Building     (kmer_index_builder.hpp    : 431)   Index built. Total 183347 kmers, 133176 bytes occupied (5.81088 bits per kmer).
  0:00:07.125    17M / 2998M INFO    General                 (edge_index_builders.hpp   : 265)   Collecting edge information from graph, this takes a while.
  0:00:07.996    17M / 2998M INFO    General                 (sequence_mapper_notifier.h:  95)   Total 444712 reads processed
  0:00:08.005    15M / 2998M INFO    General                 (gap_closer.cpp            : 452)   Initializing gap closer
  0:00:08.005    15M / 2998M INFO   GapCloser                (gap_closer.cpp            : 359)   Closing short gaps
  0:00:08.023    15M / 2998M INFO   GapCloser                (gap_closer.cpp            : 391)   Closing short gaps complete: filled 0 gaps after checking 22 candidates
  0:00:08.025    15M / 2998M INFO    General                 (gap_closer.cpp            : 456)   Gap closer done
  0:00:08.026     6M / 2998M INFO   StageManager             (stage.cpp                 : 185)   STAGE == Raw Simplification (id: raw_simplification)
  0:00:08.026     6M / 2998M INFO    General                 (simplification.cpp        : 127)   PROCEDURE == Initial cleaning
  0:00:08.026     6M / 2998M INFO    General                 (graph_simplification.hpp  : 662)   Flanking coverage based disconnection disabled
  0:00:08.026     6M / 2998M INFO   Simplification           (parallel_processing.hpp   : 167)   Running Self conjugate edge remover
  0:00:08.027     6M / 2998M INFO   Simplification           (parallel_processing.hpp   : 170)   Self conjugate edge remover triggered 0 times
  0:00:08.027     6M / 2998M INFO   StageManager             (stage.cpp                 : 185)   STAGE == Simplification (id: simplification)
  0:00:08.027     6M / 2998M INFO    General                 (simplification.cpp        : 368)   Graph simplification started
  0:00:08.027     6M / 2998M INFO    General                 (graph_simplification.hpp  : 634)   Creating parallel br instance
  0:00:08.027     6M / 2998M INFO    General                 (simplification.cpp        : 373)   PROCEDURE == Simplification cycle, iteration 1
  0:00:08.027     6M / 2998M INFO   Simplification           (parallel_processing.hpp   : 167)   Running Tip clipper
  0:00:08.121     5M / 2998M INFO   Simplification           (parallel_processing.hpp   : 170)   Tip clipper triggered 7153 times
  0:00:08.122     5M / 2998M INFO   Simplification           (parallel_processing.hpp   : 167)   Running Bulge remover
  0:00:08.198    12M / 2998M INFO   Simplification           (parallel_processing.hpp   : 170)   Bulge remover triggered 391 times
  0:00:08.199    12M / 2998M INFO   Simplification           (parallel_processing.hpp   : 167)   Running Low coverage edge remover
  0:00:08.199    12M / 2998M INFO   Simplification           (parallel_processing.hpp   : 170)   Low coverage edge remover triggered 1 times
  0:00:08.199    12M / 2998M INFO    General                 (simplification.cpp        : 373)   PROCEDURE == Simplification cycle, iteration 2
  0:00:08.199    12M / 2998M INFO   Simplification           (parallel_processing.hpp   : 167)   Running Tip clipper
  0:00:08.200    12M / 2998M INFO   Simplification           (parallel_processing.hpp   : 170)   Tip clipper triggered 0 times
  0:00:08.200    12M / 2998M INFO   Simplification           (parallel_processing.hpp   : 167)   Running Bulge remover
  0:00:08.200    12M / 2998M INFO   Simplification           (parallel_processing.hpp   : 170)   Bulge remover triggered 0 times
  0:00:08.200    12M / 2998M INFO   Simplification           (parallel_processing.hpp   : 167)   Running Low coverage edge remover
  0:00:08.205    12M / 2998M INFO   Simplification           (parallel_processing.hpp   : 170)   Low coverage edge remover triggered 207 times
  0:00:08.205    12M / 2998M INFO    General                 (simplification.cpp        : 373)   PROCEDURE == Simplification cycle, iteration 3
  0:00:08.206    12M / 2998M INFO   Simplification           (parallel_processing.hpp   : 167)   Running Tip clipper
  0:00:08.206    12M / 2998M INFO   Simplification           (parallel_processing.hpp   : 170)   Tip clipper triggered 20 times
  0:00:08.206    12M / 2998M INFO   Simplification           (parallel_processing.hpp   : 167)   Running Bulge remover
  0:00:08.217    13M / 2998M INFO   Simplification           (parallel_processing.hpp   : 170)   Bulge remover triggered 62 times
  0:00:08.217    13M / 2998M INFO   Simplification           (parallel_processing.hpp   : 167)   Running Low coverage edge remover
  0:00:08.219    13M / 2998M INFO   Simplification           (parallel_processing.hpp   : 170)   Low coverage edge remover triggered 30 times
  0:00:08.219    13M / 2998M INFO    General                 (simplification.cpp        : 373)   PROCEDURE == Simplification cycle, iteration 4
  0:00:08.219    13M / 2998M INFO   Simplification           (parallel_processing.hpp   : 167)   Running Tip clipper
  0:00:08.219    13M / 2998M INFO   Simplification           (parallel_processing.hpp   : 170)   Tip clipper triggered 1 times
  0:00:08.219    13M / 2998M INFO   Simplification           (parallel_processing.hpp   : 167)   Running Bulge remover
  0:00:08.221    13M / 2998M INFO   Simplification           (parallel_processing.hpp   : 170)   Bulge remover triggered 12 times
  0:00:08.221    13M / 2998M INFO   Simplification           (parallel_processing.hpp   : 167)   Running Low coverage edge remover
  0:00:08.221    13M / 2998M INFO   Simplification           (parallel_processing.hpp   : 170)   Low coverage edge remover triggered 3 times
  0:00:08.221    13M / 2998M INFO    General                 (simplification.cpp        : 373)   PROCEDURE == Simplification cycle, iteration 5
  0:00:08.221    13M / 2998M INFO   Simplification           (parallel_processing.hpp   : 167)   Running Tip clipper
  0:00:08.221    13M / 2998M INFO   Simplification           (parallel_processing.hpp   : 170)   Tip clipper triggered 0 times
  0:00:08.221    13M / 2998M INFO   Simplification           (parallel_processing.hpp   : 167)   Running Bulge remover
  0:00:08.222    13M / 2998M INFO   Simplification           (parallel_processing.hpp   : 170)   Bulge remover triggered 0 times
  0:00:08.222    13M / 2998M INFO   Simplification           (parallel_processing.hpp   : 167)   Running Low coverage edge remover
  0:00:08.222    13M / 2998M INFO   Simplification           (parallel_processing.hpp   : 170)   Low coverage edge remover triggered 0 times
  0:00:08.222    13M / 2998M INFO    General                 (simplification.cpp        : 373)   PROCEDURE == Simplification cycle, iteration 6
  0:00:08.222    13M / 2998M INFO   Simplification           (parallel_processing.hpp   : 167)   Running Tip clipper
  0:00:08.222    13M / 2998M INFO   Simplification           (parallel_processing.hpp   : 170)   Tip clipper triggered 0 times
  0:00:08.222    13M / 2998M INFO   Simplification           (parallel_processing.hpp   : 167)   Running Bulge remover
  0:00:08.222    13M / 2998M INFO   Simplification           (parallel_processing.hpp   : 170)   Bulge remover triggered 0 times
  0:00:08.222    13M / 2998M INFO   Simplification           (parallel_processing.hpp   : 167)   Running Low coverage edge remover
  0:00:08.222    13M / 2998M INFO   Simplification           (parallel_processing.hpp   : 170)   Low coverage edge remover triggered 1 times
  0:00:08.222    13M / 2998M INFO    General                 (simplification.cpp        : 373)   PROCEDURE == Simplification cycle, iteration 7
  0:00:08.222    13M / 2998M INFO   Simplification           (parallel_processing.hpp   : 167)   Running Tip clipper
  0:00:08.222    13M / 2998M INFO   Simplification           (parallel_processing.hpp   : 170)   Tip clipper triggered 0 times
  0:00:08.222    13M / 2998M INFO   Simplification           (parallel_processing.hpp   : 167)   Running Bulge remover
  0:00:08.222    13M / 2998M INFO   Simplification           (parallel_processing.hpp   : 170)   Bulge remover triggered 0 times
  0:00:08.222    13M / 2998M INFO   Simplification           (parallel_processing.hpp   : 167)   Running Low coverage edge remover
  0:00:08.222    13M / 2998M INFO   Simplification           (parallel_processing.hpp   : 170)   Low coverage edge remover triggered 2 times
  0:00:08.223    13M / 2998M INFO    General                 (simplification.cpp        : 373)   PROCEDURE == Simplification cycle, iteration 8
  0:00:08.223    13M / 2998M INFO   Simplification           (parallel_processing.hpp   : 167)   Running Tip clipper
  0:00:08.223    13M / 2998M INFO   Simplification           (parallel_processing.hpp   : 170)   Tip clipper triggered 0 times
  0:00:08.223    13M / 2998M INFO   Simplification           (parallel_processing.hpp   : 167)   Running Bulge remover
  0:00:08.223    13M / 2998M INFO   Simplification           (parallel_processing.hpp   : 170)   Bulge remover triggered 0 times
  0:00:08.223    13M / 2998M INFO   Simplification           (parallel_processing.hpp   : 167)   Running Low coverage edge remover
  0:00:08.223    13M / 2998M INFO   Simplification           (parallel_processing.hpp   : 170)   Low coverage edge remover triggered 2 times
  0:00:08.224    13M / 2998M INFO    General                 (simplification.cpp        : 373)   PROCEDURE == Simplification cycle, iteration 9
  0:00:08.224    13M / 2998M INFO   Simplification           (parallel_processing.hpp   : 167)   Running Tip clipper
  0:00:08.224    13M / 2998M INFO   Simplification           (parallel_processing.hpp   : 170)   Tip clipper triggered 0 times
  0:00:08.224    13M / 2998M INFO   Simplification           (parallel_processing.hpp   : 167)   Running Bulge remover
  0:00:08.224    13M / 2998M INFO   Simplification           (parallel_processing.hpp   : 170)   Bulge remover triggered 1 times
  0:00:08.224    13M / 2998M INFO   Simplification           (parallel_processing.hpp   : 167)   Running Low coverage edge remover
  0:00:08.224    13M / 2998M INFO   Simplification           (parallel_processing.hpp   : 170)   Low coverage edge remover triggered 2 times
  0:00:08.224    13M / 2998M INFO    General                 (simplification.cpp        : 373)   PROCEDURE == Simplification cycle, iteration 10
  0:00:08.224    13M / 2998M INFO   Simplification           (parallel_processing.hpp   : 167)   Running Tip clipper
  0:00:08.224    13M / 2998M INFO   Simplification           (parallel_processing.hpp   : 170)   Tip clipper triggered 0 times
  0:00:08.224    13M / 2998M INFO   Simplification           (parallel_processing.hpp   : 167)   Running Bulge remover
  0:00:08.224    13M / 2998M INFO   Simplification           (parallel_processing.hpp   : 170)   Bulge remover triggered 0 times
  0:00:08.224    13M / 2998M INFO   Simplification           (parallel_processing.hpp   : 167)   Running Low coverage edge remover
  0:00:08.224    13M / 2998M INFO   Simplification           (parallel_processing.hpp   : 170)   Low coverage edge remover triggered 2 times
  0:00:08.225    13M / 2998M INFO    General                 (simplification.cpp        : 373)   PROCEDURE == Simplification cycle, iteration 11
  0:00:08.225    13M / 2998M INFO   Simplification           (parallel_processing.hpp   : 167)   Running Tip clipper
  0:00:08.225    13M / 2998M INFO   Simplification           (parallel_processing.hpp   : 170)   Tip clipper triggered 0 times
  0:00:08.225    13M / 2998M INFO   Simplification           (parallel_processing.hpp   : 167)   Running Bulge remover
  0:00:08.227    13M / 2998M INFO   Simplification           (parallel_processing.hpp   : 170)   Bulge remover triggered 0 times
  0:00:08.227    13M / 2998M INFO   Simplification           (parallel_processing.hpp   : 167)   Running Low coverage edge remover
  0:00:08.227    13M / 2998M INFO   Simplification           (parallel_processing.hpp   : 170)   Low coverage edge remover triggered 0 times
  0:00:08.228    13M / 2998M INFO   StageManager             (stage.cpp                 : 185)   STAGE == Gap Closer (id: late_gapcloser)
  0:00:08.231    22M / 2998M INFO    General                 (edge_index.hpp            : 113)   Size of edge index entries: 12/8
  0:00:08.232    22M / 2998M INFO    General                 (gap_closer.cpp            : 101)   Total edges in tip neighborhood: 1249 out of 5806, length: 109190
  0:00:08.232    22M / 2998M INFO    General                 (edge_index.hpp            : 167)   Using small index (max_id = 38705)
  0:00:08.233    22M / 2998M INFO   K-mer Index Building     (kmer_index_builder.hpp    : 395)   Building perfect hash indices
  0:00:08.242    22M / 2998M INFO   K-mer Index Building     (kmer_index_builder.hpp    : 431)   Index built. Total 85432 kmers, 62448 bytes occupied (5.84774 bits per kmer).
  0:00:08.242    23M / 2998M INFO    General                 (edge_index_builders.hpp   : 265)   Collecting edge information from graph, this takes a while.
  0:00:09.621    23M / 2998M INFO    General                 (sequence_mapper_notifier.h:  95)   Total 444712 reads processed
  0:00:09.631    22M / 2998M INFO    General                 (gap_closer.cpp            : 452)   Initializing gap closer
  0:00:09.631    22M / 2998M INFO   GapCloser                (gap_closer.cpp            : 359)   Closing short gaps
  0:00:09.635    22M / 2998M INFO   GapCloser                (gap_closer.cpp            : 391)   Closing short gaps complete: filled 0 gaps after checking 2 candidates
  0:00:09.636    22M / 2998M INFO    General                 (gap_closer.cpp            : 456)   Gap closer done
  0:00:09.638    13M / 2998M INFO   StageManager             (stage.cpp                 : 185)   STAGE == Simplification Cleanup (id: simplification_cleanup)
  0:00:09.638    13M / 2998M INFO    General                 (simplification.cpp        : 176)   PROCEDURE == Post simplification
  0:00:09.638    13M / 2998M INFO    General                 (graph_simplification.hpp  : 448)   Disconnection of relatively low covered edges disabled
  0:00:09.638    13M / 2998M INFO    General                 (graph_simplification.hpp  : 485)   Complex tip clipping disabled
  0:00:09.638    13M / 2998M INFO    General                 (graph_simplification.hpp  : 634)   Creating parallel br instance
  0:00:09.638    13M / 2998M INFO   Simplification           (parallel_processing.hpp   : 167)   Running Tip clipper
  0:00:09.639    13M / 2998M INFO   Simplification           (parallel_processing.hpp   : 170)   Tip clipper triggered 0 times
  0:00:09.639    13M / 2998M INFO   Simplification           (parallel_processing.hpp   : 167)   Running Bulge remover
  0:00:09.644    13M / 2998M INFO   Simplification           (parallel_processing.hpp   : 170)   Bulge remover triggered 0 times
  0:00:09.644    13M / 2998M INFO   Simplification           (parallel_processing.hpp   : 167)   Running Tip clipper
  0:00:09.644    13M / 2998M INFO   Simplification           (parallel_processing.hpp   : 170)   Tip clipper triggered 0 times
  0:00:09.645    13M / 2998M INFO   Simplification           (parallel_processing.hpp   : 167)   Running Bulge remover
  0:00:09.648    13M / 2998M INFO   Simplification           (parallel_processing.hpp   : 170)   Bulge remover triggered 0 times
  0:00:09.649    13M / 2998M INFO    General                 (simplification.cpp        : 327)   Disrupting self-conjugate edges
  0:00:09.650    13M / 2998M INFO   Simplification           (parallel_processing.hpp   : 167)   Running Removing isolated edges
  0:00:09.652    13M / 2998M INFO   Simplification           (parallel_processing.hpp   : 170)   Removing isolated edges triggered 620 times
  0:00:09.652    13M / 2998M INFO    General                 (simplification.cpp        : 495)   After simplification:
  0:00:09.652    13M / 2998M INFO    General                 (simplification.cpp        : 496)     Average coverage = 20.6314
  0:00:09.652    13M / 2998M INFO    General                 (simplification.cpp        : 497)     Total length = 3962039
  0:00:09.653    13M / 2998M INFO    General                 (simplification.cpp        : 498)     Median edge length: 24883
  0:00:09.653    13M / 2998M INFO    General                 (simplification.cpp        : 499)     Edges: 4566
  0:00:09.653    13M / 2998M INFO    General                 (simplification.cpp        : 500)     Vertices: 2966
  0:00:09.653    13M / 2998M INFO   StageManager             (stage.cpp                 : 185)   STAGE == Contig Output (id: contig_output)
  0:00:09.653    13M / 2998M INFO    General                 (read_converter.cpp        : 107)   Outputting contigs to /data/djs217/PROJECTS/10_X_fragariae_feb_2024/04_spades/NCPPB_1822.spades/K99/simplified_contigs
  0:00:09.658    15M / 2998M INFO    General                 (binary_converter.cpp      : 111)   2283 reads written
  0:00:09.664    13M / 2998M INFO    General                 (pipeline.cpp              : 287)   SPAdes finished
  0:00:09.678     1M / 2998M INFO    General                 (main.cpp                  : 136)   Assembling time: 0 hours 0 minutes 9 seconds

===== K99 finished. 


===== K127 started. 


== Running: /data/djs217/anaconda3/envs/spades-env/bin/spades-core /data/djs217/PROJECTS/10_X_fragariae_feb_2024/04_spades/NCPPB_1822.spades/K127/configs/config.info /data/djs217/PROJECTS/10_X_fragariae_feb_2024/04_spades/NCPPB_1822.spades/K127/configs/careful_mode.info

  0:00:00.000     1M / 19M   INFO    General                 (main.cpp                  :  99)   Loaded config from /data/djs217/PROJECTS/10_X_fragariae_feb_2024/04_spades/NCPPB_1822.spades/K127/configs/config.info
  0:00:00.001     1M / 19M   INFO    General                 (main.cpp                  :  99)   Loaded config from /data/djs217/PROJECTS/10_X_fragariae_feb_2024/04_spades/NCPPB_1822.spades/K127/configs/careful_mode.info
  0:00:00.001     1M / 19M   INFO    General                 (memory_limit.cpp          :  54)   Memory limit set to 62 Gb
  0:00:00.001     1M / 19M   INFO    General                 (main.cpp                  : 107)   Starting SPAdes, built from N/A, git revision N/A
  0:00:00.001     1M / 19M   INFO    General                 (main.cpp                  : 108)   Maximum k-mer length: 128
  0:00:00.001     1M / 19M   INFO    General                 (main.cpp                  : 109)   Assembling dataset (/data/djs217/PROJECTS/10_X_fragariae_feb_2024/04_spades/NCPPB_1822.spades/dataset.info) with K=127
  0:00:00.001     1M / 19M   INFO    General                 (main.cpp                  : 110)   Maximum # of threads to use (adjusted due to OMP capabilities): 16
  0:00:00.002     1M / 19M   INFO    General                 (pipeline.cpp              : 212)   SPAdes started
  0:00:00.002     1M / 19M   INFO    General                 (pipeline.cpp              : 225)   Starting from stage: read_conversion
  0:00:00.002     1M / 19M   INFO    General                 (pipeline.cpp              : 231)   Two-step repeat resolution disabled
  0:00:00.002     1M / 19M   INFO   GraphCore                (graph_core.hpp            : 672)   Graph created, vertex min_id: 3, edge min_id: 3
  0:00:00.002     1M / 19M   INFO   GraphCore                (graph_core.hpp            : 673)   Vertex size: 48, edge size: 40
  0:00:00.002     1M / 19M   INFO    General                 (edge_index.hpp            : 113)   Size of edge index entries: 12/8
  0:00:00.002     1M / 19M   INFO    General                 (pipeline.cpp              : 242)   Will need read mapping, kmer mapper will be attached
  0:00:00.002     1M / 19M   INFO   StageManager             (stage.cpp                 : 185)   STAGE == Binary Read Conversion (id: read_conversion)
  0:00:00.003     1M / 19M   INFO    General                 (read_converter.cpp        :  53)   Binary reads detected
  0:00:00.007     1M / 19M   INFO   StageManager             (stage.cpp                 : 185)   STAGE == de Bruijn graph construction (id: construction)
  0:00:00.007     1M / 19M   INFO    General                 (construction.cpp          : 118)   Contigs from previous K will be used: /data/djs217/PROJECTS/10_X_fragariae_feb_2024/04_spades/NCPPB_1822.spades/K99/simplified_contigs
  0:00:00.051     1M / 19M   INFO    General                 (construction.cpp          : 153)   Max read length 301
  0:00:00.052     1M / 19M   INFO    General                 (construction.cpp          : 159)   Average read length 188.463
  0:00:00.052     1M / 19M   INFO    General                 (stage.cpp                 : 117)   PROCEDURE == k+1-mer counting (id: construction:kpomer_counting)
  0:00:00.052     1M / 19M   INFO    General                 (kmer_index_builder.hpp    : 243)   Splitting kmer instances into 160 files using 16 threads. This might take a while.
  0:00:00.052     1M / 19M   INFO    General                 (file_limit.hpp            :  42)   Open file limit set to 1024
  0:00:00.052     1M / 19M   INFO    General                 (kmer_splitter.hpp         :  93)   Memory available for splitting buffers: 1.29165 Gb
  0:00:00.052     1M / 19M   INFO    General                 (kmer_splitter.hpp         : 101)   Using cell size of 104857
  0:00:01.188  9601M / 9601M INFO    General                 (kmer_splitters.hpp        : 125)   Processed 1785338 reads
  0:00:01.197     1M / 2223M INFO    General                 (kmer_splitters.hpp        : 131)   Used 1785338 reads
  0:00:01.374     1M / 2223M INFO    General                 (kmer_index_builder.hpp    : 249)   Starting k-mer counting.
  0:00:01.487     1M / 2223M INFO    General                 (kmer_index_builder.hpp    : 260)   K-mer counting done. There are 4210553 kmers in total.
  0:00:01.487     1M / 2223M INFO    General                 (stage.cpp                 : 117)   PROCEDURE == Extension index construction (id: construction:extension_index_construction)
  0:00:01.490     1M / 2223M INFO   K-mer Index Building     (kmer_index_builder.hpp    : 438)   Building kmer index
  0:00:01.490     1M / 2223M INFO    General                 (kmer_index_builder.hpp    : 243)   Splitting kmer instances into 160 files using 16 threads. This might take a while.
  0:00:01.491     1M / 2223M INFO    General                 (file_limit.hpp            :  42)   Open file limit set to 1024
  0:00:01.491     1M / 2223M INFO    General                 (kmer_splitter.hpp         :  93)   Memory available for splitting buffers: 1.29165 Gb
  0:00:01.491     1M / 2223M INFO    General                 (kmer_splitter.hpp         : 101)   Using cell size of 104857
  0:00:01.854  9602M / 9602M INFO    General                 (kmer_splitters.hpp        : 194)   Processed 4210553 kmers
  0:00:01.854  9602M / 9602M INFO    General                 (kmer_splitters.hpp        : 199)   Used 4210553 kmers.
  0:00:01.858     2M / 2223M INFO    General                 (kmer_index_builder.hpp    : 249)   Starting k-mer counting.
  0:00:02.017     2M / 2223M INFO    General                 (kmer_index_builder.hpp    : 260)   K-mer counting done. There are 4210392 kmers in total.
  0:00:02.017     2M / 2223M INFO   K-mer Index Building     (kmer_index_builder.hpp    : 395)   Building perfect hash indices
  0:00:02.354     5M / 2223M INFO   K-mer Index Building     (kmer_index_builder.hpp    : 431)   Index built. Total 4210392 kmers, 3161176 bytes occupied (6.00643 bits per kmer).
  0:00:02.354     5M / 2223M INFO    General                 (kmer_index_builder.hpp    : 169)   Merging final buckets.
  0:00:02.844     9M / 2223M INFO   DeBruijnExtensionIndexBu (kmer_extension_index_build: 100)   Building k-mer extensions from k+1-mers
  0:00:03.098     9M / 2223M INFO   DeBruijnExtensionIndexBu (kmer_extension_index_build: 105)   Building k-mer extensions from k+1-mers finished.
  0:00:03.113     9M / 2223M INFO    General                 (stage.cpp                 : 117)   PROCEDURE == Condensing graph (id: construction:graph_condensing)
  0:00:03.114     9M / 2223M INFO   UnbranchingPathExtractor (debruijn_graph_constructor: 354)   Extracting unbranching paths
  0:00:03.271    11M / 2223M INFO   UnbranchingPathExtractor (debruijn_graph_constructor: 373)   Extracting unbranching paths finished. 16976 sequences extracted
  0:00:03.420    11M / 2223M INFO   UnbranchingPathExtractor (debruijn_graph_constructor: 309)   Collecting perfect loops
  0:00:03.462    11M / 2223M INFO   UnbranchingPathExtractor (debruijn_graph_constructor: 342)   Collecting perfect loops finished. 0 loops collected
  0:00:03.478    11M / 2223M INFO    General                 (debruijn_graph_constructor: 487)   Total 33952 edges to create
  0:00:03.478    13M / 2223M INFO    General                 (debruijn_graph_constructor: 489)   Collecting link records
  0:00:03.506    13M / 2223M INFO    General                 (debruijn_graph_constructor: 491)   Ordering link records
  0:00:03.507    13M / 2223M INFO    General                 (debruijn_graph_constructor: 493)   Sorting done
  0:00:03.508    14M / 2223M INFO    General                 (debruijn_graph_constructor: 503)   Total 16815 vertices to create
  0:00:03.508    15M / 2223M INFO    General                 (debruijn_graph_constructor: 506)   Connecting the graph
  0:00:03.534    14M / 2223M INFO    General                 (stage.cpp                 : 117)   PROCEDURE == Filling coverage indices (PHM) (id: construction:coverage_filling_phm)
  0:00:03.534    14M / 2223M INFO   K-mer Index Building     (kmer_index_builder.hpp    : 395)   Building perfect hash indices
  0:00:03.813    18M / 2223M INFO   K-mer Index Building     (kmer_index_builder.hpp    : 431)   Index built. Total 4210553 kmers, 3161304 bytes occupied (6.00644 bits per kmer).
  0:00:03.820    35M / 2223M INFO    General                 (coverage_hash_map_builder.:  47)   Collecting k-mer coverage information from reads, this takes a while.
  0:00:04.932    35M / 2223M INFO    General                 (construction.cpp          : 430)   Filling coverage and flanking coverage from PHM
  0:00:05.046    35M / 2223M INFO    General                 (coverage_filling.hpp      :  82)   Processed 33952 edges
  0:00:05.102     6M / 2223M INFO   StageManager             (stage.cpp                 : 185)   STAGE == EC Threshold Finding (id: ec_threshold_finder)
  0:00:05.103     6M / 2223M INFO    General                 (kmer_coverage_model.cpp   : 181)   Kmer coverage valley at: 0
  0:00:05.103     6M / 2223M INFO    General                 (kmer_coverage_model.cpp   : 201)   K-mer histogram maximum: 11
  0:00:05.103     6M / 2223M INFO    General                 (kmer_coverage_model.cpp   : 237)   Estimated median coverage: 13. Coverage mad: 7.413
  0:00:05.103     6M / 2223M INFO    General                 (kmer_coverage_model.cpp   : 259)   Fitting coverage model
  0:00:05.112     6M / 2223M INFO    General                 (kmer_coverage_model.cpp   : 295)   ... iteration 2
  0:00:05.134     6M / 2223M INFO    General                 (kmer_coverage_model.cpp   : 295)   ... iteration 4
  0:00:05.276     6M / 2223M INFO    General                 (kmer_coverage_model.cpp   : 295)   ... iteration 8
  0:00:05.620     6M / 2223M INFO    General                 (kmer_coverage_model.cpp   : 295)   ... iteration 16
  0:00:06.215     6M / 2223M INFO    General                 (kmer_coverage_model.cpp   : 295)   ... iteration 32
  0:00:06.721     6M / 2223M INFO    General                 (kmer_coverage_model.cpp   : 309)   Fitted mean coverage: 13.5699. Fitted coverage std. dev: 4.90172
  0:00:06.722     6M / 2223M INFO    General                 (kmer_coverage_model.cpp   : 334)   Probability of erroneous kmer at valley: 0.979336
  0:00:06.722     6M / 2223M INFO    General                 (kmer_coverage_model.cpp   : 358)   Preliminary threshold calculated as: 6
  0:00:06.722     6M / 2223M INFO    General                 (kmer_coverage_model.cpp   : 362)   Threshold adjusted to: 6
  0:00:06.723     6M / 2223M INFO    General                 (kmer_coverage_model.cpp   : 375)   Estimated genome size (ignoring repeats): 3867959
  0:00:06.723     6M / 2223M INFO    General                 (genomic_info_filler.cpp   :  55)   Mean coverage was calculated as 13.5699
  0:00:06.723     6M / 2223M INFO    General                 (genomic_info_filler.cpp   :  70)   EC coverage threshold value was calculated as 6
  0:00:06.723     6M / 2223M INFO    General                 (genomic_info_filler.cpp   :  71)   Trusted kmer low bound: 0
  0:00:06.723     6M / 2223M INFO   StageManager             (stage.cpp                 : 185)   STAGE == Gap Closer (id: early_gapcloser)
  0:00:06.728    15M / 2223M INFO    General                 (edge_index.hpp            : 113)   Size of edge index entries: 12/8
  0:00:06.736    15M / 2223M INFO    General                 (gap_closer.cpp            : 101)   Total edges in tip neighborhood: 8411 out of 33952, length: 228397
  0:00:06.736    15M / 2223M INFO    General                 (edge_index.hpp            : 167)   Using small index (max_id = 34124)
  0:00:06.740    15M / 2223M INFO   K-mer Index Building     (kmer_index_builder.hpp    : 395)   Building perfect hash indices
  0:00:06.752    15M / 2223M INFO   K-mer Index Building     (kmer_index_builder.hpp    : 431)   Index built. Total 193305 kmers, 140368 bytes occupied (5.80918 bits per kmer).
  0:00:06.753    17M / 2223M INFO    General                 (edge_index_builders.hpp   : 265)   Collecting edge information from graph, this takes a while.
  0:00:07.404    17M / 2223M INFO    General                 (sequence_mapper_notifier.h:  95)   Total 444712 reads processed
  0:00:07.411    15M / 2223M INFO    General                 (gap_closer.cpp            : 452)   Initializing gap closer
  0:00:07.412    15M / 2223M INFO   GapCloser                (gap_closer.cpp            : 359)   Closing short gaps
  0:00:07.425    15M / 2223M INFO   GapCloser                (gap_closer.cpp            : 391)   Closing short gaps complete: filled 0 gaps after checking 34 candidates
  0:00:07.426    15M / 2223M INFO    General                 (gap_closer.cpp            : 456)   Gap closer done
  0:00:07.428     6M / 2223M INFO   StageManager             (stage.cpp                 : 185)   STAGE == Raw Simplification (id: raw_simplification)
  0:00:07.428     6M / 2223M INFO    General                 (simplification.cpp        : 127)   PROCEDURE == Initial cleaning
  0:00:07.428     6M / 2223M INFO    General                 (simplification.cpp        :  61)   Most init cleaning disabled on main iteration
  0:00:07.428     6M / 2223M INFO   Simplification           (parallel_processing.hpp   : 167)   Running Self conjugate edge remover
  0:00:07.428     6M / 2223M INFO   Simplification           (parallel_processing.hpp   : 170)   Self conjugate edge remover triggered 0 times
  0:00:07.428     6M / 2223M INFO   StageManager             (stage.cpp                 : 185)   STAGE == Simplification (id: simplification)
  0:00:07.428     6M / 2223M INFO    General                 (simplification.cpp        : 368)   Graph simplification started
  0:00:07.428     6M / 2223M INFO    General                 (graph_simplification.hpp  : 634)   Creating parallel br instance
  0:00:07.428     6M / 2223M INFO    General                 (simplification.cpp        : 373)   PROCEDURE == Simplification cycle, iteration 1
  0:00:07.428     6M / 2223M INFO   Simplification           (parallel_processing.hpp   : 167)   Running Tip clipper
  0:00:07.558     5M / 2223M INFO   Simplification           (parallel_processing.hpp   : 170)   Tip clipper triggered 6453 times
  0:00:07.558     5M / 2223M INFO   Simplification           (parallel_processing.hpp   : 167)   Running Bulge remover
  0:00:07.641    10M / 2223M INFO   Simplification           (parallel_processing.hpp   : 170)   Bulge remover triggered 218 times
  0:00:07.642    10M / 2223M INFO   Simplification           (parallel_processing.hpp   : 167)   Running Low coverage edge remover
  0:00:07.642    10M / 2223M INFO   Simplification           (parallel_processing.hpp   : 170)   Low coverage edge remover triggered 1 times
  0:00:07.642    10M / 2223M INFO    General                 (simplification.cpp        : 373)   PROCEDURE == Simplification cycle, iteration 2
  0:00:07.642    10M / 2223M INFO   Simplification           (parallel_processing.hpp   : 167)   Running Tip clipper
  0:00:07.643    10M / 2223M INFO   Simplification           (parallel_processing.hpp   : 170)   Tip clipper triggered 0 times
  0:00:07.643    10M / 2223M INFO   Simplification           (parallel_processing.hpp   : 167)   Running Bulge remover
  0:00:07.643    10M / 2223M INFO   Simplification           (parallel_processing.hpp   : 170)   Bulge remover triggered 0 times
  0:00:07.643    10M / 2223M INFO   Simplification           (parallel_processing.hpp   : 167)   Running Low coverage edge remover
  0:00:07.647    10M / 2223M INFO   Simplification           (parallel_processing.hpp   : 170)   Low coverage edge remover triggered 94 times
  0:00:07.647    10M / 2223M INFO    General                 (simplification.cpp        : 373)   PROCEDURE == Simplification cycle, iteration 3
  0:00:07.647    10M / 2223M INFO   Simplification           (parallel_processing.hpp   : 167)   Running Tip clipper
  0:00:07.647    10M / 2223M INFO   Simplification           (parallel_processing.hpp   : 170)   Tip clipper triggered 17 times
  0:00:07.647    10M / 2223M INFO   Simplification           (parallel_processing.hpp   : 167)   Running Bulge remover
  0:00:07.658    10M / 2223M INFO   Simplification           (parallel_processing.hpp   : 170)   Bulge remover triggered 26 times
  0:00:07.658    10M / 2223M INFO   Simplification           (parallel_processing.hpp   : 167)   Running Low coverage edge remover
  0:00:07.659    10M / 2223M INFO   Simplification           (parallel_processing.hpp   : 170)   Low coverage edge remover triggered 11 times
  0:00:07.659    10M / 2223M INFO    General                 (simplification.cpp        : 373)   PROCEDURE == Simplification cycle, iteration 4
  0:00:07.659    10M / 2223M INFO   Simplification           (parallel_processing.hpp   : 167)   Running Tip clipper
  0:00:07.659    10M / 2223M INFO   Simplification           (parallel_processing.hpp   : 170)   Tip clipper triggered 0 times
  0:00:07.659    10M / 2223M INFO   Simplification           (parallel_processing.hpp   : 167)   Running Bulge remover
  0:00:07.660    11M / 2223M INFO   Simplification           (parallel_processing.hpp   : 170)   Bulge remover triggered 1 times
  0:00:07.660    11M / 2223M INFO   Simplification           (parallel_processing.hpp   : 167)   Running Low coverage edge remover
  0:00:07.660    11M / 2223M INFO   Simplification           (parallel_processing.hpp   : 170)   Low coverage edge remover triggered 10 times
  0:00:07.661    11M / 2223M INFO    General                 (simplification.cpp        : 373)   PROCEDURE == Simplification cycle, iteration 5
  0:00:07.661    11M / 2223M INFO   Simplification           (parallel_processing.hpp   : 167)   Running Tip clipper
  0:00:07.661    11M / 2223M INFO   Simplification           (parallel_processing.hpp   : 170)   Tip clipper triggered 0 times
  0:00:07.661    11M / 2223M INFO   Simplification           (parallel_processing.hpp   : 167)   Running Bulge remover
  0:00:07.662    11M / 2223M INFO   Simplification           (parallel_processing.hpp   : 170)   Bulge remover triggered 3 times
  0:00:07.662    11M / 2223M INFO   Simplification           (parallel_processing.hpp   : 167)   Running Low coverage edge remover
  0:00:07.662    11M / 2223M INFO   Simplification           (parallel_processing.hpp   : 170)   Low coverage edge remover triggered 3 times
  0:00:07.663    11M / 2223M INFO    General                 (simplification.cpp        : 373)   PROCEDURE == Simplification cycle, iteration 6
  0:00:07.663    11M / 2223M INFO   Simplification           (parallel_processing.hpp   : 167)   Running Tip clipper
  0:00:07.663    11M / 2223M INFO   Simplification           (parallel_processing.hpp   : 170)   Tip clipper triggered 0 times
  0:00:07.663    11M / 2223M INFO   Simplification           (parallel_processing.hpp   : 167)   Running Bulge remover
  0:00:07.663    11M / 2223M INFO   Simplification           (parallel_processing.hpp   : 170)   Bulge remover triggered 0 times
  0:00:07.664    11M / 2223M INFO   Simplification           (parallel_processing.hpp   : 167)   Running Low coverage edge remover
  0:00:07.664    11M / 2223M INFO   Simplification           (parallel_processing.hpp   : 170)   Low coverage edge remover triggered 2 times
  0:00:07.664    11M / 2223M INFO    General                 (simplification.cpp        : 373)   PROCEDURE == Simplification cycle, iteration 7
  0:00:07.664    11M / 2223M INFO   Simplification           (parallel_processing.hpp   : 167)   Running Tip clipper
  0:00:07.664    11M / 2223M INFO   Simplification           (parallel_processing.hpp   : 170)   Tip clipper triggered 0 times
  0:00:07.664    11M / 2223M INFO   Simplification           (parallel_processing.hpp   : 167)   Running Bulge remover
  0:00:07.664    11M / 2223M INFO   Simplification           (parallel_processing.hpp   : 170)   Bulge remover triggered 0 times
  0:00:07.664    11M / 2223M INFO   Simplification           (parallel_processing.hpp   : 167)   Running Low coverage edge remover
  0:00:07.664    11M / 2223M INFO   Simplification           (parallel_processing.hpp   : 170)   Low coverage edge remover triggered 3 times
  0:00:07.664    11M / 2223M INFO    General                 (simplification.cpp        : 373)   PROCEDURE == Simplification cycle, iteration 8
  0:00:07.664    11M / 2223M INFO   Simplification           (parallel_processing.hpp   : 167)   Running Tip clipper
  0:00:07.664    11M / 2223M INFO   Simplification           (parallel_processing.hpp   : 170)   Tip clipper triggered 0 times
  0:00:07.664    11M / 2223M INFO   Simplification           (parallel_processing.hpp   : 167)   Running Bulge remover
  0:00:07.664    11M / 2223M INFO   Simplification           (parallel_processing.hpp   : 170)   Bulge remover triggered 0 times
  0:00:07.664    11M / 2223M INFO   Simplification           (parallel_processing.hpp   : 167)   Running Low coverage edge remover
  0:00:07.664    11M / 2223M INFO   Simplification           (parallel_processing.hpp   : 170)   Low coverage edge remover triggered 1 times
  0:00:07.664    11M / 2223M INFO    General                 (simplification.cpp        : 373)   PROCEDURE == Simplification cycle, iteration 9
  0:00:07.664    11M / 2223M INFO   Simplification           (parallel_processing.hpp   : 167)   Running Tip clipper
  0:00:07.664    11M / 2223M INFO   Simplification           (parallel_processing.hpp   : 170)   Tip clipper triggered 0 times
  0:00:07.664    11M / 2223M INFO   Simplification           (parallel_processing.hpp   : 167)   Running Bulge remover
  0:00:07.664    11M / 2223M INFO   Simplification           (parallel_processing.hpp   : 170)   Bulge remover triggered 0 times
  0:00:07.664    11M / 2223M INFO   Simplification           (parallel_processing.hpp   : 167)   Running Low coverage edge remover
  0:00:07.664    11M / 2223M INFO   Simplification           (parallel_processing.hpp   : 170)   Low coverage edge remover triggered 5 times
  0:00:07.664    11M / 2223M INFO    General                 (simplification.cpp        : 373)   PROCEDURE == Simplification cycle, iteration 10
  0:00:07.665    11M / 2223M INFO   Simplification           (parallel_processing.hpp   : 167)   Running Tip clipper
  0:00:07.665    11M / 2223M INFO   Simplification           (parallel_processing.hpp   : 170)   Tip clipper triggered 0 times
  0:00:07.665    11M / 2223M INFO   Simplification           (parallel_processing.hpp   : 167)   Running Bulge remover
  0:00:07.665    11M / 2223M INFO   Simplification           (parallel_processing.hpp   : 170)   Bulge remover triggered 1 times
  0:00:07.665    11M / 2223M INFO   Simplification           (parallel_processing.hpp   : 167)   Running Low coverage edge remover
  0:00:07.665    11M / 2223M INFO   Simplification           (parallel_processing.hpp   : 170)   Low coverage edge remover triggered 4 times
  0:00:07.665    11M / 2223M INFO    General                 (simplification.cpp        : 373)   PROCEDURE == Simplification cycle, iteration 11
  0:00:07.665    11M / 2223M INFO   Simplification           (parallel_processing.hpp   : 167)   Running Tip clipper
  0:00:07.665    11M / 2223M INFO   Simplification           (parallel_processing.hpp   : 170)   Tip clipper triggered 0 times
  0:00:07.665    11M / 2223M INFO   Simplification           (parallel_processing.hpp   : 167)   Running Bulge remover
  0:00:07.668    11M / 2223M INFO   Simplification           (parallel_processing.hpp   : 170)   Bulge remover triggered 0 times
  0:00:07.668    11M / 2223M INFO   Simplification           (parallel_processing.hpp   : 167)   Running Low coverage edge remover
  0:00:07.669    11M / 2223M INFO   Simplification           (parallel_processing.hpp   : 170)   Low coverage edge remover triggered 0 times
  0:00:07.669    11M / 2223M INFO   StageManager             (stage.cpp                 : 185)   STAGE == Gap Closer (id: late_gapcloser)
  0:00:07.674    20M / 2223M INFO    General                 (edge_index.hpp            : 113)   Size of edge index entries: 12/8
  0:00:07.675    20M / 2223M INFO    General                 (gap_closer.cpp            : 101)   Total edges in tip neighborhood: 1869 out of 5954, length: 130932
  0:00:07.675    20M / 2223M INFO    General                 (edge_index.hpp            : 167)   Using small index (max_id = 34124)
  0:00:07.677    20M / 2223M INFO   K-mer Index Building     (kmer_index_builder.hpp    : 395)   Building perfect hash indices
  0:00:07.691    20M / 2223M INFO   K-mer Index Building     (kmer_index_builder.hpp    : 431)   Index built. Total 96303 kmers, 70304 bytes occupied (5.84023 bits per kmer).
  0:00:07.691    20M / 2223M INFO    General                 (edge_index_builders.hpp   : 265)   Collecting edge information from graph, this takes a while.
  0:00:08.876    21M / 2223M INFO    General                 (sequence_mapper_notifier.h:  95)   Total 444712 reads processed
  0:00:08.885    20M / 2223M INFO    General                 (gap_closer.cpp            : 452)   Initializing gap closer
  0:00:08.885    20M / 2223M INFO   GapCloser                (gap_closer.cpp            : 359)   Closing short gaps
  0:00:08.890    20M / 2223M INFO   GapCloser                (gap_closer.cpp            : 391)   Closing short gaps complete: filled 0 gaps after checking 2 candidates
  0:00:08.890    20M / 2223M INFO    General                 (gap_closer.cpp            : 456)   Gap closer done
  0:00:08.892    11M / 2223M INFO   StageManager             (stage.cpp                 : 185)   STAGE == Simplification Cleanup (id: simplification_cleanup)
  0:00:08.892    11M / 2223M INFO    General                 (simplification.cpp        : 176)   PROCEDURE == Post simplification
  0:00:08.892    11M / 2223M INFO    General                 (graph_simplification.hpp  : 448)   Disconnection of relatively low covered edges disabled
  0:00:08.892    11M / 2223M INFO    General                 (graph_simplification.hpp  : 485)   Complex tip clipping disabled
  0:00:08.892    11M / 2223M INFO    General                 (graph_simplification.hpp  : 634)   Creating parallel br instance
  0:00:08.892    11M / 2223M INFO   Simplification           (parallel_processing.hpp   : 167)   Running Tip clipper
  0:00:08.893    11M / 2223M INFO   Simplification           (parallel_processing.hpp   : 170)   Tip clipper triggered 0 times
  0:00:08.893    11M / 2223M INFO   Simplification           (parallel_processing.hpp   : 167)   Running Bulge remover
  0:00:08.897    11M / 2223M INFO   Simplification           (parallel_processing.hpp   : 170)   Bulge remover triggered 0 times
  0:00:08.897    11M / 2223M INFO   Simplification           (parallel_processing.hpp   : 167)   Running Tip clipper
  0:00:08.897    11M / 2223M INFO   Simplification           (parallel_processing.hpp   : 170)   Tip clipper triggered 0 times
  0:00:08.897    11M / 2223M INFO   Simplification           (parallel_processing.hpp   : 167)   Running Bulge remover
  0:00:08.901    11M / 2223M INFO   Simplification           (parallel_processing.hpp   : 170)   Bulge remover triggered 0 times
  0:00:08.901    11M / 2223M INFO    General                 (simplification.cpp        : 327)   Disrupting self-conjugate edges
  0:00:08.902    11M / 2223M INFO   Simplification           (parallel_processing.hpp   : 167)   Running Removing isolated edges
  0:00:08.904    11M / 2223M INFO   Simplification           (parallel_processing.hpp   : 170)   Removing isolated edges triggered 930 times
  0:00:08.905    11M / 2223M INFO    General                 (simplification.cpp        : 495)   After simplification:
  0:00:08.905    11M / 2223M INFO    General                 (simplification.cpp        : 496)     Average coverage = 15.0877
  0:00:08.905    11M / 2223M INFO    General                 (simplification.cpp        : 497)     Total length = 3986719
  0:00:08.905    11M / 2223M INFO    General                 (simplification.cpp        : 498)     Median edge length: 25118
  0:00:08.905    11M / 2223M INFO    General                 (simplification.cpp        : 499)     Edges: 4094
  0:00:08.905    11M / 2223M INFO    General                 (simplification.cpp        : 500)     Vertices: 2678
  0:00:08.905    11M / 2223M INFO   StageManager             (stage.cpp                 : 185)   STAGE == Mismatch Correction (id: mismatch_correction)
  0:00:08.905    11M / 2223M INFO    General                 (graph_pack.cpp            :  67)   Index refill
  0:00:08.905    11M / 2223M INFO    General                 (edge_index.hpp            : 156)   Using small index (max_id = 34124)
  0:00:08.927    11M / 2223M INFO   K-mer Index Building     (kmer_index_builder.hpp    : 395)   Building perfect hash indices
  0:00:09.162    13M / 2223M INFO   K-mer Index Building     (kmer_index_builder.hpp    : 431)   Index built. Total 3986719 kmers, 2880192 bytes occupied (5.77957 bits per kmer).
  0:00:09.171    44M / 2223M INFO    General                 (edge_index_builders.hpp   : 252)   Collecting edge information from graph, this takes a while.
  0:00:09.319    44M / 2223M INFO    General                 (graph_pack.cpp            :  77)   Normalizing k-mer map. Total 69232 kmers to process
  0:00:09.334    44M / 2223M INFO    General                 (graph_pack.cpp            :  79)   Normalizing done
  0:00:09.334    44M / 2223M INFO    General                 (mismatch_correction.cpp   : 400)   Collect potential mismatches
  0:00:09.354    45M / 2223M INFO    General                 (mismatch_correction.cpp   : 192)   Total 1182 edges (out of 4094) with 11560 potential mismatch positions (9.78003 positions per edge)
  0:00:09.354    45M / 2223M INFO    General                 (mismatch_correction.cpp   : 402)   Potential mismatches collected
  0:00:09.848    53M / 2223M INFO    General                 (sequence_mapper_notifier.h:  95)   Total 1780772 reads processed
  0:00:09.864    45M / 2223M INFO    General                 (mismatch_correction.cpp   : 395)   All edges processed
  0:00:09.865    44M / 2223M INFO    General                 (mismatch_correction.cpp   : 450)   Corrected 0 nucleotides
  0:00:09.865    44M / 2223M INFO   StageManager             (stage.cpp                 : 185)   STAGE == Contig Output (id: contig_output)
  0:00:09.865    44M / 2223M INFO    General                 (contig_output.hpp         :  16)   Outputting contigs to /data/djs217/PROJECTS/10_X_fragariae_feb_2024/04_spades/NCPPB_1822.spades/K127/before_rr.fasta
  0:00:09.889    44M / 2223M INFO    General                 (contig_output_stage.cpp   : 151)   Writing GFA graph to /data/djs217/PROJECTS/10_X_fragariae_feb_2024/04_spades/NCPPB_1822.spades/K127/assembly_graph_after_simplification.gfa
  0:00:09.906    44M / 2223M INFO   StageManager             (stage.cpp                 : 185)   STAGE == Paired Information Counting (id: late_pair_info_count)
  0:00:09.910    45M / 2223M INFO    General                 (graph_pack.cpp            :  77)   Normalizing k-mer map. Total 69232 kmers to process
  0:00:09.910    45M / 2223M INFO    General                 (graph_pack.cpp            :  79)   Normalizing done
  0:00:09.910    45M / 2223M INFO    General                 (pair_info_count.cpp       : 339)   Min edge length for estimation: 25118
  0:00:09.910    45M / 2223M INFO    General                 (pair_info_count.cpp       : 350)   Estimating insert size for library #0
  0:00:09.910    45M / 2223M INFO    General                 (pair_info_count.cpp       : 202)   Estimating insert size (takes a while)
  0:00:10.053   317M / 2223M INFO    General                 (pair_info_count.cpp       :  48)   Selecting usual mapper
  0:00:10.634   317M / 2223M INFO    General                 (sequence_mapper_notifier.h:  95)   Total 444712 reads processed
  0:00:10.733   317M / 2223M INFO    General                 (pair_info_count.cpp       : 220)   Edge pairs: 114678
  0:00:10.733   317M / 2223M INFO    General                 (pair_info_count.cpp       : 222)   156547 paired reads (35.2019% of all) aligned to long edges
  0:00:10.734    45M / 2223M INFO    General                 (pair_info_count.cpp       : 369)     Insert size = 295.169, deviation = 129.506, left quantile = 157, right quantile = 474, read length = 301
  0:00:10.734    45M / 2223M WARN    General                 (pair_info_count.cpp       : 376)   Estimated mean insert size 295.169 is very small compared to read length 301
  0:00:10.734    46M / 2223M INFO    General                 (pair_info_count.cpp       : 390)   Filtering data for library #0
  0:00:10.735    46M / 2223M INFO    General                 (pair_info_count.cpp       :  48)   Selecting usual mapper
  0:00:10.965    46M / 2223M INFO    General                 (sequence_mapper_notifier.h:  95)   Total 444712 reads processed
  0:00:10.966    46M / 2223M INFO    General                 (pair_info_count.cpp       : 402)   Mapping library #0
  0:00:10.966    46M / 2223M INFO    General                 (pair_info_count.cpp       : 404)   Mapping paired reads (takes a while)
  0:00:10.966    46M / 2223M INFO    General                 (pair_info_count.cpp       : 299)   Left insert size quantile 157, right insert size quantile 474, filtering threshold 2, rounding threshold 0
  0:00:10.973    55M / 2223M INFO    General                 (pair_info_count.cpp       :  48)   Selecting usual mapper
  0:00:11.503    65M / 2223M INFO    General                 (sequence_mapper_notifier.h:  95)   Total 444712 reads processed
  0:00:11.513    56M / 2223M INFO   StageManager             (stage.cpp                 : 185)   STAGE == Distance Estimation (id: distance_estimation)
  0:00:11.513    56M / 2223M INFO    General                 (distance_estimation.cpp   : 179)   Processing library #0
  0:00:11.514    56M / 2223M INFO    General                 (distance_estimation.cpp   : 150)   Weight Filter Done
  0:00:11.514    56M / 2223M INFO   DistanceEstimator        (distance_estimation.hpp   : 116)   Using SIMPLE distance estimator
  0:00:11.568    59M / 2223M INFO    General                 (distance_estimation.cpp   :  37)   Filtering info
  0:00:11.569    59M / 2223M INFO    General                 (pair_info_filters.hpp     : 242)   Start filtering; library index size: 67396
  0:00:11.586    60M / 2223M INFO    General                 (pair_info_filters.hpp     : 263)   Done filtering; library index size: 62700
  0:00:11.587    59M / 2223M INFO    General                 (distance_estimation.cpp   : 156)   Refining clustered pair information
  0:00:11.600    59M / 2223M INFO    General                 (distance_estimation.cpp   : 158)   The refining of clustered pair information has been finished
  0:00:11.600    59M / 2223M INFO    General                 (distance_estimation.cpp   : 160)   Improving paired information
  0:00:11.674    60M / 2223M INFO   PairInfoImprover         (pair_info_improver.hpp    : 104)   Paired info stats: missing = 4208; contradictional = 66
  0:00:11.754    60M / 2223M INFO   PairInfoImprover         (pair_info_improver.hpp    : 104)   Paired info stats: missing = 416; contradictional = 0
  0:00:11.755    60M / 2223M INFO    General                 (distance_estimation.cpp   : 104)   Filling scaffolding index
  0:00:11.755    60M / 2223M INFO   DistanceEstimator        (distance_estimation.hpp   : 116)   Using SMOOTHING distance estimator
  0:00:11.864    60M / 2223M INFO    General                 (distance_estimation.cpp   :  37)   Filtering info
  0:00:11.864    60M / 2223M INFO    General                 (pair_info_filters.hpp     : 242)   Start filtering; library index size: 14374
  0:00:11.868    60M / 2223M INFO    General                 (pair_info_filters.hpp     : 263)   Done filtering; library index size: 14374
  0:00:11.868    60M / 2223M INFO    General                 (distance_estimation.cpp   : 186)   Clearing raw paired index
  0:00:11.890    50M / 2223M INFO   StageManager             (stage.cpp                 : 185)   STAGE == Repeat Resolving (id: repeat_resolving)
  0:00:11.892    50M / 2223M INFO    General                 (repeat_resolving.cpp      :  87)   Using Path-Extend repeat resolving
  0:00:11.892    50M / 2223M INFO    General                 (launcher.cpp              : 600)   ExSPAnder repeat resolving tool started
  0:00:11.892    50M / 2223M INFO    General                 (coverage_uniformity_analyz:  25)   genomic coverage is 13.921 calculated of length 3861410
  0:00:11.896    58M / 2223M INFO    General                 (launcher.cpp              : 418)   Creating main extenders, unique edge length = 2000
  0:00:11.896    58M / 2223M INFO    General                 (extenders_logic.cpp       : 334)   Estimated coverage of library #0 is 15.0877
  0:00:11.896    58M / 2223M INFO    General                 (extenders_logic.cpp       : 345)   Creating extender; library index size: 71882
  0:00:11.896    59M / 2223M INFO    General                 (extenders_logic.cpp       : 334)   Estimated coverage of library #0 is 15.0877
  0:00:11.896    59M / 2223M INFO    General                 (extenders_logic.cpp       : 345)   Creating extender; library index size: 71882
  0:00:11.896    59M / 2223M INFO    General                 (extenders_logic.cpp       : 543)   Using 1 paired-end library
  0:00:11.896    59M / 2223M INFO    General                 (extenders_logic.cpp       : 544)   Using 1 paired-end scaffolding library
  0:00:11.896    59M / 2223M INFO    General                 (extenders_logic.cpp       : 545)   Using 0 single read libraries
  0:00:11.896    59M / 2223M INFO    General                 (launcher.cpp              : 447)   Total number of extenders is 3
  0:00:11.896    59M / 2223M INFO    General                 (path_extenders.cpp        :  36)   Processed 0 paths from 2032 (0%)
  0:00:12.075    64M / 2223M INFO    General                 (path_extenders.cpp        :  34)   Processed 128 paths from 2032 (6%)
  0:00:12.167    67M / 2223M INFO    General                 (path_extenders.cpp        :  36)   Processed 204 paths from 2032 (10%)
  0:00:12.203    68M / 2223M INFO    General                 (path_extenders.cpp        :  34)   Processed 256 paths from 2032 (12%)
  0:00:12.268    69M / 2223M INFO    General                 (path_extenders.cpp        :  36)   Processed 408 paths from 2032 (20%)
  0:00:12.301    70M / 2223M INFO    General                 (path_extenders.cpp        :  34)   Processed 512 paths from 2032 (25%)
  0:00:12.361    71M / 2223M INFO    General                 (path_extenders.cpp        :  36)   Processed 612 paths from 2032 (30%)
  0:00:12.405    72M / 2223M INFO    General                 (path_extenders.cpp        :  36)   Processed 816 paths from 2032 (40%)
  0:00:12.437    73M / 2223M INFO    General                 (path_extenders.cpp        :  36)   Processed 1020 paths from 2032 (50%)
  0:00:12.437    73M / 2223M INFO    General                 (path_extenders.cpp        :  34)   Processed 1024 paths from 2032 (50%)
  0:00:12.457    73M / 2223M INFO    General                 (path_extenders.cpp        :  36)   Processed 1224 paths from 2032 (60%)
  0:00:12.462    73M / 2223M INFO    General                 (path_extenders.cpp        :  36)   Processed 1428 paths from 2032 (70%)
  0:00:12.481    74M / 2223M INFO    General                 (path_extenders.cpp        :  36)   Processed 1632 paths from 2032 (80%)
  0:00:12.485    74M / 2223M INFO    General                 (path_extenders.cpp        :  36)   Processed 1836 paths from 2032 (90%)
  0:00:12.485    74M / 2223M INFO    General                 (launcher.cpp              : 250)   Finalizing paths
  0:00:12.485    74M / 2223M INFO    General                 (launcher.cpp              : 252)   Deduplicating paths
  0:00:12.683    72M / 2223M INFO    General                 (launcher.cpp              : 256)   Paths deduplicated
  0:00:12.683    72M / 2223M INFO   PEResolver               (pe_resolver.cpp           :  60)   Removing overlaps
  0:00:12.683    72M / 2223M INFO   PEResolver               (pe_resolver.cpp           :  63)   Sorting paths
  0:00:12.683    72M / 2223M INFO   PEResolver               (pe_resolver.cpp           :  70)   Marking overlaps
  0:00:12.683    72M / 2223M INFO   OverlapRemover           (overlap_remover.hpp       : 116)   Marking start/end overlaps
  0:00:12.905    72M / 2223M INFO   OverlapRemover           (overlap_remover.hpp       : 119)   Marking remaining overlaps
  0:00:13.130    73M / 2223M INFO   PEResolver               (pe_resolver.cpp           :  73)   Splitting paths
  0:00:13.139    83M / 2223M INFO   PEResolver               (pe_resolver.cpp           :  78)   Deduplicating paths
  0:00:13.154    72M / 2223M INFO   PEResolver               (pe_resolver.cpp           :  80)   Overlaps removed
  0:00:13.155    75M / 2223M INFO    General                 (launcher.cpp              : 273)   Paths finalized
  0:00:13.155    75M / 2223M INFO    General                 (launcher.cpp              : 454)   Closing gaps in paths
  0:00:13.158    79M / 2223M INFO    General                 (launcher.cpp              : 484)   Gap closing completed
  0:00:13.158    79M / 2223M INFO    General                 (launcher.cpp              : 302)   Traversing tandem repeats
  0:00:13.163    79M / 2223M INFO    General                 (launcher.cpp              : 312)   Traversed 2 loops
  0:00:13.163    79M / 2223M INFO    General                 (launcher.cpp              : 250)   Finalizing paths
  0:00:13.163    79M / 2223M INFO    General                 (launcher.cpp              : 252)   Deduplicating paths
  0:00:13.164    79M / 2223M INFO    General                 (launcher.cpp              : 256)   Paths deduplicated
  0:00:13.164    79M / 2223M INFO   PEResolver               (pe_resolver.cpp           :  60)   Removing overlaps
  0:00:13.164    79M / 2223M INFO   PEResolver               (pe_resolver.cpp           :  63)   Sorting paths
  0:00:13.164    79M / 2223M INFO   PEResolver               (pe_resolver.cpp           :  70)   Marking overlaps
  0:00:13.164    79M / 2223M INFO   OverlapRemover           (overlap_remover.hpp       : 116)   Marking start/end overlaps
  0:00:13.165    79M / 2223M INFO   OverlapRemover           (overlap_remover.hpp       : 119)   Marking remaining overlaps
  0:00:13.166    79M / 2223M INFO   PEResolver               (pe_resolver.cpp           :  73)   Splitting paths
  0:00:13.167    80M / 2223M INFO   PEResolver               (pe_resolver.cpp           :  78)   Deduplicating paths
  0:00:13.167    79M / 2223M INFO   PEResolver               (pe_resolver.cpp           :  80)   Overlaps removed
  0:00:13.168    80M / 2223M INFO    General                 (launcher.cpp              : 273)   Paths finalized
  0:00:13.168    80M / 2223M INFO    General                 (launcher.cpp              : 664)   ExSPAnder repeat resolving tool finished
  0:00:13.177    54M / 2223M INFO   StageManager             (stage.cpp                 : 185)   STAGE == Contig Output (id: contig_output)
  0:00:13.178    54M / 2223M INFO    General                 (contig_output.hpp         :  16)   Outputting contigs to /data/djs217/PROJECTS/10_X_fragariae_feb_2024/04_spades/NCPPB_1822.spades/K127/before_rr.fasta
  0:00:13.207    54M / 2223M INFO    General                 (contig_output_stage.cpp   : 151)   Writing GFA graph to /data/djs217/PROJECTS/10_X_fragariae_feb_2024/04_spades/NCPPB_1822.spades/K127/assembly_graph_with_scaffolds.gfa
  0:00:13.224    54M / 2223M INFO    General                 (contig_output_stage.cpp   : 165)   Outputting FastG graph to /data/djs217/PROJECTS/10_X_fragariae_feb_2024/04_spades/NCPPB_1822.spades/K127/assembly_graph.fastg
  0:00:13.287    54M / 2223M INFO    General                 (contig_output_stage.cpp   : 196)   Breaking scaffolds
  0:00:13.320    64M / 2223M INFO    General                 (contig_output_stage.cpp   :  98)   Outputting contigs to /data/djs217/PROJECTS/10_X_fragariae_feb_2024/04_spades/NCPPB_1822.spades/K127/final_contigs.fasta
  0:00:13.334    64M / 2223M INFO    General                 (contig_output_stage.cpp   : 104)   Outputting FastG paths to /data/djs217/PROJECTS/10_X_fragariae_feb_2024/04_spades/NCPPB_1822.spades/K127/final_contigs.paths
  0:00:13.346    59M / 2223M INFO    General                 (contig_output_stage.cpp   :  98)   Outputting contigs to /data/djs217/PROJECTS/10_X_fragariae_feb_2024/04_spades/NCPPB_1822.spades/K127/scaffolds.fasta
  0:00:13.358    59M / 2223M INFO    General                 (contig_output_stage.cpp   : 104)   Outputting FastG paths to /data/djs217/PROJECTS/10_X_fragariae_feb_2024/04_spades/NCPPB_1822.spades/K127/scaffolds.paths
  0:00:13.360    59M / 2223M INFO    General                 (contig_output_stage.cpp   : 111)   Populating GFA with scaffold paths
  0:00:13.361    54M / 2223M INFO    General                 (pipeline.cpp              : 287)   SPAdes finished
  0:00:13.381     1M / 2223M INFO    General                 (main.cpp                  : 136)   Assembling time: 0 hours 0 minutes 13 seconds

===== K127 finished. 


===== Copy files started. 


== Running: /data/djs217/anaconda3/envs/spades-env/bin/python /data/djs217/anaconda3/envs/spades-env/share/spades/spades_pipeline/scripts/copy_files.py /data/djs217/PROJECTS/10_X_fragariae_feb_2024/04_spades/NCPPB_1822.spades/K127/before_rr.fasta /data/djs217/PROJECTS/10_X_fragariae_feb_2024/04_spades/NCPPB_1822.spades/before_rr.fasta /data/djs217/PROJECTS/10_X_fragariae_feb_2024/04_spades/NCPPB_1822.spades/K127/assembly_graph_after_simplification.gfa /data/djs217/PROJECTS/10_X_fragariae_feb_2024/04_spades/NCPPB_1822.spades/assembly_graph_after_simplification.gfa /data/djs217/PROJECTS/10_X_fragariae_feb_2024/04_spades/NCPPB_1822.spades/K127/final_contigs.fasta /data/djs217/PROJECTS/10_X_fragariae_feb_2024/04_spades/NCPPB_1822.spades/contigs.fasta /data/djs217/PROJECTS/10_X_fragariae_feb_2024/04_spades/NCPPB_1822.spades/K127/first_pe_contigs.fasta /data/djs217/PROJECTS/10_X_fragariae_feb_2024/04_spades/NCPPB_1822.spades/first_pe_contigs.fasta /data/djs217/PROJECTS/10_X_fragariae_feb_2024/04_spades/NCPPB_1822.spades/K127/strain_graph.gfa /data/djs217/PROJECTS/10_X_fragariae_feb_2024/04_spades/NCPPB_1822.spades/strain_graph.gfa /data/djs217/PROJECTS/10_X_fragariae_feb_2024/04_spades/NCPPB_1822.spades/K127/scaffolds.fasta /data/djs217/PROJECTS/10_X_fragariae_feb_2024/04_spades/NCPPB_1822.spades/scaffolds.fasta /data/djs217/PROJECTS/10_X_fragariae_feb_2024/04_spades/NCPPB_1822.spades/K127/scaffolds.paths /data/djs217/PROJECTS/10_X_fragariae_feb_2024/04_spades/NCPPB_1822.spades/scaffolds.paths /data/djs217/PROJECTS/10_X_fragariae_feb_2024/04_spades/NCPPB_1822.spades/K127/assembly_graph_with_scaffolds.gfa /data/djs217/PROJECTS/10_X_fragariae_feb_2024/04_spades/NCPPB_1822.spades/assembly_graph_with_scaffolds.gfa /data/djs217/PROJECTS/10_X_fragariae_feb_2024/04_spades/NCPPB_1822.spades/K127/assembly_graph.fastg /data/djs217/PROJECTS/10_X_fragariae_feb_2024/04_spades/NCPPB_1822.spades/assembly_graph.fastg /data/djs217/PROJECTS/10_X_fragariae_feb_2024/04_spades/NCPPB_1822.spades/K127/final_contigs.paths /data/djs217/PROJECTS/10_X_fragariae_feb_2024/04_spades/NCPPB_1822.spades/contigs.paths


===== Copy files finished. 


===== Assembling finished. 


===== Mismatch correction started. 


===== Mismatch correction contigs started. 


== Running: /data/djs217/anaconda3/envs/spades-env/bin/python /data/djs217/anaconda3/envs/spades-env/share/spades/spades_pipeline/scripts/correction_iteration_script.py --corrected /data/djs217/PROJECTS/10_X_fragariae_feb_2024/04_spades/NCPPB_1822.spades/contigs.fasta --assembled /data/djs217/PROJECTS/10_X_fragariae_feb_2024/04_spades/NCPPB_1822.spades/misc/assembled_contigs.fasta --assembly_type contigs --output_dir /data/djs217/PROJECTS/10_X_fragariae_feb_2024/04_spades/NCPPB_1822.spades --bin_home /data/djs217/anaconda3/envs/spades-env/bin

== Processing of contigs
== Running contig polishing tool: /data/djs217/anaconda3/envs/spades-env/bin/spades-corrector-core /data/djs217/PROJECTS/10_X_fragariae_feb_2024/04_spades/NCPPB_1822.spades/mismatch_corrector/contigs/configs/corrector.info /data/djs217/PROJECTS/10_X_fragariae_feb_2024/04_spades/NCPPB_1822.spades/misc/assembled_contigs.fasta
== Dataset description file was created: /data/djs217/PROJECTS/10_X_fragariae_feb_2024/04_spades/NCPPB_1822.spades/mismatch_corrector/contigs/configs/corrector.info
Run: /data/djs217/anaconda3/envs/spades-env/bin/spades-corrector-core /data/djs217/PROJECTS/10_X_fragariae_feb_2024/04_spades/NCPPB_1822.spades/mismatch_corrector/contigs/configs/corrector.info /data/djs217/PROJECTS/10_X_fragariae_feb_2024/04_spades/NCPPB_1822.spades/misc/assembled_contigs.fasta
/data/djs217/PROJECTS/10_X_fragariae_feb_2024/04_spades/NCPPB_1822.spades/mismatch_corrector/contigs/configs/log.properties  0:00:00.000     1M / 16M   INFO    General                 (main.cpp                  :  58)   Starting mismatch corrector, built from N/A, git revision N/A
  0:00:00.002     1M / 16M   INFO    General                 (main.cpp                  :  59)   Maximum # of threads to use (adjusted due to OMP capabilities): 16
  0:00:00.002     1M / 16M   INFO   DatasetProcessor         (dataset_processor.cpp     : 175)   Splitting assembly...
  0:00:00.002     1M / 16M   INFO   DatasetProcessor         (dataset_processor.cpp     : 176)   Assembly file: /data/djs217/PROJECTS/10_X_fragariae_feb_2024/04_spades/NCPPB_1822.spades/misc/assembled_contigs.fasta
  0:00:00.069     2M / 16M   INFO   DatasetProcessor         (dataset_processor.cpp     : 128)   Running bwa index ...: /data/djs217/anaconda3/envs/spades-env/bin/spades-bwa index /data/djs217/PROJECTS/10_X_fragariae_feb_2024/04_spades/NCPPB_1822.spades/misc/assembled_contigs.fasta
[bwa_index] Pack FASTA... 0.05 sec
[bwa_index] Construct BWT for the packed sequence...
[bwa_index] 1.11 seconds elapse.
[bwa_index] Update BWT... 0.04 sec
[bwa_index] Pack forward-only FASTA... 0.04 sec
[bwa_index] Construct SA from BWT and Occ... 0.68 sec
[main] Version: 0.7.16a-r1181
[main] CMD: /data/djs217/anaconda3/envs/spades-env/bin/spades-bwa index /data/djs217/PROJECTS/10_X_fragariae_feb_2024/04_spades/NCPPB_1822.spades/misc/assembled_contigs.fasta
[main] Real time: 2.342 sec; CPU: 1.930 sec
  0:00:02.417     2M / 16M   INFO   DatasetProcessor         (dataset_processor.cpp     : 190)   Processing paired sublib of number 0
  0:00:02.418     2M / 16M   INFO   DatasetProcessor         (dataset_processor.cpp     : 191)   /data/djs217/PROJECTS/10_X_fragariae_feb_2024/04_spades/NCPPB_1822.1_val_1.fq.gz /data/djs217/PROJECTS/10_X_fragariae_feb_2024/04_spades/NCPPB_1822.2_val_2.fq.gz
  0:00:02.419     2M / 16M   INFO   DatasetProcessor         (dataset_processor.cpp     : 153)   Running bwa mem ...:/data/djs217/anaconda3/envs/spades-env/bin/spades-bwa mem  -v 1 -t 16  /data/djs217/PROJECTS/10_X_fragariae_feb_2024/04_spades/NCPPB_1822.spades/misc/assembled_contigs.fasta /data/djs217/PROJECTS/10_X_fragariae_feb_2024/04_spades/NCPPB_1822.1_val_1.fq.gz /data/djs217/PROJECTS/10_X_fragariae_feb_2024/04_spades/NCPPB_1822.2_val_2.fq.gz   > /data/djs217/PROJECTS/10_X_fragariae_feb_2024/04_spades/NCPPB_1822.spades/tmp/corrector_twb_ry_3/lib0_eia2Ef/tmp.sam
[main] Version: 0.7.16a-r1181
[main] CMD: /data/djs217/anaconda3/envs/spades-env/bin/spades-bwa mem -v 1 -t 16 /data/djs217/PROJECTS/10_X_fragariae_feb_2024/04_spades/NCPPB_1822.spades/misc/assembled_contigs.fasta /data/djs217/PROJECTS/10_X_fragariae_feb_2024/04_spades/NCPPB_1822.1_val_1.fq.gz /data/djs217/PROJECTS/10_X_fragariae_feb_2024/04_spades/NCPPB_1822.2_val_2.fq.gz
[main] Real time: 9.342 sec; CPU: 73.733 sec
  0:00:11.790     2M / 16M   INFO   DatasetProcessor         (dataset_processor.cpp     : 199)   Adding samfile /data/djs217/PROJECTS/10_X_fragariae_feb_2024/04_spades/NCPPB_1822.spades/tmp/corrector_twb_ry_3/lib0_eia2Ef/tmp.sam
  0:00:14.045    62M / 72M   INFO   DatasetProcessor         (dataset_processor.cpp     : 118)   processed 1000000reads, flushing
  0:00:14.815     7M / 72M   INFO   DatasetProcessor         (dataset_processor.cpp     : 227)   Processing contigs
  0:00:15.196    12M / 186M  INFO   DatasetProcessor         (dataset_processor.cpp     : 243)   Contig NODE_16_length_49792_cov_12.174529 processed with 0 changes in thread 11
  0:00:15.206    19M / 191M  INFO   DatasetProcessor         (dataset_processor.cpp     : 243)   Contig NODE_11_length_56504_cov_15.133672 processed with 0 changes in thread 4
  0:00:15.226    25M / 196M  INFO   DatasetProcessor         (dataset_processor.cpp     : 243)   Contig NODE_15_length_50134_cov_12.495551 processed with 2 changes in thread 10
  0:00:15.264    31M / 201M  INFO   DatasetProcessor         (dataset_processor.cpp     : 243)   Contig NODE_12_length_54073_cov_13.699422 processed with 0 changes in thread 3
  0:00:15.281    37M / 204M  INFO   DatasetProcessor         (dataset_processor.cpp     : 243)   Contig NODE_13_length_52408_cov_14.859873 processed with 0 changes in thread 14
  0:00:15.283    42M / 205M  INFO   DatasetProcessor         (dataset_processor.cpp     : 243)   Contig NODE_14_length_50592_cov_15.615278 processed with 0 changes in thread 2
  0:00:15.294    50M / 212M  INFO   DatasetProcessor         (dataset_processor.cpp     : 243)   Contig NODE_4_length_67739_cov_15.577826 processed with 0 changes in thread 7
  0:00:15.327    57M / 215M  INFO   DatasetProcessor         (dataset_processor.cpp     : 243)   Contig NODE_6_length_61379_cov_14.188647 processed with 0 changes in thread 1
  0:00:15.332    63M / 219M  INFO   DatasetProcessor         (dataset_processor.cpp     : 243)   Contig NODE_10_length_57163_cov_15.277491 processed with 0 changes in thread 15
  0:00:15.333    70M / 220M  INFO   DatasetProcessor         (dataset_processor.cpp     : 243)   Contig NODE_9_length_58116_cov_14.941713 processed with 2 changes in thread 6
  0:00:15.336    78M / 225M  INFO   DatasetProcessor         (dataset_processor.cpp     : 243)   Contig NODE_3_length_67811_cov_13.022472 processed with 0 changes in thread 9
  0:00:15.353    85M / 231M  INFO   DatasetProcessor         (dataset_processor.cpp     : 243)   Contig NODE_8_length_58727_cov_15.553788 processed with 0 changes in thread 12
  0:00:15.369    92M / 233M  INFO   DatasetProcessor         (dataset_processor.cpp     : 243)   Contig NODE_5_length_62040_cov_15.280781 processed with 0 changes in thread 8
  0:00:15.369    98M / 233M  INFO   DatasetProcessor         (dataset_processor.cpp     : 243)   Contig NODE_7_length_60511_cov_15.031598 processed with 5 changes in thread 13
  0:00:15.385   107M / 235M  INFO   DatasetProcessor         (dataset_processor.cpp     : 243)   Contig NODE_2_length_77876_cov_11.996141 processed with 1 changes in thread 5
  0:00:15.436   106M / 236M  INFO   DatasetProcessor         (dataset_processor.cpp     : 243)   Contig NODE_18_length_44103_cov_12.312943 processed with 7 changes in thread 4
  0:00:15.516   119M / 236M  INFO   DatasetProcessor         (dataset_processor.cpp     : 243)   Contig NODE_1_length_112634_cov_14.712791 processed with 2 changes in thread 0
  0:00:15.539   119M / 238M  INFO   DatasetProcessor         (dataset_processor.cpp     : 243)   Contig NODE_19_length_44063_cov_12.960374 processed with 0 changes in thread 10
  0:00:15.545   116M / 238M  INFO   DatasetProcessor         (dataset_processor.cpp     : 243)   Contig NODE_23_length_41536_cov_14.699486 processed with 0 changes in thread 7
  0:00:15.578   114M / 239M  INFO   DatasetProcessor         (dataset_processor.cpp     : 243)   Contig NODE_20_length_43547_cov_13.243667 processed with 0 changes in thread 3
  0:00:15.600   113M / 239M  INFO   DatasetProcessor         (dataset_processor.cpp     : 243)   Contig NODE_21_length_43245_cov_13.673222 processed with 0 changes in thread 14
  0:00:15.619   112M / 239M  INFO   DatasetProcessor         (dataset_processor.cpp     : 243)   Contig NODE_32_length_36270_cov_12.229975 processed with 0 changes in thread 4
  0:00:15.622   109M / 239M  INFO   DatasetProcessor         (dataset_processor.cpp     : 243)   Contig NODE_27_length_38963_cov_13.139535 processed with 0 changes in thread 9
  0:00:15.623   107M / 239M  INFO   DatasetProcessor         (dataset_processor.cpp     : 243)   Contig NODE_24_length_41454_cov_13.038449 processed with 0 changes in thread 1
  0:00:15.628   106M / 239M  INFO   DatasetProcessor         (dataset_processor.cpp     : 243)   Contig NODE_22_length_42836_cov_14.777166 processed with 0 changes in thread 2
  0:00:15.639   103M / 239M  INFO   DatasetProcessor         (dataset_processor.cpp     : 243)   Contig NODE_29_length_37333_cov_13.119658 processed with 0 changes in thread 8
  0:00:15.640    99M / 239M  INFO   DatasetProcessor         (dataset_processor.cpp     : 243)   Contig NODE_31_length_36731_cov_12.435663 processed with 0 changes in thread 5
  0:00:15.652    99M / 240M  INFO   DatasetProcessor         (dataset_processor.cpp     : 243)   Contig NODE_17_length_48222_cov_16.402058 processed with 1 changes in thread 11
  0:00:15.657    96M / 241M  INFO   DatasetProcessor         (dataset_processor.cpp     : 243)   Contig NODE_30_length_36866_cov_14.365633 processed with 0 changes in thread 13
  0:00:15.690    94M / 242M  INFO   DatasetProcessor         (dataset_processor.cpp     : 243)   Contig NODE_28_length_38795_cov_15.944476 processed with 0 changes in thread 12
  0:00:15.734    92M / 242M  INFO   DatasetProcessor         (dataset_processor.cpp     : 243)   Contig NODE_25_length_39921_cov_17.342916 processed with 4 changes in thread 15
  0:00:15.735    84M / 242M  INFO   DatasetProcessor         (dataset_processor.cpp     : 243)   Contig NODE_33_length_36088_cov_14.487055 processed with 0 changes in thread 0
  0:00:15.735    82M / 243M  INFO   DatasetProcessor         (dataset_processor.cpp     : 243)   Contig NODE_26_length_38988_cov_16.527264 processed with 5 changes in thread 6
  0:00:15.755    81M / 243M  INFO   DatasetProcessor         (dataset_processor.cpp     : 243)   Contig NODE_35_length_33734_cov_15.076175 processed with 0 changes in thread 7
  0:00:15.798    80M / 243M  INFO   DatasetProcessor         (dataset_processor.cpp     : 243)   Contig NODE_34_length_35398_cov_13.574721 processed with 0 changes in thread 10
  0:00:15.820    79M / 243M  INFO   DatasetProcessor         (dataset_processor.cpp     : 243)   Contig NODE_37_length_32314_cov_12.569733 processed with 0 changes in thread 14
  0:00:15.821    78M / 243M  INFO   DatasetProcessor         (dataset_processor.cpp     : 243)   Contig NODE_38_length_32208_cov_15.294130 processed with 2 changes in thread 4
  0:00:15.861    77M / 244M  INFO   DatasetProcessor         (dataset_processor.cpp     : 243)   Contig NODE_40_length_31990_cov_13.633588 processed with 0 changes in thread 1
  0:00:15.863    76M / 244M  INFO   DatasetProcessor         (dataset_processor.cpp     : 243)   Contig NODE_43_length_31329_cov_12.641337 processed with 2 changes in thread 5
  0:00:15.868    75M / 244M  INFO   DatasetProcessor         (dataset_processor.cpp     : 243)   Contig NODE_39_length_32043_cov_14.392750 processed with 0 changes in thread 9
  0:00:15.870    75M / 244M  INFO   DatasetProcessor         (dataset_processor.cpp     : 243)   Contig NODE_45_length_30073_cov_13.098043 processed with 0 changes in thread 13
  0:00:15.878    74M / 244M  INFO   DatasetProcessor         (dataset_processor.cpp     : 243)   Contig NODE_36_length_33113_cov_14.924180 processed with 7 changes in thread 3
  0:00:15.879    74M / 244M  INFO   DatasetProcessor         (dataset_processor.cpp     : 243)   Contig NODE_42_length_31524_cov_13.817785 processed with 2 changes in thread 8
  0:00:15.890    72M / 244M  INFO   DatasetProcessor         (dataset_processor.cpp     : 243)   Contig NODE_41_length_31793_cov_15.010200 processed with 0 changes in thread 2
  0:00:15.890    70M / 244M  INFO   DatasetProcessor         (dataset_processor.cpp     : 243)   Contig NODE_44_length_30847_cov_13.768327 processed with 0 changes in thread 11
  0:00:15.896    69M / 244M  INFO   DatasetProcessor         (dataset_processor.cpp     : 243)   Contig NODE_48_length_28363_cov_14.339637 processed with 0 changes in thread 0
  0:00:15.921    69M / 244M  INFO   DatasetProcessor         (dataset_processor.cpp     : 243)   Contig NODE_50_length_27600_cov_14.997962 processed with 0 changes in thread 7
  0:00:15.927    67M / 244M  INFO   DatasetProcessor         (dataset_processor.cpp     : 243)   Contig NODE_49_length_27848_cov_12.540673 processed with 0 changes in thread 6
  0:00:15.928    66M / 244M  INFO   DatasetProcessor         (dataset_processor.cpp     : 243)   Contig NODE_47_length_28405_cov_12.438680 processed with 0 changes in thread 15
  0:00:15.969    65M / 244M  INFO   DatasetProcessor         (dataset_processor.cpp     : 243)   Contig NODE_53_length_25039_cov_14.321371 processed with 0 changes in thread 4
  0:00:15.972    64M / 244M  INFO   DatasetProcessor         (dataset_processor.cpp     : 243)   Contig NODE_51_length_25830_cov_12.332607 processed with 0 changes in thread 10
  0:00:16.018    63M / 244M  INFO   DatasetProcessor         (dataset_processor.cpp     : 243)   Contig NODE_62_length_22586_cov_13.043190 processed with 0 changes in thread 0
  0:00:16.022    62M / 244M  INFO   DatasetProcessor         (dataset_processor.cpp     : 243)   Contig NODE_46_length_29936_cov_17.891509 processed with 3 changes in thread 12
  0:00:16.022    62M / 244M  INFO   DatasetProcessor         (dataset_processor.cpp     : 243)   Contig NODE_52_length_25245_cov_14.753563 processed with 0 changes in thread 14
  0:00:16.032    61M / 244M  INFO   DatasetProcessor         (dataset_processor.cpp     : 243)   Contig NODE_59_length_23553_cov_12.158841 processed with 0 changes in thread 8
  0:00:16.048    60M / 244M  INFO   DatasetProcessor         (dataset_processor.cpp     : 243)   Contig NODE_55_length_24495_cov_13.287672 processed with 3 changes in thread 5
  0:00:16.060    59M / 244M  INFO   DatasetProcessor         (dataset_processor.cpp     : 243)   Contig NODE_58_length_24138_cov_13.840282 processed with 0 changes in thread 3
  0:00:16.061    58M / 244M  INFO   DatasetProcessor         (dataset_processor.cpp     : 243)   Contig NODE_56_length_24441_cov_14.921815 processed with 0 changes in thread 9
  0:00:16.063    58M / 244M  INFO   DatasetProcessor         (dataset_processor.cpp     : 243)   Contig NODE_57_length_24268_cov_14.784847 processed with 0 changes in thread 13
  0:00:16.064    57M / 244M  INFO   DatasetProcessor         (dataset_processor.cpp     : 243)   Contig NODE_63_length_22301_cov_15.476459 processed with 0 changes in thread 7
  0:00:16.066    56M / 244M  INFO   DatasetProcessor         (dataset_processor.cpp     : 243)   Contig NODE_60_length_23377_cov_13.610495 processed with 0 changes in thread 2
  0:00:16.067    55M / 244M  INFO   DatasetProcessor         (dataset_processor.cpp     : 243)   Contig NODE_54_length_24977_cov_14.998592 processed with 0 changes in thread 1
  0:00:16.075    54M / 244M  INFO   DatasetProcessor         (dataset_processor.cpp     : 243)   Contig NODE_61_length_22736_cov_14.511080 processed with 0 changes in thread 11
  0:00:16.083    54M / 244M  INFO   DatasetProcessor         (dataset_processor.cpp     : 243)   Contig NODE_65_length_21994_cov_12.985961 processed with 0 changes in thread 15
  0:00:16.106    53M / 244M  INFO   DatasetProcessor         (dataset_processor.cpp     : 243)   Contig NODE_66_length_21763_cov_15.277639 processed with 0 changes in thread 4
  0:00:16.113    53M / 244M  INFO   DatasetProcessor         (dataset_processor.cpp     : 243)   Contig NODE_64_length_22220_cov_15.585389 processed with 2 changes in thread 6
  0:00:16.147    52M / 244M  INFO   DatasetProcessor         (dataset_processor.cpp     : 243)   Contig NODE_67_length_21674_cov_14.668863 processed with 1 changes in thread 10
  0:00:16.151    52M / 244M  INFO   DatasetProcessor         (dataset_processor.cpp     : 243)   Contig NODE_68_length_21261_cov_15.646778 processed with 0 changes in thread 0
  0:00:16.168    52M / 244M  INFO   DatasetProcessor         (dataset_processor.cpp     : 243)   Contig NODE_71_length_20767_cov_11.782607 processed with 0 changes in thread 8
  0:00:16.176    52M / 244M  INFO   DatasetProcessor         (dataset_processor.cpp     : 243)   Contig NODE_69_length_21191_cov_13.405763 processed with 0 changes in thread 14
  0:00:16.189    51M / 244M  INFO   DatasetProcessor         (dataset_processor.cpp     : 243)   Contig NODE_72_length_20504_cov_12.354566 processed with 0 changes in thread 5
  0:00:16.272    50M / 246M  INFO   DatasetProcessor         (dataset_processor.cpp     : 243)   Contig NODE_70_length_21012_cov_16.116399 processed with 17 changes in thread 12
  0:00:16.803     7M / 249M  INFO   DatasetProcessor         (dataset_processor.cpp     : 247)   Gluing processed contigs
  0:00:16.819     1M / 249M  INFO    General                 (main.cpp                  :  72)   Correcting time: 0 hours 0 minutes 16 seconds

===== Mismatch correction contigs finished. 


===== Mismatch correction scaffolds started. 


== Running: /data/djs217/anaconda3/envs/spades-env/bin/python /data/djs217/anaconda3/envs/spades-env/share/spades/spades_pipeline/scripts/correction_iteration_script.py --corrected /data/djs217/PROJECTS/10_X_fragariae_feb_2024/04_spades/NCPPB_1822.spades/scaffolds.fasta --assembled /data/djs217/PROJECTS/10_X_fragariae_feb_2024/04_spades/NCPPB_1822.spades/misc/assembled_scaffolds.fasta --assembly_type scaffolds --output_dir /data/djs217/PROJECTS/10_X_fragariae_feb_2024/04_spades/NCPPB_1822.spades --bin_home /data/djs217/anaconda3/envs/spades-env/bin

== Processing of scaffolds
== Running contig polishing tool: /data/djs217/anaconda3/envs/spades-env/bin/spades-corrector-core /data/djs217/PROJECTS/10_X_fragariae_feb_2024/04_spades/NCPPB_1822.spades/mismatch_corrector/scaffolds/configs/corrector.info /data/djs217/PROJECTS/10_X_fragariae_feb_2024/04_spades/NCPPB_1822.spades/misc/assembled_scaffolds.fasta
== Dataset description file was created: /data/djs217/PROJECTS/10_X_fragariae_feb_2024/04_spades/NCPPB_1822.spades/mismatch_corrector/scaffolds/configs/corrector.info
Run: /data/djs217/anaconda3/envs/spades-env/bin/spades-corrector-core /data/djs217/PROJECTS/10_X_fragariae_feb_2024/04_spades/NCPPB_1822.spades/mismatch_corrector/scaffolds/configs/corrector.info /data/djs217/PROJECTS/10_X_fragariae_feb_2024/04_spades/NCPPB_1822.spades/misc/assembled_scaffolds.fasta
/data/djs217/PROJECTS/10_X_fragariae_feb_2024/04_spades/NCPPB_1822.spades/mismatch_corrector/scaffolds/configs/log.properties  0:00:00.000     1M / 16M   INFO    General                 (main.cpp                  :  58)   Starting mismatch corrector, built from N/A, git revision N/A
  0:00:00.002     1M / 16M   INFO    General                 (main.cpp                  :  59)   Maximum # of threads to use (adjusted due to OMP capabilities): 16
  0:00:00.002     1M / 16M   INFO   DatasetProcessor         (dataset_processor.cpp     : 175)   Splitting assembly...
  0:00:00.002     1M / 16M   INFO   DatasetProcessor         (dataset_processor.cpp     : 176)   Assembly file: /data/djs217/PROJECTS/10_X_fragariae_feb_2024/04_spades/NCPPB_1822.spades/misc/assembled_scaffolds.fasta
  0:00:00.070     2M / 16M   INFO   DatasetProcessor         (dataset_processor.cpp     : 128)   Running bwa index ...: /data/djs217/anaconda3/envs/spades-env/bin/spades-bwa index /data/djs217/PROJECTS/10_X_fragariae_feb_2024/04_spades/NCPPB_1822.spades/misc/assembled_scaffolds.fasta
[bwa_index] Pack FASTA... 0.05 sec
[bwa_index] Construct BWT for the packed sequence...
[bwa_index] 1.04 seconds elapse.
[bwa_index] Update BWT... 0.03 sec
[bwa_index] Pack forward-only FASTA... 0.04 sec
[bwa_index] Construct SA from BWT and Occ... 0.49 sec
[main] Version: 0.7.16a-r1181
[main] CMD: /data/djs217/anaconda3/envs/spades-env/bin/spades-bwa index /data/djs217/PROJECTS/10_X_fragariae_feb_2024/04_spades/NCPPB_1822.spades/misc/assembled_scaffolds.fasta
[main] Real time: 2.084 sec; CPU: 1.655 sec
  0:00:02.160     2M / 16M   INFO   DatasetProcessor         (dataset_processor.cpp     : 190)   Processing paired sublib of number 0
  0:00:02.160     2M / 16M   INFO   DatasetProcessor         (dataset_processor.cpp     : 191)   /data/djs217/PROJECTS/10_X_fragariae_feb_2024/04_spades/NCPPB_1822.1_val_1.fq.gz /data/djs217/PROJECTS/10_X_fragariae_feb_2024/04_spades/NCPPB_1822.2_val_2.fq.gz
  0:00:02.161     2M / 16M   INFO   DatasetProcessor         (dataset_processor.cpp     : 153)   Running bwa mem ...:/data/djs217/anaconda3/envs/spades-env/bin/spades-bwa mem  -v 1 -t 16  /data/djs217/PROJECTS/10_X_fragariae_feb_2024/04_spades/NCPPB_1822.spades/misc/assembled_scaffolds.fasta /data/djs217/PROJECTS/10_X_fragariae_feb_2024/04_spades/NCPPB_1822.1_val_1.fq.gz /data/djs217/PROJECTS/10_X_fragariae_feb_2024/04_spades/NCPPB_1822.2_val_2.fq.gz   > /data/djs217/PROJECTS/10_X_fragariae_feb_2024/04_spades/NCPPB_1822.spades/tmp/corrector_pocr801i/lib0_JEknBC/tmp.sam
[main] Version: 0.7.16a-r1181
[main] CMD: /data/djs217/anaconda3/envs/spades-env/bin/spades-bwa mem -v 1 -t 16 /data/djs217/PROJECTS/10_X_fragariae_feb_2024/04_spades/NCPPB_1822.spades/misc/assembled_scaffolds.fasta /data/djs217/PROJECTS/10_X_fragariae_feb_2024/04_spades/NCPPB_1822.1_val_1.fq.gz /data/djs217/PROJECTS/10_X_fragariae_feb_2024/04_spades/NCPPB_1822.2_val_2.fq.gz
[main] Real time: 8.796 sec; CPU: 72.901 sec
  0:00:10.982     2M / 16M   INFO   DatasetProcessor         (dataset_processor.cpp     : 199)   Adding samfile /data/djs217/PROJECTS/10_X_fragariae_feb_2024/04_spades/NCPPB_1822.spades/tmp/corrector_pocr801i/lib0_JEknBC/tmp.sam
  0:00:13.283    62M / 72M   INFO   DatasetProcessor         (dataset_processor.cpp     : 118)   processed 1000000reads, flushing
  0:00:14.063     7M / 72M   INFO   DatasetProcessor         (dataset_processor.cpp     : 227)   Processing contigs
  0:00:14.414    13M / 186M  INFO   DatasetProcessor         (dataset_processor.cpp     : 243)   Contig NODE_13_length_52408_cov_14.859873 processed with 0 changes in thread 2
  0:00:14.414    18M / 186M  INFO   DatasetProcessor         (dataset_processor.cpp     : 243)   Contig NODE_16_length_49792_cov_12.174529 processed with 0 changes in thread 5
  0:00:14.443    25M / 192M  INFO   DatasetProcessor         (dataset_processor.cpp     : 243)   Contig NODE_11_length_56504_cov_15.133672 processed with 0 changes in thread 3
  0:00:14.450    32M / 197M  INFO   DatasetProcessor         (dataset_processor.cpp     : 243)   Contig NODE_6_length_61379_cov_14.188647 processed with 0 changes in thread 7
  0:00:14.460    38M / 200M  INFO   DatasetProcessor         (dataset_processor.cpp     : 243)   Contig NODE_10_length_57163_cov_15.277491 processed with 0 changes in thread 1
  0:00:14.462    44M / 203M  INFO   DatasetProcessor         (dataset_processor.cpp     : 243)   Contig NODE_15_length_50134_cov_12.495551 processed with 3 changes in thread 10
  0:00:14.497    50M / 208M  INFO   DatasetProcessor         (dataset_processor.cpp     : 243)   Contig NODE_12_length_54073_cov_13.699422 processed with 0 changes in thread 9
  0:00:14.520    56M / 213M  INFO   DatasetProcessor         (dataset_processor.cpp     : 243)   Contig NODE_14_length_50592_cov_15.615278 processed with 0 changes in thread 11
  0:00:14.567    62M / 217M  INFO   DatasetProcessor         (dataset_processor.cpp     : 243)   Contig NODE_9_length_58116_cov_14.941713 processed with 2 changes in thread 4
  0:00:14.574    70M / 222M  INFO   DatasetProcessor         (dataset_processor.cpp     : 243)   Contig NODE_3_length_67811_cov_13.022472 processed with 0 changes in thread 15
  0:00:14.589    77M / 224M  INFO   DatasetProcessor         (dataset_processor.cpp     : 243)   Contig NODE_8_length_58727_cov_15.553788 processed with 0 changes in thread 8
  0:00:14.598    84M / 227M  INFO   DatasetProcessor         (dataset_processor.cpp     : 243)   Contig NODE_7_length_60511_cov_15.031598 processed with 5 changes in thread 14
  0:00:14.615    93M / 229M  INFO   DatasetProcessor         (dataset_processor.cpp     : 243)   Contig NODE_2_length_77876_cov_11.996141 processed with 1 changes in thread 12
  0:00:14.617   100M / 229M  INFO   DatasetProcessor         (dataset_processor.cpp     : 243)   Contig NODE_5_length_62040_cov_15.280781 processed with 0 changes in thread 13
  0:00:14.667   107M / 234M  INFO   DatasetProcessor         (dataset_processor.cpp     : 243)   Contig NODE_4_length_67739_cov_15.577826 processed with 0 changes in thread 6
  0:00:14.674   106M / 236M  INFO   DatasetProcessor         (dataset_processor.cpp     : 243)   Contig NODE_19_length_44063_cov_12.960374 processed with 0 changes in thread 3
  0:00:14.683   104M / 236M  INFO   DatasetProcessor         (dataset_processor.cpp     : 243)   Contig NODE_20_length_43547_cov_13.243667 processed with 0 changes in thread 7
  0:00:14.701   102M / 236M  INFO   DatasetProcessor         (dataset_processor.cpp     : 243)   Contig NODE_21_length_43245_cov_13.673222 processed with 0 changes in thread 1
  0:00:14.716   102M / 236M  INFO   DatasetProcessor         (dataset_processor.cpp     : 243)   Contig NODE_18_length_44103_cov_12.312943 processed with 5 changes in thread 5
  0:00:14.739   102M / 236M  INFO   DatasetProcessor         (dataset_processor.cpp     : 243)   Contig NODE_17_length_48222_cov_16.402058 processed with 1 changes in thread 2
  0:00:14.789   115M / 239M  INFO   DatasetProcessor         (dataset_processor.cpp     : 243)   Contig NODE_1_length_112634_cov_14.712791 processed with 2 changes in thread 0
  0:00:14.801   114M / 239M  INFO   DatasetProcessor         (dataset_processor.cpp     : 243)   Contig NODE_22_length_42836_cov_14.777166 processed with 0 changes in thread 10
  0:00:14.814   113M / 239M  INFO   DatasetProcessor         (dataset_processor.cpp     : 243)   Contig NODE_24_length_41454_cov_13.038449 processed with 0 changes in thread 11
  0:00:14.824   112M / 239M  INFO   DatasetProcessor         (dataset_processor.cpp     : 243)   Contig NODE_23_length_41536_cov_14.699486 processed with 0 changes in thread 9
  0:00:14.853   111M / 239M  INFO   DatasetProcessor         (dataset_processor.cpp     : 243)   Contig NODE_32_length_36270_cov_12.229975 processed with 0 changes in thread 3
  0:00:14.872   109M / 240M  INFO   DatasetProcessor         (dataset_processor.cpp     : 243)   Contig NODE_27_length_38963_cov_13.139535 processed with 0 changes in thread 8
  0:00:14.884   104M / 240M  INFO   DatasetProcessor         (dataset_processor.cpp     : 243)   Contig NODE_29_length_37333_cov_13.119658 processed with 0 changes in thread 12
  0:00:14.895   103M / 240M  INFO   DatasetProcessor         (dataset_processor.cpp     : 243)   Contig NODE_33_length_36088_cov_14.487055 processed with 0 changes in thread 7
  0:00:14.896   102M / 240M  INFO   DatasetProcessor         (dataset_processor.cpp     : 243)   Contig NODE_34_length_35398_cov_13.574721 processed with 0 changes in thread 1
  0:00:14.904   100M / 240M  INFO   DatasetProcessor         (dataset_processor.cpp     : 243)   Contig NODE_30_length_36866_cov_14.365633 processed with 0 changes in thread 13
  0:00:14.912    96M / 240M  INFO   DatasetProcessor         (dataset_processor.cpp     : 243)   Contig NODE_31_length_36731_cov_12.435663 processed with 0 changes in thread 6
  0:00:14.928    94M / 240M  INFO   DatasetProcessor         (dataset_processor.cpp     : 243)   Contig NODE_28_length_38795_cov_15.944476 processed with 2 changes in thread 14
  0:00:14.962    92M / 240M  INFO   DatasetProcessor         (dataset_processor.cpp     : 243)   Contig NODE_25_length_39921_cov_17.342916 processed with 2 changes in thread 4
  0:00:14.963    90M / 240M  INFO   DatasetProcessor         (dataset_processor.cpp     : 243)   Contig NODE_36_length_33113_cov_14.924180 processed with 7 changes in thread 2
  0:00:14.970    88M / 240M  INFO   DatasetProcessor         (dataset_processor.cpp     : 243)   Contig NODE_26_length_38988_cov_16.527264 processed with 5 changes in thread 15
  0:00:14.987    86M / 240M  INFO   DatasetProcessor         (dataset_processor.cpp     : 243)   Contig NODE_35_length_33734_cov_15.076175 processed with 0 changes in thread 5
  0:00:15.008    77M / 240M  INFO   DatasetProcessor         (dataset_processor.cpp     : 243)   Contig NODE_37_length_32314_cov_12.569733 processed with 0 changes in thread 0
  0:00:15.046    76M / 240M  INFO   DatasetProcessor         (dataset_processor.cpp     : 243)   Contig NODE_41_length_31793_cov_15.010200 processed with 0 changes in thread 3
  0:00:15.058    75M / 240M  INFO   DatasetProcessor         (dataset_processor.cpp     : 243)   Contig NODE_40_length_31990_cov_13.633588 processed with 0 changes in thread 9
  0:00:15.058    75M / 240M  INFO   DatasetProcessor         (dataset_processor.cpp     : 243)   Contig NODE_45_length_30073_cov_13.098043 processed with 0 changes in thread 1
  0:00:15.061    74M / 241M  INFO   DatasetProcessor         (dataset_processor.cpp     : 243)   Contig NODE_39_length_32043_cov_14.392750 processed with 0 changes in thread 11
  0:00:15.066    73M / 241M  INFO   DatasetProcessor         (dataset_processor.cpp     : 243)   Contig NODE_38_length_32208_cov_15.294130 processed with 4 changes in thread 10
  0:00:15.068    72M / 241M  INFO   DatasetProcessor         (dataset_processor.cpp     : 243)   Contig NODE_44_length_30847_cov_13.768327 processed with 0 changes in thread 7
  0:00:15.102    71M / 241M  INFO   DatasetProcessor         (dataset_processor.cpp     : 243)   Contig NODE_43_length_31329_cov_12.641337 processed with 2 changes in thread 12
  0:00:15.105    71M / 241M  INFO   DatasetProcessor         (dataset_processor.cpp     : 243)   Contig NODE_50_length_27848_cov_12.540673 processed with 0 changes in thread 2
  0:00:15.108    70M / 241M  INFO   DatasetProcessor         (dataset_processor.cpp     : 243)   Contig NODE_42_length_31524_cov_13.817785 processed with 2 changes in thread 8
  0:00:15.118    68M / 241M  INFO   DatasetProcessor         (dataset_processor.cpp     : 243)   Contig NODE_48_length_28405_cov_12.438680 processed with 0 changes in thread 14
  0:00:15.151    67M / 241M  INFO   DatasetProcessor         (dataset_processor.cpp     : 243)   Contig NODE_47_length_28656_cov_15.885345 processed with 7 changes in thread 6
  0:00:15.174    66M / 241M  INFO   DatasetProcessor         (dataset_processor.cpp     : 243)   Contig NODE_49_length_28363_cov_14.339637 processed with 0 changes in thread 4
  0:00:15.186    65M / 242M  INFO   DatasetProcessor         (dataset_processor.cpp     : 243)   Contig NODE_53_length_25830_cov_12.332607 processed with 0 changes in thread 0
  0:00:15.187    64M / 242M  INFO   DatasetProcessor         (dataset_processor.cpp     : 243)   Contig NODE_51_length_27600_cov_14.997962 processed with 0 changes in thread 15
  0:00:15.197    63M / 242M  INFO   DatasetProcessor         (dataset_processor.cpp     : 243)   Contig NODE_54_length_25245_cov_14.753563 processed with 0 changes in thread 3
  0:00:15.206    62M / 242M  INFO   DatasetProcessor         (dataset_processor.cpp     : 243)   Contig NODE_52_length_27209_cov_15.091500 processed with 3 changes in thread 5
  0:00:15.211    61M / 242M  INFO   DatasetProcessor         (dataset_processor.cpp     : 243)   Contig NODE_59_length_24268_cov_14.784847 processed with 0 changes in thread 7
  0:00:15.216    61M / 242M  INFO   DatasetProcessor         (dataset_processor.cpp     : 243)   Contig NODE_56_length_24977_cov_14.998592 processed with 0 changes in thread 1
  0:00:15.217    60M / 242M  INFO   DatasetProcessor         (dataset_processor.cpp     : 243)   Contig NODE_61_length_23553_cov_12.158841 processed with 0 changes in thread 2
  0:00:15.235    60M / 242M  INFO   DatasetProcessor         (dataset_processor.cpp     : 243)   Contig NODE_46_length_29936_cov_17.891509 processed with 3 changes in thread 13
  0:00:15.242    59M / 242M  INFO   DatasetProcessor         (dataset_processor.cpp     : 243)   Contig NODE_57_length_24495_cov_13.287672 processed with 3 changes in thread 11
  0:00:15.251    59M / 243M  INFO   DatasetProcessor         (dataset_processor.cpp     : 243)   Contig NODE_55_length_25039_cov_14.321371 processed with 0 changes in thread 9
  0:00:15.257    58M / 243M  INFO   DatasetProcessor         (dataset_processor.cpp     : 243)   Contig NODE_58_length_24441_cov_14.921815 processed with 0 changes in thread 10
  0:00:15.280    57M / 243M  INFO   DatasetProcessor         (dataset_processor.cpp     : 243)   Contig NODE_62_length_23377_cov_13.610495 processed with 0 changes in thread 8
  0:00:15.284    56M / 243M  INFO   DatasetProcessor         (dataset_processor.cpp     : 243)   Contig NODE_60_length_24138_cov_13.840282 processed with 0 changes in thread 12
  0:00:15.296    56M / 243M  INFO   DatasetProcessor         (dataset_processor.cpp     : 243)   Contig NODE_63_length_22736_cov_14.511080 processed with 0 changes in thread 14
  0:00:15.309    55M / 243M  INFO   DatasetProcessor         (dataset_processor.cpp     : 243)   Contig NODE_64_length_22586_cov_13.043190 processed with 0 changes in thread 6
  0:00:15.318    55M / 243M  INFO   DatasetProcessor         (dataset_processor.cpp     : 243)   Contig NODE_72_length_20767_cov_11.782607 processed with 0 changes in thread 2
  0:00:15.327    54M / 243M  INFO   DatasetProcessor         (dataset_processor.cpp     : 243)   Contig NODE_65_length_21994_cov_12.985961 processed with 0 changes in thread 4
  0:00:15.330    54M / 243M  INFO   DatasetProcessor         (dataset_processor.cpp     : 243)   Contig NODE_68_length_21261_cov_15.646778 processed with 0 changes in thread 3
  0:00:15.356    53M / 243M  INFO   DatasetProcessor         (dataset_processor.cpp     : 243)   Contig NODE_69_length_21191_cov_13.405763 processed with 0 changes in thread 5
  0:00:15.358    52M / 244M  INFO   DatasetProcessor         (dataset_processor.cpp     : 243)   Contig NODE_67_length_21674_cov_14.668863 processed with 1 changes in thread 15
  0:00:15.370    52M / 244M  INFO   DatasetProcessor         (dataset_processor.cpp     : 243)   Contig NODE_66_length_21763_cov_15.277639 processed with 0 changes in thread 0
  0:00:15.373    50M / 244M  INFO   DatasetProcessor         (dataset_processor.cpp     : 243)   Contig NODE_73_length_20504_cov_12.354566 processed with 0 changes in thread 13
  0:00:15.407    50M / 244M  INFO   DatasetProcessor         (dataset_processor.cpp     : 243)   Contig NODE_71_length_21012_cov_16.116399 processed with 17 changes in thread 1
  0:00:15.696    50M / 247M  INFO   DatasetProcessor         (dataset_processor.cpp     : 243)   Contig NODE_70_length_21115_cov_58.539165 processed with 100 changes in thread 7
  0:00:15.972     7M / 248M  INFO   DatasetProcessor         (dataset_processor.cpp     : 247)   Gluing processed contigs
  0:00:15.991     1M / 248M  INFO    General                 (main.cpp                  :  72)   Correcting time: 0 hours 0 minutes 15 seconds

===== Mismatch correction scaffolds finished. 


===== Mismatch correction finished. 


===== Breaking scaffolds started. 


== Running: /data/djs217/anaconda3/envs/spades-env/bin/python /data/djs217/anaconda3/envs/spades-env/share/spades/spades_pipeline/scripts/breaking_scaffolds_script.py --result_scaffolds_filename /data/djs217/PROJECTS/10_X_fragariae_feb_2024/04_spades/NCPPB_1822.spades/scaffolds.fasta --misc_dir /data/djs217/PROJECTS/10_X_fragariae_feb_2024/04_spades/NCPPB_1822.spades/misc --threshold_for_breaking_scaffolds 3


===== Breaking scaffolds finished. 


===== Terminate started. 


===== Terminate finished. 

 * Corrected reads are in /data/djs217/PROJECTS/10_X_fragariae_feb_2024/04_spades/NCPPB_1822.spades/corrected/
 * Assembled contigs are in /data/djs217/PROJECTS/10_X_fragariae_feb_2024/04_spades/NCPPB_1822.spades/contigs.fasta
 * Assembled scaffolds are in /data/djs217/PROJECTS/10_X_fragariae_feb_2024/04_spades/NCPPB_1822.spades/scaffolds.fasta
 * Paths in the assembly graph corresponding to the contigs are in /data/djs217/PROJECTS/10_X_fragariae_feb_2024/04_spades/NCPPB_1822.spades/contigs.paths
 * Paths in the assembly graph corresponding to the scaffolds are in /data/djs217/PROJECTS/10_X_fragariae_feb_2024/04_spades/NCPPB_1822.spades/scaffolds.paths
 * Assembly graph is in /data/djs217/PROJECTS/10_X_fragariae_feb_2024/04_spades/NCPPB_1822.spades/assembly_graph.fastg
 * Assembly graph in GFA format is in /data/djs217/PROJECTS/10_X_fragariae_feb_2024/04_spades/NCPPB_1822.spades/assembly_graph_with_scaffolds.gfa

======= SPAdes pipeline finished WITH WARNINGS!

=== Error correction and assembling warnings:
 * 0:00:10.734    45M / 2223M WARN    General                 (pair_info_count.cpp       : 376)   Estimated mean insert size 295.169 is very small compared to read length 301
======= Warnings saved to /data/djs217/PROJECTS/10_X_fragariae_feb_2024/04_spades/NCPPB_1822.spades/warnings.log

SPAdes log can be found here: /data/djs217/PROJECTS/10_X_fragariae_feb_2024/04_spades/NCPPB_1822.spades/spades.log

Thank you for using SPAdes!
