Command line: /data/djs217/anaconda3/envs/spades-env/bin/spades.py	--careful	-o	/data/djs217/PROJECTS/10_X_fragariae_feb_2024/04_spades/NCPPB_3743.spades	-1	/data/djs217/PROJECTS/10_X_fragariae_feb_2024/04_spades/NCPPB_3743.1_val_1.fq.gz	-2	/data/djs217/PROJECTS/10_X_fragariae_feb_2024/04_spades/NCPPB_3743.2_val_2.fq.gz	

System information:
  SPAdes version: 3.15.5
  Python version: 3.12.0
  OS: Linux-5.15.0-91-generic-x86_64-with-glibc2.35

Output dir: /data/djs217/PROJECTS/10_X_fragariae_feb_2024/04_spades/NCPPB_3743.spades
Mode: read error correction and assembling
Debug mode is turned OFF

Dataset parameters:
  Standard mode
  For multi-cell/isolate data we recommend to use '--isolate' option; for single-cell MDA data use '--sc'; for metagenomic data use '--meta'; for RNA-Seq use '--rna'.
  Reads:
    Library number: 1, library type: paired-end
      orientation: fr
      left reads: ['/data/djs217/PROJECTS/10_X_fragariae_feb_2024/04_spades/NCPPB_3743.1_val_1.fq.gz']
      right reads: ['/data/djs217/PROJECTS/10_X_fragariae_feb_2024/04_spades/NCPPB_3743.2_val_2.fq.gz']
      interlaced reads: not specified
      single reads: not specified
      merged reads: not specified
Read error correction parameters:
  Iterations: 1
  PHRED offset will be auto-detected
  Corrected reads will be compressed
Assembly parameters:
  k: automatic selection based on read length
  Repeat resolution is enabled
  Mismatch careful mode is turned ON
  MismatchCorrector will be used
  Coverage cutoff is turned OFF
Other parameters:
  Dir for temp files: /data/djs217/PROJECTS/10_X_fragariae_feb_2024/04_spades/NCPPB_3743.spades/tmp
  Threads: 16
  Memory limit (in Gb): 62


======= SPAdes pipeline started. Log can be found here: /data/djs217/PROJECTS/10_X_fragariae_feb_2024/04_spades/NCPPB_3743.spades/spades.log

/data/djs217/PROJECTS/10_X_fragariae_feb_2024/04_spades/NCPPB_3743.1_val_1.fq.gz: max reads length: 301
/data/djs217/PROJECTS/10_X_fragariae_feb_2024/04_spades/NCPPB_3743.2_val_2.fq.gz: max reads length: 301

Reads length: 301

Default k-mer sizes were set to [21, 33, 55, 77, 99, 127] because estimated read length (301) is equal to or greater than 250

===== Before start started. 


===== Read error correction started. 


===== Read error correction started. 


== Running: /data/djs217/anaconda3/envs/spades-env/bin/spades-hammer /data/djs217/PROJECTS/10_X_fragariae_feb_2024/04_spades/NCPPB_3743.spades/corrected/configs/config.info

  0:00:00.000     1M / 19M   INFO    General                 (main.cpp                  :  75)   Starting BayesHammer, built from N/A, git revision N/A
  0:00:00.002     1M / 19M   INFO    General                 (main.cpp                  :  76)   Loading config from /data/djs217/PROJECTS/10_X_fragariae_feb_2024/04_spades/NCPPB_3743.spades/corrected/configs/config.info
  0:00:00.003     1M / 19M   INFO    General                 (main.cpp                  :  78)   Maximum # of threads to use (adjusted due to OMP capabilities): 16
  0:00:00.003     1M / 19M   INFO    General                 (memory_limit.cpp          :  54)   Memory limit set to 62 Gb
  0:00:00.003     1M / 19M   INFO    General                 (main.cpp                  :  86)   Trying to determine PHRED offset
  0:00:00.006     1M / 19M   INFO    General                 (main.cpp                  :  92)   Determined value is 33
  0:00:00.006     1M / 19M   INFO    General                 (hammer_tools.cpp          :  38)   Hamming graph threshold tau=1, k=21, subkmer positions = [ 0 10 ]
  0:00:00.006     1M / 19M   INFO    General                 (main.cpp                  : 113)   Size of aux. kmer data 24 bytes
     === ITERATION 0 begins ===
  0:00:00.007     1M / 19M   INFO    General                 (kmer_index_builder.hpp    : 243)   Splitting kmer instances into 16 files using 16 threads. This might take a while.
  0:00:00.007     1M / 19M   INFO    General                 (file_limit.hpp            :  42)   Open file limit set to 1024
  0:00:00.007     1M / 19M   INFO    General                 (kmer_splitter.hpp         :  93)   Memory available for splitting buffers: 1.29166 Gb
  0:00:00.007     1M / 19M   INFO    General                 (kmer_splitter.hpp         : 101)   Using cell size of 4194304
  0:00:00.009  9217M / 9217M INFO   K-mer Splitting          (kmer_data.cpp             :  97)   Processing /data/djs217/PROJECTS/10_X_fragariae_feb_2024/04_spades/NCPPB_3743.1_val_1.fq.gz
  0:00:03.067  9217M / 9217M INFO   K-mer Splitting          (kmer_data.cpp             : 107)   Processed 422710 reads
  0:00:03.067  9217M / 9217M INFO   K-mer Splitting          (kmer_data.cpp             :  97)   Processing /data/djs217/PROJECTS/10_X_fragariae_feb_2024/04_spades/NCPPB_3743.2_val_2.fq.gz
  0:00:05.398  9217M / 9217M INFO   K-mer Splitting          (kmer_data.cpp             : 107)   Processed 845420 reads
  0:00:05.438  9217M / 9217M INFO   K-mer Splitting          (kmer_data.cpp             : 112)   Total 845420 reads processed
  0:00:05.438     1M / 2406M INFO    General                 (kmer_index_builder.hpp    : 249)   Starting k-mer counting.
  0:00:05.570     1M / 2406M INFO    General                 (kmer_index_builder.hpp    : 260)   K-mer counting done. There are 16831968 kmers in total.
  0:00:05.571     1M / 2406M INFO   K-mer Index Building     (kmer_index_builder.hpp    : 395)   Building perfect hash indices
  0:00:05.704    15M / 2406M INFO   K-mer Index Building     (kmer_index_builder.hpp    : 431)   Index built. Total 16831968 kmers, 12168920 bytes occupied (5.78372 bits per kmer).
  0:00:05.704    15M / 2406M INFO   K-mer Counting           (kmer_data.cpp             : 354)   Arranging kmers in hash map order
  0:00:06.080   279M / 2406M INFO    General                 (main.cpp                  : 148)   Clustering Hamming graph.
  0:00:10.334   279M / 2406M INFO    General                 (main.cpp                  : 155)   Extracting clusters:
  0:00:10.334   279M / 2406M INFO    General                 (concurrent_dsu.cpp        :  18)   Connecting to root
  0:00:10.359   279M / 2406M INFO    General                 (concurrent_dsu.cpp        :  34)   Calculating counts
  0:00:11.414   552M / 2406M INFO    General                 (concurrent_dsu.cpp        :  63)   Writing down entries
  0:00:12.911   279M / 2406M INFO    General                 (main.cpp                  : 167)   Clustering done. Total clusters: 8211840
  0:00:12.918   147M / 2406M INFO   K-mer Counting           (kmer_data.cpp             : 371)   Collecting K-mer information, this takes a while.
  0:00:13.058   535M / 2406M INFO   K-mer Counting           (kmer_data.cpp             : 377)   Processing /data/djs217/PROJECTS/10_X_fragariae_feb_2024/04_spades/NCPPB_3743.1_val_1.fq.gz
  0:00:17.381   535M / 2406M INFO   K-mer Counting           (kmer_data.cpp             : 377)   Processing /data/djs217/PROJECTS/10_X_fragariae_feb_2024/04_spades/NCPPB_3743.2_val_2.fq.gz
  0:00:20.657   535M / 2406M INFO   K-mer Counting           (kmer_data.cpp             : 384)   Collection done, postprocessing.
  0:00:20.717   535M / 2406M INFO   K-mer Counting           (kmer_data.cpp             : 397)   There are 16831968 kmers in total. Among them 8488510 (50.4309%) are singletons.
  0:00:20.717   535M / 2406M INFO    General                 (main.cpp                  : 173)   Subclustering Hamming graph
  0:00:22.377   535M / 2406M INFO   Hamming Subclustering    (kmer_cluster.cpp          : 650)   Subclustering done. Total 5 non-read kmers were generated.
  0:00:22.377   535M / 2406M INFO   Hamming Subclustering    (kmer_cluster.cpp          : 651)   Subclustering statistics:
  0:00:22.377   535M / 2406M INFO   Hamming Subclustering    (kmer_cluster.cpp          : 652)     Total singleton hamming clusters: 3395596. Among them 2855182 (84.0849%) are good
  0:00:22.377   535M / 2406M INFO   Hamming Subclustering    (kmer_cluster.cpp          : 653)     Total singleton subclusters: 54824. Among them 54558 (99.5148%) are good
  0:00:22.377   535M / 2406M INFO   Hamming Subclustering    (kmer_cluster.cpp          : 654)     Total non-singleton subcluster centers: 4899291. Among them 3185277 (65.0151%) are good
  0:00:22.377   535M / 2406M INFO   Hamming Subclustering    (kmer_cluster.cpp          : 655)     Average size of non-trivial subcluster: 2.74251 kmers
  0:00:22.377   535M / 2406M INFO   Hamming Subclustering    (kmer_cluster.cpp          : 656)     Average number of sub-clusters per non-singleton cluster: 1.02863
  0:00:22.377   535M / 2406M INFO   Hamming Subclustering    (kmer_cluster.cpp          : 657)     Total solid k-mers: 6095017
  0:00:22.378   535M / 2406M INFO   Hamming Subclustering    (kmer_cluster.cpp          : 658)     Substitution probabilities: [4,4]((0.936958,0.0336366,0.0183585,0.0110471),(0.0182398,0.961111,0.00794368,0.0127056),(0.0126894,0.00793114,0.961127,0.0182527),(0.0110276,0.0183405,0.0336161,0.937016))
  0:00:22.390   535M / 2406M INFO    General                 (main.cpp                  : 178)   Finished clustering.
  0:00:22.390   535M / 2406M INFO    General                 (main.cpp                  : 197)   Starting solid k-mers expansion in 16 threads.
  0:00:25.176   535M / 2406M INFO    General                 (main.cpp                  : 218)   Solid k-mers iteration 0 produced 31243 new k-mers.
  0:00:27.969   535M / 2406M INFO    General                 (main.cpp                  : 218)   Solid k-mers iteration 1 produced 868 new k-mers.
  0:00:30.760   535M / 2406M INFO    General                 (main.cpp                  : 218)   Solid k-mers iteration 2 produced 18 new k-mers.
  0:00:33.544   535M / 2406M INFO    General                 (main.cpp                  : 218)   Solid k-mers iteration 3 produced 0 new k-mers.
  0:00:33.544   535M / 2406M INFO    General                 (main.cpp                  : 222)   Solid k-mers finalized
  0:00:33.544   535M / 2406M INFO    General                 (hammer_tools.cpp          : 222)   Starting read correction in 16 threads.
  0:00:33.544   535M / 2406M INFO    General                 (hammer_tools.cpp          : 235)   Correcting pair of reads: /data/djs217/PROJECTS/10_X_fragariae_feb_2024/04_spades/NCPPB_3743.1_val_1.fq.gz and /data/djs217/PROJECTS/10_X_fragariae_feb_2024/04_spades/NCPPB_3743.2_val_2.fq.gz
  0:00:36.056  1257M / 2406M INFO    General                 (hammer_tools.cpp          : 170)   Prepared batch 0 of 422710 reads.
  0:00:38.732  1295M / 2406M INFO    General                 (hammer_tools.cpp          : 177)   Processed batch 0
  0:00:39.346  1295M / 2406M INFO    General                 (hammer_tools.cpp          : 187)   Written batch 0
  0:00:39.509   535M / 2406M INFO    General                 (hammer_tools.cpp          : 276)   Correction done. Changed 264896 bases in 197951 reads.
  0:00:39.523   535M / 2406M INFO    General                 (hammer_tools.cpp          : 277)   Failed to correct 68 bases out of 155094184.
  0:00:39.555     1M / 2406M INFO    General                 (main.cpp                  : 255)   Saving corrected dataset description to /data/djs217/PROJECTS/10_X_fragariae_feb_2024/04_spades/NCPPB_3743.spades/corrected/corrected.yaml
  0:00:39.556     1M / 2406M INFO    General                 (main.cpp                  : 262)   All done. Exiting.

===== Read error correction finished. 


===== corrected reads compression started. 


== Running: /data/djs217/anaconda3/envs/spades-env/bin/python /data/djs217/anaconda3/envs/spades-env/share/spades/spades_pipeline/scripts/compress_all.py --input_file /data/djs217/PROJECTS/10_X_fragariae_feb_2024/04_spades/NCPPB_3743.spades/corrected/corrected.yaml --ext_python_modules_home /data/djs217/anaconda3/envs/spades-env/share/spades --max_threads 16 --output_dir /data/djs217/PROJECTS/10_X_fragariae_feb_2024/04_spades/NCPPB_3743.spades/corrected --gzip_output

== Compressing corrected reads (with pigz)
== Files to compress: ['/data/djs217/PROJECTS/10_X_fragariae_feb_2024/04_spades/NCPPB_3743.spades/corrected/NCPPB_3743.1_val_1.fq.00.0_0.cor.fastq', '/data/djs217/PROJECTS/10_X_fragariae_feb_2024/04_spades/NCPPB_3743.spades/corrected/NCPPB_3743.2_val_2.fq.00.0_0.cor.fastq', '/data/djs217/PROJECTS/10_X_fragariae_feb_2024/04_spades/NCPPB_3743.spades/corrected/NCPPB_3743._unpaired.00.0_0.cor.fastq']
== Files compression is finished
== Dataset yaml file is updated

===== corrected reads compression finished. 


===== Read error correction finished. 


===== Assembling started. 


===== K21 started. 


== Running: /data/djs217/anaconda3/envs/spades-env/bin/spades-core /data/djs217/PROJECTS/10_X_fragariae_feb_2024/04_spades/NCPPB_3743.spades/K21/configs/config.info /data/djs217/PROJECTS/10_X_fragariae_feb_2024/04_spades/NCPPB_3743.spades/K21/configs/careful_mode.info

  0:00:00.000     1M / 19M   INFO    General                 (main.cpp                  :  99)   Loaded config from /data/djs217/PROJECTS/10_X_fragariae_feb_2024/04_spades/NCPPB_3743.spades/K21/configs/config.info
  0:00:00.000     1M / 19M   INFO    General                 (main.cpp                  :  99)   Loaded config from /data/djs217/PROJECTS/10_X_fragariae_feb_2024/04_spades/NCPPB_3743.spades/K21/configs/careful_mode.info
  0:00:00.000     1M / 19M   INFO    General                 (memory_limit.cpp          :  54)   Memory limit set to 62 Gb
  0:00:00.000     1M / 19M   INFO    General                 (main.cpp                  : 107)   Starting SPAdes, built from N/A, git revision N/A
  0:00:00.000     1M / 19M   INFO    General                 (main.cpp                  : 108)   Maximum k-mer length: 128
  0:00:00.000     1M / 19M   INFO    General                 (main.cpp                  : 109)   Assembling dataset (/data/djs217/PROJECTS/10_X_fragariae_feb_2024/04_spades/NCPPB_3743.spades/dataset.info) with K=21
  0:00:00.000     1M / 19M   INFO    General                 (main.cpp                  : 110)   Maximum # of threads to use (adjusted due to OMP capabilities): 16
  0:00:00.001     1M / 19M   INFO    General                 (pipeline.cpp              : 212)   SPAdes started
  0:00:00.001     1M / 19M   INFO    General                 (pipeline.cpp              : 225)   Starting from stage: read_conversion
  0:00:00.001     1M / 19M   INFO    General                 (pipeline.cpp              : 231)   Two-step repeat resolution disabled
  0:00:00.001     1M / 19M   INFO   GraphCore                (graph_core.hpp            : 672)   Graph created, vertex min_id: 3, edge min_id: 3
  0:00:00.001     1M / 19M   INFO   GraphCore                (graph_core.hpp            : 673)   Vertex size: 48, edge size: 40
  0:00:00.001     1M / 19M   INFO    General                 (edge_index.hpp            : 113)   Size of edge index entries: 12/8
  0:00:00.001     1M / 19M   INFO   StageManager             (stage.cpp                 : 185)   STAGE == Binary Read Conversion (id: read_conversion)
  0:00:00.001     1M / 19M   INFO    General                 (read_converter.cpp        :  72)   Converting reads to binary format for library #0 (takes a while)
  0:00:00.001     1M / 19M   INFO    General                 (read_converter.cpp        :  73)   Converting paired reads
  0:00:00.777    69M / 108M  INFO    General                 (binary_converter.cpp      :  96)   16384 reads processed
  0:00:00.805    75M / 120M  INFO    General                 (binary_converter.cpp      :  96)   32768 reads processed
  0:00:00.862    88M / 142M  INFO    General                 (binary_converter.cpp      :  96)   65536 reads processed
  0:00:01.177    75M / 197M  INFO    General                 (binary_converter.cpp      :  96)   131072 reads processed
  0:00:01.775    86M / 236M  INFO    General                 (binary_converter.cpp      :  96)   262144 reads processed
  0:00:02.527    63M / 253M  INFO    General                 (binary_converter.cpp      : 111)   421576 reads written
  0:00:02.527    41M / 253M  INFO    General                 (read_converter.cpp        :  86)   Converting single reads
  0:00:02.558    71M / 253M  INFO    General                 (binary_converter.cpp      : 111)   1126 reads written
  0:00:02.558    61M / 253M  INFO    General                 (read_converter.cpp        :  92)   Converting merged reads
  0:00:02.559    71M / 253M  INFO    General                 (binary_converter.cpp      : 111)   0 reads written
  0:00:02.589     1M / 254M  INFO   StageManager             (stage.cpp                 : 185)   STAGE == de Bruijn graph construction (id: construction)
  0:00:02.594     1M / 254M  INFO    General                 (construction.cpp          : 153)   Max read length 301
  0:00:02.594     1M / 254M  INFO    General                 (construction.cpp          : 159)   Average read length 183.67
  0:00:02.594     1M / 254M  INFO    General                 (stage.cpp                 : 117)   PROCEDURE == k+1-mer counting (id: construction:kpomer_counting)
  0:00:02.594     1M / 254M  INFO    General                 (kmer_index_builder.hpp    : 243)   Splitting kmer instances into 160 files using 16 threads. This might take a while.
  0:00:02.594     1M / 254M  INFO    General                 (file_limit.hpp            :  42)   Open file limit set to 1024
  0:00:02.595     1M / 254M  INFO    General                 (kmer_splitter.hpp         :  93)   Memory available for splitting buffers: 1.29165 Gb
  0:00:02.595     1M / 254M  INFO    General                 (kmer_splitter.hpp         : 101)   Using cell size of 419430
  0:00:04.047  9601M / 9601M INFO    General                 (kmer_splitters.hpp        : 125)   Processed 1688556 reads
  0:00:04.050     1M / 1366M INFO    General                 (kmer_splitters.hpp        : 131)   Used 1688556 reads
  0:00:04.146     1M / 1366M INFO    General                 (kmer_index_builder.hpp    : 249)   Starting k-mer counting.
  0:00:04.189     1M / 1366M INFO    General                 (kmer_index_builder.hpp    : 260)   K-mer counting done. There are 4003439 kmers in total.
  0:00:04.190     1M / 1366M INFO    General                 (stage.cpp                 : 117)   PROCEDURE == Extension index construction (id: construction:extension_index_construction)
  0:00:04.191     1M / 1366M INFO   K-mer Index Building     (kmer_index_builder.hpp    : 438)   Building kmer index
  0:00:04.191     1M / 1366M INFO    General                 (kmer_index_builder.hpp    : 243)   Splitting kmer instances into 160 files using 16 threads. This might take a while.
  0:00:04.191     1M / 1366M INFO    General                 (file_limit.hpp            :  42)   Open file limit set to 1024
  0:00:04.192     1M / 1366M INFO    General                 (kmer_splitter.hpp         :  93)   Memory available for splitting buffers: 1.29165 Gb
  0:00:04.192     1M / 1366M INFO    General                 (kmer_splitter.hpp         : 101)   Using cell size of 419430
  0:00:04.373  9601M / 9601M INFO    General                 (kmer_splitters.hpp        : 194)   Processed 4003439 kmers
  0:00:04.373  9601M / 9601M INFO    General                 (kmer_splitters.hpp        : 199)   Used 4003439 kmers.
  0:00:04.376     1M / 1366M INFO    General                 (kmer_index_builder.hpp    : 249)   Starting k-mer counting.
  0:00:04.413     1M / 1366M INFO    General                 (kmer_index_builder.hpp    : 260)   K-mer counting done. There are 3997232 kmers in total.
  0:00:04.413     1M / 1366M INFO   K-mer Index Building     (kmer_index_builder.hpp    : 395)   Building perfect hash indices
  0:00:04.463     5M / 1366M INFO   K-mer Index Building     (kmer_index_builder.hpp    : 431)   Index built. Total 3997232 kmers, 3007248 bytes occupied (6.01866 bits per kmer).
  0:00:04.464     5M / 1366M INFO    General                 (kmer_index_builder.hpp    : 169)   Merging final buckets.
  0:00:04.584     9M / 1366M INFO   DeBruijnExtensionIndexBu (kmer_extension_index_build: 100)   Building k-mer extensions from k+1-mers
  0:00:04.715     9M / 1366M INFO   DeBruijnExtensionIndexBu (kmer_extension_index_build: 105)   Building k-mer extensions from k+1-mers finished.
  0:00:04.722     9M / 1366M INFO    General                 (stage.cpp                 : 117)   PROCEDURE == Early tip clipping (id: construction:early_tip_clipper)
  0:00:04.722     9M / 1366M INFO    General                 (construction.cpp          : 301)   Early tip clipper length bound set as (RL - K)
  0:00:04.722     9M / 1366M INFO   Early tip clipping       (early_simplification.hpp  :  47)   Early tip clipping
  0:00:04.785     9M / 1366M INFO   Early tip clipping       (early_simplification.hpp  :  82)   #tipped junctions: 5623
  0:00:04.785     9M / 1366M INFO   Early tip clipping       (early_simplification.hpp  :  93)   Clipped tips: 5630
  0:00:04.790     9M / 1366M INFO   Early tip clipping       (early_simplification.hpp  :  49)   48412 22-mers were removed by early tip clipper
  0:00:04.791     9M / 1366M INFO    General                 (stage.cpp                 : 117)   PROCEDURE == Condensing graph (id: construction:graph_condensing)
  0:00:04.791     9M / 1366M INFO   UnbranchingPathExtractor (debruijn_graph_constructor: 354)   Extracting unbranching paths
  0:00:04.887    10M / 1366M INFO   UnbranchingPathExtractor (debruijn_graph_constructor: 373)   Extracting unbranching paths finished. 17815 sequences extracted
  0:00:04.977    10M / 1366M INFO   UnbranchingPathExtractor (debruijn_graph_constructor: 309)   Collecting perfect loops
  0:00:05.003    10M / 1366M INFO   UnbranchingPathExtractor (debruijn_graph_constructor: 342)   Collecting perfect loops finished. 0 loops collected
  0:00:05.012    10M / 1366M INFO    General                 (debruijn_graph_constructor: 487)   Total 35630 edges to create
  0:00:05.012    12M / 1366M INFO    General                 (debruijn_graph_constructor: 489)   Collecting link records
  0:00:05.029    12M / 1366M INFO    General                 (debruijn_graph_constructor: 491)   Ordering link records
  0:00:05.029    12M / 1366M INFO    General                 (debruijn_graph_constructor: 493)   Sorting done
  0:00:05.029    13M / 1366M INFO    General                 (debruijn_graph_constructor: 503)   Total 11608 vertices to create
  0:00:05.030    14M / 1366M INFO    General                 (debruijn_graph_constructor: 506)   Connecting the graph
  0:00:05.041    13M / 1366M INFO    General                 (stage.cpp                 : 117)   PROCEDURE == Filling coverage indices (PHM) (id: construction:coverage_filling_phm)
  0:00:05.041    13M / 1366M INFO   K-mer Index Building     (kmer_index_builder.hpp    : 395)   Building perfect hash indices
  0:00:05.085    16M / 1366M INFO   K-mer Index Building     (kmer_index_builder.hpp    : 431)   Index built. Total 4003439 kmers, 3011656 bytes occupied (6.01814 bits per kmer).
  0:00:05.088    32M / 1366M INFO    General                 (coverage_hash_map_builder.:  47)   Collecting k-mer coverage information from reads, this takes a while.
  0:00:06.343    32M / 1366M INFO    General                 (construction.cpp          : 430)   Filling coverage and flanking coverage from PHM
  0:00:06.428    32M / 1366M INFO    General                 (coverage_filling.hpp      :  82)   Processed 35560 edges
  0:00:06.447     5M / 1366M INFO   StageManager             (stage.cpp                 : 185)   STAGE == EC Threshold Finding (id: ec_threshold_finder)
  0:00:06.447     5M / 1366M INFO    General                 (kmer_coverage_model.cpp   : 181)   Kmer coverage valley at: 4
  0:00:06.447     5M / 1366M INFO    General                 (kmer_coverage_model.cpp   : 201)   K-mer histogram maximum: 29
  0:00:06.447     5M / 1366M INFO    General                 (kmer_coverage_model.cpp   : 237)   Estimated median coverage: 31. Coverage mad: 8.8956
  0:00:06.448     5M / 1366M INFO    General                 (kmer_coverage_model.cpp   : 259)   Fitting coverage model
  0:00:06.480     5M / 1366M INFO    General                 (kmer_coverage_model.cpp   : 295)   ... iteration 2
  0:00:06.560     5M / 1366M INFO    General                 (kmer_coverage_model.cpp   : 295)   ... iteration 4
  0:00:06.886     5M / 1366M INFO    General                 (kmer_coverage_model.cpp   : 295)   ... iteration 8
  0:00:07.642     5M / 1366M INFO    General                 (kmer_coverage_model.cpp   : 295)   ... iteration 16
  0:00:09.051     5M / 1366M INFO    General                 (kmer_coverage_model.cpp   : 295)   ... iteration 32
  0:00:09.486     5M / 1366M INFO    General                 (kmer_coverage_model.cpp   : 309)   Fitted mean coverage: 31.3378. Fitted coverage std. dev: 7.81024
  0:00:09.488     5M / 1366M INFO    General                 (kmer_coverage_model.cpp   : 334)   Probability of erroneous kmer at valley: 0.938007
  0:00:09.488     5M / 1366M INFO    General                 (kmer_coverage_model.cpp   : 358)   Preliminary threshold calculated as: 14
  0:00:09.488     5M / 1366M INFO    General                 (kmer_coverage_model.cpp   : 362)   Threshold adjusted to: 14
  0:00:09.488     5M / 1366M INFO    General                 (kmer_coverage_model.cpp   : 375)   Estimated genome size (ignoring repeats): 3849594
  0:00:09.488     5M / 1366M INFO    General                 (genomic_info_filler.cpp   :  55)   Mean coverage was calculated as 31.3378
  0:00:09.488     5M / 1366M INFO    General                 (genomic_info_filler.cpp   :  70)   EC coverage threshold value was calculated as 14
  0:00:09.488     5M / 1366M INFO    General                 (genomic_info_filler.cpp   :  71)   Trusted kmer low bound: 0
  0:00:09.488     5M / 1366M INFO   StageManager             (stage.cpp                 : 185)   STAGE == Raw Simplification (id: raw_simplification)
  0:00:09.488     5M / 1366M INFO    General                 (simplification.cpp        : 127)   PROCEDURE == Initial cleaning
  0:00:09.488     5M / 1366M INFO    General                 (graph_simplification.hpp  : 662)   Flanking coverage based disconnection disabled
  0:00:09.488     5M / 1366M INFO   Simplification           (parallel_processing.hpp   : 167)   Running Self conjugate edge remover
  0:00:09.489     5M / 1366M INFO   Simplification           (parallel_processing.hpp   : 170)   Self conjugate edge remover triggered 0 times
  0:00:09.489     5M / 1366M INFO   StageManager             (stage.cpp                 : 185)   STAGE == Simplification (id: simplification)
  0:00:09.489     5M / 1366M INFO    General                 (simplification.cpp        : 368)   Graph simplification started
  0:00:09.489     5M / 1366M INFO    General                 (graph_simplification.hpp  : 634)   Creating parallel br instance
  0:00:09.489     5M / 1366M INFO    General                 (simplification.cpp        : 373)   PROCEDURE == Simplification cycle, iteration 1
  0:00:09.489     5M / 1366M INFO   Simplification           (parallel_processing.hpp   : 167)   Running Tip clipper
  0:00:09.491     5M / 1366M INFO   Simplification           (parallel_processing.hpp   : 170)   Tip clipper triggered 21 times
  0:00:09.491     5M / 1366M INFO   Simplification           (parallel_processing.hpp   : 167)   Running Bulge remover
  0:00:09.553     5M / 1366M INFO   Simplification           (parallel_processing.hpp   : 170)   Bulge remover triggered 1886 times
  0:00:09.553     5M / 1366M INFO   Simplification           (parallel_processing.hpp   : 167)   Running Low coverage edge remover
  0:00:09.581     5M / 1366M INFO   Simplification           (parallel_processing.hpp   : 170)   Low coverage edge remover triggered 1454 times
  0:00:09.582     5M / 1366M INFO    General                 (simplification.cpp        : 373)   PROCEDURE == Simplification cycle, iteration 2
  0:00:09.582     5M / 1366M INFO   Simplification           (parallel_processing.hpp   : 167)   Running Tip clipper
  0:00:09.583     5M / 1366M INFO   Simplification           (parallel_processing.hpp   : 170)   Tip clipper triggered 7 times
  0:00:09.583     5M / 1366M INFO   Simplification           (parallel_processing.hpp   : 167)   Running Bulge remover
  0:00:09.591     5M / 1366M INFO   Simplification           (parallel_processing.hpp   : 170)   Bulge remover triggered 169 times
  0:00:09.591     5M / 1366M INFO   Simplification           (parallel_processing.hpp   : 167)   Running Low coverage edge remover
  0:00:09.604     5M / 1366M INFO   Simplification           (parallel_processing.hpp   : 170)   Low coverage edge remover triggered 406 times
  0:00:09.604     5M / 1366M INFO    General                 (simplification.cpp        : 373)   PROCEDURE == Simplification cycle, iteration 3
  0:00:09.604     5M / 1366M INFO   Simplification           (parallel_processing.hpp   : 167)   Running Tip clipper
  0:00:09.605     5M / 1366M INFO   Simplification           (parallel_processing.hpp   : 170)   Tip clipper triggered 2 times
  0:00:09.605     5M / 1366M INFO   Simplification           (parallel_processing.hpp   : 167)   Running Bulge remover
  0:00:09.606     5M / 1366M INFO   Simplification           (parallel_processing.hpp   : 170)   Bulge remover triggered 44 times
  0:00:09.606     5M / 1366M INFO   Simplification           (parallel_processing.hpp   : 167)   Running Low coverage edge remover
  0:00:09.607     5M / 1366M INFO   Simplification           (parallel_processing.hpp   : 170)   Low coverage edge remover triggered 51 times
  0:00:09.607     5M / 1366M INFO    General                 (simplification.cpp        : 373)   PROCEDURE == Simplification cycle, iteration 4
  0:00:09.607     5M / 1366M INFO   Simplification           (parallel_processing.hpp   : 167)   Running Tip clipper
  0:00:09.607     5M / 1366M INFO   Simplification           (parallel_processing.hpp   : 170)   Tip clipper triggered 0 times
  0:00:09.607     5M / 1366M INFO   Simplification           (parallel_processing.hpp   : 167)   Running Bulge remover
  0:00:09.608     5M / 1366M INFO   Simplification           (parallel_processing.hpp   : 170)   Bulge remover triggered 11 times
  0:00:09.608     5M / 1366M INFO   Simplification           (parallel_processing.hpp   : 167)   Running Low coverage edge remover
  0:00:09.608     5M / 1366M INFO   Simplification           (parallel_processing.hpp   : 170)   Low coverage edge remover triggered 16 times
  0:00:09.608     5M / 1366M INFO    General                 (simplification.cpp        : 373)   PROCEDURE == Simplification cycle, iteration 5
  0:00:09.608     5M / 1366M INFO   Simplification           (parallel_processing.hpp   : 167)   Running Tip clipper
  0:00:09.608     5M / 1366M INFO   Simplification           (parallel_processing.hpp   : 170)   Tip clipper triggered 0 times
  0:00:09.608     5M / 1366M INFO   Simplification           (parallel_processing.hpp   : 167)   Running Bulge remover
  0:00:09.608     5M / 1366M INFO   Simplification           (parallel_processing.hpp   : 170)   Bulge remover triggered 5 times
  0:00:09.608     5M / 1366M INFO   Simplification           (parallel_processing.hpp   : 167)   Running Low coverage edge remover
  0:00:09.608     5M / 1366M INFO   Simplification           (parallel_processing.hpp   : 170)   Low coverage edge remover triggered 8 times
  0:00:09.608     5M / 1366M INFO    General                 (simplification.cpp        : 373)   PROCEDURE == Simplification cycle, iteration 6
  0:00:09.608     5M / 1366M INFO   Simplification           (parallel_processing.hpp   : 167)   Running Tip clipper
  0:00:09.608     5M / 1366M INFO   Simplification           (parallel_processing.hpp   : 170)   Tip clipper triggered 0 times
  0:00:09.608     5M / 1366M INFO   Simplification           (parallel_processing.hpp   : 167)   Running Bulge remover
  0:00:09.609     5M / 1366M INFO   Simplification           (parallel_processing.hpp   : 170)   Bulge remover triggered 1 times
  0:00:09.609     5M / 1366M INFO   Simplification           (parallel_processing.hpp   : 167)   Running Low coverage edge remover
  0:00:09.609     5M / 1366M INFO   Simplification           (parallel_processing.hpp   : 170)   Low coverage edge remover triggered 2 times
  0:00:09.609     5M / 1366M INFO    General                 (simplification.cpp        : 373)   PROCEDURE == Simplification cycle, iteration 7
  0:00:09.609     5M / 1366M INFO   Simplification           (parallel_processing.hpp   : 167)   Running Tip clipper
  0:00:09.609     5M / 1366M INFO   Simplification           (parallel_processing.hpp   : 170)   Tip clipper triggered 0 times
  0:00:09.609     5M / 1366M INFO   Simplification           (parallel_processing.hpp   : 167)   Running Bulge remover
  0:00:09.609     5M / 1366M INFO   Simplification           (parallel_processing.hpp   : 170)   Bulge remover triggered 1 times
  0:00:09.609     5M / 1366M INFO   Simplification           (parallel_processing.hpp   : 167)   Running Low coverage edge remover
  0:00:09.609     5M / 1366M INFO   Simplification           (parallel_processing.hpp   : 170)   Low coverage edge remover triggered 3 times
  0:00:09.609     5M / 1366M INFO    General                 (simplification.cpp        : 373)   PROCEDURE == Simplification cycle, iteration 8
  0:00:09.609     5M / 1366M INFO   Simplification           (parallel_processing.hpp   : 167)   Running Tip clipper
  0:00:09.609     5M / 1366M INFO   Simplification           (parallel_processing.hpp   : 170)   Tip clipper triggered 0 times
  0:00:09.609     5M / 1366M INFO   Simplification           (parallel_processing.hpp   : 167)   Running Bulge remover
  0:00:09.609     5M / 1366M INFO   Simplification           (parallel_processing.hpp   : 170)   Bulge remover triggered 2 times
  0:00:09.609     5M / 1366M INFO   Simplification           (parallel_processing.hpp   : 167)   Running Low coverage edge remover
  0:00:09.609     5M / 1366M INFO   Simplification           (parallel_processing.hpp   : 170)   Low coverage edge remover triggered 3 times
  0:00:09.609     5M / 1366M INFO    General                 (simplification.cpp        : 373)   PROCEDURE == Simplification cycle, iteration 9
  0:00:09.609     5M / 1366M INFO   Simplification           (parallel_processing.hpp   : 167)   Running Tip clipper
  0:00:09.609     5M / 1366M INFO   Simplification           (parallel_processing.hpp   : 170)   Tip clipper triggered 0 times
  0:00:09.609     5M / 1366M INFO   Simplification           (parallel_processing.hpp   : 167)   Running Bulge remover
  0:00:09.609     5M / 1366M INFO   Simplification           (parallel_processing.hpp   : 170)   Bulge remover triggered 0 times
  0:00:09.609     5M / 1366M INFO   Simplification           (parallel_processing.hpp   : 167)   Running Low coverage edge remover
  0:00:09.609     5M / 1366M INFO   Simplification           (parallel_processing.hpp   : 170)   Low coverage edge remover triggered 3 times
  0:00:09.609     5M / 1366M INFO    General                 (simplification.cpp        : 373)   PROCEDURE == Simplification cycle, iteration 10
  0:00:09.609     5M / 1366M INFO   Simplification           (parallel_processing.hpp   : 167)   Running Tip clipper
  0:00:09.609     5M / 1366M INFO   Simplification           (parallel_processing.hpp   : 170)   Tip clipper triggered 0 times
  0:00:09.609     5M / 1366M INFO   Simplification           (parallel_processing.hpp   : 167)   Running Bulge remover
  0:00:09.609     5M / 1366M INFO   Simplification           (parallel_processing.hpp   : 170)   Bulge remover triggered 0 times
  0:00:09.609     5M / 1366M INFO   Simplification           (parallel_processing.hpp   : 167)   Running Low coverage edge remover
  0:00:09.610     5M / 1366M INFO   Simplification           (parallel_processing.hpp   : 170)   Low coverage edge remover triggered 8 times
  0:00:09.610     5M / 1366M INFO    General                 (simplification.cpp        : 373)   PROCEDURE == Simplification cycle, iteration 11
  0:00:09.610     5M / 1366M INFO   Simplification           (parallel_processing.hpp   : 167)   Running Tip clipper
  0:00:09.610     5M / 1366M INFO   Simplification           (parallel_processing.hpp   : 170)   Tip clipper triggered 1 times
  0:00:09.610     5M / 1366M INFO   Simplification           (parallel_processing.hpp   : 167)   Running Bulge remover
  0:00:09.616     5M / 1366M INFO   Simplification           (parallel_processing.hpp   : 170)   Bulge remover triggered 11 times
  0:00:09.616     5M / 1366M INFO   Simplification           (parallel_processing.hpp   : 167)   Running Low coverage edge remover
  0:00:09.617     5M / 1366M INFO   Simplification           (parallel_processing.hpp   : 170)   Low coverage edge remover triggered 0 times
  0:00:09.617     5M / 1366M INFO    General                 (simplification.cpp        : 373)   PROCEDURE == Simplification cycle, iteration 12
  0:00:09.617     5M / 1366M INFO   Simplification           (parallel_processing.hpp   : 167)   Running Tip clipper
  0:00:09.617     5M / 1366M INFO   Simplification           (parallel_processing.hpp   : 170)   Tip clipper triggered 0 times
  0:00:09.617     5M / 1366M INFO   Simplification           (parallel_processing.hpp   : 167)   Running Bulge remover
  0:00:09.617     5M / 1366M INFO   Simplification           (parallel_processing.hpp   : 170)   Bulge remover triggered 0 times
  0:00:09.617     5M / 1366M INFO   Simplification           (parallel_processing.hpp   : 167)   Running Low coverage edge remover
  0:00:09.617     5M / 1366M INFO   Simplification           (parallel_processing.hpp   : 170)   Low coverage edge remover triggered 0 times
  0:00:09.617     5M / 1366M INFO   StageManager             (stage.cpp                 : 185)   STAGE == Simplification Cleanup (id: simplification_cleanup)
  0:00:09.617     5M / 1366M INFO    General                 (simplification.cpp        : 176)   PROCEDURE == Post simplification
  0:00:09.617     5M / 1366M INFO    General                 (graph_simplification.hpp  : 448)   Disconnection of relatively low covered edges disabled
  0:00:09.617     5M / 1366M INFO    General                 (graph_simplification.hpp  : 485)   Complex tip clipping disabled
  0:00:09.617     5M / 1366M INFO    General                 (graph_simplification.hpp  : 634)   Creating parallel br instance
  0:00:09.617     5M / 1366M INFO   Simplification           (parallel_processing.hpp   : 167)   Running Tip clipper
  0:00:09.617     5M / 1366M INFO   Simplification           (parallel_processing.hpp   : 170)   Tip clipper triggered 0 times
  0:00:09.617     5M / 1366M INFO   Simplification           (parallel_processing.hpp   : 167)   Running Bulge remover
  0:00:09.623     5M / 1366M INFO   Simplification           (parallel_processing.hpp   : 170)   Bulge remover triggered 0 times
  0:00:09.624     5M / 1366M INFO   Simplification           (parallel_processing.hpp   : 167)   Running Tip clipper
  0:00:09.624     5M / 1366M INFO   Simplification           (parallel_processing.hpp   : 170)   Tip clipper triggered 0 times
  0:00:09.624     5M / 1366M INFO   Simplification           (parallel_processing.hpp   : 167)   Running Bulge remover
  0:00:09.630     5M / 1366M INFO   Simplification           (parallel_processing.hpp   : 170)   Bulge remover triggered 0 times
  0:00:09.630     5M / 1366M INFO    General                 (simplification.cpp        : 327)   Disrupting self-conjugate edges
  0:00:09.631     5M / 1366M INFO   Simplification           (parallel_processing.hpp   : 167)   Running Removing isolated edges
  0:00:09.632     5M / 1366M INFO   Simplification           (parallel_processing.hpp   : 170)   Removing isolated edges triggered 133 times
  0:00:09.632     5M / 1366M INFO    General                 (simplification.cpp        : 495)   After simplification:
  0:00:09.632     5M / 1366M INFO    General                 (simplification.cpp        : 496)     Average coverage = 35.5902
  0:00:09.632     5M / 1366M INFO    General                 (simplification.cpp        : 497)     Total length = 3855549
  0:00:09.633     5M / 1366M INFO    General                 (simplification.cpp        : 498)     Median edge length: 6885
  0:00:09.633     5M / 1366M INFO    General                 (simplification.cpp        : 499)     Edges: 12238
  0:00:09.633     5M / 1366M INFO    General                 (simplification.cpp        : 500)     Vertices: 7752
  0:00:09.633     5M / 1366M INFO   StageManager             (stage.cpp                 : 185)   STAGE == Contig Output (id: contig_output)
  0:00:09.633     5M / 1366M INFO    General                 (read_converter.cpp        : 107)   Outputting contigs to /data/djs217/PROJECTS/10_X_fragariae_feb_2024/04_spades/NCPPB_3743.spades/K21/simplified_contigs
  0:00:09.640     7M / 1366M INFO    General                 (binary_converter.cpp      : 111)   6132 reads written
  0:00:09.644     5M / 1366M INFO    General                 (pipeline.cpp              : 287)   SPAdes finished
  0:00:09.647     1M / 1366M INFO    General                 (main.cpp                  : 136)   Assembling time: 0 hours 0 minutes 9 seconds

===== K21 finished. 


===== K33 started. 


== Running: /data/djs217/anaconda3/envs/spades-env/bin/spades-core /data/djs217/PROJECTS/10_X_fragariae_feb_2024/04_spades/NCPPB_3743.spades/K33/configs/config.info /data/djs217/PROJECTS/10_X_fragariae_feb_2024/04_spades/NCPPB_3743.spades/K33/configs/careful_mode.info

  0:00:00.000     1M / 19M   INFO    General                 (main.cpp                  :  99)   Loaded config from /data/djs217/PROJECTS/10_X_fragariae_feb_2024/04_spades/NCPPB_3743.spades/K33/configs/config.info
  0:00:00.001     1M / 19M   INFO    General                 (main.cpp                  :  99)   Loaded config from /data/djs217/PROJECTS/10_X_fragariae_feb_2024/04_spades/NCPPB_3743.spades/K33/configs/careful_mode.info
  0:00:00.001     1M / 19M   INFO    General                 (memory_limit.cpp          :  54)   Memory limit set to 62 Gb
  0:00:00.001     1M / 19M   INFO    General                 (main.cpp                  : 107)   Starting SPAdes, built from N/A, git revision N/A
  0:00:00.001     1M / 19M   INFO    General                 (main.cpp                  : 108)   Maximum k-mer length: 128
  0:00:00.001     1M / 19M   INFO    General                 (main.cpp                  : 109)   Assembling dataset (/data/djs217/PROJECTS/10_X_fragariae_feb_2024/04_spades/NCPPB_3743.spades/dataset.info) with K=33
  0:00:00.001     1M / 19M   INFO    General                 (main.cpp                  : 110)   Maximum # of threads to use (adjusted due to OMP capabilities): 16
  0:00:00.001     1M / 19M   INFO    General                 (pipeline.cpp              : 212)   SPAdes started
  0:00:00.001     1M / 19M   INFO    General                 (pipeline.cpp              : 225)   Starting from stage: read_conversion
  0:00:00.001     1M / 19M   INFO    General                 (pipeline.cpp              : 231)   Two-step repeat resolution disabled
  0:00:00.001     1M / 19M   INFO   GraphCore                (graph_core.hpp            : 672)   Graph created, vertex min_id: 3, edge min_id: 3
  0:00:00.001     1M / 19M   INFO   GraphCore                (graph_core.hpp            : 673)   Vertex size: 48, edge size: 40
  0:00:00.001     1M / 19M   INFO    General                 (edge_index.hpp            : 113)   Size of edge index entries: 12/8
  0:00:00.001     1M / 19M   INFO   StageManager             (stage.cpp                 : 185)   STAGE == Binary Read Conversion (id: read_conversion)
  0:00:00.002     1M / 19M   INFO    General                 (read_converter.cpp        :  53)   Binary reads detected
  0:00:00.005     1M / 19M   INFO   StageManager             (stage.cpp                 : 185)   STAGE == de Bruijn graph construction (id: construction)
  0:00:00.005     1M / 19M   INFO    General                 (construction.cpp          : 118)   Contigs from previous K will be used: /data/djs217/PROJECTS/10_X_fragariae_feb_2024/04_spades/NCPPB_3743.spades/K21/simplified_contigs
  0:00:00.049     1M / 19M   INFO    General                 (construction.cpp          : 153)   Max read length 301
  0:00:00.050     1M / 19M   INFO    General                 (construction.cpp          : 159)   Average read length 183.67
  0:00:00.050     1M / 19M   INFO    General                 (stage.cpp                 : 117)   PROCEDURE == k+1-mer counting (id: construction:kpomer_counting)
  0:00:00.050     1M / 19M   INFO    General                 (kmer_index_builder.hpp    : 243)   Splitting kmer instances into 160 files using 16 threads. This might take a while.
  0:00:00.050     1M / 19M   INFO    General                 (file_limit.hpp            :  42)   Open file limit set to 1024
  0:00:00.050     1M / 19M   INFO    General                 (kmer_splitter.hpp         :  93)   Memory available for splitting buffers: 1.29165 Gb
  0:00:00.050     1M / 19M   INFO    General                 (kmer_splitter.hpp         : 101)   Using cell size of 209715
  0:00:01.758  9601M / 9601M INFO    General                 (kmer_splitters.hpp        : 125)   Processed 1700820 reads
  0:00:01.770     1M / 2267M INFO    General                 (kmer_splitters.hpp        : 131)   Used 1700820 reads
  0:00:01.955     1M / 2267M INFO    General                 (kmer_index_builder.hpp    : 249)   Starting k-mer counting.
  0:00:02.044     1M / 2267M INFO    General                 (kmer_index_builder.hpp    : 260)   K-mer counting done. There are 4057823 kmers in total.
  0:00:02.045     1M / 2267M INFO    General                 (stage.cpp                 : 117)   PROCEDURE == Extension index construction (id: construction:extension_index_construction)
  0:00:02.047     1M / 2267M INFO   K-mer Index Building     (kmer_index_builder.hpp    : 438)   Building kmer index
  0:00:02.048     1M / 2267M INFO    General                 (kmer_index_builder.hpp    : 243)   Splitting kmer instances into 160 files using 16 threads. This might take a while.
  0:00:02.048     1M / 2267M INFO    General                 (file_limit.hpp            :  42)   Open file limit set to 1024
  0:00:02.048     1M / 2267M INFO    General                 (kmer_splitter.hpp         :  93)   Memory available for splitting buffers: 1.29165 Gb
  0:00:02.048     1M / 2267M INFO    General                 (kmer_splitter.hpp         : 101)   Using cell size of 209715
  0:00:02.266  9602M / 9602M INFO    General                 (kmer_splitters.hpp        : 194)   Processed 4057823 kmers
  0:00:02.266  9602M / 9602M INFO    General                 (kmer_splitters.hpp        : 199)   Used 4057823 kmers.
  0:00:02.270     2M / 2267M INFO    General                 (kmer_index_builder.hpp    : 249)   Starting k-mer counting.
  0:00:02.381     2M / 2267M INFO    General                 (kmer_index_builder.hpp    : 260)   K-mer counting done. There are 4054110 kmers in total.
  0:00:02.381     2M / 2267M INFO   K-mer Index Building     (kmer_index_builder.hpp    : 395)   Building perfect hash indices
  0:00:02.657     5M / 2267M INFO   K-mer Index Building     (kmer_index_builder.hpp    : 431)   Index built. Total 4054110 kmers, 3048608 bytes occupied (6.01584 bits per kmer).
  0:00:02.657     5M / 2267M INFO    General                 (kmer_index_builder.hpp    : 169)   Merging final buckets.
  0:00:02.955     9M / 2267M INFO   DeBruijnExtensionIndexBu (kmer_extension_index_build: 100)   Building k-mer extensions from k+1-mers
  0:00:03.183     9M / 2267M INFO   DeBruijnExtensionIndexBu (kmer_extension_index_build: 105)   Building k-mer extensions from k+1-mers finished.
  0:00:03.191     9M / 2267M INFO    General                 (stage.cpp                 : 117)   PROCEDURE == Early tip clipping (id: construction:early_tip_clipper)
  0:00:03.192     9M / 2267M INFO    General                 (construction.cpp          : 301)   Early tip clipper length bound set as (RL - K)
  0:00:03.192     9M / 2267M INFO   Early tip clipping       (early_simplification.hpp  :  47)   Early tip clipping
  0:00:03.283     9M / 2267M INFO   Early tip clipping       (early_simplification.hpp  :  82)   #tipped junctions: 6456
  0:00:03.283     9M / 2267M INFO   Early tip clipping       (early_simplification.hpp  :  93)   Clipped tips: 6465
  0:00:03.291     9M / 2267M INFO   Early tip clipping       (early_simplification.hpp  :  49)   72536 34-mers were removed by early tip clipper
  0:00:03.291     9M / 2267M INFO    General                 (stage.cpp                 : 117)   PROCEDURE == Condensing graph (id: construction:graph_condensing)
  0:00:03.292     9M / 2267M INFO   UnbranchingPathExtractor (debruijn_graph_constructor: 354)   Extracting unbranching paths
  0:00:03.445    10M / 2267M INFO   UnbranchingPathExtractor (debruijn_graph_constructor: 373)   Extracting unbranching paths finished. 11552 sequences extracted
  0:00:03.620    10M / 2267M INFO   UnbranchingPathExtractor (debruijn_graph_constructor: 309)   Collecting perfect loops
  0:00:03.662    10M / 2267M INFO   UnbranchingPathExtractor (debruijn_graph_constructor: 342)   Collecting perfect loops finished. 0 loops collected
  0:00:03.671    10M / 2267M INFO    General                 (debruijn_graph_constructor: 487)   Total 23104 edges to create
  0:00:03.671    11M / 2267M INFO    General                 (debruijn_graph_constructor: 489)   Collecting link records
  0:00:03.694    12M / 2267M INFO    General                 (debruijn_graph_constructor: 491)   Ordering link records
  0:00:03.695    12M / 2267M INFO    General                 (debruijn_graph_constructor: 493)   Sorting done
  0:00:03.695    12M / 2267M INFO    General                 (debruijn_graph_constructor: 503)   Total 7839 vertices to create
  0:00:03.695    12M / 2267M INFO    General                 (debruijn_graph_constructor: 506)   Connecting the graph
  0:00:03.711    12M / 2267M INFO    General                 (stage.cpp                 : 117)   PROCEDURE == Filling coverage indices (PHM) (id: construction:coverage_filling_phm)
  0:00:03.711    12M / 2267M INFO   K-mer Index Building     (kmer_index_builder.hpp    : 395)   Building perfect hash indices
  0:00:03.938    15M / 2267M INFO   K-mer Index Building     (kmer_index_builder.hpp    : 431)   Index built. Total 4057823 kmers, 3051200 bytes occupied (6.01544 bits per kmer).
  0:00:03.951    31M / 2267M INFO    General                 (coverage_hash_map_builder.:  47)   Collecting k-mer coverage information from reads, this takes a while.
  0:00:05.760    31M / 2267M INFO    General                 (construction.cpp          : 430)   Filling coverage and flanking coverage from PHM
  0:00:05.873    31M / 2267M INFO    General                 (coverage_filling.hpp      :  82)   Processed 23068 edges
  0:00:05.906     4M / 2267M INFO   StageManager             (stage.cpp                 : 185)   STAGE == EC Threshold Finding (id: ec_threshold_finder)
  0:00:05.906     4M / 2267M INFO    General                 (kmer_coverage_model.cpp   : 181)   Kmer coverage valley at: 4
  0:00:05.907     4M / 2267M INFO    General                 (kmer_coverage_model.cpp   : 201)   K-mer histogram maximum: 26
  0:00:05.907     4M / 2267M INFO    General                 (kmer_coverage_model.cpp   : 237)   Estimated median coverage: 29. Coverage mad: 8.8956
  0:00:05.907     4M / 2267M INFO    General                 (kmer_coverage_model.cpp   : 259)   Fitting coverage model
  0:00:05.941     4M / 2267M INFO    General                 (kmer_coverage_model.cpp   : 295)   ... iteration 2
  0:00:06.029     4M / 2267M INFO    General                 (kmer_coverage_model.cpp   : 295)   ... iteration 4
  0:00:06.200     4M / 2267M INFO    General                 (kmer_coverage_model.cpp   : 295)   ... iteration 8
  0:00:06.938     4M / 2267M INFO    General                 (kmer_coverage_model.cpp   : 295)   ... iteration 16
  0:00:08.272     4M / 2267M INFO    General                 (kmer_coverage_model.cpp   : 295)   ... iteration 32
  0:00:08.599     4M / 2267M INFO    General                 (kmer_coverage_model.cpp   : 309)   Fitted mean coverage: 29.012. Fitted coverage std. dev: 7.50905
  0:00:08.600     4M / 2267M INFO    General                 (kmer_coverage_model.cpp   : 334)   Probability of erroneous kmer at valley: 0.902219
  0:00:08.600     4M / 2267M INFO    General                 (kmer_coverage_model.cpp   : 358)   Preliminary threshold calculated as: 13
  0:00:08.600     4M / 2267M INFO    General                 (kmer_coverage_model.cpp   : 362)   Threshold adjusted to: 13
  0:00:08.600     4M / 2267M INFO    General                 (kmer_coverage_model.cpp   : 375)   Estimated genome size (ignoring repeats): 3868108
  0:00:08.600     4M / 2267M INFO    General                 (genomic_info_filler.cpp   :  55)   Mean coverage was calculated as 29.012
  0:00:08.600     4M / 2267M INFO    General                 (genomic_info_filler.cpp   :  70)   EC coverage threshold value was calculated as 13
  0:00:08.600     4M / 2267M INFO    General                 (genomic_info_filler.cpp   :  71)   Trusted kmer low bound: 0
  0:00:08.600     4M / 2267M INFO   StageManager             (stage.cpp                 : 185)   STAGE == Raw Simplification (id: raw_simplification)
  0:00:08.600     4M / 2267M INFO    General                 (simplification.cpp        : 127)   PROCEDURE == Initial cleaning
  0:00:08.600     4M / 2267M INFO    General                 (graph_simplification.hpp  : 662)   Flanking coverage based disconnection disabled
  0:00:08.600     4M / 2267M INFO   Simplification           (parallel_processing.hpp   : 167)   Running Self conjugate edge remover
  0:00:08.602     4M / 2267M INFO   Simplification           (parallel_processing.hpp   : 170)   Self conjugate edge remover triggered 0 times
  0:00:08.602     4M / 2267M INFO   StageManager             (stage.cpp                 : 185)   STAGE == Simplification (id: simplification)
  0:00:08.602     4M / 2267M INFO    General                 (simplification.cpp        : 368)   Graph simplification started
  0:00:08.603     4M / 2267M INFO    General                 (graph_simplification.hpp  : 634)   Creating parallel br instance
  0:00:08.603     4M / 2267M INFO    General                 (simplification.cpp        : 373)   PROCEDURE == Simplification cycle, iteration 1
  0:00:08.603     4M / 2267M INFO   Simplification           (parallel_processing.hpp   : 167)   Running Tip clipper
  0:00:08.605     4M / 2267M INFO   Simplification           (parallel_processing.hpp   : 170)   Tip clipper triggered 44 times
  0:00:08.605     4M / 2267M INFO   Simplification           (parallel_processing.hpp   : 167)   Running Bulge remover
  0:00:08.670     4M / 2267M INFO   Simplification           (parallel_processing.hpp   : 170)   Bulge remover triggered 1426 times
  0:00:08.670     4M / 2267M INFO   Simplification           (parallel_processing.hpp   : 167)   Running Low coverage edge remover
  0:00:08.696     4M / 2267M INFO   Simplification           (parallel_processing.hpp   : 170)   Low coverage edge remover triggered 779 times
  0:00:08.697     4M / 2267M INFO    General                 (simplification.cpp        : 373)   PROCEDURE == Simplification cycle, iteration 2
  0:00:08.697     4M / 2267M INFO   Simplification           (parallel_processing.hpp   : 167)   Running Tip clipper
  0:00:08.698     4M / 2267M INFO   Simplification           (parallel_processing.hpp   : 170)   Tip clipper triggered 17 times
  0:00:08.698     4M / 2267M INFO   Simplification           (parallel_processing.hpp   : 167)   Running Bulge remover
  0:00:08.703     4M / 2267M INFO   Simplification           (parallel_processing.hpp   : 170)   Bulge remover triggered 126 times
  0:00:08.703     4M / 2267M INFO   Simplification           (parallel_processing.hpp   : 167)   Running Low coverage edge remover
  0:00:08.717     4M / 2267M INFO   Simplification           (parallel_processing.hpp   : 170)   Low coverage edge remover triggered 226 times
  0:00:08.717     4M / 2267M INFO    General                 (simplification.cpp        : 373)   PROCEDURE == Simplification cycle, iteration 3
  0:00:08.717     4M / 2267M INFO   Simplification           (parallel_processing.hpp   : 167)   Running Tip clipper
  0:00:08.717     4M / 2267M INFO   Simplification           (parallel_processing.hpp   : 170)   Tip clipper triggered 1 times
  0:00:08.717     4M / 2267M INFO   Simplification           (parallel_processing.hpp   : 167)   Running Bulge remover
  0:00:08.719     4M / 2267M INFO   Simplification           (parallel_processing.hpp   : 170)   Bulge remover triggered 38 times
  0:00:08.719     4M / 2267M INFO   Simplification           (parallel_processing.hpp   : 167)   Running Low coverage edge remover
  0:00:08.720     4M / 2267M INFO   Simplification           (parallel_processing.hpp   : 170)   Low coverage edge remover triggered 33 times
  0:00:08.720     4M / 2267M INFO    General                 (simplification.cpp        : 373)   PROCEDURE == Simplification cycle, iteration 4
  0:00:08.720     4M / 2267M INFO   Simplification           (parallel_processing.hpp   : 167)   Running Tip clipper
  0:00:08.720     4M / 2267M INFO   Simplification           (parallel_processing.hpp   : 170)   Tip clipper triggered 0 times
  0:00:08.720     4M / 2267M INFO   Simplification           (parallel_processing.hpp   : 167)   Running Bulge remover
  0:00:08.721     4M / 2267M INFO   Simplification           (parallel_processing.hpp   : 170)   Bulge remover triggered 19 times
  0:00:08.721     4M / 2267M INFO   Simplification           (parallel_processing.hpp   : 167)   Running Low coverage edge remover
  0:00:08.722     4M / 2267M INFO   Simplification           (parallel_processing.hpp   : 170)   Low coverage edge remover triggered 18 times
  0:00:08.722     4M / 2267M INFO    General                 (simplification.cpp        : 373)   PROCEDURE == Simplification cycle, iteration 5
  0:00:08.722     4M / 2267M INFO   Simplification           (parallel_processing.hpp   : 167)   Running Tip clipper
  0:00:08.722     4M / 2267M INFO   Simplification           (parallel_processing.hpp   : 170)   Tip clipper triggered 0 times
  0:00:08.722     4M / 2267M INFO   Simplification           (parallel_processing.hpp   : 167)   Running Bulge remover
  0:00:08.722     4M / 2267M INFO   Simplification           (parallel_processing.hpp   : 170)   Bulge remover triggered 7 times
  0:00:08.722     4M / 2267M INFO   Simplification           (parallel_processing.hpp   : 167)   Running Low coverage edge remover
  0:00:08.722     4M / 2267M INFO   Simplification           (parallel_processing.hpp   : 170)   Low coverage edge remover triggered 2 times
  0:00:08.722     4M / 2267M INFO    General                 (simplification.cpp        : 373)   PROCEDURE == Simplification cycle, iteration 6
  0:00:08.722     4M / 2267M INFO   Simplification           (parallel_processing.hpp   : 167)   Running Tip clipper
  0:00:08.722     4M / 2267M INFO   Simplification           (parallel_processing.hpp   : 170)   Tip clipper triggered 0 times
  0:00:08.722     4M / 2267M INFO   Simplification           (parallel_processing.hpp   : 167)   Running Bulge remover
  0:00:08.722     4M / 2267M INFO   Simplification           (parallel_processing.hpp   : 170)   Bulge remover triggered 1 times
  0:00:08.722     4M / 2267M INFO   Simplification           (parallel_processing.hpp   : 167)   Running Low coverage edge remover
  0:00:08.722     4M / 2267M INFO   Simplification           (parallel_processing.hpp   : 170)   Low coverage edge remover triggered 2 times
  0:00:08.722     4M / 2267M INFO    General                 (simplification.cpp        : 373)   PROCEDURE == Simplification cycle, iteration 7
  0:00:08.722     4M / 2267M INFO   Simplification           (parallel_processing.hpp   : 167)   Running Tip clipper
  0:00:08.722     4M / 2267M INFO   Simplification           (parallel_processing.hpp   : 170)   Tip clipper triggered 0 times
  0:00:08.722     4M / 2267M INFO   Simplification           (parallel_processing.hpp   : 167)   Running Bulge remover
  0:00:08.723     4M / 2267M INFO   Simplification           (parallel_processing.hpp   : 170)   Bulge remover triggered 0 times
  0:00:08.723     4M / 2267M INFO   Simplification           (parallel_processing.hpp   : 167)   Running Low coverage edge remover
  0:00:08.723     4M / 2267M INFO   Simplification           (parallel_processing.hpp   : 170)   Low coverage edge remover triggered 0 times
  0:00:08.723     4M / 2267M INFO    General                 (simplification.cpp        : 373)   PROCEDURE == Simplification cycle, iteration 8
  0:00:08.723     4M / 2267M INFO   Simplification           (parallel_processing.hpp   : 167)   Running Tip clipper
  0:00:08.723     4M / 2267M INFO   Simplification           (parallel_processing.hpp   : 170)   Tip clipper triggered 0 times
  0:00:08.723     4M / 2267M INFO   Simplification           (parallel_processing.hpp   : 167)   Running Bulge remover
  0:00:08.723     4M / 2267M INFO   Simplification           (parallel_processing.hpp   : 170)   Bulge remover triggered 0 times
  0:00:08.723     4M / 2267M INFO   Simplification           (parallel_processing.hpp   : 167)   Running Low coverage edge remover
  0:00:08.723     4M / 2267M INFO   Simplification           (parallel_processing.hpp   : 170)   Low coverage edge remover triggered 3 times
  0:00:08.723     4M / 2267M INFO    General                 (simplification.cpp        : 373)   PROCEDURE == Simplification cycle, iteration 9
  0:00:08.723     4M / 2267M INFO   Simplification           (parallel_processing.hpp   : 167)   Running Tip clipper
  0:00:08.723     4M / 2267M INFO   Simplification           (parallel_processing.hpp   : 170)   Tip clipper triggered 0 times
  0:00:08.723     4M / 2267M INFO   Simplification           (parallel_processing.hpp   : 167)   Running Bulge remover
  0:00:08.723     4M / 2267M INFO   Simplification           (parallel_processing.hpp   : 170)   Bulge remover triggered 0 times
  0:00:08.723     4M / 2267M INFO   Simplification           (parallel_processing.hpp   : 167)   Running Low coverage edge remover
  0:00:08.723     4M / 2267M INFO   Simplification           (parallel_processing.hpp   : 170)   Low coverage edge remover triggered 5 times
  0:00:08.723     4M / 2267M INFO    General                 (simplification.cpp        : 373)   PROCEDURE == Simplification cycle, iteration 10
  0:00:08.723     4M / 2267M INFO   Simplification           (parallel_processing.hpp   : 167)   Running Tip clipper
  0:00:08.723     4M / 2267M INFO   Simplification           (parallel_processing.hpp   : 170)   Tip clipper triggered 0 times
  0:00:08.723     4M / 2267M INFO   Simplification           (parallel_processing.hpp   : 167)   Running Bulge remover
  0:00:08.723     4M / 2267M INFO   Simplification           (parallel_processing.hpp   : 170)   Bulge remover triggered 1 times
  0:00:08.723     4M / 2267M INFO   Simplification           (parallel_processing.hpp   : 167)   Running Low coverage edge remover
  0:00:08.724     4M / 2267M INFO   Simplification           (parallel_processing.hpp   : 170)   Low coverage edge remover triggered 4 times
  0:00:08.724     4M / 2267M INFO    General                 (simplification.cpp        : 373)   PROCEDURE == Simplification cycle, iteration 11
  0:00:08.724     4M / 2267M INFO   Simplification           (parallel_processing.hpp   : 167)   Running Tip clipper
  0:00:08.724     4M / 2267M INFO   Simplification           (parallel_processing.hpp   : 170)   Tip clipper triggered 3 times
  0:00:08.724     4M / 2267M INFO   Simplification           (parallel_processing.hpp   : 167)   Running Bulge remover
  0:00:08.728     4M / 2267M INFO   Simplification           (parallel_processing.hpp   : 170)   Bulge remover triggered 6 times
  0:00:08.728     4M / 2267M INFO   Simplification           (parallel_processing.hpp   : 167)   Running Low coverage edge remover
  0:00:08.728     4M / 2267M INFO   Simplification           (parallel_processing.hpp   : 170)   Low coverage edge remover triggered 0 times
  0:00:08.728     4M / 2267M INFO    General                 (simplification.cpp        : 373)   PROCEDURE == Simplification cycle, iteration 12
  0:00:08.728     4M / 2267M INFO   Simplification           (parallel_processing.hpp   : 167)   Running Tip clipper
  0:00:08.728     4M / 2267M INFO   Simplification           (parallel_processing.hpp   : 170)   Tip clipper triggered 0 times
  0:00:08.728     4M / 2267M INFO   Simplification           (parallel_processing.hpp   : 167)   Running Bulge remover
  0:00:08.728     4M / 2267M INFO   Simplification           (parallel_processing.hpp   : 170)   Bulge remover triggered 0 times
  0:00:08.728     4M / 2267M INFO   Simplification           (parallel_processing.hpp   : 167)   Running Low coverage edge remover
  0:00:08.728     4M / 2267M INFO   Simplification           (parallel_processing.hpp   : 170)   Low coverage edge remover triggered 0 times
  0:00:08.728     4M / 2267M INFO   StageManager             (stage.cpp                 : 185)   STAGE == Simplification Cleanup (id: simplification_cleanup)
  0:00:08.728     4M / 2267M INFO    General                 (simplification.cpp        : 176)   PROCEDURE == Post simplification
  0:00:08.728     4M / 2267M INFO    General                 (graph_simplification.hpp  : 448)   Disconnection of relatively low covered edges disabled
  0:00:08.728     4M / 2267M INFO    General                 (graph_simplification.hpp  : 485)   Complex tip clipping disabled
  0:00:08.728     4M / 2267M INFO    General                 (graph_simplification.hpp  : 634)   Creating parallel br instance
  0:00:08.728     4M / 2267M INFO   Simplification           (parallel_processing.hpp   : 167)   Running Tip clipper
  0:00:08.729     4M / 2267M INFO   Simplification           (parallel_processing.hpp   : 170)   Tip clipper triggered 0 times
  0:00:08.729     4M / 2267M INFO   Simplification           (parallel_processing.hpp   : 167)   Running Bulge remover
  0:00:08.732     4M / 2267M INFO   Simplification           (parallel_processing.hpp   : 170)   Bulge remover triggered 0 times
  0:00:08.732     4M / 2267M INFO   Simplification           (parallel_processing.hpp   : 167)   Running Tip clipper
  0:00:08.732     4M / 2267M INFO   Simplification           (parallel_processing.hpp   : 170)   Tip clipper triggered 0 times
  0:00:08.732     4M / 2267M INFO   Simplification           (parallel_processing.hpp   : 167)   Running Bulge remover
  0:00:08.735     4M / 2267M INFO   Simplification           (parallel_processing.hpp   : 170)   Bulge remover triggered 0 times
  0:00:08.735     4M / 2267M INFO    General                 (simplification.cpp        : 327)   Disrupting self-conjugate edges
  0:00:08.736     4M / 2267M INFO   Simplification           (parallel_processing.hpp   : 167)   Running Removing isolated edges
  0:00:08.736     4M / 2267M INFO   Simplification           (parallel_processing.hpp   : 170)   Removing isolated edges triggered 211 times
  0:00:08.736     3M / 2267M INFO    General                 (simplification.cpp        : 495)   After simplification:
  0:00:08.736     3M / 2267M INFO    General                 (simplification.cpp        : 496)     Average coverage = 32.7028
  0:00:08.736     3M / 2267M INFO    General                 (simplification.cpp        : 497)     Total length = 3886242
  0:00:08.737     3M / 2267M INFO    General                 (simplification.cpp        : 498)     Median edge length: 17421
  0:00:08.737     3M / 2267M INFO    General                 (simplification.cpp        : 499)     Edges: 6920
  0:00:08.737     3M / 2267M INFO    General                 (simplification.cpp        : 500)     Vertices: 4466
  0:00:08.737     3M / 2267M INFO   StageManager             (stage.cpp                 : 185)   STAGE == Contig Output (id: contig_output)
  0:00:08.737     3M / 2267M INFO    General                 (read_converter.cpp        : 107)   Outputting contigs to /data/djs217/PROJECTS/10_X_fragariae_feb_2024/04_spades/NCPPB_3743.spades/K33/simplified_contigs
  0:00:08.744     6M / 2267M INFO    General                 (binary_converter.cpp      : 111)   3461 reads written
  0:00:08.749     3M / 2267M INFO    General                 (pipeline.cpp              : 287)   SPAdes finished
  0:00:08.751     1M / 2267M INFO    General                 (main.cpp                  : 136)   Assembling time: 0 hours 0 minutes 8 seconds

===== K33 finished. 


===== K55 started. 


== Running: /data/djs217/anaconda3/envs/spades-env/bin/spades-core /data/djs217/PROJECTS/10_X_fragariae_feb_2024/04_spades/NCPPB_3743.spades/K55/configs/config.info /data/djs217/PROJECTS/10_X_fragariae_feb_2024/04_spades/NCPPB_3743.spades/K55/configs/careful_mode.info

  0:00:00.000     1M / 19M   INFO    General                 (main.cpp                  :  99)   Loaded config from /data/djs217/PROJECTS/10_X_fragariae_feb_2024/04_spades/NCPPB_3743.spades/K55/configs/config.info
  0:00:00.003     1M / 19M   INFO    General                 (main.cpp                  :  99)   Loaded config from /data/djs217/PROJECTS/10_X_fragariae_feb_2024/04_spades/NCPPB_3743.spades/K55/configs/careful_mode.info
  0:00:00.003     1M / 19M   INFO    General                 (memory_limit.cpp          :  54)   Memory limit set to 62 Gb
  0:00:00.003     1M / 19M   INFO    General                 (main.cpp                  : 107)   Starting SPAdes, built from N/A, git revision N/A
  0:00:00.003     1M / 19M   INFO    General                 (main.cpp                  : 108)   Maximum k-mer length: 128
  0:00:00.003     1M / 19M   INFO    General                 (main.cpp                  : 109)   Assembling dataset (/data/djs217/PROJECTS/10_X_fragariae_feb_2024/04_spades/NCPPB_3743.spades/dataset.info) with K=55
  0:00:00.003     1M / 19M   INFO    General                 (main.cpp                  : 110)   Maximum # of threads to use (adjusted due to OMP capabilities): 16
  0:00:00.003     1M / 19M   INFO    General                 (pipeline.cpp              : 212)   SPAdes started
  0:00:00.003     1M / 19M   INFO    General                 (pipeline.cpp              : 225)   Starting from stage: read_conversion
  0:00:00.003     1M / 19M   INFO    General                 (pipeline.cpp              : 231)   Two-step repeat resolution disabled
  0:00:00.003     1M / 19M   INFO   GraphCore                (graph_core.hpp            : 672)   Graph created, vertex min_id: 3, edge min_id: 3
  0:00:00.003     1M / 19M   INFO   GraphCore                (graph_core.hpp            : 673)   Vertex size: 48, edge size: 40
  0:00:00.003     1M / 19M   INFO    General                 (edge_index.hpp            : 113)   Size of edge index entries: 12/8
  0:00:00.003     1M / 19M   INFO    General                 (pipeline.cpp              : 242)   Will need read mapping, kmer mapper will be attached
  0:00:00.003     1M / 19M   INFO   StageManager             (stage.cpp                 : 185)   STAGE == Binary Read Conversion (id: read_conversion)
  0:00:00.005     1M / 19M   INFO    General                 (read_converter.cpp        :  53)   Binary reads detected
  0:00:00.011     1M / 19M   INFO   StageManager             (stage.cpp                 : 185)   STAGE == de Bruijn graph construction (id: construction)
  0:00:00.011     1M / 19M   INFO    General                 (construction.cpp          : 118)   Contigs from previous K will be used: /data/djs217/PROJECTS/10_X_fragariae_feb_2024/04_spades/NCPPB_3743.spades/K33/simplified_contigs
  0:00:00.055     1M / 19M   INFO    General                 (construction.cpp          : 153)   Max read length 301
  0:00:00.055     1M / 19M   INFO    General                 (construction.cpp          : 159)   Average read length 183.67
  0:00:00.055     1M / 19M   INFO    General                 (stage.cpp                 : 117)   PROCEDURE == k+1-mer counting (id: construction:kpomer_counting)
  0:00:00.055     1M / 19M   INFO    General                 (kmer_index_builder.hpp    : 243)   Splitting kmer instances into 160 files using 16 threads. This might take a while.
  0:00:00.056     1M / 19M   INFO    General                 (file_limit.hpp            :  42)   Open file limit set to 1024
  0:00:00.056     1M / 19M   INFO    General                 (kmer_splitter.hpp         :  93)   Memory available for splitting buffers: 1.29165 Gb
  0:00:00.056     1M / 19M   INFO    General                 (kmer_splitter.hpp         : 101)   Using cell size of 209715
  0:00:01.571  9601M / 9601M INFO    General                 (kmer_splitters.hpp        : 125)   Processed 1695478 reads
  0:00:01.576     1M / 1931M INFO    General                 (kmer_splitters.hpp        : 131)   Used 1695478 reads
  0:00:01.737     1M / 1931M INFO    General                 (kmer_index_builder.hpp    : 249)   Starting k-mer counting.
  0:00:01.832     1M / 1931M INFO    General                 (kmer_index_builder.hpp    : 260)   K-mer counting done. There are 4120596 kmers in total.
  0:00:01.833     1M / 1931M INFO    General                 (stage.cpp                 : 117)   PROCEDURE == Extension index construction (id: construction:extension_index_construction)
  0:00:01.835     1M / 1931M INFO   K-mer Index Building     (kmer_index_builder.hpp    : 438)   Building kmer index
  0:00:01.836     1M / 1931M INFO    General                 (kmer_index_builder.hpp    : 243)   Splitting kmer instances into 160 files using 16 threads. This might take a while.
  0:00:01.836     1M / 1931M INFO    General                 (file_limit.hpp            :  42)   Open file limit set to 1024
  0:00:01.836     1M / 1931M INFO    General                 (kmer_splitter.hpp         :  93)   Memory available for splitting buffers: 1.29165 Gb
  0:00:01.836     1M / 1931M INFO    General                 (kmer_splitter.hpp         : 101)   Using cell size of 209715
  0:00:02.160  9602M / 9602M INFO    General                 (kmer_splitters.hpp        : 194)   Processed 4120596 kmers
  0:00:02.160  9602M / 9602M INFO    General                 (kmer_splitters.hpp        : 199)   Used 4120596 kmers.
  0:00:02.164     2M / 1931M INFO    General                 (kmer_index_builder.hpp    : 249)   Starting k-mer counting.
  0:00:02.287     2M / 1931M INFO    General                 (kmer_index_builder.hpp    : 260)   K-mer counting done. There are 4118266 kmers in total.
  0:00:02.287     2M / 1931M INFO   K-mer Index Building     (kmer_index_builder.hpp    : 395)   Building perfect hash indices
  0:00:02.568     5M / 1931M INFO   K-mer Index Building     (kmer_index_builder.hpp    : 431)   Index built. Total 4118266 kmers, 3094736 bytes occupied (6.01173 bits per kmer).
  0:00:02.568     5M / 1931M INFO    General                 (kmer_index_builder.hpp    : 169)   Merging final buckets.
  0:00:02.858     9M / 1931M INFO   DeBruijnExtensionIndexBu (kmer_extension_index_build: 100)   Building k-mer extensions from k+1-mers
  0:00:03.100     9M / 1931M INFO   DeBruijnExtensionIndexBu (kmer_extension_index_build: 105)   Building k-mer extensions from k+1-mers finished.
  0:00:03.113     9M / 1931M INFO    General                 (stage.cpp                 : 117)   PROCEDURE == Condensing graph (id: construction:graph_condensing)
  0:00:03.114     9M / 1931M INFO   UnbranchingPathExtractor (debruijn_graph_constructor: 354)   Extracting unbranching paths
  0:00:03.267    11M / 1931M INFO   UnbranchingPathExtractor (debruijn_graph_constructor: 373)   Extracting unbranching paths finished. 21959 sequences extracted
  0:00:03.403    11M / 1931M INFO   UnbranchingPathExtractor (debruijn_graph_constructor: 309)   Collecting perfect loops
  0:00:03.440    11M / 1931M INFO   UnbranchingPathExtractor (debruijn_graph_constructor: 342)   Collecting perfect loops finished. 0 loops collected
  0:00:03.451    11M / 1931M INFO    General                 (debruijn_graph_constructor: 487)   Total 43918 edges to create
  0:00:03.452    13M / 1931M INFO    General                 (debruijn_graph_constructor: 489)   Collecting link records
  0:00:03.489    13M / 1931M INFO    General                 (debruijn_graph_constructor: 491)   Ordering link records
  0:00:03.490    13M / 1931M INFO    General                 (debruijn_graph_constructor: 493)   Sorting done
  0:00:03.491    14M / 1931M INFO    General                 (debruijn_graph_constructor: 503)   Total 19629 vertices to create
  0:00:03.491    16M / 1931M INFO    General                 (debruijn_graph_constructor: 506)   Connecting the graph
  0:00:03.526    14M / 1931M INFO    General                 (stage.cpp                 : 117)   PROCEDURE == Filling coverage indices (PHM) (id: construction:coverage_filling_phm)
  0:00:03.526    14M / 1931M INFO   K-mer Index Building     (kmer_index_builder.hpp    : 395)   Building perfect hash indices
  0:00:03.752    18M / 1931M INFO   K-mer Index Building     (kmer_index_builder.hpp    : 431)   Index built. Total 4120596 kmers, 3096232 bytes occupied (6.01123 bits per kmer).
  0:00:03.766    34M / 1931M INFO    General                 (coverage_hash_map_builder.:  47)   Collecting k-mer coverage information from reads, this takes a while.
  0:00:05.425    34M / 1931M INFO    General                 (construction.cpp          : 430)   Filling coverage and flanking coverage from PHM
  0:00:05.539    34M / 1931M INFO    General                 (coverage_filling.hpp      :  82)   Processed 43908 edges
  0:00:05.572     6M / 1931M INFO   StageManager             (stage.cpp                 : 185)   STAGE == EC Threshold Finding (id: ec_threshold_finder)
  0:00:05.573     6M / 1931M INFO    General                 (kmer_coverage_model.cpp   : 181)   Kmer coverage valley at: 2
  0:00:05.573     6M / 1931M INFO    General                 (kmer_coverage_model.cpp   : 201)   K-mer histogram maximum: 22
  0:00:05.573     6M / 1931M INFO    General                 (kmer_coverage_model.cpp   : 237)   Estimated median coverage: 24. Coverage mad: 8.8956
  0:00:05.573     6M / 1931M INFO    General                 (kmer_coverage_model.cpp   : 259)   Fitting coverage model
  0:00:05.602     6M / 1931M INFO    General                 (kmer_coverage_model.cpp   : 295)   ... iteration 2
  0:00:05.673     6M / 1931M INFO    General                 (kmer_coverage_model.cpp   : 295)   ... iteration 4
  0:00:05.898     6M / 1931M INFO    General                 (kmer_coverage_model.cpp   : 295)   ... iteration 8
  0:00:06.493     6M / 1931M INFO    General                 (kmer_coverage_model.cpp   : 295)   ... iteration 16
  0:00:07.569     6M / 1931M INFO    General                 (kmer_coverage_model.cpp   : 295)   ... iteration 32
  0:00:07.709     6M / 1931M INFO    General                 (kmer_coverage_model.cpp   : 309)   Fitted mean coverage: 24.775. Fitted coverage std. dev: 6.88232
  0:00:07.712     6M / 1931M INFO    General                 (kmer_coverage_model.cpp   : 334)   Probability of erroneous kmer at valley: 0.961287
  0:00:07.712     6M / 1931M INFO    General                 (kmer_coverage_model.cpp   : 358)   Preliminary threshold calculated as: 11
  0:00:07.712     6M / 1931M INFO    General                 (kmer_coverage_model.cpp   : 362)   Threshold adjusted to: 11
  0:00:07.712     6M / 1931M INFO    General                 (kmer_coverage_model.cpp   : 375)   Estimated genome size (ignoring repeats): 3885298
  0:00:07.712     6M / 1931M INFO    General                 (genomic_info_filler.cpp   :  55)   Mean coverage was calculated as 24.775
  0:00:07.712     6M / 1931M INFO    General                 (genomic_info_filler.cpp   :  70)   EC coverage threshold value was calculated as 11
  0:00:07.712     6M / 1931M INFO    General                 (genomic_info_filler.cpp   :  71)   Trusted kmer low bound: 0
  0:00:07.712     6M / 1931M INFO   StageManager             (stage.cpp                 : 185)   STAGE == Gap Closer (id: early_gapcloser)
  0:00:07.720    15M / 1931M INFO    General                 (edge_index.hpp            : 113)   Size of edge index entries: 12/8
  0:00:07.725    15M / 1931M INFO    General                 (gap_closer.cpp            : 101)   Total edges in tip neighborhood: 7778 out of 43908, length: 140378
  0:00:07.726    15M / 1931M INFO    General                 (edge_index.hpp            : 167)   Using small index (max_id = 44140)
  0:00:07.728    15M / 1931M INFO   K-mer Index Building     (kmer_index_builder.hpp    : 395)   Building perfect hash indices
  0:00:07.738    16M / 1931M INFO   K-mer Index Building     (kmer_index_builder.hpp    : 431)   Index built. Total 125840 kmers, 91632 bytes occupied (5.8253 bits per kmer).
  0:00:07.739    17M / 1931M INFO    General                 (edge_index_builders.hpp   : 265)   Collecting edge information from graph, this takes a while.
  0:00:08.751    17M / 1931M INFO    General                 (sequence_mapper_notifier.h:  95)   Total 421576 reads processed
  0:00:08.759    15M / 1931M INFO    General                 (gap_closer.cpp            : 452)   Initializing gap closer
  0:00:08.759    15M / 1931M INFO   GapCloser                (gap_closer.cpp            : 359)   Closing short gaps
  0:00:08.778    15M / 1931M INFO   GapCloser                (gap_closer.cpp            : 391)   Closing short gaps complete: filled 0 gaps after checking 46 candidates
  0:00:08.779    15M / 1931M INFO    General                 (gap_closer.cpp            : 456)   Gap closer done
  0:00:08.781     6M / 1931M INFO   StageManager             (stage.cpp                 : 185)   STAGE == Raw Simplification (id: raw_simplification)
  0:00:08.781     6M / 1931M INFO    General                 (simplification.cpp        : 127)   PROCEDURE == Initial cleaning
  0:00:08.781     6M / 1931M INFO    General                 (graph_simplification.hpp  : 662)   Flanking coverage based disconnection disabled
  0:00:08.781     6M / 1931M INFO   Simplification           (parallel_processing.hpp   : 167)   Running Self conjugate edge remover
  0:00:08.781     6M / 1931M INFO   Simplification           (parallel_processing.hpp   : 170)   Self conjugate edge remover triggered 0 times
  0:00:08.781     6M / 1931M INFO   StageManager             (stage.cpp                 : 185)   STAGE == Simplification (id: simplification)
  0:00:08.781     6M / 1931M INFO    General                 (simplification.cpp        : 368)   Graph simplification started
  0:00:08.781     6M / 1931M INFO    General                 (graph_simplification.hpp  : 634)   Creating parallel br instance
  0:00:08.781     6M / 1931M INFO    General                 (simplification.cpp        : 373)   PROCEDURE == Simplification cycle, iteration 1
  0:00:08.781     6M / 1931M INFO   Simplification           (parallel_processing.hpp   : 167)   Running Tip clipper
  0:00:08.881     6M / 1931M INFO   Simplification           (parallel_processing.hpp   : 170)   Tip clipper triggered 7080 times
  0:00:08.882     6M / 1931M INFO   Simplification           (parallel_processing.hpp   : 167)   Running Bulge remover
  0:00:09.023    11M / 1931M INFO   Simplification           (parallel_processing.hpp   : 170)   Bulge remover triggered 985 times
  0:00:09.024    11M / 1931M INFO   Simplification           (parallel_processing.hpp   : 167)   Running Low coverage edge remover
  0:00:09.041    11M / 1931M INFO   Simplification           (parallel_processing.hpp   : 170)   Low coverage edge remover triggered 408 times
  0:00:09.042    11M / 1931M INFO    General                 (simplification.cpp        : 373)   PROCEDURE == Simplification cycle, iteration 2
  0:00:09.042    11M / 1931M INFO   Simplification           (parallel_processing.hpp   : 167)   Running Tip clipper
  0:00:09.043    11M / 1931M INFO   Simplification           (parallel_processing.hpp   : 170)   Tip clipper triggered 11 times
  0:00:09.043    11M / 1931M INFO   Simplification           (parallel_processing.hpp   : 167)   Running Bulge remover
  0:00:09.057    12M / 1931M INFO   Simplification           (parallel_processing.hpp   : 170)   Bulge remover triggered 94 times
  0:00:09.058    12M / 1931M INFO   Simplification           (parallel_processing.hpp   : 167)   Running Low coverage edge remover
  0:00:09.065    12M / 1931M INFO   Simplification           (parallel_processing.hpp   : 170)   Low coverage edge remover triggered 126 times
  0:00:09.065    12M / 1931M INFO    General                 (simplification.cpp        : 373)   PROCEDURE == Simplification cycle, iteration 3
  0:00:09.065    12M / 1931M INFO   Simplification           (parallel_processing.hpp   : 167)   Running Tip clipper
  0:00:09.065    12M / 1931M INFO   Simplification           (parallel_processing.hpp   : 170)   Tip clipper triggered 0 times
  0:00:09.065    12M / 1931M INFO   Simplification           (parallel_processing.hpp   : 167)   Running Bulge remover
  0:00:09.072    12M / 1931M INFO   Simplification           (parallel_processing.hpp   : 170)   Bulge remover triggered 42 times
  0:00:09.072    12M / 1931M INFO   Simplification           (parallel_processing.hpp   : 167)   Running Low coverage edge remover
  0:00:09.072    12M / 1931M INFO   Simplification           (parallel_processing.hpp   : 170)   Low coverage edge remover triggered 32 times
  0:00:09.072    12M / 1931M INFO    General                 (simplification.cpp        : 373)   PROCEDURE == Simplification cycle, iteration 4
  0:00:09.072    12M / 1931M INFO   Simplification           (parallel_processing.hpp   : 167)   Running Tip clipper
  0:00:09.072    12M / 1931M INFO   Simplification           (parallel_processing.hpp   : 170)   Tip clipper triggered 0 times
  0:00:09.072    12M / 1931M INFO   Simplification           (parallel_processing.hpp   : 167)   Running Bulge remover
  0:00:09.075    12M / 1931M INFO   Simplification           (parallel_processing.hpp   : 170)   Bulge remover triggered 22 times
  0:00:09.075    12M / 1931M INFO   Simplification           (parallel_processing.hpp   : 167)   Running Low coverage edge remover
  0:00:09.075    12M / 1931M INFO   Simplification           (parallel_processing.hpp   : 170)   Low coverage edge remover triggered 5 times
  0:00:09.075    12M / 1931M INFO    General                 (simplification.cpp        : 373)   PROCEDURE == Simplification cycle, iteration 5
  0:00:09.075    12M / 1931M INFO   Simplification           (parallel_processing.hpp   : 167)   Running Tip clipper
  0:00:09.075    12M / 1931M INFO   Simplification           (parallel_processing.hpp   : 170)   Tip clipper triggered 0 times
  0:00:09.075    12M / 1931M INFO   Simplification           (parallel_processing.hpp   : 167)   Running Bulge remover
  0:00:09.076    12M / 1931M INFO   Simplification           (parallel_processing.hpp   : 170)   Bulge remover triggered 2 times
  0:00:09.076    12M / 1931M INFO   Simplification           (parallel_processing.hpp   : 167)   Running Low coverage edge remover
  0:00:09.076    12M / 1931M INFO   Simplification           (parallel_processing.hpp   : 170)   Low coverage edge remover triggered 3 times
  0:00:09.076    12M / 1931M INFO    General                 (simplification.cpp        : 373)   PROCEDURE == Simplification cycle, iteration 6
  0:00:09.076    12M / 1931M INFO   Simplification           (parallel_processing.hpp   : 167)   Running Tip clipper
  0:00:09.076    12M / 1931M INFO   Simplification           (parallel_processing.hpp   : 170)   Tip clipper triggered 0 times
  0:00:09.076    12M / 1931M INFO   Simplification           (parallel_processing.hpp   : 167)   Running Bulge remover
  0:00:09.076    12M / 1931M INFO   Simplification           (parallel_processing.hpp   : 170)   Bulge remover triggered 2 times
  0:00:09.076    12M / 1931M INFO   Simplification           (parallel_processing.hpp   : 167)   Running Low coverage edge remover
  0:00:09.076    12M / 1931M INFO   Simplification           (parallel_processing.hpp   : 170)   Low coverage edge remover triggered 1 times
  0:00:09.076    12M / 1931M INFO    General                 (simplification.cpp        : 373)   PROCEDURE == Simplification cycle, iteration 7
  0:00:09.076    12M / 1931M INFO   Simplification           (parallel_processing.hpp   : 167)   Running Tip clipper
  0:00:09.076    12M / 1931M INFO   Simplification           (parallel_processing.hpp   : 170)   Tip clipper triggered 0 times
  0:00:09.076    12M / 1931M INFO   Simplification           (parallel_processing.hpp   : 167)   Running Bulge remover
  0:00:09.076    12M / 1931M INFO   Simplification           (parallel_processing.hpp   : 170)   Bulge remover triggered 0 times
  0:00:09.076    12M / 1931M INFO   Simplification           (parallel_processing.hpp   : 167)   Running Low coverage edge remover
  0:00:09.077    12M / 1931M INFO   Simplification           (parallel_processing.hpp   : 170)   Low coverage edge remover triggered 1 times
  0:00:09.077    12M / 1931M INFO    General                 (simplification.cpp        : 373)   PROCEDURE == Simplification cycle, iteration 8
  0:00:09.077    12M / 1931M INFO   Simplification           (parallel_processing.hpp   : 167)   Running Tip clipper
  0:00:09.077    12M / 1931M INFO   Simplification           (parallel_processing.hpp   : 170)   Tip clipper triggered 0 times
  0:00:09.077    12M / 1931M INFO   Simplification           (parallel_processing.hpp   : 167)   Running Bulge remover
  0:00:09.077    12M / 1931M INFO   Simplification           (parallel_processing.hpp   : 170)   Bulge remover triggered 0 times
  0:00:09.077    12M / 1931M INFO   Simplification           (parallel_processing.hpp   : 167)   Running Low coverage edge remover
  0:00:09.077    12M / 1931M INFO   Simplification           (parallel_processing.hpp   : 170)   Low coverage edge remover triggered 2 times
  0:00:09.077    12M / 1931M INFO    General                 (simplification.cpp        : 373)   PROCEDURE == Simplification cycle, iteration 9
  0:00:09.077    12M / 1931M INFO   Simplification           (parallel_processing.hpp   : 167)   Running Tip clipper
  0:00:09.077    12M / 1931M INFO   Simplification           (parallel_processing.hpp   : 170)   Tip clipper triggered 0 times
  0:00:09.077    12M / 1931M INFO   Simplification           (parallel_processing.hpp   : 167)   Running Bulge remover
  0:00:09.077    12M / 1931M INFO   Simplification           (parallel_processing.hpp   : 170)   Bulge remover triggered 0 times
  0:00:09.077    12M / 1931M INFO   Simplification           (parallel_processing.hpp   : 167)   Running Low coverage edge remover
  0:00:09.077    12M / 1931M INFO   Simplification           (parallel_processing.hpp   : 170)   Low coverage edge remover triggered 5 times
  0:00:09.077    12M / 1931M INFO    General                 (simplification.cpp        : 373)   PROCEDURE == Simplification cycle, iteration 10
  0:00:09.077    12M / 1931M INFO   Simplification           (parallel_processing.hpp   : 167)   Running Tip clipper
  0:00:09.077    12M / 1931M INFO   Simplification           (parallel_processing.hpp   : 170)   Tip clipper triggered 0 times
  0:00:09.077    12M / 1931M INFO   Simplification           (parallel_processing.hpp   : 167)   Running Bulge remover
  0:00:09.077    12M / 1931M INFO   Simplification           (parallel_processing.hpp   : 170)   Bulge remover triggered 0 times
  0:00:09.077    12M / 1931M INFO   Simplification           (parallel_processing.hpp   : 167)   Running Low coverage edge remover
  0:00:09.077    12M / 1931M INFO   Simplification           (parallel_processing.hpp   : 170)   Low coverage edge remover triggered 6 times
  0:00:09.077    12M / 1931M INFO    General                 (simplification.cpp        : 373)   PROCEDURE == Simplification cycle, iteration 11
  0:00:09.077    12M / 1931M INFO   Simplification           (parallel_processing.hpp   : 167)   Running Tip clipper
  0:00:09.078    12M / 1931M INFO   Simplification           (parallel_processing.hpp   : 170)   Tip clipper triggered 1 times
  0:00:09.078    12M / 1931M INFO   Simplification           (parallel_processing.hpp   : 167)   Running Bulge remover
  0:00:09.080    12M / 1931M INFO   Simplification           (parallel_processing.hpp   : 170)   Bulge remover triggered 1 times
  0:00:09.080    12M / 1931M INFO   Simplification           (parallel_processing.hpp   : 167)   Running Low coverage edge remover
  0:00:09.081    12M / 1931M INFO   Simplification           (parallel_processing.hpp   : 170)   Low coverage edge remover triggered 0 times
  0:00:09.081    12M / 1931M INFO    General                 (simplification.cpp        : 373)   PROCEDURE == Simplification cycle, iteration 12
  0:00:09.081    12M / 1931M INFO   Simplification           (parallel_processing.hpp   : 167)   Running Tip clipper
  0:00:09.081    12M / 1931M INFO   Simplification           (parallel_processing.hpp   : 170)   Tip clipper triggered 0 times
  0:00:09.081    12M / 1931M INFO   Simplification           (parallel_processing.hpp   : 167)   Running Bulge remover
  0:00:09.081    12M / 1931M INFO   Simplification           (parallel_processing.hpp   : 170)   Bulge remover triggered 0 times
  0:00:09.081    12M / 1931M INFO   Simplification           (parallel_processing.hpp   : 167)   Running Low coverage edge remover
  0:00:09.081    12M / 1931M INFO   Simplification           (parallel_processing.hpp   : 170)   Low coverage edge remover triggered 0 times
  0:00:09.081    12M / 1931M INFO   StageManager             (stage.cpp                 : 185)   STAGE == Gap Closer (id: late_gapcloser)
  0:00:09.085    21M / 1931M INFO    General                 (edge_index.hpp            : 113)   Size of edge index entries: 12/8
  0:00:09.085    21M / 1931M INFO    General                 (gap_closer.cpp            : 101)   Total edges in tip neighborhood: 607 out of 5642, length: 99169
  0:00:09.085    21M / 1931M INFO    General                 (edge_index.hpp            : 167)   Using small index (max_id = 44140)
  0:00:09.087    21M / 1931M INFO   K-mer Index Building     (kmer_index_builder.hpp    : 395)   Building perfect hash indices
  0:00:09.101    21M / 1931M INFO   K-mer Index Building     (kmer_index_builder.hpp    : 431)   Index built. Total 84385 kmers, 61704 bytes occupied (5.84976 bits per kmer).
  0:00:09.101    22M / 1931M INFO    General                 (edge_index_builders.hpp   : 265)   Collecting edge information from graph, this takes a while.
  0:00:10.866    22M / 1931M INFO    General                 (sequence_mapper_notifier.h:  95)   Total 421576 reads processed
  0:00:10.876    21M / 1931M INFO    General                 (gap_closer.cpp            : 452)   Initializing gap closer
  0:00:10.876    21M / 1931M INFO   GapCloser                (gap_closer.cpp            : 359)   Closing short gaps
  0:00:10.880    21M / 1931M INFO   GapCloser                (gap_closer.cpp            : 391)   Closing short gaps complete: filled 0 gaps after checking 2 candidates
  0:00:10.881    21M / 1931M INFO    General                 (gap_closer.cpp            : 456)   Gap closer done
  0:00:10.882    12M / 1931M INFO   StageManager             (stage.cpp                 : 185)   STAGE == Simplification Cleanup (id: simplification_cleanup)
  0:00:10.883    12M / 1931M INFO    General                 (simplification.cpp        : 176)   PROCEDURE == Post simplification
  0:00:10.883    12M / 1931M INFO    General                 (graph_simplification.hpp  : 448)   Disconnection of relatively low covered edges disabled
  0:00:10.883    12M / 1931M INFO    General                 (graph_simplification.hpp  : 485)   Complex tip clipping disabled
  0:00:10.883    12M / 1931M INFO    General                 (graph_simplification.hpp  : 634)   Creating parallel br instance
  0:00:10.883    12M / 1931M INFO   Simplification           (parallel_processing.hpp   : 167)   Running Tip clipper
  0:00:10.883    12M / 1931M INFO   Simplification           (parallel_processing.hpp   : 170)   Tip clipper triggered 0 times
  0:00:10.883    12M / 1931M INFO   Simplification           (parallel_processing.hpp   : 167)   Running Bulge remover
  0:00:10.888    12M / 1931M INFO   Simplification           (parallel_processing.hpp   : 170)   Bulge remover triggered 0 times
  0:00:10.888    12M / 1931M INFO   Simplification           (parallel_processing.hpp   : 167)   Running Tip clipper
  0:00:10.888    12M / 1931M INFO   Simplification           (parallel_processing.hpp   : 170)   Tip clipper triggered 0 times
  0:00:10.888    12M / 1931M INFO   Simplification           (parallel_processing.hpp   : 167)   Running Bulge remover
  0:00:10.893    12M / 1931M INFO   Simplification           (parallel_processing.hpp   : 170)   Bulge remover triggered 0 times
  0:00:10.893    12M / 1931M INFO    General                 (simplification.cpp        : 327)   Disrupting self-conjugate edges
  0:00:10.894    12M / 1931M INFO   Simplification           (parallel_processing.hpp   : 167)   Running Removing isolated edges
  0:00:10.895    12M / 1931M INFO   Simplification           (parallel_processing.hpp   : 170)   Removing isolated edges triggered 300 times
  0:00:10.895    12M / 1931M INFO    General                 (simplification.cpp        : 495)   After simplification:
  0:00:10.895    12M / 1931M INFO    General                 (simplification.cpp        : 496)     Average coverage = 27.7709
  0:00:10.895    12M / 1931M INFO    General                 (simplification.cpp        : 497)     Total length = 3915931
  0:00:10.896    12M / 1931M INFO    General                 (simplification.cpp        : 498)     Median edge length: 21564
  0:00:10.896    12M / 1931M INFO    General                 (simplification.cpp        : 499)     Edges: 5042
  0:00:10.896    12M / 1931M INFO    General                 (simplification.cpp        : 500)     Vertices: 3256
  0:00:10.896    12M / 1931M INFO   StageManager             (stage.cpp                 : 185)   STAGE == Contig Output (id: contig_output)
  0:00:10.896    12M / 1931M INFO    General                 (read_converter.cpp        : 107)   Outputting contigs to /data/djs217/PROJECTS/10_X_fragariae_feb_2024/04_spades/NCPPB_3743.spades/K55/simplified_contigs
  0:00:10.902    15M / 1931M INFO    General                 (binary_converter.cpp      : 111)   2521 reads written
  0:00:10.909    12M / 1931M INFO    General                 (pipeline.cpp              : 287)   SPAdes finished
  0:00:10.926     1M / 1931M INFO    General                 (main.cpp                  : 136)   Assembling time: 0 hours 0 minutes 10 seconds

===== K55 finished. 


===== K77 started. 


== Running: /data/djs217/anaconda3/envs/spades-env/bin/spades-core /data/djs217/PROJECTS/10_X_fragariae_feb_2024/04_spades/NCPPB_3743.spades/K77/configs/config.info /data/djs217/PROJECTS/10_X_fragariae_feb_2024/04_spades/NCPPB_3743.spades/K77/configs/careful_mode.info

  0:00:00.000     1M / 19M   INFO    General                 (main.cpp                  :  99)   Loaded config from /data/djs217/PROJECTS/10_X_fragariae_feb_2024/04_spades/NCPPB_3743.spades/K77/configs/config.info
  0:00:00.001     1M / 19M   INFO    General                 (main.cpp                  :  99)   Loaded config from /data/djs217/PROJECTS/10_X_fragariae_feb_2024/04_spades/NCPPB_3743.spades/K77/configs/careful_mode.info
  0:00:00.001     1M / 19M   INFO    General                 (memory_limit.cpp          :  54)   Memory limit set to 62 Gb
  0:00:00.001     1M / 19M   INFO    General                 (main.cpp                  : 107)   Starting SPAdes, built from N/A, git revision N/A
  0:00:00.001     1M / 19M   INFO    General                 (main.cpp                  : 108)   Maximum k-mer length: 128
  0:00:00.001     1M / 19M   INFO    General                 (main.cpp                  : 109)   Assembling dataset (/data/djs217/PROJECTS/10_X_fragariae_feb_2024/04_spades/NCPPB_3743.spades/dataset.info) with K=77
  0:00:00.001     1M / 19M   INFO    General                 (main.cpp                  : 110)   Maximum # of threads to use (adjusted due to OMP capabilities): 16
  0:00:00.001     1M / 19M   INFO    General                 (pipeline.cpp              : 212)   SPAdes started
  0:00:00.001     1M / 19M   INFO    General                 (pipeline.cpp              : 225)   Starting from stage: read_conversion
  0:00:00.001     1M / 19M   INFO    General                 (pipeline.cpp              : 231)   Two-step repeat resolution disabled
  0:00:00.001     1M / 19M   INFO   GraphCore                (graph_core.hpp            : 672)   Graph created, vertex min_id: 3, edge min_id: 3
  0:00:00.001     1M / 19M   INFO   GraphCore                (graph_core.hpp            : 673)   Vertex size: 48, edge size: 40
  0:00:00.002     1M / 19M   INFO    General                 (edge_index.hpp            : 113)   Size of edge index entries: 12/8
  0:00:00.002     1M / 19M   INFO    General                 (pipeline.cpp              : 242)   Will need read mapping, kmer mapper will be attached
  0:00:00.002     1M / 19M   INFO   StageManager             (stage.cpp                 : 185)   STAGE == Binary Read Conversion (id: read_conversion)
  0:00:00.003     1M / 19M   INFO    General                 (read_converter.cpp        :  53)   Binary reads detected
  0:00:00.008     1M / 19M   INFO   StageManager             (stage.cpp                 : 185)   STAGE == de Bruijn graph construction (id: construction)
  0:00:00.008     1M / 19M   INFO    General                 (construction.cpp          : 118)   Contigs from previous K will be used: /data/djs217/PROJECTS/10_X_fragariae_feb_2024/04_spades/NCPPB_3743.spades/K55/simplified_contigs
  0:00:00.054     1M / 19M   INFO    General                 (construction.cpp          : 153)   Max read length 301
  0:00:00.054     1M / 19M   INFO    General                 (construction.cpp          : 159)   Average read length 183.67
  0:00:00.054     1M / 19M   INFO    General                 (stage.cpp                 : 117)   PROCEDURE == k+1-mer counting (id: construction:kpomer_counting)
  0:00:00.054     1M / 19M   INFO    General                 (kmer_index_builder.hpp    : 243)   Splitting kmer instances into 160 files using 16 threads. This might take a while.
  0:00:00.054     1M / 19M   INFO    General                 (file_limit.hpp            :  42)   Open file limit set to 1024
  0:00:00.054     1M / 19M   INFO    General                 (kmer_splitter.hpp         :  93)   Memory available for splitting buffers: 1.29165 Gb
  0:00:00.055     1M / 19M   INFO    General                 (kmer_splitter.hpp         : 101)   Using cell size of 139810
  0:00:01.367  9601M / 9601M INFO    General                 (kmer_splitters.hpp        : 125)   Processed 1693598 reads
  0:00:01.377     1M / 2462M INFO    General                 (kmer_splitters.hpp        : 131)   Used 1693598 reads
  0:00:01.577     1M / 2462M INFO    General                 (kmer_index_builder.hpp    : 249)   Starting k-mer counting.
  0:00:01.672     1M / 2462M INFO    General                 (kmer_index_builder.hpp    : 260)   K-mer counting done. There are 4160184 kmers in total.
  0:00:01.673     1M / 2462M INFO    General                 (stage.cpp                 : 117)   PROCEDURE == Extension index construction (id: construction:extension_index_construction)
  0:00:01.675     1M / 2462M INFO   K-mer Index Building     (kmer_index_builder.hpp    : 438)   Building kmer index
  0:00:01.675     1M / 2462M INFO    General                 (kmer_index_builder.hpp    : 243)   Splitting kmer instances into 160 files using 16 threads. This might take a while.
  0:00:01.676     1M / 2462M INFO    General                 (file_limit.hpp            :  42)   Open file limit set to 1024
  0:00:01.676     1M / 2462M INFO    General                 (kmer_splitter.hpp         :  93)   Memory available for splitting buffers: 1.29165 Gb
  0:00:01.676     1M / 2462M INFO    General                 (kmer_splitter.hpp         : 101)   Using cell size of 139810
  0:00:01.861  9602M / 9602M INFO    General                 (kmer_splitters.hpp        : 194)   Processed 4160184 kmers
  0:00:01.861  9602M / 9602M INFO    General                 (kmer_splitters.hpp        : 199)   Used 4160184 kmers.
  0:00:01.863     2M / 2462M INFO    General                 (kmer_index_builder.hpp    : 249)   Starting k-mer counting.
  0:00:01.939     2M / 2462M INFO    General                 (kmer_index_builder.hpp    : 260)   K-mer counting done. There are 4158741 kmers in total.
  0:00:01.939     2M / 2462M INFO   K-mer Index Building     (kmer_index_builder.hpp    : 395)   Building perfect hash indices
  0:00:02.160     5M / 2462M INFO   K-mer Index Building     (kmer_index_builder.hpp    : 431)   Index built. Total 4158741 kmers, 3124192 bytes occupied (6.00988 bits per kmer).
  0:00:02.160     5M / 2462M INFO    General                 (kmer_index_builder.hpp    : 169)   Merging final buckets.
  0:00:02.582     9M / 2462M INFO   DeBruijnExtensionIndexBu (kmer_extension_index_build: 100)   Building k-mer extensions from k+1-mers
  0:00:02.756     9M / 2462M INFO   DeBruijnExtensionIndexBu (kmer_extension_index_build: 105)   Building k-mer extensions from k+1-mers finished.
  0:00:02.765     9M / 2462M INFO    General                 (stage.cpp                 : 117)   PROCEDURE == Condensing graph (id: construction:graph_condensing)
  0:00:02.766     9M / 2462M INFO   UnbranchingPathExtractor (debruijn_graph_constructor: 354)   Extracting unbranching paths
  0:00:02.884    11M / 2462M INFO   UnbranchingPathExtractor (debruijn_graph_constructor: 373)   Extracting unbranching paths finished. 20355 sequences extracted
  0:00:02.985    11M / 2462M INFO   UnbranchingPathExtractor (debruijn_graph_constructor: 309)   Collecting perfect loops
  0:00:03.016    11M / 2462M INFO   UnbranchingPathExtractor (debruijn_graph_constructor: 342)   Collecting perfect loops finished. 0 loops collected
  0:00:03.027    11M / 2462M INFO    General                 (debruijn_graph_constructor: 487)   Total 40710 edges to create
  0:00:03.027    13M / 2462M INFO    General                 (debruijn_graph_constructor: 489)   Collecting link records
  0:00:03.055    13M / 2462M INFO    General                 (debruijn_graph_constructor: 491)   Ordering link records
  0:00:03.056    13M / 2462M INFO    General                 (debruijn_graph_constructor: 493)   Sorting done
  0:00:03.056    13M / 2462M INFO    General                 (debruijn_graph_constructor: 503)   Total 18912 vertices to create
  0:00:03.056    15M / 2462M INFO    General                 (debruijn_graph_constructor: 506)   Connecting the graph
  0:00:03.082    14M / 2462M INFO    General                 (stage.cpp                 : 117)   PROCEDURE == Filling coverage indices (PHM) (id: construction:coverage_filling_phm)
  0:00:03.083    14M / 2462M INFO   K-mer Index Building     (kmer_index_builder.hpp    : 395)   Building perfect hash indices
  0:00:03.143    18M / 2462M INFO   K-mer Index Building     (kmer_index_builder.hpp    : 431)   Index built. Total 4160184 kmers, 3125232 bytes occupied (6.0098 bits per kmer).
  0:00:03.150    34M / 2462M INFO    General                 (coverage_hash_map_builder.:  47)   Collecting k-mer coverage information from reads, this takes a while.
  0:00:04.198    34M / 2462M INFO    General                 (construction.cpp          : 430)   Filling coverage and flanking coverage from PHM
  0:00:04.306    34M / 2462M INFO    General                 (coverage_filling.hpp      :  82)   Processed 40707 edges
  0:00:04.345     6M / 2462M INFO   StageManager             (stage.cpp                 : 185)   STAGE == EC Threshold Finding (id: ec_threshold_finder)
  0:00:04.345     6M / 2462M INFO    General                 (kmer_coverage_model.cpp   : 181)   Kmer coverage valley at: 0
  0:00:04.346     6M / 2462M INFO    General                 (kmer_coverage_model.cpp   : 201)   K-mer histogram maximum: 19
  0:00:04.346     6M / 2462M INFO    General                 (kmer_coverage_model.cpp   : 237)   Estimated median coverage: 20. Coverage mad: 7.413
  0:00:04.346     6M / 2462M INFO    General                 (kmer_coverage_model.cpp   : 259)   Fitting coverage model
  0:00:04.368     6M / 2462M INFO    General                 (kmer_coverage_model.cpp   : 295)   ... iteration 2
  0:00:04.426     6M / 2462M INFO    General                 (kmer_coverage_model.cpp   : 295)   ... iteration 4
  0:00:04.647     6M / 2462M INFO    General                 (kmer_coverage_model.cpp   : 295)   ... iteration 8
  0:00:05.113     6M / 2462M INFO    General                 (kmer_coverage_model.cpp   : 295)   ... iteration 16
  0:00:05.873     6M / 2462M INFO    General                 (kmer_coverage_model.cpp   : 309)   Fitted mean coverage: 20.642. Fitted coverage std. dev: 6.18993
  0:00:05.875     6M / 2462M INFO    General                 (kmer_coverage_model.cpp   : 334)   Probability of erroneous kmer at valley: 0.997902
  0:00:05.875     6M / 2462M INFO    General                 (kmer_coverage_model.cpp   : 358)   Preliminary threshold calculated as: 9
  0:00:05.875     6M / 2462M INFO    General                 (kmer_coverage_model.cpp   : 362)   Threshold adjusted to: 9
  0:00:05.875     6M / 2462M INFO    General                 (kmer_coverage_model.cpp   : 375)   Estimated genome size (ignoring repeats): 3895356
  0:00:05.876     6M / 2462M INFO    General                 (genomic_info_filler.cpp   :  55)   Mean coverage was calculated as 20.642
  0:00:05.876     6M / 2462M INFO    General                 (genomic_info_filler.cpp   :  70)   EC coverage threshold value was calculated as 9
  0:00:05.876     6M / 2462M INFO    General                 (genomic_info_filler.cpp   :  71)   Trusted kmer low bound: 0
  0:00:05.876     6M / 2462M INFO   StageManager             (stage.cpp                 : 185)   STAGE == Gap Closer (id: early_gapcloser)
  0:00:05.883    15M / 2462M INFO    General                 (edge_index.hpp            : 113)   Size of edge index entries: 12/8
  0:00:05.890    15M / 2462M INFO    General                 (gap_closer.cpp            : 101)   Total edges in tip neighborhood: 8227 out of 40707, length: 170775
  0:00:05.891    15M / 2462M INFO    General                 (edge_index.hpp            : 167)   Using small index (max_id = 40916)
  0:00:05.893    15M / 2462M INFO   K-mer Index Building     (kmer_index_builder.hpp    : 395)   Building perfect hash indices
  0:00:05.905    15M / 2462M INFO   K-mer Index Building     (kmer_index_builder.hpp    : 431)   Index built. Total 151834 kmers, 110416 bytes occupied (5.81772 bits per kmer).
  0:00:05.905    17M / 2462M INFO    General                 (edge_index_builders.hpp   : 265)   Collecting edge information from graph, this takes a while.
  0:00:06.753    17M / 2462M INFO    General                 (sequence_mapper_notifier.h:  95)   Total 421576 reads processed
  0:00:06.759    15M / 2462M INFO    General                 (gap_closer.cpp            : 452)   Initializing gap closer
  0:00:06.759    15M / 2462M INFO   GapCloser                (gap_closer.cpp            : 359)   Closing short gaps
  0:00:06.776    15M / 2462M INFO   GapCloser                (gap_closer.cpp            : 391)   Closing short gaps complete: filled 0 gaps after checking 38 candidates
  0:00:06.777    15M / 2462M INFO    General                 (gap_closer.cpp            : 456)   Gap closer done
  0:00:06.778     6M / 2462M INFO   StageManager             (stage.cpp                 : 185)   STAGE == Raw Simplification (id: raw_simplification)
  0:00:06.778     6M / 2462M INFO    General                 (simplification.cpp        : 127)   PROCEDURE == Initial cleaning
  0:00:06.778     6M / 2462M INFO    General                 (graph_simplification.hpp  : 662)   Flanking coverage based disconnection disabled
  0:00:06.778     6M / 2462M INFO   Simplification           (parallel_processing.hpp   : 167)   Running Self conjugate edge remover
  0:00:06.779     6M / 2462M INFO   Simplification           (parallel_processing.hpp   : 170)   Self conjugate edge remover triggered 0 times
  0:00:06.779     6M / 2462M INFO   StageManager             (stage.cpp                 : 185)   STAGE == Simplification (id: simplification)
  0:00:06.779     6M / 2462M INFO    General                 (simplification.cpp        : 368)   Graph simplification started
  0:00:06.779     6M / 2462M INFO    General                 (graph_simplification.hpp  : 634)   Creating parallel br instance
  0:00:06.779     6M / 2462M INFO    General                 (simplification.cpp        : 373)   PROCEDURE == Simplification cycle, iteration 1
  0:00:06.779     6M / 2462M INFO   Simplification           (parallel_processing.hpp   : 167)   Running Tip clipper
  0:00:06.890     5M / 2462M INFO   Simplification           (parallel_processing.hpp   : 170)   Tip clipper triggered 7187 times
  0:00:06.891     5M / 2462M INFO   Simplification           (parallel_processing.hpp   : 167)   Running Bulge remover
  0:00:07.030    13M / 2462M INFO   Simplification           (parallel_processing.hpp   : 170)   Bulge remover triggered 642 times
  0:00:07.031    13M / 2462M INFO   Simplification           (parallel_processing.hpp   : 167)   Running Low coverage edge remover
  0:00:07.032    13M / 2462M INFO   Simplification           (parallel_processing.hpp   : 170)   Low coverage edge remover triggered 0 times
  0:00:07.032    13M / 2462M INFO    General                 (simplification.cpp        : 373)   PROCEDURE == Simplification cycle, iteration 2
  0:00:07.032    13M / 2462M INFO   Simplification           (parallel_processing.hpp   : 167)   Running Tip clipper
  0:00:07.033    13M / 2462M INFO   Simplification           (parallel_processing.hpp   : 170)   Tip clipper triggered 0 times
  0:00:07.033    13M / 2462M INFO   Simplification           (parallel_processing.hpp   : 167)   Running Bulge remover
  0:00:07.033    13M / 2462M INFO   Simplification           (parallel_processing.hpp   : 170)   Bulge remover triggered 0 times
  0:00:07.033    13M / 2462M INFO   Simplification           (parallel_processing.hpp   : 167)   Running Low coverage edge remover
  0:00:07.045    13M / 2462M INFO   Simplification           (parallel_processing.hpp   : 170)   Low coverage edge remover triggered 288 times
  0:00:07.045    13M / 2462M INFO    General                 (simplification.cpp        : 373)   PROCEDURE == Simplification cycle, iteration 3
  0:00:07.045    13M / 2462M INFO   Simplification           (parallel_processing.hpp   : 167)   Running Tip clipper
  0:00:07.045    13M / 2462M INFO   Simplification           (parallel_processing.hpp   : 170)   Tip clipper triggered 9 times
  0:00:07.045    13M / 2462M INFO   Simplification           (parallel_processing.hpp   : 167)   Running Bulge remover
  0:00:07.064    14M / 2462M INFO   Simplification           (parallel_processing.hpp   : 170)   Bulge remover triggered 93 times
  0:00:07.064    14M / 2462M INFO   Simplification           (parallel_processing.hpp   : 167)   Running Low coverage edge remover
  0:00:07.067    14M / 2462M INFO   Simplification           (parallel_processing.hpp   : 170)   Low coverage edge remover triggered 45 times
  0:00:07.067    14M / 2462M INFO    General                 (simplification.cpp        : 373)   PROCEDURE == Simplification cycle, iteration 4
  0:00:07.067    14M / 2462M INFO   Simplification           (parallel_processing.hpp   : 167)   Running Tip clipper
  0:00:07.067    14M / 2462M INFO   Simplification           (parallel_processing.hpp   : 170)   Tip clipper triggered 0 times
  0:00:07.067    14M / 2462M INFO   Simplification           (parallel_processing.hpp   : 167)   Running Bulge remover
  0:00:07.069    14M / 2462M INFO   Simplification           (parallel_processing.hpp   : 170)   Bulge remover triggered 11 times
  0:00:07.069    14M / 2462M INFO   Simplification           (parallel_processing.hpp   : 167)   Running Low coverage edge remover
  0:00:07.070    14M / 2462M INFO   Simplification           (parallel_processing.hpp   : 170)   Low coverage edge remover triggered 5 times
  0:00:07.070    14M / 2462M INFO    General                 (simplification.cpp        : 373)   PROCEDURE == Simplification cycle, iteration 5
  0:00:07.070    14M / 2462M INFO   Simplification           (parallel_processing.hpp   : 167)   Running Tip clipper
  0:00:07.070    14M / 2462M INFO   Simplification           (parallel_processing.hpp   : 170)   Tip clipper triggered 0 times
  0:00:07.070    14M / 2462M INFO   Simplification           (parallel_processing.hpp   : 167)   Running Bulge remover
  0:00:07.070    14M / 2462M INFO   Simplification           (parallel_processing.hpp   : 170)   Bulge remover triggered 1 times
  0:00:07.070    14M / 2462M INFO   Simplification           (parallel_processing.hpp   : 167)   Running Low coverage edge remover
  0:00:07.070    14M / 2462M INFO   Simplification           (parallel_processing.hpp   : 170)   Low coverage edge remover triggered 3 times
  0:00:07.070    14M / 2462M INFO    General                 (simplification.cpp        : 373)   PROCEDURE == Simplification cycle, iteration 6
  0:00:07.070    14M / 2462M INFO   Simplification           (parallel_processing.hpp   : 167)   Running Tip clipper
  0:00:07.070    14M / 2462M INFO   Simplification           (parallel_processing.hpp   : 170)   Tip clipper triggered 0 times
  0:00:07.070    14M / 2462M INFO   Simplification           (parallel_processing.hpp   : 167)   Running Bulge remover
  0:00:07.070    14M / 2462M INFO   Simplification           (parallel_processing.hpp   : 170)   Bulge remover triggered 0 times
  0:00:07.070    14M / 2462M INFO   Simplification           (parallel_processing.hpp   : 167)   Running Low coverage edge remover
  0:00:07.071    14M / 2462M INFO   Simplification           (parallel_processing.hpp   : 170)   Low coverage edge remover triggered 0 times
  0:00:07.071    14M / 2462M INFO    General                 (simplification.cpp        : 373)   PROCEDURE == Simplification cycle, iteration 7
  0:00:07.071    14M / 2462M INFO   Simplification           (parallel_processing.hpp   : 167)   Running Tip clipper
  0:00:07.071    14M / 2462M INFO   Simplification           (parallel_processing.hpp   : 170)   Tip clipper triggered 0 times
  0:00:07.071    14M / 2462M INFO   Simplification           (parallel_processing.hpp   : 167)   Running Bulge remover
  0:00:07.071    14M / 2462M INFO   Simplification           (parallel_processing.hpp   : 170)   Bulge remover triggered 0 times
  0:00:07.071    14M / 2462M INFO   Simplification           (parallel_processing.hpp   : 167)   Running Low coverage edge remover
  0:00:07.071    14M / 2462M INFO   Simplification           (parallel_processing.hpp   : 170)   Low coverage edge remover triggered 4 times
  0:00:07.071    14M / 2462M INFO    General                 (simplification.cpp        : 373)   PROCEDURE == Simplification cycle, iteration 8
  0:00:07.071    14M / 2462M INFO   Simplification           (parallel_processing.hpp   : 167)   Running Tip clipper
  0:00:07.071    14M / 2462M INFO   Simplification           (parallel_processing.hpp   : 170)   Tip clipper triggered 0 times
  0:00:07.071    14M / 2462M INFO   Simplification           (parallel_processing.hpp   : 167)   Running Bulge remover
  0:00:07.071    14M / 2462M INFO   Simplification           (parallel_processing.hpp   : 170)   Bulge remover triggered 1 times
  0:00:07.071    14M / 2462M INFO   Simplification           (parallel_processing.hpp   : 167)   Running Low coverage edge remover
  0:00:07.072    14M / 2462M INFO   Simplification           (parallel_processing.hpp   : 170)   Low coverage edge remover triggered 3 times
  0:00:07.072    14M / 2462M INFO    General                 (simplification.cpp        : 373)   PROCEDURE == Simplification cycle, iteration 9
  0:00:07.072    14M / 2462M INFO   Simplification           (parallel_processing.hpp   : 167)   Running Tip clipper
  0:00:07.072    14M / 2462M INFO   Simplification           (parallel_processing.hpp   : 170)   Tip clipper triggered 0 times
  0:00:07.072    14M / 2462M INFO   Simplification           (parallel_processing.hpp   : 167)   Running Bulge remover
  0:00:07.072    14M / 2462M INFO   Simplification           (parallel_processing.hpp   : 170)   Bulge remover triggered 1 times
  0:00:07.072    14M / 2462M INFO   Simplification           (parallel_processing.hpp   : 167)   Running Low coverage edge remover
  0:00:07.072    14M / 2462M INFO   Simplification           (parallel_processing.hpp   : 170)   Low coverage edge remover triggered 3 times
  0:00:07.072    14M / 2462M INFO    General                 (simplification.cpp        : 373)   PROCEDURE == Simplification cycle, iteration 10
  0:00:07.072    14M / 2462M INFO   Simplification           (parallel_processing.hpp   : 167)   Running Tip clipper
  0:00:07.072    14M / 2462M INFO   Simplification           (parallel_processing.hpp   : 170)   Tip clipper triggered 0 times
  0:00:07.072    14M / 2462M INFO   Simplification           (parallel_processing.hpp   : 167)   Running Bulge remover
  0:00:07.073    14M / 2462M INFO   Simplification           (parallel_processing.hpp   : 170)   Bulge remover triggered 0 times
  0:00:07.073    14M / 2462M INFO   Simplification           (parallel_processing.hpp   : 167)   Running Low coverage edge remover
  0:00:07.073    14M / 2462M INFO   Simplification           (parallel_processing.hpp   : 170)   Low coverage edge remover triggered 4 times
  0:00:07.073    14M / 2462M INFO    General                 (simplification.cpp        : 373)   PROCEDURE == Simplification cycle, iteration 11
  0:00:07.073    14M / 2462M INFO   Simplification           (parallel_processing.hpp   : 167)   Running Tip clipper
  0:00:07.073    14M / 2462M INFO   Simplification           (parallel_processing.hpp   : 170)   Tip clipper triggered 0 times
  0:00:07.073    14M / 2462M INFO   Simplification           (parallel_processing.hpp   : 167)   Running Bulge remover
  0:00:07.076    14M / 2462M INFO   Simplification           (parallel_processing.hpp   : 170)   Bulge remover triggered 4 times
  0:00:07.076    14M / 2462M INFO   Simplification           (parallel_processing.hpp   : 167)   Running Low coverage edge remover
  0:00:07.076    14M / 2462M INFO   Simplification           (parallel_processing.hpp   : 170)   Low coverage edge remover triggered 0 times
  0:00:07.077    14M / 2462M INFO    General                 (simplification.cpp        : 373)   PROCEDURE == Simplification cycle, iteration 12
  0:00:07.077    14M / 2462M INFO   Simplification           (parallel_processing.hpp   : 167)   Running Tip clipper
  0:00:07.077    14M / 2462M INFO   Simplification           (parallel_processing.hpp   : 170)   Tip clipper triggered 0 times
  0:00:07.077    14M / 2462M INFO   Simplification           (parallel_processing.hpp   : 167)   Running Bulge remover
  0:00:07.077    14M / 2462M INFO   Simplification           (parallel_processing.hpp   : 170)   Bulge remover triggered 0 times
  0:00:07.077    14M / 2462M INFO   Simplification           (parallel_processing.hpp   : 167)   Running Low coverage edge remover
  0:00:07.077    14M / 2462M INFO   Simplification           (parallel_processing.hpp   : 170)   Low coverage edge remover triggered 0 times
  0:00:07.077    14M / 2462M INFO   StageManager             (stage.cpp                 : 185)   STAGE == Gap Closer (id: late_gapcloser)
  0:00:07.082    23M / 2462M INFO    General                 (edge_index.hpp            : 113)   Size of edge index entries: 12/8
  0:00:07.083    23M / 2462M INFO    General                 (gap_closer.cpp            : 101)   Total edges in tip neighborhood: 975 out of 5611, length: 110756
  0:00:07.083    23M / 2462M INFO    General                 (edge_index.hpp            : 167)   Using small index (max_id = 40916)
  0:00:07.085    23M / 2462M INFO   K-mer Index Building     (kmer_index_builder.hpp    : 395)   Building perfect hash indices
  0:00:07.098    23M / 2462M INFO   K-mer Index Building     (kmer_index_builder.hpp    : 431)   Index built. Total 91642 kmers, 66936 bytes occupied (5.84326 bits per kmer).
  0:00:07.099    24M / 2462M INFO    General                 (edge_index_builders.hpp   : 265)   Collecting edge information from graph, this takes a while.
  0:00:08.461    24M / 2462M INFO    General                 (sequence_mapper_notifier.h:  95)   Total 421576 reads processed
  0:00:08.470    23M / 2462M INFO    General                 (gap_closer.cpp            : 452)   Initializing gap closer
  0:00:08.470    23M / 2462M INFO   GapCloser                (gap_closer.cpp            : 359)   Closing short gaps
  0:00:08.474    23M / 2462M INFO   GapCloser                (gap_closer.cpp            : 391)   Closing short gaps complete: filled 0 gaps after checking 2 candidates
  0:00:08.475    23M / 2462M INFO    General                 (gap_closer.cpp            : 456)   Gap closer done
  0:00:08.476    14M / 2462M INFO   StageManager             (stage.cpp                 : 185)   STAGE == Simplification Cleanup (id: simplification_cleanup)
  0:00:08.476    14M / 2462M INFO    General                 (simplification.cpp        : 176)   PROCEDURE == Post simplification
  0:00:08.476    14M / 2462M INFO    General                 (graph_simplification.hpp  : 448)   Disconnection of relatively low covered edges disabled
  0:00:08.476    14M / 2462M INFO    General                 (graph_simplification.hpp  : 485)   Complex tip clipping disabled
  0:00:08.477    14M / 2462M INFO    General                 (graph_simplification.hpp  : 634)   Creating parallel br instance
  0:00:08.477    14M / 2462M INFO   Simplification           (parallel_processing.hpp   : 167)   Running Tip clipper
  0:00:08.477    14M / 2462M INFO   Simplification           (parallel_processing.hpp   : 170)   Tip clipper triggered 0 times
  0:00:08.477    14M / 2462M INFO   Simplification           (parallel_processing.hpp   : 167)   Running Bulge remover
  0:00:08.482    14M / 2462M INFO   Simplification           (parallel_processing.hpp   : 170)   Bulge remover triggered 0 times
  0:00:08.482    14M / 2462M INFO   Simplification           (parallel_processing.hpp   : 167)   Running Tip clipper
  0:00:08.483    14M / 2462M INFO   Simplification           (parallel_processing.hpp   : 170)   Tip clipper triggered 0 times
  0:00:08.483    14M / 2462M INFO   Simplification           (parallel_processing.hpp   : 167)   Running Bulge remover
  0:00:08.487    14M / 2462M INFO   Simplification           (parallel_processing.hpp   : 170)   Bulge remover triggered 0 times
  0:00:08.487    14M / 2462M INFO    General                 (simplification.cpp        : 327)   Disrupting self-conjugate edges
  0:00:08.488    14M / 2462M INFO   Simplification           (parallel_processing.hpp   : 167)   Running Removing isolated edges
  0:00:08.490    14M / 2462M INFO   Simplification           (parallel_processing.hpp   : 170)   Removing isolated edges triggered 484 times
  0:00:08.490    14M / 2462M INFO    General                 (simplification.cpp        : 495)   After simplification:
  0:00:08.490    14M / 2462M INFO    General                 (simplification.cpp        : 496)     Average coverage = 23.0733
  0:00:08.490    14M / 2462M INFO    General                 (simplification.cpp        : 497)     Total length = 3939053
  0:00:08.491    14M / 2462M INFO    General                 (simplification.cpp        : 498)     Median edge length: 23876
  0:00:08.491    14M / 2462M INFO    General                 (simplification.cpp        : 499)     Edges: 4644
  0:00:08.491    14M / 2462M INFO    General                 (simplification.cpp        : 500)     Vertices: 3008
  0:00:08.491    14M / 2462M INFO   StageManager             (stage.cpp                 : 185)   STAGE == Contig Output (id: contig_output)
  0:00:08.491    14M / 2462M INFO    General                 (read_converter.cpp        : 107)   Outputting contigs to /data/djs217/PROJECTS/10_X_fragariae_feb_2024/04_spades/NCPPB_3743.spades/K77/simplified_contigs
  0:00:08.497    17M / 2462M INFO    General                 (binary_converter.cpp      : 111)   2322 reads written
  0:00:08.503    14M / 2462M INFO    General                 (pipeline.cpp              : 287)   SPAdes finished
  0:00:08.520     1M / 2462M INFO    General                 (main.cpp                  : 136)   Assembling time: 0 hours 0 minutes 8 seconds

===== K77 finished. 


===== K99 started. 


== Running: /data/djs217/anaconda3/envs/spades-env/bin/spades-core /data/djs217/PROJECTS/10_X_fragariae_feb_2024/04_spades/NCPPB_3743.spades/K99/configs/config.info /data/djs217/PROJECTS/10_X_fragariae_feb_2024/04_spades/NCPPB_3743.spades/K99/configs/careful_mode.info

  0:00:00.000     1M / 19M   INFO    General                 (main.cpp                  :  99)   Loaded config from /data/djs217/PROJECTS/10_X_fragariae_feb_2024/04_spades/NCPPB_3743.spades/K99/configs/config.info
  0:00:00.002     1M / 19M   INFO    General                 (main.cpp                  :  99)   Loaded config from /data/djs217/PROJECTS/10_X_fragariae_feb_2024/04_spades/NCPPB_3743.spades/K99/configs/careful_mode.info
  0:00:00.002     1M / 19M   INFO    General                 (memory_limit.cpp          :  54)   Memory limit set to 62 Gb
  0:00:00.002     1M / 19M   INFO    General                 (main.cpp                  : 107)   Starting SPAdes, built from N/A, git revision N/A
  0:00:00.002     1M / 19M   INFO    General                 (main.cpp                  : 108)   Maximum k-mer length: 128
  0:00:00.002     1M / 19M   INFO    General                 (main.cpp                  : 109)   Assembling dataset (/data/djs217/PROJECTS/10_X_fragariae_feb_2024/04_spades/NCPPB_3743.spades/dataset.info) with K=99
  0:00:00.002     1M / 19M   INFO    General                 (main.cpp                  : 110)   Maximum # of threads to use (adjusted due to OMP capabilities): 16
  0:00:00.002     1M / 19M   INFO    General                 (pipeline.cpp              : 212)   SPAdes started
  0:00:00.002     1M / 19M   INFO    General                 (pipeline.cpp              : 225)   Starting from stage: read_conversion
  0:00:00.002     1M / 19M   INFO    General                 (pipeline.cpp              : 231)   Two-step repeat resolution disabled
  0:00:00.002     1M / 19M   INFO   GraphCore                (graph_core.hpp            : 672)   Graph created, vertex min_id: 3, edge min_id: 3
  0:00:00.002     1M / 19M   INFO   GraphCore                (graph_core.hpp            : 673)   Vertex size: 48, edge size: 40
  0:00:00.002     1M / 19M   INFO    General                 (edge_index.hpp            : 113)   Size of edge index entries: 12/8
  0:00:00.002     1M / 19M   INFO    General                 (pipeline.cpp              : 242)   Will need read mapping, kmer mapper will be attached
  0:00:00.002     1M / 19M   INFO   StageManager             (stage.cpp                 : 185)   STAGE == Binary Read Conversion (id: read_conversion)
  0:00:00.003     1M / 19M   INFO    General                 (read_converter.cpp        :  53)   Binary reads detected
  0:00:00.008     1M / 19M   INFO   StageManager             (stage.cpp                 : 185)   STAGE == de Bruijn graph construction (id: construction)
  0:00:00.008     1M / 19M   INFO    General                 (construction.cpp          : 118)   Contigs from previous K will be used: /data/djs217/PROJECTS/10_X_fragariae_feb_2024/04_spades/NCPPB_3743.spades/K77/simplified_contigs
  0:00:00.062     1M / 19M   INFO    General                 (construction.cpp          : 153)   Max read length 301
  0:00:00.062     1M / 19M   INFO    General                 (construction.cpp          : 159)   Average read length 183.67
  0:00:00.062     1M / 19M   INFO    General                 (stage.cpp                 : 117)   PROCEDURE == k+1-mer counting (id: construction:kpomer_counting)
  0:00:00.062     1M / 19M   INFO    General                 (kmer_index_builder.hpp    : 243)   Splitting kmer instances into 160 files using 16 threads. This might take a while.
  0:00:00.063     1M / 19M   INFO    General                 (file_limit.hpp            :  42)   Open file limit set to 1024
  0:00:00.063     1M / 19M   INFO    General                 (kmer_splitter.hpp         :  93)   Memory available for splitting buffers: 1.29165 Gb
  0:00:00.063     1M / 19M   INFO    General                 (kmer_splitter.hpp         : 101)   Using cell size of 104857
  0:00:01.314  9601M / 9601M INFO    General                 (kmer_splitters.hpp        : 125)   Processed 1693200 reads
  0:00:01.325     1M / 2777M INFO    General                 (kmer_splitters.hpp        : 131)   Used 1693200 reads
  0:00:01.535     1M / 2777M INFO    General                 (kmer_index_builder.hpp    : 249)   Starting k-mer counting.
  0:00:01.638     1M / 2777M INFO    General                 (kmer_index_builder.hpp    : 260)   K-mer counting done. There are 4183392 kmers in total.
  0:00:01.638     1M / 2777M INFO    General                 (stage.cpp                 : 117)   PROCEDURE == Extension index construction (id: construction:extension_index_construction)
  0:00:01.641     1M / 2777M INFO   K-mer Index Building     (kmer_index_builder.hpp    : 438)   Building kmer index
  0:00:01.641     1M / 2777M INFO    General                 (kmer_index_builder.hpp    : 243)   Splitting kmer instances into 160 files using 16 threads. This might take a while.
  0:00:01.641     1M / 2777M INFO    General                 (file_limit.hpp            :  42)   Open file limit set to 1024
  0:00:01.641     1M / 2777M INFO    General                 (kmer_splitter.hpp         :  93)   Memory available for splitting buffers: 1.29165 Gb
  0:00:01.641     1M / 2777M INFO    General                 (kmer_splitter.hpp         : 101)   Using cell size of 104857
  0:00:01.858  9602M / 9602M INFO    General                 (kmer_splitters.hpp        : 194)   Processed 4183392 kmers
  0:00:01.858  9602M / 9602M INFO    General                 (kmer_splitters.hpp        : 199)   Used 4183392 kmers.
  0:00:01.860     2M / 2777M INFO    General                 (kmer_index_builder.hpp    : 249)   Starting k-mer counting.
  0:00:01.960     2M / 2777M INFO    General                 (kmer_index_builder.hpp    : 260)   K-mer counting done. There are 4182600 kmers in total.
  0:00:01.960     2M / 2777M INFO   K-mer Index Building     (kmer_index_builder.hpp    : 395)   Building perfect hash indices
  0:00:02.065     5M / 2777M INFO   K-mer Index Building     (kmer_index_builder.hpp    : 431)   Index built. Total 4182600 kmers, 3141536 bytes occupied (6.00877 bits per kmer).
  0:00:02.065     5M / 2777M INFO    General                 (kmer_index_builder.hpp    : 169)   Merging final buckets.
  0:00:02.440     9M / 2777M INFO   DeBruijnExtensionIndexBu (kmer_extension_index_build: 100)   Building k-mer extensions from k+1-mers
  0:00:02.621     9M / 2777M INFO   DeBruijnExtensionIndexBu (kmer_extension_index_build: 105)   Building k-mer extensions from k+1-mers finished.
  0:00:02.639     9M / 2777M INFO    General                 (stage.cpp                 : 117)   PROCEDURE == Condensing graph (id: construction:graph_condensing)
  0:00:02.640     9M / 2777M INFO   UnbranchingPathExtractor (debruijn_graph_constructor: 354)   Extracting unbranching paths
  0:00:02.760    11M / 2777M INFO   UnbranchingPathExtractor (debruijn_graph_constructor: 373)   Extracting unbranching paths finished. 18739 sequences extracted
  0:00:02.862    11M / 2777M INFO   UnbranchingPathExtractor (debruijn_graph_constructor: 309)   Collecting perfect loops
  0:00:02.892    11M / 2777M INFO   UnbranchingPathExtractor (debruijn_graph_constructor: 342)   Collecting perfect loops finished. 0 loops collected
  0:00:02.904    11M / 2777M INFO    General                 (debruijn_graph_constructor: 487)   Total 37478 edges to create
  0:00:02.904    12M / 2777M INFO    General                 (debruijn_graph_constructor: 489)   Collecting link records
  0:00:02.921    13M / 2777M INFO    General                 (debruijn_graph_constructor: 491)   Ordering link records
  0:00:02.921    13M / 2777M INFO    General                 (debruijn_graph_constructor: 493)   Sorting done
  0:00:02.922    13M / 2777M INFO    General                 (debruijn_graph_constructor: 503)   Total 17947 vertices to create
  0:00:02.922    15M / 2777M INFO    General                 (debruijn_graph_constructor: 506)   Connecting the graph
  0:00:02.939    14M / 2777M INFO    General                 (stage.cpp                 : 117)   PROCEDURE == Filling coverage indices (PHM) (id: construction:coverage_filling_phm)
  0:00:02.939    14M / 2777M INFO   K-mer Index Building     (kmer_index_builder.hpp    : 395)   Building perfect hash indices
  0:00:03.002    17M / 2777M INFO   K-mer Index Building     (kmer_index_builder.hpp    : 431)   Index built. Total 4183392 kmers, 3142072 bytes occupied (6.00866 bits per kmer).
  0:00:03.009    33M / 2777M INFO    General                 (coverage_hash_map_builder.:  47)   Collecting k-mer coverage information from reads, this takes a while.
  0:00:04.000    33M / 2777M INFO    General                 (construction.cpp          : 430)   Filling coverage and flanking coverage from PHM
  0:00:04.109    33M / 2777M INFO    General                 (coverage_filling.hpp      :  82)   Processed 37477 edges
  0:00:04.157     6M / 2777M INFO   StageManager             (stage.cpp                 : 185)   STAGE == EC Threshold Finding (id: ec_threshold_finder)
  0:00:04.157     6M / 2777M INFO    General                 (kmer_coverage_model.cpp   : 181)   Kmer coverage valley at: 0
  0:00:04.158     6M / 2777M INFO    General                 (kmer_coverage_model.cpp   : 201)   K-mer histogram maximum: 15
  0:00:04.158     6M / 2777M INFO    General                 (kmer_coverage_model.cpp   : 237)   Estimated median coverage: 16. Coverage mad: 7.413
  0:00:04.158     6M / 2777M INFO    General                 (kmer_coverage_model.cpp   : 259)   Fitting coverage model
  0:00:04.176     6M / 2777M INFO    General                 (kmer_coverage_model.cpp   : 295)   ... iteration 2
  0:00:04.228     6M / 2777M INFO    General                 (kmer_coverage_model.cpp   : 295)   ... iteration 4
  0:00:04.403     6M / 2777M INFO    General                 (kmer_coverage_model.cpp   : 295)   ... iteration 8
  0:00:04.773     6M / 2777M INFO    General                 (kmer_coverage_model.cpp   : 295)   ... iteration 16
  0:00:05.084     6M / 2777M INFO    General                 (kmer_coverage_model.cpp   : 309)   Fitted mean coverage: 16.6961. Fitted coverage std. dev: 5.45744
  0:00:05.085     6M / 2777M INFO    General                 (kmer_coverage_model.cpp   : 334)   Probability of erroneous kmer at valley: 0.992575
  0:00:05.085     6M / 2777M INFO    General                 (kmer_coverage_model.cpp   : 358)   Preliminary threshold calculated as: 7
  0:00:05.085     6M / 2777M INFO    General                 (kmer_coverage_model.cpp   : 362)   Threshold adjusted to: 7
  0:00:05.085     6M / 2777M INFO    General                 (kmer_coverage_model.cpp   : 375)   Estimated genome size (ignoring repeats): 3903304
  0:00:05.085     6M / 2777M INFO    General                 (genomic_info_filler.cpp   :  55)   Mean coverage was calculated as 16.6961
  0:00:05.085     6M / 2777M INFO    General                 (genomic_info_filler.cpp   :  70)   EC coverage threshold value was calculated as 7
  0:00:05.085     6M / 2777M INFO    General                 (genomic_info_filler.cpp   :  71)   Trusted kmer low bound: 0
  0:00:05.085     6M / 2777M INFO   StageManager             (stage.cpp                 : 185)   STAGE == Gap Closer (id: early_gapcloser)
  0:00:05.095    15M / 2777M INFO    General                 (edge_index.hpp            : 113)   Size of edge index entries: 12/8
  0:00:05.102    15M / 2777M INFO    General                 (gap_closer.cpp            : 101)   Total edges in tip neighborhood: 8372 out of 37477, length: 193114
  0:00:05.103    15M / 2777M INFO    General                 (edge_index.hpp            : 167)   Using small index (max_id = 37668)
  0:00:05.106    15M / 2777M INFO   K-mer Index Building     (kmer_index_builder.hpp    : 395)   Building perfect hash indices
  0:00:05.119    15M / 2777M INFO   K-mer Index Building     (kmer_index_builder.hpp    : 431)   Index built. Total 169949 kmers, 123488 bytes occupied (5.81294 bits per kmer).
  0:00:05.119    17M / 2777M INFO    General                 (edge_index_builders.hpp   : 265)   Collecting edge information from graph, this takes a while.
  0:00:05.854    17M / 2777M INFO    General                 (sequence_mapper_notifier.h:  95)   Total 421576 reads processed
  0:00:05.860    15M / 2777M INFO    General                 (gap_closer.cpp            : 452)   Initializing gap closer
  0:00:05.861    15M / 2777M INFO   GapCloser                (gap_closer.cpp            : 359)   Closing short gaps
  0:00:05.871    15M / 2777M INFO   GapCloser                (gap_closer.cpp            : 391)   Closing short gaps complete: filled 0 gaps after checking 26 candidates
  0:00:05.871    15M / 2777M INFO    General                 (gap_closer.cpp            : 456)   Gap closer done
  0:00:05.873     6M / 2777M INFO   StageManager             (stage.cpp                 : 185)   STAGE == Raw Simplification (id: raw_simplification)
  0:00:05.873     6M / 2777M INFO    General                 (simplification.cpp        : 127)   PROCEDURE == Initial cleaning
  0:00:05.873     6M / 2777M INFO    General                 (graph_simplification.hpp  : 662)   Flanking coverage based disconnection disabled
  0:00:05.873     6M / 2777M INFO   Simplification           (parallel_processing.hpp   : 167)   Running Self conjugate edge remover
  0:00:05.873     6M / 2777M INFO   Simplification           (parallel_processing.hpp   : 170)   Self conjugate edge remover triggered 0 times
  0:00:05.873     6M / 2777M INFO   StageManager             (stage.cpp                 : 185)   STAGE == Simplification (id: simplification)
  0:00:05.873     6M / 2777M INFO    General                 (simplification.cpp        : 368)   Graph simplification started
  0:00:05.873     6M / 2777M INFO    General                 (graph_simplification.hpp  : 634)   Creating parallel br instance
  0:00:05.873     6M / 2777M INFO    General                 (simplification.cpp        : 373)   PROCEDURE == Simplification cycle, iteration 1
  0:00:05.873     6M / 2777M INFO   Simplification           (parallel_processing.hpp   : 167)   Running Tip clipper
  0:00:05.989     5M / 2777M INFO   Simplification           (parallel_processing.hpp   : 170)   Tip clipper triggered 6936 times
  0:00:05.989     5M / 2777M INFO   Simplification           (parallel_processing.hpp   : 167)   Running Bulge remover
  0:00:06.111    12M / 2777M INFO   Simplification           (parallel_processing.hpp   : 170)   Bulge remover triggered 390 times
  0:00:06.112    12M / 2777M INFO   Simplification           (parallel_processing.hpp   : 167)   Running Low coverage edge remover
  0:00:06.112    12M / 2777M INFO   Simplification           (parallel_processing.hpp   : 170)   Low coverage edge remover triggered 1 times
  0:00:06.113    12M / 2777M INFO    General                 (simplification.cpp        : 373)   PROCEDURE == Simplification cycle, iteration 2
  0:00:06.113    12M / 2777M INFO   Simplification           (parallel_processing.hpp   : 167)   Running Tip clipper
  0:00:06.113    12M / 2777M INFO   Simplification           (parallel_processing.hpp   : 170)   Tip clipper triggered 0 times
  0:00:06.113    12M / 2777M INFO   Simplification           (parallel_processing.hpp   : 167)   Running Bulge remover
  0:00:06.113    12M / 2777M INFO   Simplification           (parallel_processing.hpp   : 170)   Bulge remover triggered 1 times
  0:00:06.113    12M / 2777M INFO   Simplification           (parallel_processing.hpp   : 167)   Running Low coverage edge remover
  0:00:06.120    12M / 2777M INFO   Simplification           (parallel_processing.hpp   : 170)   Low coverage edge remover triggered 170 times
  0:00:06.120    12M / 2777M INFO    General                 (simplification.cpp        : 373)   PROCEDURE == Simplification cycle, iteration 3
  0:00:06.120    12M / 2777M INFO   Simplification           (parallel_processing.hpp   : 167)   Running Tip clipper
  0:00:06.121    12M / 2777M INFO   Simplification           (parallel_processing.hpp   : 170)   Tip clipper triggered 19 times
  0:00:06.121    12M / 2777M INFO   Simplification           (parallel_processing.hpp   : 167)   Running Bulge remover
  0:00:06.133    12M / 2777M INFO   Simplification           (parallel_processing.hpp   : 170)   Bulge remover triggered 48 times
  0:00:06.133    12M / 2777M INFO   Simplification           (parallel_processing.hpp   : 167)   Running Low coverage edge remover
  0:00:06.135    12M / 2777M INFO   Simplification           (parallel_processing.hpp   : 170)   Low coverage edge remover triggered 26 times
  0:00:06.135    12M / 2777M INFO    General                 (simplification.cpp        : 373)   PROCEDURE == Simplification cycle, iteration 4
  0:00:06.135    12M / 2777M INFO   Simplification           (parallel_processing.hpp   : 167)   Running Tip clipper
  0:00:06.135    12M / 2777M INFO   Simplification           (parallel_processing.hpp   : 170)   Tip clipper triggered 1 times
  0:00:06.135    12M / 2777M INFO   Simplification           (parallel_processing.hpp   : 167)   Running Bulge remover
  0:00:06.137    13M / 2777M INFO   Simplification           (parallel_processing.hpp   : 170)   Bulge remover triggered 7 times
  0:00:06.137    13M / 2777M INFO   Simplification           (parallel_processing.hpp   : 167)   Running Low coverage edge remover
  0:00:06.137    13M / 2777M INFO   Simplification           (parallel_processing.hpp   : 170)   Low coverage edge remover triggered 4 times
  0:00:06.137    13M / 2777M INFO    General                 (simplification.cpp        : 373)   PROCEDURE == Simplification cycle, iteration 5
  0:00:06.137    13M / 2777M INFO   Simplification           (parallel_processing.hpp   : 167)   Running Tip clipper
  0:00:06.137    13M / 2777M INFO   Simplification           (parallel_processing.hpp   : 170)   Tip clipper triggered 0 times
  0:00:06.137    13M / 2777M INFO   Simplification           (parallel_processing.hpp   : 167)   Running Bulge remover
  0:00:06.137    13M / 2777M INFO   Simplification           (parallel_processing.hpp   : 170)   Bulge remover triggered 2 times
  0:00:06.137    13M / 2777M INFO   Simplification           (parallel_processing.hpp   : 167)   Running Low coverage edge remover
  0:00:06.138    13M / 2777M INFO   Simplification           (parallel_processing.hpp   : 170)   Low coverage edge remover triggered 5 times
  0:00:06.138    13M / 2777M INFO    General                 (simplification.cpp        : 373)   PROCEDURE == Simplification cycle, iteration 6
  0:00:06.138    13M / 2777M INFO   Simplification           (parallel_processing.hpp   : 167)   Running Tip clipper
  0:00:06.138    13M / 2777M INFO   Simplification           (parallel_processing.hpp   : 170)   Tip clipper triggered 0 times
  0:00:06.138    13M / 2777M INFO   Simplification           (parallel_processing.hpp   : 167)   Running Bulge remover
  0:00:06.138    13M / 2777M INFO   Simplification           (parallel_processing.hpp   : 170)   Bulge remover triggered 2 times
  0:00:06.138    13M / 2777M INFO   Simplification           (parallel_processing.hpp   : 167)   Running Low coverage edge remover
  0:00:06.138    13M / 2777M INFO   Simplification           (parallel_processing.hpp   : 170)   Low coverage edge remover triggered 0 times
  0:00:06.138    13M / 2777M INFO    General                 (simplification.cpp        : 373)   PROCEDURE == Simplification cycle, iteration 7
  0:00:06.138    13M / 2777M INFO   Simplification           (parallel_processing.hpp   : 167)   Running Tip clipper
  0:00:06.138    13M / 2777M INFO   Simplification           (parallel_processing.hpp   : 170)   Tip clipper triggered 0 times
  0:00:06.138    13M / 2777M INFO   Simplification           (parallel_processing.hpp   : 167)   Running Bulge remover
  0:00:06.138    13M / 2777M INFO   Simplification           (parallel_processing.hpp   : 170)   Bulge remover triggered 0 times
  0:00:06.138    13M / 2777M INFO   Simplification           (parallel_processing.hpp   : 167)   Running Low coverage edge remover
  0:00:06.138    13M / 2777M INFO   Simplification           (parallel_processing.hpp   : 170)   Low coverage edge remover triggered 1 times
  0:00:06.138    13M / 2777M INFO    General                 (simplification.cpp        : 373)   PROCEDURE == Simplification cycle, iteration 8
  0:00:06.138    13M / 2777M INFO   Simplification           (parallel_processing.hpp   : 167)   Running Tip clipper
  0:00:06.138    13M / 2777M INFO   Simplification           (parallel_processing.hpp   : 170)   Tip clipper triggered 0 times
  0:00:06.138    13M / 2777M INFO   Simplification           (parallel_processing.hpp   : 167)   Running Bulge remover
  0:00:06.138    13M / 2777M INFO   Simplification           (parallel_processing.hpp   : 170)   Bulge remover triggered 0 times
  0:00:06.139    13M / 2777M INFO   Simplification           (parallel_processing.hpp   : 167)   Running Low coverage edge remover
  0:00:06.139    13M / 2777M INFO   Simplification           (parallel_processing.hpp   : 170)   Low coverage edge remover triggered 1 times
  0:00:06.139    13M / 2777M INFO    General                 (simplification.cpp        : 373)   PROCEDURE == Simplification cycle, iteration 9
  0:00:06.139    13M / 2777M INFO   Simplification           (parallel_processing.hpp   : 167)   Running Tip clipper
  0:00:06.139    13M / 2777M INFO   Simplification           (parallel_processing.hpp   : 170)   Tip clipper triggered 0 times
  0:00:06.139    13M / 2777M INFO   Simplification           (parallel_processing.hpp   : 167)   Running Bulge remover
  0:00:06.139    13M / 2777M INFO   Simplification           (parallel_processing.hpp   : 170)   Bulge remover triggered 0 times
  0:00:06.139    13M / 2777M INFO   Simplification           (parallel_processing.hpp   : 167)   Running Low coverage edge remover
  0:00:06.139    13M / 2777M INFO   Simplification           (parallel_processing.hpp   : 170)   Low coverage edge remover triggered 1 times
  0:00:06.139    13M / 2777M INFO    General                 (simplification.cpp        : 373)   PROCEDURE == Simplification cycle, iteration 10
  0:00:06.139    13M / 2777M INFO   Simplification           (parallel_processing.hpp   : 167)   Running Tip clipper
  0:00:06.139    13M / 2777M INFO   Simplification           (parallel_processing.hpp   : 170)   Tip clipper triggered 0 times
  0:00:06.139    13M / 2777M INFO   Simplification           (parallel_processing.hpp   : 167)   Running Bulge remover
  0:00:06.139    13M / 2777M INFO   Simplification           (parallel_processing.hpp   : 170)   Bulge remover triggered 2 times
  0:00:06.139    13M / 2777M INFO   Simplification           (parallel_processing.hpp   : 167)   Running Low coverage edge remover
  0:00:06.140    13M / 2777M INFO   Simplification           (parallel_processing.hpp   : 170)   Low coverage edge remover triggered 5 times
  0:00:06.140    13M / 2777M INFO    General                 (simplification.cpp        : 373)   PROCEDURE == Simplification cycle, iteration 11
  0:00:06.140    13M / 2777M INFO   Simplification           (parallel_processing.hpp   : 167)   Running Tip clipper
  0:00:06.140    13M / 2777M INFO   Simplification           (parallel_processing.hpp   : 170)   Tip clipper triggered 0 times
  0:00:06.140    13M / 2777M INFO   Simplification           (parallel_processing.hpp   : 167)   Running Bulge remover
  0:00:06.143    13M / 2777M INFO   Simplification           (parallel_processing.hpp   : 170)   Bulge remover triggered 4 times
  0:00:06.143    13M / 2777M INFO   Simplification           (parallel_processing.hpp   : 167)   Running Low coverage edge remover
  0:00:06.143    13M / 2777M INFO   Simplification           (parallel_processing.hpp   : 170)   Low coverage edge remover triggered 0 times
  0:00:06.143    13M / 2777M INFO    General                 (simplification.cpp        : 373)   PROCEDURE == Simplification cycle, iteration 12
  0:00:06.144    13M / 2777M INFO   Simplification           (parallel_processing.hpp   : 167)   Running Tip clipper
  0:00:06.144    13M / 2777M INFO   Simplification           (parallel_processing.hpp   : 170)   Tip clipper triggered 0 times
  0:00:06.144    13M / 2777M INFO   Simplification           (parallel_processing.hpp   : 167)   Running Bulge remover
  0:00:06.144    13M / 2777M INFO   Simplification           (parallel_processing.hpp   : 170)   Bulge remover triggered 0 times
  0:00:06.144    13M / 2777M INFO   Simplification           (parallel_processing.hpp   : 167)   Running Low coverage edge remover
  0:00:06.144    13M / 2777M INFO   Simplification           (parallel_processing.hpp   : 170)   Low coverage edge remover triggered 0 times
  0:00:06.144    13M / 2777M INFO   StageManager             (stage.cpp                 : 185)   STAGE == Gap Closer (id: late_gapcloser)
  0:00:06.149    22M / 2777M INFO    General                 (edge_index.hpp            : 113)   Size of edge index entries: 12/8
  0:00:06.149    22M / 2777M INFO    General                 (gap_closer.cpp            : 101)   Total edges in tip neighborhood: 1356 out of 5884, length: 118851
  0:00:06.149    22M / 2777M INFO    General                 (edge_index.hpp            : 167)   Using small index (max_id = 37668)
  0:00:06.151    22M / 2777M INFO   K-mer Index Building     (kmer_index_builder.hpp    : 395)   Building perfect hash indices
  0:00:06.162    22M / 2777M INFO   K-mer Index Building     (kmer_index_builder.hpp    : 431)   Index built. Total 95689 kmers, 69856 bytes occupied (5.84025 bits per kmer).
  0:00:06.162    23M / 2777M INFO    General                 (edge_index_builders.hpp   : 265)   Collecting edge information from graph, this takes a while.
  0:00:07.325    23M / 2777M INFO    General                 (sequence_mapper_notifier.h:  95)   Total 421576 reads processed
  0:00:07.332    22M / 2777M INFO    General                 (gap_closer.cpp            : 452)   Initializing gap closer
  0:00:07.332    22M / 2777M INFO   GapCloser                (gap_closer.cpp            : 359)   Closing short gaps
  0:00:07.335    22M / 2777M INFO   GapCloser                (gap_closer.cpp            : 391)   Closing short gaps complete: filled 0 gaps after checking 2 candidates
  0:00:07.335    22M / 2777M INFO    General                 (gap_closer.cpp            : 456)   Gap closer done
  0:00:07.337    13M / 2777M INFO   StageManager             (stage.cpp                 : 185)   STAGE == Simplification Cleanup (id: simplification_cleanup)
  0:00:07.337    13M / 2777M INFO    General                 (simplification.cpp        : 176)   PROCEDURE == Post simplification
  0:00:07.337    13M / 2777M INFO    General                 (graph_simplification.hpp  : 448)   Disconnection of relatively low covered edges disabled
  0:00:07.337    13M / 2777M INFO    General                 (graph_simplification.hpp  : 485)   Complex tip clipping disabled
  0:00:07.337    13M / 2777M INFO    General                 (graph_simplification.hpp  : 634)   Creating parallel br instance
  0:00:07.337    13M / 2777M INFO   Simplification           (parallel_processing.hpp   : 167)   Running Tip clipper
  0:00:07.337    13M / 2777M INFO   Simplification           (parallel_processing.hpp   : 170)   Tip clipper triggered 0 times
  0:00:07.337    13M / 2777M INFO   Simplification           (parallel_processing.hpp   : 167)   Running Bulge remover
  0:00:07.340    13M / 2777M INFO   Simplification           (parallel_processing.hpp   : 170)   Bulge remover triggered 0 times
  0:00:07.341    13M / 2777M INFO   Simplification           (parallel_processing.hpp   : 167)   Running Tip clipper
  0:00:07.341    13M / 2777M INFO   Simplification           (parallel_processing.hpp   : 170)   Tip clipper triggered 0 times
  0:00:07.341    13M / 2777M INFO   Simplification           (parallel_processing.hpp   : 167)   Running Bulge remover
  0:00:07.344    13M / 2777M INFO   Simplification           (parallel_processing.hpp   : 170)   Bulge remover triggered 0 times
  0:00:07.344    13M / 2777M INFO    General                 (simplification.cpp        : 327)   Disrupting self-conjugate edges
  0:00:07.345    13M / 2777M INFO   Simplification           (parallel_processing.hpp   : 167)   Running Removing isolated edges
  0:00:07.346    13M / 2777M INFO   Simplification           (parallel_processing.hpp   : 170)   Removing isolated edges triggered 674 times
  0:00:07.346    13M / 2777M INFO    General                 (simplification.cpp        : 495)   After simplification:
  0:00:07.346    13M / 2777M INFO    General                 (simplification.cpp        : 496)     Average coverage = 18.6261
  0:00:07.347    13M / 2777M INFO    General                 (simplification.cpp        : 497)     Total length = 3962789
  0:00:07.347    13M / 2777M INFO    General                 (simplification.cpp        : 498)     Median edge length: 24820
  0:00:07.347    13M / 2777M INFO    General                 (simplification.cpp        : 499)     Edges: 4536
  0:00:07.347    13M / 2777M INFO    General                 (simplification.cpp        : 500)     Vertices: 2944
  0:00:07.347    13M / 2777M INFO   StageManager             (stage.cpp                 : 185)   STAGE == Contig Output (id: contig_output)
  0:00:07.347    13M / 2777M INFO    General                 (read_converter.cpp        : 107)   Outputting contigs to /data/djs217/PROJECTS/10_X_fragariae_feb_2024/04_spades/NCPPB_3743.spades/K99/simplified_contigs
  0:00:07.353    15M / 2777M INFO    General                 (binary_converter.cpp      : 111)   2268 reads written
  0:00:07.359    13M / 2777M INFO    General                 (pipeline.cpp              : 287)   SPAdes finished
  0:00:07.373     1M / 2777M INFO    General                 (main.cpp                  : 136)   Assembling time: 0 hours 0 minutes 7 seconds

===== K99 finished. 


===== K127 started. 


== Running: /data/djs217/anaconda3/envs/spades-env/bin/spades-core /data/djs217/PROJECTS/10_X_fragariae_feb_2024/04_spades/NCPPB_3743.spades/K127/configs/config.info /data/djs217/PROJECTS/10_X_fragariae_feb_2024/04_spades/NCPPB_3743.spades/K127/configs/careful_mode.info

  0:00:00.000     1M / 19M   INFO    General                 (main.cpp                  :  99)   Loaded config from /data/djs217/PROJECTS/10_X_fragariae_feb_2024/04_spades/NCPPB_3743.spades/K127/configs/config.info
  0:00:00.002     1M / 19M   INFO    General                 (main.cpp                  :  99)   Loaded config from /data/djs217/PROJECTS/10_X_fragariae_feb_2024/04_spades/NCPPB_3743.spades/K127/configs/careful_mode.info
  0:00:00.002     1M / 19M   INFO    General                 (memory_limit.cpp          :  54)   Memory limit set to 62 Gb
  0:00:00.002     1M / 19M   INFO    General                 (main.cpp                  : 107)   Starting SPAdes, built from N/A, git revision N/A
  0:00:00.002     1M / 19M   INFO    General                 (main.cpp                  : 108)   Maximum k-mer length: 128
  0:00:00.002     1M / 19M   INFO    General                 (main.cpp                  : 109)   Assembling dataset (/data/djs217/PROJECTS/10_X_fragariae_feb_2024/04_spades/NCPPB_3743.spades/dataset.info) with K=127
  0:00:00.002     1M / 19M   INFO    General                 (main.cpp                  : 110)   Maximum # of threads to use (adjusted due to OMP capabilities): 16
  0:00:00.002     1M / 19M   INFO    General                 (pipeline.cpp              : 212)   SPAdes started
  0:00:00.002     1M / 19M   INFO    General                 (pipeline.cpp              : 225)   Starting from stage: read_conversion
  0:00:00.002     1M / 19M   INFO    General                 (pipeline.cpp              : 231)   Two-step repeat resolution disabled
  0:00:00.002     1M / 19M   INFO   GraphCore                (graph_core.hpp            : 672)   Graph created, vertex min_id: 3, edge min_id: 3
  0:00:00.002     1M / 19M   INFO   GraphCore                (graph_core.hpp            : 673)   Vertex size: 48, edge size: 40
  0:00:00.003     1M / 19M   INFO    General                 (edge_index.hpp            : 113)   Size of edge index entries: 12/8
  0:00:00.003     1M / 19M   INFO    General                 (pipeline.cpp              : 242)   Will need read mapping, kmer mapper will be attached
  0:00:00.003     1M / 19M   INFO   StageManager             (stage.cpp                 : 185)   STAGE == Binary Read Conversion (id: read_conversion)
  0:00:00.004     1M / 19M   INFO    General                 (read_converter.cpp        :  53)   Binary reads detected
  0:00:00.009     1M / 19M   INFO   StageManager             (stage.cpp                 : 185)   STAGE == de Bruijn graph construction (id: construction)
  0:00:00.009     1M / 19M   INFO    General                 (construction.cpp          : 118)   Contigs from previous K will be used: /data/djs217/PROJECTS/10_X_fragariae_feb_2024/04_spades/NCPPB_3743.spades/K99/simplified_contigs
  0:00:00.073     1M / 19M   INFO    General                 (construction.cpp          : 153)   Max read length 301
  0:00:00.074     1M / 19M   INFO    General                 (construction.cpp          : 159)   Average read length 183.67
  0:00:00.074     1M / 19M   INFO    General                 (stage.cpp                 : 117)   PROCEDURE == k+1-mer counting (id: construction:kpomer_counting)
  0:00:00.074     1M / 19M   INFO    General                 (kmer_index_builder.hpp    : 243)   Splitting kmer instances into 160 files using 16 threads. This might take a while.
  0:00:00.074     1M / 19M   INFO    General                 (file_limit.hpp            :  42)   Open file limit set to 1024
  0:00:00.074     1M / 19M   INFO    General                 (kmer_splitter.hpp         :  93)   Memory available for splitting buffers: 1.29165 Gb
  0:00:00.074     1M / 19M   INFO    General                 (kmer_splitter.hpp         : 101)   Using cell size of 104857
  0:00:01.021  9601M / 9601M INFO    General                 (kmer_splitters.hpp        : 125)   Processed 1693092 reads
  0:00:01.041     1M / 2108M INFO    General                 (kmer_splitters.hpp        : 131)   Used 1693092 reads
  0:00:01.153     1M / 2108M INFO    General                 (kmer_index_builder.hpp    : 249)   Starting k-mer counting.
  0:00:01.243     1M / 2108M INFO    General                 (kmer_index_builder.hpp    : 260)   K-mer counting done. There are 4194562 kmers in total.
  0:00:01.243     1M / 2108M INFO    General                 (stage.cpp                 : 117)   PROCEDURE == Extension index construction (id: construction:extension_index_construction)
  0:00:01.245     1M / 2108M INFO   K-mer Index Building     (kmer_index_builder.hpp    : 438)   Building kmer index
  0:00:01.245     1M / 2108M INFO    General                 (kmer_index_builder.hpp    : 243)   Splitting kmer instances into 160 files using 16 threads. This might take a while.
  0:00:01.246     1M / 2108M INFO    General                 (file_limit.hpp            :  42)   Open file limit set to 1024
  0:00:01.246     1M / 2108M INFO    General                 (kmer_splitter.hpp         :  93)   Memory available for splitting buffers: 1.29165 Gb
  0:00:01.246     1M / 2108M INFO    General                 (kmer_splitter.hpp         : 101)   Using cell size of 104857
  0:00:01.474  9602M / 9602M INFO    General                 (kmer_splitters.hpp        : 194)   Processed 4194562 kmers
  0:00:01.475  9602M / 9602M INFO    General                 (kmer_splitters.hpp        : 199)   Used 4194562 kmers.
  0:00:01.478     2M / 2108M INFO    General                 (kmer_index_builder.hpp    : 249)   Starting k-mer counting.
  0:00:01.604     2M / 2108M INFO    General                 (kmer_index_builder.hpp    : 260)   K-mer counting done. There are 4194431 kmers in total.
  0:00:01.605     2M / 2108M INFO   K-mer Index Building     (kmer_index_builder.hpp    : 395)   Building perfect hash indices
  0:00:01.848     5M / 2108M INFO   K-mer Index Building     (kmer_index_builder.hpp    : 431)   Index built. Total 4194431 kmers, 3149984 bytes occupied (6.00794 bits per kmer).
  0:00:01.848     5M / 2108M INFO    General                 (kmer_index_builder.hpp    : 169)   Merging final buckets.
  0:00:02.279     9M / 2108M INFO   DeBruijnExtensionIndexBu (kmer_extension_index_build: 100)   Building k-mer extensions from k+1-mers
  0:00:02.437     9M / 2108M INFO   DeBruijnExtensionIndexBu (kmer_extension_index_build: 105)   Building k-mer extensions from k+1-mers finished.
  0:00:02.450     9M / 2108M INFO    General                 (stage.cpp                 : 117)   PROCEDURE == Condensing graph (id: construction:graph_condensing)
  0:00:02.451     9M / 2108M INFO   UnbranchingPathExtractor (debruijn_graph_constructor: 354)   Extracting unbranching paths
  0:00:02.568    11M / 2108M INFO   UnbranchingPathExtractor (debruijn_graph_constructor: 373)   Extracting unbranching paths finished. 16297 sequences extracted
  0:00:02.673    11M / 2108M INFO   UnbranchingPathExtractor (debruijn_graph_constructor: 309)   Collecting perfect loops
  0:00:02.706    11M / 2108M INFO   UnbranchingPathExtractor (debruijn_graph_constructor: 342)   Collecting perfect loops finished. 0 loops collected
  0:00:02.716    11M / 2108M INFO    General                 (debruijn_graph_constructor: 487)   Total 32594 edges to create
  0:00:02.716    12M / 2108M INFO    General                 (debruijn_graph_constructor: 489)   Collecting link records
  0:00:02.734    13M / 2108M INFO    General                 (debruijn_graph_constructor: 491)   Ordering link records
  0:00:02.734    13M / 2108M INFO    General                 (debruijn_graph_constructor: 493)   Sorting done
  0:00:02.734    13M / 2108M INFO    General                 (debruijn_graph_constructor: 503)   Total 16166 vertices to create
  0:00:02.735    14M / 2108M INFO    General                 (debruijn_graph_constructor: 506)   Connecting the graph
  0:00:02.751    14M / 2108M INFO    General                 (stage.cpp                 : 117)   PROCEDURE == Filling coverage indices (PHM) (id: construction:coverage_filling_phm)
  0:00:02.751    14M / 2108M INFO   K-mer Index Building     (kmer_index_builder.hpp    : 395)   Building perfect hash indices
  0:00:02.829    17M / 2108M INFO   K-mer Index Building     (kmer_index_builder.hpp    : 431)   Index built. Total 4194562 kmers, 3150008 bytes occupied (6.00779 bits per kmer).
  0:00:02.836    34M / 2108M INFO    General                 (coverage_hash_map_builder.:  47)   Collecting k-mer coverage information from reads, this takes a while.
  0:00:03.545    34M / 2108M INFO    General                 (construction.cpp          : 430)   Filling coverage and flanking coverage from PHM
  0:00:03.652    34M / 2108M INFO    General                 (coverage_filling.hpp      :  82)   Processed 32594 edges
  0:00:03.690     5M / 2108M INFO   StageManager             (stage.cpp                 : 185)   STAGE == EC Threshold Finding (id: ec_threshold_finder)
  0:00:03.691     5M / 2108M INFO    General                 (kmer_coverage_model.cpp   : 181)   Kmer coverage valley at: 0
  0:00:03.691     5M / 2108M INFO    General                 (kmer_coverage_model.cpp   : 201)   K-mer histogram maximum: 10
  0:00:03.691     5M / 2108M INFO    General                 (kmer_coverage_model.cpp   : 237)   Estimated median coverage: 12. Coverage mad: 5.9304
  0:00:03.691     5M / 2108M INFO    General                 (kmer_coverage_model.cpp   : 259)   Fitting coverage model
  0:00:03.701     5M / 2108M INFO    General                 (kmer_coverage_model.cpp   : 295)   ... iteration 2
  0:00:03.728     5M / 2108M INFO    General                 (kmer_coverage_model.cpp   : 295)   ... iteration 4
  0:00:03.831     5M / 2108M INFO    General                 (kmer_coverage_model.cpp   : 295)   ... iteration 8
  0:00:04.051     5M / 2108M INFO    General                 (kmer_coverage_model.cpp   : 295)   ... iteration 16
  0:00:04.472     5M / 2108M INFO    General                 (kmer_coverage_model.cpp   : 295)   ... iteration 32
  0:00:05.062     5M / 2108M INFO    General                 (kmer_coverage_model.cpp   : 309)   Fitted mean coverage: 12.1476. Fitted coverage std. dev: 4.50439
  0:00:05.062     5M / 2108M INFO    General                 (kmer_coverage_model.cpp   : 334)   Probability of erroneous kmer at valley: 0.965904
  0:00:05.062     5M / 2108M INFO    General                 (kmer_coverage_model.cpp   : 358)   Preliminary threshold calculated as: 6
  0:00:05.062     5M / 2108M INFO    General                 (kmer_coverage_model.cpp   : 362)   Threshold adjusted to: 6
  0:00:05.062     5M / 2108M INFO    General                 (kmer_coverage_model.cpp   : 375)   Estimated genome size (ignoring repeats): 3776918
  0:00:05.062     5M / 2108M INFO    General                 (genomic_info_filler.cpp   :  55)   Mean coverage was calculated as 12.1476
  0:00:05.062     5M / 2108M INFO    General                 (genomic_info_filler.cpp   :  70)   EC coverage threshold value was calculated as 6
  0:00:05.062     5M / 2108M INFO    General                 (genomic_info_filler.cpp   :  71)   Trusted kmer low bound: 0
  0:00:05.062     5M / 2108M INFO   StageManager             (stage.cpp                 : 185)   STAGE == Gap Closer (id: early_gapcloser)
  0:00:05.068    14M / 2108M INFO    General                 (edge_index.hpp            : 113)   Size of edge index entries: 12/8
  0:00:05.076    15M / 2108M INFO    General                 (gap_closer.cpp            : 101)   Total edges in tip neighborhood: 8116 out of 32594, length: 209112
  0:00:05.076    15M / 2108M INFO    General                 (edge_index.hpp            : 167)   Using small index (max_id = 32759)
  0:00:05.080    15M / 2108M INFO   K-mer Index Building     (kmer_index_builder.hpp    : 395)   Building perfect hash indices
  0:00:05.092    15M / 2108M INFO   K-mer Index Building     (kmer_index_builder.hpp    : 431)   Index built. Total 176682 kmers, 128360 bytes occupied (5.81202 bits per kmer).
  0:00:05.092    16M / 2108M INFO    General                 (edge_index_builders.hpp   : 265)   Collecting edge information from graph, this takes a while.
  0:00:05.638    16M / 2108M INFO    General                 (sequence_mapper_notifier.h:  95)   Total 421576 reads processed
  0:00:05.647    14M / 2108M INFO    General                 (gap_closer.cpp            : 452)   Initializing gap closer
  0:00:05.648    14M / 2108M INFO   GapCloser                (gap_closer.cpp            : 359)   Closing short gaps
  0:00:05.662    14M / 2108M INFO   GapCloser                (gap_closer.cpp            : 391)   Closing short gaps complete: filled 1 gaps after checking 21 candidates
  0:00:05.664    14M / 2108M INFO    General                 (gap_closer.cpp            : 456)   Gap closer done
  0:00:05.665     5M / 2108M INFO   StageManager             (stage.cpp                 : 185)   STAGE == Raw Simplification (id: raw_simplification)
  0:00:05.665     5M / 2108M INFO    General                 (simplification.cpp        : 127)   PROCEDURE == Initial cleaning
  0:00:05.665     5M / 2108M INFO    General                 (simplification.cpp        :  61)   Most init cleaning disabled on main iteration
  0:00:05.665     5M / 2108M INFO   Simplification           (parallel_processing.hpp   : 167)   Running Self conjugate edge remover
  0:00:05.665     5M / 2108M INFO   Simplification           (parallel_processing.hpp   : 170)   Self conjugate edge remover triggered 0 times
  0:00:05.665     5M / 2108M INFO   StageManager             (stage.cpp                 : 185)   STAGE == Simplification (id: simplification)
  0:00:05.665     5M / 2108M INFO    General                 (simplification.cpp        : 368)   Graph simplification started
  0:00:05.665     5M / 2108M INFO    General                 (graph_simplification.hpp  : 634)   Creating parallel br instance
  0:00:05.665     5M / 2108M INFO    General                 (simplification.cpp        : 373)   PROCEDURE == Simplification cycle, iteration 1
  0:00:05.665     5M / 2108M INFO   Simplification           (parallel_processing.hpp   : 167)   Running Tip clipper
  0:00:05.765     5M / 2108M INFO   Simplification           (parallel_processing.hpp   : 170)   Tip clipper triggered 6165 times
  0:00:05.766     5M / 2108M INFO   Simplification           (parallel_processing.hpp   : 167)   Running Bulge remover
  0:00:05.819     9M / 2108M INFO   Simplification           (parallel_processing.hpp   : 170)   Bulge remover triggered 213 times
  0:00:05.820     9M / 2108M INFO   Simplification           (parallel_processing.hpp   : 167)   Running Low coverage edge remover
  0:00:05.820     9M / 2108M INFO   Simplification           (parallel_processing.hpp   : 170)   Low coverage edge remover triggered 0 times
  0:00:05.820     9M / 2108M INFO    General                 (simplification.cpp        : 373)   PROCEDURE == Simplification cycle, iteration 2
  0:00:05.820     9M / 2108M INFO   Simplification           (parallel_processing.hpp   : 167)   Running Tip clipper
  0:00:05.820     9M / 2108M INFO   Simplification           (parallel_processing.hpp   : 170)   Tip clipper triggered 0 times
  0:00:05.820     9M / 2108M INFO   Simplification           (parallel_processing.hpp   : 167)   Running Bulge remover
  0:00:05.820     9M / 2108M INFO   Simplification           (parallel_processing.hpp   : 170)   Bulge remover triggered 0 times
  0:00:05.820     9M / 2108M INFO   Simplification           (parallel_processing.hpp   : 167)   Running Low coverage edge remover
  0:00:05.822     9M / 2108M INFO   Simplification           (parallel_processing.hpp   : 170)   Low coverage edge remover triggered 84 times
  0:00:05.822     9M / 2108M INFO    General                 (simplification.cpp        : 373)   PROCEDURE == Simplification cycle, iteration 3
  0:00:05.823     9M / 2108M INFO   Simplification           (parallel_processing.hpp   : 167)   Running Tip clipper
  0:00:05.823     9M / 2108M INFO   Simplification           (parallel_processing.hpp   : 170)   Tip clipper triggered 15 times
  0:00:05.823     9M / 2108M INFO   Simplification           (parallel_processing.hpp   : 167)   Running Bulge remover
  0:00:05.829    10M / 2108M INFO   Simplification           (parallel_processing.hpp   : 170)   Bulge remover triggered 26 times
  0:00:05.829    10M / 2108M INFO   Simplification           (parallel_processing.hpp   : 167)   Running Low coverage edge remover
  0:00:05.829    10M / 2108M INFO   Simplification           (parallel_processing.hpp   : 170)   Low coverage edge remover triggered 8 times
  0:00:05.829    10M / 2108M INFO    General                 (simplification.cpp        : 373)   PROCEDURE == Simplification cycle, iteration 4
  0:00:05.829    10M / 2108M INFO   Simplification           (parallel_processing.hpp   : 167)   Running Tip clipper
  0:00:05.829    10M / 2108M INFO   Simplification           (parallel_processing.hpp   : 170)   Tip clipper triggered 1 times
  0:00:05.829    10M / 2108M INFO   Simplification           (parallel_processing.hpp   : 167)   Running Bulge remover
  0:00:05.830    10M / 2108M INFO   Simplification           (parallel_processing.hpp   : 170)   Bulge remover triggered 2 times
  0:00:05.830    10M / 2108M INFO   Simplification           (parallel_processing.hpp   : 167)   Running Low coverage edge remover
  0:00:05.830    10M / 2108M INFO   Simplification           (parallel_processing.hpp   : 170)   Low coverage edge remover triggered 4 times
  0:00:05.830    10M / 2108M INFO    General                 (simplification.cpp        : 373)   PROCEDURE == Simplification cycle, iteration 5
  0:00:05.830    10M / 2108M INFO   Simplification           (parallel_processing.hpp   : 167)   Running Tip clipper
  0:00:05.830    10M / 2108M INFO   Simplification           (parallel_processing.hpp   : 170)   Tip clipper triggered 0 times
  0:00:05.830    10M / 2108M INFO   Simplification           (parallel_processing.hpp   : 167)   Running Bulge remover
  0:00:05.831    10M / 2108M INFO   Simplification           (parallel_processing.hpp   : 170)   Bulge remover triggered 2 times
  0:00:05.831    10M / 2108M INFO   Simplification           (parallel_processing.hpp   : 167)   Running Low coverage edge remover
  0:00:05.831    10M / 2108M INFO   Simplification           (parallel_processing.hpp   : 170)   Low coverage edge remover triggered 2 times
  0:00:05.831    10M / 2108M INFO    General                 (simplification.cpp        : 373)   PROCEDURE == Simplification cycle, iteration 6
  0:00:05.831    10M / 2108M INFO   Simplification           (parallel_processing.hpp   : 167)   Running Tip clipper
  0:00:05.831    10M / 2108M INFO   Simplification           (parallel_processing.hpp   : 170)   Tip clipper triggered 0 times
  0:00:05.831    10M / 2108M INFO   Simplification           (parallel_processing.hpp   : 167)   Running Bulge remover
  0:00:05.831    10M / 2108M INFO   Simplification           (parallel_processing.hpp   : 170)   Bulge remover triggered 1 times
  0:00:05.831    10M / 2108M INFO   Simplification           (parallel_processing.hpp   : 167)   Running Low coverage edge remover
  0:00:05.832    10M / 2108M INFO   Simplification           (parallel_processing.hpp   : 170)   Low coverage edge remover triggered 1 times
  0:00:05.832    10M / 2108M INFO    General                 (simplification.cpp        : 373)   PROCEDURE == Simplification cycle, iteration 7
  0:00:05.832    10M / 2108M INFO   Simplification           (parallel_processing.hpp   : 167)   Running Tip clipper
  0:00:05.832    10M / 2108M INFO   Simplification           (parallel_processing.hpp   : 170)   Tip clipper triggered 0 times
  0:00:05.832    10M / 2108M INFO   Simplification           (parallel_processing.hpp   : 167)   Running Bulge remover
  0:00:05.832    10M / 2108M INFO   Simplification           (parallel_processing.hpp   : 170)   Bulge remover triggered 0 times
  0:00:05.832    10M / 2108M INFO   Simplification           (parallel_processing.hpp   : 167)   Running Low coverage edge remover
  0:00:05.832    10M / 2108M INFO   Simplification           (parallel_processing.hpp   : 170)   Low coverage edge remover triggered 1 times
  0:00:05.832    10M / 2108M INFO    General                 (simplification.cpp        : 373)   PROCEDURE == Simplification cycle, iteration 8
  0:00:05.832    10M / 2108M INFO   Simplification           (parallel_processing.hpp   : 167)   Running Tip clipper
  0:00:05.832    10M / 2108M INFO   Simplification           (parallel_processing.hpp   : 170)   Tip clipper triggered 0 times
  0:00:05.832    10M / 2108M INFO   Simplification           (parallel_processing.hpp   : 167)   Running Bulge remover
  0:00:05.832    10M / 2108M INFO   Simplification           (parallel_processing.hpp   : 170)   Bulge remover triggered 0 times
  0:00:05.832    10M / 2108M INFO   Simplification           (parallel_processing.hpp   : 167)   Running Low coverage edge remover
  0:00:05.832    10M / 2108M INFO   Simplification           (parallel_processing.hpp   : 170)   Low coverage edge remover triggered 4 times
  0:00:05.832    10M / 2108M INFO    General                 (simplification.cpp        : 373)   PROCEDURE == Simplification cycle, iteration 9
  0:00:05.832    10M / 2108M INFO   Simplification           (parallel_processing.hpp   : 167)   Running Tip clipper
  0:00:05.832    10M / 2108M INFO   Simplification           (parallel_processing.hpp   : 170)   Tip clipper triggered 0 times
  0:00:05.832    10M / 2108M INFO   Simplification           (parallel_processing.hpp   : 167)   Running Bulge remover
  0:00:05.833    10M / 2108M INFO   Simplification           (parallel_processing.hpp   : 170)   Bulge remover triggered 1 times
  0:00:05.833    10M / 2108M INFO   Simplification           (parallel_processing.hpp   : 167)   Running Low coverage edge remover
  0:00:05.833    10M / 2108M INFO   Simplification           (parallel_processing.hpp   : 170)   Low coverage edge remover triggered 4 times
  0:00:05.833    10M / 2108M INFO    General                 (simplification.cpp        : 373)   PROCEDURE == Simplification cycle, iteration 10
  0:00:05.833    10M / 2108M INFO   Simplification           (parallel_processing.hpp   : 167)   Running Tip clipper
  0:00:05.833    10M / 2108M INFO   Simplification           (parallel_processing.hpp   : 170)   Tip clipper triggered 0 times
  0:00:05.833    10M / 2108M INFO   Simplification           (parallel_processing.hpp   : 167)   Running Bulge remover
  0:00:05.833    10M / 2108M INFO   Simplification           (parallel_processing.hpp   : 170)   Bulge remover triggered 1 times
  0:00:05.833    10M / 2108M INFO   Simplification           (parallel_processing.hpp   : 167)   Running Low coverage edge remover
  0:00:05.833    10M / 2108M INFO   Simplification           (parallel_processing.hpp   : 170)   Low coverage edge remover triggered 10 times
  0:00:05.833    10M / 2108M INFO    General                 (simplification.cpp        : 373)   PROCEDURE == Simplification cycle, iteration 11
  0:00:05.833    10M / 2108M INFO   Simplification           (parallel_processing.hpp   : 167)   Running Tip clipper
  0:00:05.834    10M / 2108M INFO   Simplification           (parallel_processing.hpp   : 170)   Tip clipper triggered 0 times
  0:00:05.834    10M / 2108M INFO   Simplification           (parallel_processing.hpp   : 167)   Running Bulge remover
  0:00:05.836    10M / 2108M INFO   Simplification           (parallel_processing.hpp   : 170)   Bulge remover triggered 3 times
  0:00:05.836    10M / 2108M INFO   Simplification           (parallel_processing.hpp   : 167)   Running Low coverage edge remover
  0:00:05.836    10M / 2108M INFO   Simplification           (parallel_processing.hpp   : 170)   Low coverage edge remover triggered 0 times
  0:00:05.836    10M / 2108M INFO    General                 (simplification.cpp        : 373)   PROCEDURE == Simplification cycle, iteration 12
  0:00:05.836    10M / 2108M INFO   Simplification           (parallel_processing.hpp   : 167)   Running Tip clipper
  0:00:05.836    10M / 2108M INFO   Simplification           (parallel_processing.hpp   : 170)   Tip clipper triggered 0 times
  0:00:05.836    10M / 2108M INFO   Simplification           (parallel_processing.hpp   : 167)   Running Bulge remover
  0:00:05.836    10M / 2108M INFO   Simplification           (parallel_processing.hpp   : 170)   Bulge remover triggered 0 times
  0:00:05.836    10M / 2108M INFO   Simplification           (parallel_processing.hpp   : 167)   Running Low coverage edge remover
  0:00:05.836    10M / 2108M INFO   Simplification           (parallel_processing.hpp   : 170)   Low coverage edge remover triggered 0 times
  0:00:05.836    10M / 2108M INFO   StageManager             (stage.cpp                 : 185)   STAGE == Gap Closer (id: late_gapcloser)
  0:00:05.840    19M / 2108M INFO    General                 (edge_index.hpp            : 113)   Size of edge index entries: 12/8
  0:00:05.841    19M / 2108M INFO    General                 (gap_closer.cpp            : 101)   Total edges in tip neighborhood: 1861 out of 5842, length: 195026
  0:00:05.841    19M / 2108M INFO    General                 (edge_index.hpp            : 167)   Using small index (max_id = 32759)
  0:00:05.846    19M / 2108M INFO   K-mer Index Building     (kmer_index_builder.hpp    : 395)   Building perfect hash indices
  0:00:05.864    19M / 2108M INFO   K-mer Index Building     (kmer_index_builder.hpp    : 431)   Index built. Total 162923 kmers, 118424 bytes occupied (5.81497 bits per kmer).
  0:00:05.864    20M / 2108M INFO    General                 (edge_index_builders.hpp   : 265)   Collecting edge information from graph, this takes a while.
  0:00:06.751    21M / 2108M INFO    General                 (sequence_mapper_notifier.h:  95)   Total 421576 reads processed
  0:00:06.761    19M / 2108M INFO    General                 (gap_closer.cpp            : 452)   Initializing gap closer
  0:00:06.761    19M / 2108M INFO   GapCloser                (gap_closer.cpp            : 359)   Closing short gaps
  0:00:06.765    19M / 2108M INFO   GapCloser                (gap_closer.cpp            : 391)   Closing short gaps complete: filled 0 gaps after checking 0 candidates
  0:00:06.765    19M / 2108M INFO    General                 (gap_closer.cpp            : 456)   Gap closer done
  0:00:06.767    10M / 2108M INFO   StageManager             (stage.cpp                 : 185)   STAGE == Simplification Cleanup (id: simplification_cleanup)
  0:00:06.767    10M / 2108M INFO    General                 (simplification.cpp        : 176)   PROCEDURE == Post simplification
  0:00:06.767    10M / 2108M INFO    General                 (graph_simplification.hpp  : 448)   Disconnection of relatively low covered edges disabled
  0:00:06.767    10M / 2108M INFO    General                 (graph_simplification.hpp  : 485)   Complex tip clipping disabled
  0:00:06.767    10M / 2108M INFO    General                 (graph_simplification.hpp  : 634)   Creating parallel br instance
  0:00:06.767    10M / 2108M INFO   Simplification           (parallel_processing.hpp   : 167)   Running Tip clipper
  0:00:06.767    10M / 2108M INFO   Simplification           (parallel_processing.hpp   : 170)   Tip clipper triggered 0 times
  0:00:06.767    10M / 2108M INFO   Simplification           (parallel_processing.hpp   : 167)   Running Bulge remover
  0:00:06.772    10M / 2108M INFO   Simplification           (parallel_processing.hpp   : 170)   Bulge remover triggered 0 times
  0:00:06.772    10M / 2108M INFO   Simplification           (parallel_processing.hpp   : 167)   Running Tip clipper
  0:00:06.772    10M / 2108M INFO   Simplification           (parallel_processing.hpp   : 170)   Tip clipper triggered 0 times
  0:00:06.772    10M / 2108M INFO   Simplification           (parallel_processing.hpp   : 167)   Running Bulge remover
  0:00:06.775    10M / 2108M INFO   Simplification           (parallel_processing.hpp   : 170)   Bulge remover triggered 0 times
  0:00:06.775    10M / 2108M INFO    General                 (simplification.cpp        : 327)   Disrupting self-conjugate edges
  0:00:06.776    10M / 2108M INFO   Simplification           (parallel_processing.hpp   : 167)   Running Removing isolated edges
  0:00:06.778    10M / 2108M INFO   Simplification           (parallel_processing.hpp   : 170)   Removing isolated edges triggered 927 times
  0:00:06.778    10M / 2108M INFO    General                 (simplification.cpp        : 495)   After simplification:
  0:00:06.778    10M / 2108M INFO    General                 (simplification.cpp        : 496)     Average coverage = 13.5134
  0:00:06.779    10M / 2108M INFO    General                 (simplification.cpp        : 497)     Total length = 3984737
  0:00:06.779    10M / 2108M INFO    General                 (simplification.cpp        : 498)     Median edge length: 24943
  0:00:06.779    10M / 2108M INFO    General                 (simplification.cpp        : 499)     Edges: 3988
  0:00:06.779    10M / 2108M INFO    General                 (simplification.cpp        : 500)     Vertices: 2604
  0:00:06.779    10M / 2108M INFO   StageManager             (stage.cpp                 : 185)   STAGE == Mismatch Correction (id: mismatch_correction)
  0:00:06.779    10M / 2108M INFO    General                 (graph_pack.cpp            :  67)   Index refill
  0:00:06.779    10M / 2108M INFO    General                 (edge_index.hpp            : 156)   Using small index (max_id = 32759)
  0:00:06.796    10M / 2108M INFO   K-mer Index Building     (kmer_index_builder.hpp    : 395)   Building perfect hash indices
  0:00:06.942    13M / 2108M INFO   K-mer Index Building     (kmer_index_builder.hpp    : 431)   Index built. Total 3984737 kmers, 2878768 bytes occupied (5.77959 bits per kmer).
  0:00:06.952    44M / 2108M INFO    General                 (edge_index_builders.hpp   : 252)   Collecting edge information from graph, this takes a while.
  0:00:07.023    44M / 2108M INFO    General                 (graph_pack.cpp            :  77)   Normalizing k-mer map. Total 68894 kmers to process
  0:00:07.032    44M / 2108M INFO    General                 (graph_pack.cpp            :  79)   Normalizing done
  0:00:07.032    44M / 2108M INFO    General                 (mismatch_correction.cpp   : 400)   Collect potential mismatches
  0:00:07.043    44M / 2108M INFO    General                 (mismatch_correction.cpp   : 192)   Total 1212 edges (out of 3988) with 11080 potential mismatch positions (9.14191 positions per edge)
  0:00:07.043    44M / 2108M INFO    General                 (mismatch_correction.cpp   : 402)   Potential mismatches collected
  0:00:07.412    51M / 2108M INFO    General                 (sequence_mapper_notifier.h:  95)   Total 1688556 reads processed
  0:00:07.433    45M / 2108M INFO    General                 (mismatch_correction.cpp   : 395)   All edges processed
  0:00:07.433    44M / 2108M INFO    General                 (mismatch_correction.cpp   : 450)   Corrected 0 nucleotides
  0:00:07.433    44M / 2108M INFO   StageManager             (stage.cpp                 : 185)   STAGE == Contig Output (id: contig_output)
  0:00:07.433    44M / 2108M INFO    General                 (contig_output.hpp         :  16)   Outputting contigs to /data/djs217/PROJECTS/10_X_fragariae_feb_2024/04_spades/NCPPB_3743.spades/K127/before_rr.fasta
  0:00:07.455    44M / 2108M INFO    General                 (contig_output_stage.cpp   : 151)   Writing GFA graph to /data/djs217/PROJECTS/10_X_fragariae_feb_2024/04_spades/NCPPB_3743.spades/K127/assembly_graph_after_simplification.gfa
  0:00:07.467    44M / 2108M INFO   StageManager             (stage.cpp                 : 185)   STAGE == Paired Information Counting (id: late_pair_info_count)
  0:00:07.470    45M / 2108M INFO    General                 (graph_pack.cpp            :  77)   Normalizing k-mer map. Total 68894 kmers to process
  0:00:07.470    45M / 2108M INFO    General                 (graph_pack.cpp            :  79)   Normalizing done
  0:00:07.470    45M / 2108M INFO    General                 (pair_info_count.cpp       : 339)   Min edge length for estimation: 24943
  0:00:07.470    45M / 2108M INFO    General                 (pair_info_count.cpp       : 350)   Estimating insert size for library #0
  0:00:07.470    45M / 2108M INFO    General                 (pair_info_count.cpp       : 202)   Estimating insert size (takes a while)
  0:00:07.578   317M / 2108M INFO    General                 (pair_info_count.cpp       :  48)   Selecting usual mapper
  0:00:08.030   317M / 2108M INFO    General                 (sequence_mapper_notifier.h:  95)   Total 421576 reads processed
  0:00:08.104   317M / 2108M INFO    General                 (pair_info_count.cpp       : 220)   Edge pairs: 108893
  0:00:08.104   317M / 2108M INFO    General                 (pair_info_count.cpp       : 222)   141501 paired reads (33.5648% of all) aligned to long edges
  0:00:08.105    45M / 2108M INFO    General                 (pair_info_count.cpp       : 369)     Insert size = 292.089, deviation = 135.009, left quantile = 153, right quantile = 484, read length = 301
  0:00:08.105    45M / 2108M WARN    General                 (pair_info_count.cpp       : 376)   Estimated mean insert size 292.089 is very small compared to read length 301
  0:00:08.105    45M / 2108M INFO    General                 (pair_info_count.cpp       : 390)   Filtering data for library #0
  0:00:08.105    45M / 2108M INFO    General                 (pair_info_count.cpp       :  48)   Selecting usual mapper
  0:00:08.284    45M / 2108M INFO    General                 (sequence_mapper_notifier.h:  95)   Total 421576 reads processed
  0:00:08.285    45M / 2108M INFO    General                 (pair_info_count.cpp       : 402)   Mapping library #0
  0:00:08.285    45M / 2108M INFO    General                 (pair_info_count.cpp       : 404)   Mapping paired reads (takes a while)
  0:00:08.285    45M / 2108M INFO    General                 (pair_info_count.cpp       : 299)   Left insert size quantile 153, right insert size quantile 484, filtering threshold 2, rounding threshold 0
  0:00:08.295    54M / 2108M INFO    General                 (pair_info_count.cpp       :  48)   Selecting usual mapper
  0:00:08.537    63M / 2108M INFO    General                 (sequence_mapper_notifier.h:  95)   Total 421576 reads processed
  0:00:08.545    54M / 2108M INFO   StageManager             (stage.cpp                 : 185)   STAGE == Distance Estimation (id: distance_estimation)
  0:00:08.546    54M / 2108M INFO    General                 (distance_estimation.cpp   : 179)   Processing library #0
  0:00:08.546    54M / 2108M INFO    General                 (distance_estimation.cpp   : 150)   Weight Filter Done
  0:00:08.546    54M / 2108M INFO   DistanceEstimator        (distance_estimation.hpp   : 116)   Using SIMPLE distance estimator
  0:00:08.585    57M / 2108M INFO    General                 (distance_estimation.cpp   :  37)   Filtering info
  0:00:08.585    57M / 2108M INFO    General                 (pair_info_filters.hpp     : 242)   Start filtering; library index size: 62470
  0:00:08.596    58M / 2108M INFO    General                 (pair_info_filters.hpp     : 263)   Done filtering; library index size: 57352
  0:00:08.597    57M / 2108M INFO    General                 (distance_estimation.cpp   : 156)   Refining clustered pair information
  0:00:08.605    57M / 2108M INFO    General                 (distance_estimation.cpp   : 158)   The refining of clustered pair information has been finished
  0:00:08.605    57M / 2108M INFO    General                 (distance_estimation.cpp   : 160)   Improving paired information
  0:00:08.651    58M / 2108M INFO   PairInfoImprover         (pair_info_improver.hpp    : 104)   Paired info stats: missing = 5126; contradictional = 102
  0:00:08.699    58M / 2108M INFO   PairInfoImprover         (pair_info_improver.hpp    : 104)   Paired info stats: missing = 445; contradictional = 0
  0:00:08.700    58M / 2108M INFO    General                 (distance_estimation.cpp   : 104)   Filling scaffolding index
  0:00:08.700    58M / 2108M INFO   DistanceEstimator        (distance_estimation.hpp   : 116)   Using SMOOTHING distance estimator
  0:00:08.799    58M / 2108M INFO    General                 (distance_estimation.cpp   :  37)   Filtering info
  0:00:08.800    58M / 2108M INFO    General                 (pair_info_filters.hpp     : 242)   Start filtering; library index size: 13378
  0:00:08.804    58M / 2108M INFO    General                 (pair_info_filters.hpp     : 263)   Done filtering; library index size: 13378
  0:00:08.804    58M / 2108M INFO    General                 (distance_estimation.cpp   : 186)   Clearing raw paired index
  0:00:08.815    49M / 2108M INFO   StageManager             (stage.cpp                 : 185)   STAGE == Repeat Resolving (id: repeat_resolving)
  0:00:08.816    49M / 2108M INFO    General                 (repeat_resolving.cpp      :  87)   Using Path-Extend repeat resolving
  0:00:08.816    49M / 2108M INFO    General                 (launcher.cpp              : 600)   ExSPAnder repeat resolving tool started
  0:00:08.816    49M / 2108M INFO    General                 (coverage_uniformity_analyz:  25)   genomic coverage is 12.3345 calculated of length 3863264
  0:00:08.819    57M / 2108M INFO    General                 (launcher.cpp              : 418)   Creating main extenders, unique edge length = 2000
  0:00:08.819    57M / 2108M INFO    General                 (extenders_logic.cpp       : 334)   Estimated coverage of library #0 is 13.5134
  0:00:08.819    57M / 2108M INFO    General                 (extenders_logic.cpp       : 345)   Creating extender; library index size: 68392
  0:00:08.819    57M / 2108M INFO    General                 (extenders_logic.cpp       : 334)   Estimated coverage of library #0 is 13.5134
  0:00:08.819    57M / 2108M INFO    General                 (extenders_logic.cpp       : 345)   Creating extender; library index size: 68392
  0:00:08.819    58M / 2108M INFO    General                 (extenders_logic.cpp       : 543)   Using 1 paired-end library
  0:00:08.819    58M / 2108M INFO    General                 (extenders_logic.cpp       : 544)   Using 1 paired-end scaffolding library
  0:00:08.819    58M / 2108M INFO    General                 (extenders_logic.cpp       : 545)   Using 0 single read libraries
  0:00:08.819    58M / 2108M INFO    General                 (launcher.cpp              : 447)   Total number of extenders is 3
  0:00:08.819    58M / 2108M INFO    General                 (path_extenders.cpp        :  36)   Processed 0 paths from 1980 (0%)
  0:00:08.930    63M / 2108M INFO    General                 (path_extenders.cpp        :  34)   Processed 128 paths from 1980 (6%)
  0:00:08.980    65M / 2108M INFO    General                 (path_extenders.cpp        :  36)   Processed 199 paths from 1980 (10%)
  0:00:09.016    66M / 2108M INFO    General                 (path_extenders.cpp        :  34)   Processed 256 paths from 1980 (12%)
  0:00:09.066    68M / 2108M INFO    General                 (path_extenders.cpp        :  36)   Processed 398 paths from 1980 (20%)
  0:00:09.089    68M / 2108M INFO    General                 (path_extenders.cpp        :  34)   Processed 512 paths from 1980 (25%)
  0:00:09.121    69M / 2108M INFO    General                 (path_extenders.cpp        :  36)   Processed 597 paths from 1980 (30%)
  0:00:09.142    70M / 2108M INFO    General                 (path_extenders.cpp        :  36)   Processed 796 paths from 1980 (40%)
  0:00:09.162    71M / 2108M INFO    General                 (path_extenders.cpp        :  36)   Processed 995 paths from 1980 (50%)
  0:00:09.165    71M / 2108M INFO    General                 (path_extenders.cpp        :  34)   Processed 1024 paths from 1980 (51%)
  0:00:09.171    71M / 2108M INFO    General                 (path_extenders.cpp        :  36)   Processed 1194 paths from 1980 (60%)
  0:00:09.174    71M / 2108M INFO    General                 (path_extenders.cpp        :  36)   Processed 1393 paths from 1980 (70%)
  0:00:09.182    71M / 2108M INFO    General                 (path_extenders.cpp        :  36)   Processed 1592 paths from 1980 (80%)
  0:00:09.186    71M / 2108M INFO    General                 (path_extenders.cpp        :  36)   Processed 1791 paths from 1980 (90%)
  0:00:09.186    71M / 2108M INFO    General                 (launcher.cpp              : 250)   Finalizing paths
  0:00:09.186    71M / 2108M INFO    General                 (launcher.cpp              : 252)   Deduplicating paths
  0:00:09.297    70M / 2108M INFO    General                 (launcher.cpp              : 256)   Paths deduplicated
  0:00:09.298    70M / 2108M INFO   PEResolver               (pe_resolver.cpp           :  60)   Removing overlaps
  0:00:09.298    70M / 2108M INFO   PEResolver               (pe_resolver.cpp           :  63)   Sorting paths
  0:00:09.298    70M / 2108M INFO   PEResolver               (pe_resolver.cpp           :  70)   Marking overlaps
  0:00:09.298    70M / 2108M INFO   OverlapRemover           (overlap_remover.hpp       : 116)   Marking start/end overlaps
  0:00:09.449    70M / 2108M INFO   OverlapRemover           (overlap_remover.hpp       : 119)   Marking remaining overlaps
  0:00:09.604    70M / 2108M INFO   PEResolver               (pe_resolver.cpp           :  73)   Splitting paths
  0:00:09.610    80M / 2108M INFO   PEResolver               (pe_resolver.cpp           :  78)   Deduplicating paths
  0:00:09.619    70M / 2108M INFO   PEResolver               (pe_resolver.cpp           :  80)   Overlaps removed
  0:00:09.619    72M / 2108M INFO    General                 (launcher.cpp              : 273)   Paths finalized
  0:00:09.619    72M / 2108M INFO    General                 (launcher.cpp              : 454)   Closing gaps in paths
  0:00:09.621    77M / 2108M INFO    General                 (launcher.cpp              : 484)   Gap closing completed
  0:00:09.621    77M / 2108M INFO    General                 (launcher.cpp              : 302)   Traversing tandem repeats
  0:00:09.624    77M / 2108M INFO    General                 (launcher.cpp              : 312)   Traversed 2 loops
  0:00:09.625    77M / 2108M INFO    General                 (launcher.cpp              : 250)   Finalizing paths
  0:00:09.625    77M / 2108M INFO    General                 (launcher.cpp              : 252)   Deduplicating paths
  0:00:09.625    77M / 2108M INFO    General                 (launcher.cpp              : 256)   Paths deduplicated
  0:00:09.625    77M / 2108M INFO   PEResolver               (pe_resolver.cpp           :  60)   Removing overlaps
  0:00:09.625    77M / 2108M INFO   PEResolver               (pe_resolver.cpp           :  63)   Sorting paths
  0:00:09.625    77M / 2108M INFO   PEResolver               (pe_resolver.cpp           :  70)   Marking overlaps
  0:00:09.625    77M / 2108M INFO   OverlapRemover           (overlap_remover.hpp       : 116)   Marking start/end overlaps
  0:00:09.626    77M / 2108M INFO   OverlapRemover           (overlap_remover.hpp       : 119)   Marking remaining overlaps
  0:00:09.626    77M / 2108M INFO   PEResolver               (pe_resolver.cpp           :  73)   Splitting paths
  0:00:09.627    77M / 2108M INFO   PEResolver               (pe_resolver.cpp           :  78)   Deduplicating paths
  0:00:09.627    77M / 2108M INFO   PEResolver               (pe_resolver.cpp           :  80)   Overlaps removed
  0:00:09.627    77M / 2108M INFO    General                 (launcher.cpp              : 273)   Paths finalized
  0:00:09.627    77M / 2108M INFO    General                 (launcher.cpp              : 664)   ExSPAnder repeat resolving tool finished
  0:00:09.632    54M / 2108M INFO   StageManager             (stage.cpp                 : 185)   STAGE == Contig Output (id: contig_output)
  0:00:09.632    54M / 2108M INFO    General                 (contig_output.hpp         :  16)   Outputting contigs to /data/djs217/PROJECTS/10_X_fragariae_feb_2024/04_spades/NCPPB_3743.spades/K127/before_rr.fasta
  0:00:09.653    54M / 2108M INFO    General                 (contig_output_stage.cpp   : 151)   Writing GFA graph to /data/djs217/PROJECTS/10_X_fragariae_feb_2024/04_spades/NCPPB_3743.spades/K127/assembly_graph_with_scaffolds.gfa
  0:00:09.665    54M / 2108M INFO    General                 (contig_output_stage.cpp   : 165)   Outputting FastG graph to /data/djs217/PROJECTS/10_X_fragariae_feb_2024/04_spades/NCPPB_3743.spades/K127/assembly_graph.fastg
  0:00:09.710    54M / 2108M INFO    General                 (contig_output_stage.cpp   : 196)   Breaking scaffolds
  0:00:09.720    63M / 2108M INFO    General                 (contig_output_stage.cpp   :  98)   Outputting contigs to /data/djs217/PROJECTS/10_X_fragariae_feb_2024/04_spades/NCPPB_3743.spades/K127/final_contigs.fasta
  0:00:09.735    63M / 2108M INFO    General                 (contig_output_stage.cpp   : 104)   Outputting FastG paths to /data/djs217/PROJECTS/10_X_fragariae_feb_2024/04_spades/NCPPB_3743.spades/K127/final_contigs.paths
  0:00:09.745    58M / 2108M INFO    General                 (contig_output_stage.cpp   :  98)   Outputting contigs to /data/djs217/PROJECTS/10_X_fragariae_feb_2024/04_spades/NCPPB_3743.spades/K127/scaffolds.fasta
  0:00:09.757    58M / 2108M INFO    General                 (contig_output_stage.cpp   : 104)   Outputting FastG paths to /data/djs217/PROJECTS/10_X_fragariae_feb_2024/04_spades/NCPPB_3743.spades/K127/scaffolds.paths
  0:00:09.758    58M / 2108M INFO    General                 (contig_output_stage.cpp   : 111)   Populating GFA with scaffold paths
  0:00:09.759    54M / 2108M INFO    General                 (pipeline.cpp              : 287)   SPAdes finished
  0:00:09.772     1M / 2108M INFO    General                 (main.cpp                  : 136)   Assembling time: 0 hours 0 minutes 9 seconds

===== K127 finished. 


===== Copy files started. 


== Running: /data/djs217/anaconda3/envs/spades-env/bin/python /data/djs217/anaconda3/envs/spades-env/share/spades/spades_pipeline/scripts/copy_files.py /data/djs217/PROJECTS/10_X_fragariae_feb_2024/04_spades/NCPPB_3743.spades/K127/before_rr.fasta /data/djs217/PROJECTS/10_X_fragariae_feb_2024/04_spades/NCPPB_3743.spades/before_rr.fasta /data/djs217/PROJECTS/10_X_fragariae_feb_2024/04_spades/NCPPB_3743.spades/K127/assembly_graph_after_simplification.gfa /data/djs217/PROJECTS/10_X_fragariae_feb_2024/04_spades/NCPPB_3743.spades/assembly_graph_after_simplification.gfa /data/djs217/PROJECTS/10_X_fragariae_feb_2024/04_spades/NCPPB_3743.spades/K127/final_contigs.fasta /data/djs217/PROJECTS/10_X_fragariae_feb_2024/04_spades/NCPPB_3743.spades/contigs.fasta /data/djs217/PROJECTS/10_X_fragariae_feb_2024/04_spades/NCPPB_3743.spades/K127/first_pe_contigs.fasta /data/djs217/PROJECTS/10_X_fragariae_feb_2024/04_spades/NCPPB_3743.spades/first_pe_contigs.fasta /data/djs217/PROJECTS/10_X_fragariae_feb_2024/04_spades/NCPPB_3743.spades/K127/strain_graph.gfa /data/djs217/PROJECTS/10_X_fragariae_feb_2024/04_spades/NCPPB_3743.spades/strain_graph.gfa /data/djs217/PROJECTS/10_X_fragariae_feb_2024/04_spades/NCPPB_3743.spades/K127/scaffolds.fasta /data/djs217/PROJECTS/10_X_fragariae_feb_2024/04_spades/NCPPB_3743.spades/scaffolds.fasta /data/djs217/PROJECTS/10_X_fragariae_feb_2024/04_spades/NCPPB_3743.spades/K127/scaffolds.paths /data/djs217/PROJECTS/10_X_fragariae_feb_2024/04_spades/NCPPB_3743.spades/scaffolds.paths /data/djs217/PROJECTS/10_X_fragariae_feb_2024/04_spades/NCPPB_3743.spades/K127/assembly_graph_with_scaffolds.gfa /data/djs217/PROJECTS/10_X_fragariae_feb_2024/04_spades/NCPPB_3743.spades/assembly_graph_with_scaffolds.gfa /data/djs217/PROJECTS/10_X_fragariae_feb_2024/04_spades/NCPPB_3743.spades/K127/assembly_graph.fastg /data/djs217/PROJECTS/10_X_fragariae_feb_2024/04_spades/NCPPB_3743.spades/assembly_graph.fastg /data/djs217/PROJECTS/10_X_fragariae_feb_2024/04_spades/NCPPB_3743.spades/K127/final_contigs.paths /data/djs217/PROJECTS/10_X_fragariae_feb_2024/04_spades/NCPPB_3743.spades/contigs.paths


===== Copy files finished. 


===== Assembling finished. 


===== Mismatch correction started. 


===== Mismatch correction contigs started. 


== Running: /data/djs217/anaconda3/envs/spades-env/bin/python /data/djs217/anaconda3/envs/spades-env/share/spades/spades_pipeline/scripts/correction_iteration_script.py --corrected /data/djs217/PROJECTS/10_X_fragariae_feb_2024/04_spades/NCPPB_3743.spades/contigs.fasta --assembled /data/djs217/PROJECTS/10_X_fragariae_feb_2024/04_spades/NCPPB_3743.spades/misc/assembled_contigs.fasta --assembly_type contigs --output_dir /data/djs217/PROJECTS/10_X_fragariae_feb_2024/04_spades/NCPPB_3743.spades --bin_home /data/djs217/anaconda3/envs/spades-env/bin

== Processing of contigs
== Running contig polishing tool: /data/djs217/anaconda3/envs/spades-env/bin/spades-corrector-core /data/djs217/PROJECTS/10_X_fragariae_feb_2024/04_spades/NCPPB_3743.spades/mismatch_corrector/contigs/configs/corrector.info /data/djs217/PROJECTS/10_X_fragariae_feb_2024/04_spades/NCPPB_3743.spades/misc/assembled_contigs.fasta
== Dataset description file was created: /data/djs217/PROJECTS/10_X_fragariae_feb_2024/04_spades/NCPPB_3743.spades/mismatch_corrector/contigs/configs/corrector.info
Run: /data/djs217/anaconda3/envs/spades-env/bin/spades-corrector-core /data/djs217/PROJECTS/10_X_fragariae_feb_2024/04_spades/NCPPB_3743.spades/mismatch_corrector/contigs/configs/corrector.info /data/djs217/PROJECTS/10_X_fragariae_feb_2024/04_spades/NCPPB_3743.spades/misc/assembled_contigs.fasta
/data/djs217/PROJECTS/10_X_fragariae_feb_2024/04_spades/NCPPB_3743.spades/mismatch_corrector/contigs/configs/log.properties  0:00:00.000     1M / 16M   INFO    General                 (main.cpp                  :  58)   Starting mismatch corrector, built from N/A, git revision N/A
  0:00:00.002     1M / 16M   INFO    General                 (main.cpp                  :  59)   Maximum # of threads to use (adjusted due to OMP capabilities): 16
  0:00:00.002     1M / 16M   INFO   DatasetProcessor         (dataset_processor.cpp     : 175)   Splitting assembly...
  0:00:00.002     1M / 16M   INFO   DatasetProcessor         (dataset_processor.cpp     : 176)   Assembly file: /data/djs217/PROJECTS/10_X_fragariae_feb_2024/04_spades/NCPPB_3743.spades/misc/assembled_contigs.fasta
  0:00:00.062     2M / 16M   INFO   DatasetProcessor         (dataset_processor.cpp     : 128)   Running bwa index ...: /data/djs217/anaconda3/envs/spades-env/bin/spades-bwa index /data/djs217/PROJECTS/10_X_fragariae_feb_2024/04_spades/NCPPB_3743.spades/misc/assembled_contigs.fasta
[bwa_index] Pack FASTA... 0.05 sec
[bwa_index] Construct BWT for the packed sequence...
[bwa_index] 1.00 seconds elapse.
[bwa_index] Update BWT... 0.04 sec
[bwa_index] Pack forward-only FASTA... 0.04 sec
[bwa_index] Construct SA from BWT and Occ... 0.56 sec
[main] Version: 0.7.16a-r1181
[main] CMD: /data/djs217/anaconda3/envs/spades-env/bin/spades-bwa index /data/djs217/PROJECTS/10_X_fragariae_feb_2024/04_spades/NCPPB_3743.spades/misc/assembled_contigs.fasta
[main] Real time: 2.068 sec; CPU: 1.695 sec
  0:00:02.136     2M / 16M   INFO   DatasetProcessor         (dataset_processor.cpp     : 190)   Processing paired sublib of number 0
  0:00:02.136     2M / 16M   INFO   DatasetProcessor         (dataset_processor.cpp     : 191)   /data/djs217/PROJECTS/10_X_fragariae_feb_2024/04_spades/NCPPB_3743.1_val_1.fq.gz /data/djs217/PROJECTS/10_X_fragariae_feb_2024/04_spades/NCPPB_3743.2_val_2.fq.gz
  0:00:02.138     2M / 16M   INFO   DatasetProcessor         (dataset_processor.cpp     : 153)   Running bwa mem ...:/data/djs217/anaconda3/envs/spades-env/bin/spades-bwa mem  -v 1 -t 16  /data/djs217/PROJECTS/10_X_fragariae_feb_2024/04_spades/NCPPB_3743.spades/misc/assembled_contigs.fasta /data/djs217/PROJECTS/10_X_fragariae_feb_2024/04_spades/NCPPB_3743.1_val_1.fq.gz /data/djs217/PROJECTS/10_X_fragariae_feb_2024/04_spades/NCPPB_3743.2_val_2.fq.gz   > /data/djs217/PROJECTS/10_X_fragariae_feb_2024/04_spades/NCPPB_3743.spades/tmp/corrector_bxe2jzto/lib0_WcKxBg/tmp.sam
[main] Version: 0.7.16a-r1181
[main] CMD: /data/djs217/anaconda3/envs/spades-env/bin/spades-bwa mem -v 1 -t 16 /data/djs217/PROJECTS/10_X_fragariae_feb_2024/04_spades/NCPPB_3743.spades/misc/assembled_contigs.fasta /data/djs217/PROJECTS/10_X_fragariae_feb_2024/04_spades/NCPPB_3743.1_val_1.fq.gz /data/djs217/PROJECTS/10_X_fragariae_feb_2024/04_spades/NCPPB_3743.2_val_2.fq.gz
[main] Real time: 8.910 sec; CPU: 71.070 sec
  0:00:11.105     2M / 16M   INFO   DatasetProcessor         (dataset_processor.cpp     : 199)   Adding samfile /data/djs217/PROJECTS/10_X_fragariae_feb_2024/04_spades/NCPPB_3743.spades/tmp/corrector_bxe2jzto/lib0_WcKxBg/tmp.sam
  0:00:13.375    61M / 68M   INFO   DatasetProcessor         (dataset_processor.cpp     : 118)   processed 1000000reads, flushing
  0:00:14.026     7M / 68M   INFO   DatasetProcessor         (dataset_processor.cpp     : 227)   Processing contigs
  0:00:14.356    13M / 181M  INFO   DatasetProcessor         (dataset_processor.cpp     : 243)   Contig NODE_10_length_54185_cov_12.883736 processed with 1 changes in thread 14
  0:00:14.370    19M / 187M  INFO   DatasetProcessor         (dataset_processor.cpp     : 243)   Contig NODE_14_length_50592_cov_14.051580 processed with 0 changes in thread 2
  0:00:14.370    24M / 187M  INFO   DatasetProcessor         (dataset_processor.cpp     : 243)   Contig NODE_16_length_49851_cov_10.854738 processed with 0 changes in thread 15
  0:00:14.445    30M / 197M  INFO   DatasetProcessor         (dataset_processor.cpp     : 243)   Contig NODE_13_length_51092_cov_13.281939 processed with 0 changes in thread 7
  0:00:14.458    37M / 201M  INFO   DatasetProcessor         (dataset_processor.cpp     : 243)   Contig NODE_5_length_61595_cov_15.047683 processed with 0 changes in thread 1
  0:00:14.459    43M / 201M  INFO   DatasetProcessor         (dataset_processor.cpp     : 243)   Contig NODE_11_length_52394_cov_13.260202 processed with 0 changes in thread 6
  0:00:14.459    49M / 201M  INFO   DatasetProcessor         (dataset_processor.cpp     : 243)   Contig NODE_12_length_51600_cov_13.453655 processed with 3 changes in thread 8
  0:00:14.499    56M / 213M  INFO   DatasetProcessor         (dataset_processor.cpp     : 243)   Contig NODE_8_length_57249_cov_13.646826 processed with 1 changes in thread 12
  0:00:14.515    62M / 218M  INFO   DatasetProcessor         (dataset_processor.cpp     : 243)   Contig NODE_15_length_50249_cov_12.060333 processed with 2 changes in thread 10
  0:00:14.517    68M / 219M  INFO   DatasetProcessor         (dataset_processor.cpp     : 243)   Contig NODE_6_length_60511_cov_13.249271 processed with 3 changes in thread 13
  0:00:14.550    77M / 223M  INFO   DatasetProcessor         (dataset_processor.cpp     : 243)   Contig NODE_3_length_77912_cov_10.989625 processed with 0 changes in thread 11
  0:00:14.567    84M / 224M  INFO   DatasetProcessor         (dataset_processor.cpp     : 243)   Contig NODE_7_length_58792_cov_13.708617 processed with 0 changes in thread 4
  0:00:14.581    84M / 226M  INFO   DatasetProcessor         (dataset_processor.cpp     : 243)   Contig NODE_18_length_44096_cov_11.062317 processed with 0 changes in thread 2
  0:00:14.610    91M / 227M  INFO   DatasetProcessor         (dataset_processor.cpp     : 243)   Contig NODE_4_length_67713_cov_11.592253 processed with 0 changes in thread 3
  0:00:14.627    91M / 228M  INFO   DatasetProcessor         (dataset_processor.cpp     : 243)   Contig NODE_17_length_47785_cov_12.874292 processed with 0 changes in thread 14
  0:00:14.654   104M / 229M  INFO   DatasetProcessor         (dataset_processor.cpp     : 243)   Contig NODE_1_length_112635_cov_12.642292 processed with 2 changes in thread 0
  0:00:14.667   103M / 230M  INFO   DatasetProcessor         (dataset_processor.cpp     : 243)   Contig NODE_19_length_44063_cov_11.666151 processed with 1 changes in thread 15
  0:00:14.668   101M / 230M  INFO   DatasetProcessor         (dataset_processor.cpp     : 243)   Contig NODE_21_length_43149_cov_11.425898 processed with 0 changes in thread 1
  0:00:14.679   108M / 231M  INFO   DatasetProcessor         (dataset_processor.cpp     : 243)   Contig NODE_9_length_56849_cov_14.770301 processed with 0 changes in thread 9
  0:00:14.725   117M / 231M  INFO   DatasetProcessor         (dataset_processor.cpp     : 243)   Contig NODE_2_length_80412_cov_14.437429 processed with 8 changes in thread 5
  0:00:14.731   116M / 231M  INFO   DatasetProcessor         (dataset_processor.cpp     : 243)   Contig NODE_20_length_43553_cov_11.604960 processed with 0 changes in thread 7
  0:00:14.763   114M / 231M  INFO   DatasetProcessor         (dataset_processor.cpp     : 243)   Contig NODE_28_length_36088_cov_12.468535 processed with 0 changes in thread 4
  0:00:14.765   111M / 231M  INFO   DatasetProcessor         (dataset_processor.cpp     : 243)   Contig NODE_26_length_37389_cov_11.745102 processed with 0 changes in thread 13
  0:00:14.769   110M / 231M  INFO   DatasetProcessor         (dataset_processor.cpp     : 243)   Contig NODE_23_length_41594_cov_13.276485 processed with 0 changes in thread 8
  0:00:14.775   109M / 231M  INFO   DatasetProcessor         (dataset_processor.cpp     : 243)   Contig NODE_25_length_38963_cov_11.716603 processed with 0 changes in thread 10
  0:00:14.775   104M / 231M  INFO   DatasetProcessor         (dataset_processor.cpp     : 243)   Contig NODE_27_length_36270_cov_11.029439 processed with 0 changes in thread 11
  0:00:14.775   103M / 231M  INFO   DatasetProcessor         (dataset_processor.cpp     : 243)   Contig NODE_22_length_42911_cov_13.462346 processed with 0 changes in thread 6
  0:00:14.785   101M / 233M  INFO   DatasetProcessor         (dataset_processor.cpp     : 243)   Contig NODE_24_length_41466_cov_12.381286 processed with 0 changes in thread 12
  0:00:14.795    99M / 233M  INFO   DatasetProcessor         (dataset_processor.cpp     : 243)   Contig NODE_31_length_35187_cov_11.188534 processed with 0 changes in thread 14
  0:00:14.818    98M / 233M  INFO   DatasetProcessor         (dataset_processor.cpp     : 243)   Contig NODE_29_length_35466_cov_14.295424 processed with 3 changes in thread 2
  0:00:14.824    97M / 233M  INFO   DatasetProcessor         (dataset_processor.cpp     : 243)   Contig NODE_34_length_32314_cov_11.472240 processed with 0 changes in thread 1
  0:00:14.826    93M / 233M  INFO   DatasetProcessor         (dataset_processor.cpp     : 243)   Contig NODE_30_length_35412_cov_11.540230 processed with 0 changes in thread 3
  0:00:14.854    84M / 233M  INFO   DatasetProcessor         (dataset_processor.cpp     : 243)   Contig NODE_32_length_33734_cov_13.783051 processed with 0 changes in thread 0
  0:00:14.900    83M / 234M  INFO   DatasetProcessor         (dataset_processor.cpp     : 243)   Contig NODE_33_length_33232_cov_12.503398 processed with 0 changes in thread 15
  0:00:14.903    80M / 234M  INFO   DatasetProcessor         (dataset_processor.cpp     : 243)   Contig NODE_35_length_32043_cov_12.540638 processed with 0 changes in thread 9
  0:00:14.935    79M / 234M  INFO   DatasetProcessor         (dataset_processor.cpp     : 243)   Contig NODE_45_length_27848_cov_11.695357 processed with 0 changes in thread 14
  0:00:14.937    78M / 234M  INFO   DatasetProcessor         (dataset_processor.cpp     : 243)   Contig NODE_37_length_31907_cov_11.537162 processed with 0 changes in thread 7
  0:00:14.943    77M / 234M  INFO   DatasetProcessor         (dataset_processor.cpp     : 243)   Contig NODE_38_length_31793_cov_13.205394 processed with 0 changes in thread 4
  0:00:14.945    76M / 234M  INFO   DatasetProcessor         (dataset_processor.cpp     : 243)   Contig NODE_42_length_28538_cov_11.668685 processed with 5 changes in thread 11
  0:00:14.948    71M / 234M  INFO   DatasetProcessor         (dataset_processor.cpp     : 243)   Contig NODE_36_length_31956_cov_12.455497 processed with 0 changes in thread 5
  0:00:14.949    70M / 234M  INFO   DatasetProcessor         (dataset_processor.cpp     : 243)   Contig NODE_48_length_25773_cov_11.256414 processed with 0 changes in thread 3
  0:00:14.960    69M / 234M  INFO   DatasetProcessor         (dataset_processor.cpp     : 243)   Contig NODE_47_length_25908_cov_12.234475 processed with 0 changes in thread 1
  0:00:14.965    67M / 234M  INFO   DatasetProcessor         (dataset_processor.cpp     : 243)   Contig NODE_43_length_28405_cov_11.772509 processed with 0 changes in thread 6
  0:00:14.966    67M / 234M  INFO   DatasetProcessor         (dataset_processor.cpp     : 243)   Contig NODE_39_length_31289_cov_11.500802 processed with 1 changes in thread 13
  0:00:14.971    66M / 234M  INFO   DatasetProcessor         (dataset_processor.cpp     : 243)   Contig NODE_40_length_30073_cov_11.731917 processed with 0 changes in thread 8
  0:00:14.972    65M / 234M  INFO   DatasetProcessor         (dataset_processor.cpp     : 243)   Contig NODE_46_length_27511_cov_13.272824 processed with 0 changes in thread 2
  0:00:14.973    64M / 234M  INFO   DatasetProcessor         (dataset_processor.cpp     : 243)   Contig NODE_44_length_28322_cov_11.760419 processed with 0 changes in thread 12
  0:00:14.986    62M / 234M  INFO   DatasetProcessor         (dataset_processor.cpp     : 243)   Contig NODE_41_length_29529_cov_12.914394 processed with 0 changes in thread 10
  0:00:14.989    61M / 234M  INFO   DatasetProcessor         (dataset_processor.cpp     : 243)   Contig NODE_49_length_25410_cov_12.455563 processed with 0 changes in thread 0
  0:00:15.068    61M / 234M  INFO   DatasetProcessor         (dataset_processor.cpp     : 243)   Contig NODE_58_length_23508_cov_10.846713 processed with 0 changes in thread 1
  0:00:15.073    61M / 234M  INFO   DatasetProcessor         (dataset_processor.cpp     : 243)   Contig NODE_52_length_25039_cov_12.692076 processed with 0 changes in thread 14
  0:00:15.076    60M / 234M  INFO   DatasetProcessor         (dataset_processor.cpp     : 243)   Contig NODE_51_length_25076_cov_12.181490 processed with 0 changes in thread 9
  0:00:15.076    60M / 234M  INFO   DatasetProcessor         (dataset_processor.cpp     : 243)   Contig NODE_57_length_24138_cov_12.163467 processed with 0 changes in thread 3
  0:00:15.077    59M / 235M  INFO   DatasetProcessor         (dataset_processor.cpp     : 243)   Contig NODE_54_length_24441_cov_13.020688 processed with 0 changes in thread 4
  0:00:15.090    58M / 235M  INFO   DatasetProcessor         (dataset_processor.cpp     : 243)   Contig NODE_50_length_25245_cov_13.157059 processed with 0 changes in thread 15
  0:00:15.103    58M / 235M  INFO   DatasetProcessor         (dataset_processor.cpp     : 243)   Contig NODE_62_length_22319_cov_13.324667 processed with 4 changes in thread 2
  0:00:15.113    57M / 235M  INFO   DatasetProcessor         (dataset_processor.cpp     : 243)   Contig NODE_56_length_24169_cov_12.238000 processed with 0 changes in thread 5
  0:00:15.114    57M / 235M  INFO   DatasetProcessor         (dataset_processor.cpp     : 243)   Contig NODE_65_length_21764_cov_13.477608 processed with 0 changes in thread 0
  0:00:15.118    56M / 235M  INFO   DatasetProcessor         (dataset_processor.cpp     : 243)   Contig NODE_61_length_22623_cov_11.430877 processed with 1 changes in thread 8
  0:00:15.126    56M / 235M  INFO   DatasetProcessor         (dataset_processor.cpp     : 243)   Contig NODE_55_length_24268_cov_13.393604 processed with 0 changes in thread 11
  0:00:15.128    55M / 235M  INFO   DatasetProcessor         (dataset_processor.cpp     : 243)   Contig NODE_53_length_24977_cov_13.607565 processed with 0 changes in thread 7
  0:00:15.129    54M / 235M  INFO   DatasetProcessor         (dataset_processor.cpp     : 243)   Contig NODE_59_length_23440_cov_12.202848 processed with 0 changes in thread 6
  0:00:15.131    54M / 235M  INFO   DatasetProcessor         (dataset_processor.cpp     : 243)   Contig NODE_64_length_21994_cov_11.829561 processed with 0 changes in thread 10
  0:00:15.134    53M / 235M  INFO   DatasetProcessor         (dataset_processor.cpp     : 243)   Contig NODE_60_length_22736_cov_12.939051 processed with 0 changes in thread 13
  0:00:15.144    52M / 235M  INFO   DatasetProcessor         (dataset_processor.cpp     : 243)   Contig NODE_63_length_22301_cov_13.470867 processed with 0 changes in thread 12
  0:00:15.178    52M / 235M  INFO   DatasetProcessor         (dataset_processor.cpp     : 243)   Contig NODE_70_length_20918_cov_11.217065 processed with 0 changes in thread 4
  0:00:15.182    51M / 235M  INFO   DatasetProcessor         (dataset_processor.cpp     : 243)   Contig NODE_68_length_21356_cov_11.491121 processed with 0 changes in thread 3
  0:00:15.182    51M / 235M  INFO   DatasetProcessor         (dataset_processor.cpp     : 243)   Contig NODE_67_length_21650_cov_11.537193 processed with 1 changes in thread 14
  0:00:15.195    51M / 235M  INFO   DatasetProcessor         (dataset_processor.cpp     : 243)   Contig NODE_66_length_21671_cov_13.010490 processed with 3 changes in thread 1
  0:00:15.201    50M / 235M  INFO   DatasetProcessor         (dataset_processor.cpp     : 243)   Contig NODE_72_length_20519_cov_10.770645 processed with 0 changes in thread 2
  0:00:15.232    50M / 236M  INFO   DatasetProcessor         (dataset_processor.cpp     : 243)   Contig NODE_69_length_21261_cov_13.316646 processed with 0 changes in thread 9
  0:00:15.242    49M / 236M  INFO   DatasetProcessor         (dataset_processor.cpp     : 243)   Contig NODE_71_length_20575_cov_12.769611 processed with 0 changes in thread 15
  0:00:15.268    49M / 237M  INFO   DatasetProcessor         (dataset_processor.cpp     : 243)   Contig NODE_73_length_20328_cov_13.185387 processed with 0 changes in thread 5
  0:00:15.813     7M / 241M  INFO   DatasetProcessor         (dataset_processor.cpp     : 247)   Gluing processed contigs
  0:00:15.829     1M / 241M  INFO    General                 (main.cpp                  :  72)   Correcting time: 0 hours 0 minutes 15 seconds

===== Mismatch correction contigs finished. 


===== Mismatch correction scaffolds started. 


== Running: /data/djs217/anaconda3/envs/spades-env/bin/python /data/djs217/anaconda3/envs/spades-env/share/spades/spades_pipeline/scripts/correction_iteration_script.py --corrected /data/djs217/PROJECTS/10_X_fragariae_feb_2024/04_spades/NCPPB_3743.spades/scaffolds.fasta --assembled /data/djs217/PROJECTS/10_X_fragariae_feb_2024/04_spades/NCPPB_3743.spades/misc/assembled_scaffolds.fasta --assembly_type scaffolds --output_dir /data/djs217/PROJECTS/10_X_fragariae_feb_2024/04_spades/NCPPB_3743.spades --bin_home /data/djs217/anaconda3/envs/spades-env/bin

== Processing of scaffolds
== Running contig polishing tool: /data/djs217/anaconda3/envs/spades-env/bin/spades-corrector-core /data/djs217/PROJECTS/10_X_fragariae_feb_2024/04_spades/NCPPB_3743.spades/mismatch_corrector/scaffolds/configs/corrector.info /data/djs217/PROJECTS/10_X_fragariae_feb_2024/04_spades/NCPPB_3743.spades/misc/assembled_scaffolds.fasta
== Dataset description file was created: /data/djs217/PROJECTS/10_X_fragariae_feb_2024/04_spades/NCPPB_3743.spades/mismatch_corrector/scaffolds/configs/corrector.info
Run: /data/djs217/anaconda3/envs/spades-env/bin/spades-corrector-core /data/djs217/PROJECTS/10_X_fragariae_feb_2024/04_spades/NCPPB_3743.spades/mismatch_corrector/scaffolds/configs/corrector.info /data/djs217/PROJECTS/10_X_fragariae_feb_2024/04_spades/NCPPB_3743.spades/misc/assembled_scaffolds.fasta
/data/djs217/PROJECTS/10_X_fragariae_feb_2024/04_spades/NCPPB_3743.spades/mismatch_corrector/scaffolds/configs/log.properties  0:00:00.000     1M / 16M   INFO    General                 (main.cpp                  :  58)   Starting mismatch corrector, built from N/A, git revision N/A
  0:00:00.001     1M / 16M   INFO    General                 (main.cpp                  :  59)   Maximum # of threads to use (adjusted due to OMP capabilities): 16
  0:00:00.001     1M / 16M   INFO   DatasetProcessor         (dataset_processor.cpp     : 175)   Splitting assembly...
  0:00:00.001     1M / 16M   INFO   DatasetProcessor         (dataset_processor.cpp     : 176)   Assembly file: /data/djs217/PROJECTS/10_X_fragariae_feb_2024/04_spades/NCPPB_3743.spades/misc/assembled_scaffolds.fasta
  0:00:00.063     2M / 16M   INFO   DatasetProcessor         (dataset_processor.cpp     : 128)   Running bwa index ...: /data/djs217/anaconda3/envs/spades-env/bin/spades-bwa index /data/djs217/PROJECTS/10_X_fragariae_feb_2024/04_spades/NCPPB_3743.spades/misc/assembled_scaffolds.fasta
[bwa_index] Pack FASTA... 0.05 sec
[bwa_index] Construct BWT for the packed sequence...
[bwa_index] 1.02 seconds elapse.
[bwa_index] Update BWT... 0.04 sec
[bwa_index] Pack forward-only FASTA... 0.05 sec
[bwa_index] Construct SA from BWT and Occ... 0.46 sec
[main] Version: 0.7.16a-r1181
[main] CMD: /data/djs217/anaconda3/envs/spades-env/bin/spades-bwa index /data/djs217/PROJECTS/10_X_fragariae_feb_2024/04_spades/NCPPB_3743.spades/misc/assembled_scaffolds.fasta
[main] Real time: 2.102 sec; CPU: 1.623 sec
  0:00:02.170     2M / 16M   INFO   DatasetProcessor         (dataset_processor.cpp     : 190)   Processing paired sublib of number 0
  0:00:02.171     2M / 16M   INFO   DatasetProcessor         (dataset_processor.cpp     : 191)   /data/djs217/PROJECTS/10_X_fragariae_feb_2024/04_spades/NCPPB_3743.1_val_1.fq.gz /data/djs217/PROJECTS/10_X_fragariae_feb_2024/04_spades/NCPPB_3743.2_val_2.fq.gz
  0:00:02.172     2M / 16M   INFO   DatasetProcessor         (dataset_processor.cpp     : 153)   Running bwa mem ...:/data/djs217/anaconda3/envs/spades-env/bin/spades-bwa mem  -v 1 -t 16  /data/djs217/PROJECTS/10_X_fragariae_feb_2024/04_spades/NCPPB_3743.spades/misc/assembled_scaffolds.fasta /data/djs217/PROJECTS/10_X_fragariae_feb_2024/04_spades/NCPPB_3743.1_val_1.fq.gz /data/djs217/PROJECTS/10_X_fragariae_feb_2024/04_spades/NCPPB_3743.2_val_2.fq.gz   > /data/djs217/PROJECTS/10_X_fragariae_feb_2024/04_spades/NCPPB_3743.spades/tmp/corrector_hv59a16p/lib0_jlVLyl/tmp.sam
[main] Version: 0.7.16a-r1181
[main] CMD: /data/djs217/anaconda3/envs/spades-env/bin/spades-bwa mem -v 1 -t 16 /data/djs217/PROJECTS/10_X_fragariae_feb_2024/04_spades/NCPPB_3743.spades/misc/assembled_scaffolds.fasta /data/djs217/PROJECTS/10_X_fragariae_feb_2024/04_spades/NCPPB_3743.1_val_1.fq.gz /data/djs217/PROJECTS/10_X_fragariae_feb_2024/04_spades/NCPPB_3743.2_val_2.fq.gz
[main] Real time: 8.978 sec; CPU: 69.249 sec
  0:00:11.203     2M / 16M   INFO   DatasetProcessor         (dataset_processor.cpp     : 199)   Adding samfile /data/djs217/PROJECTS/10_X_fragariae_feb_2024/04_spades/NCPPB_3743.spades/tmp/corrector_hv59a16p/lib0_jlVLyl/tmp.sam
  0:00:13.431    61M / 68M   INFO   DatasetProcessor         (dataset_processor.cpp     : 118)   processed 1000000reads, flushing
  0:00:14.059     7M / 68M   INFO   DatasetProcessor         (dataset_processor.cpp     : 227)   Processing contigs
  0:00:14.391    13M / 182M  INFO   DatasetProcessor         (dataset_processor.cpp     : 243)   Contig NODE_16_length_49851_cov_10.854738 processed with 0 changes in thread 6
  0:00:14.443    20M / 187M  INFO   DatasetProcessor         (dataset_processor.cpp     : 243)   Contig NODE_4_length_67713_cov_11.592253 processed with 0 changes in thread 5
  0:00:14.444    27M / 188M  INFO   DatasetProcessor         (dataset_processor.cpp     : 243)   Contig NODE_6_length_60511_cov_13.249271 processed with 3 changes in thread 4
  0:00:14.461    33M / 193M  INFO   DatasetProcessor         (dataset_processor.cpp     : 243)   Contig NODE_15_length_50249_cov_12.060333 processed with 2 changes in thread 8
  0:00:14.474    39M / 197M  INFO   DatasetProcessor         (dataset_processor.cpp     : 243)   Contig NODE_13_length_51092_cov_13.281939 processed with 0 changes in thread 12
  0:00:14.481    45M / 202M  INFO   DatasetProcessor         (dataset_processor.cpp     : 243)   Contig NODE_12_length_51600_cov_13.453655 processed with 2 changes in thread 14
  0:00:14.482    54M / 203M  INFO   DatasetProcessor         (dataset_processor.cpp     : 243)   Contig NODE_3_length_77912_cov_10.989625 processed with 0 changes in thread 13
  0:00:14.483    60M / 204M  INFO   DatasetProcessor         (dataset_processor.cpp     : 243)   Contig NODE_10_length_54185_cov_12.883736 processed with 1 changes in thread 11
  0:00:14.488    65M / 211M  INFO   DatasetProcessor         (dataset_processor.cpp     : 243)   Contig NODE_14_length_50592_cov_14.051580 processed with 0 changes in thread 15
  0:00:14.489    71M / 211M  INFO   DatasetProcessor         (dataset_processor.cpp     : 243)   Contig NODE_11_length_52394_cov_13.260202 processed with 0 changes in thread 3
  0:00:14.510    78M / 220M  INFO   DatasetProcessor         (dataset_processor.cpp     : 243)   Contig NODE_5_length_61595_cov_15.047683 processed with 0 changes in thread 9
  0:00:14.526    85M / 220M  INFO   DatasetProcessor         (dataset_processor.cpp     : 243)   Contig NODE_8_length_57249_cov_13.646826 processed with 1 changes in thread 7
  0:00:14.545    92M / 222M  INFO   DatasetProcessor         (dataset_processor.cpp     : 243)   Contig NODE_7_length_58792_cov_13.708617 processed with 0 changes in thread 2
  0:00:14.582    99M / 225M  INFO   DatasetProcessor         (dataset_processor.cpp     : 243)   Contig NODE_9_length_56849_cov_14.770301 processed with 0 changes in thread 10
  0:00:14.655    96M / 225M  INFO   DatasetProcessor         (dataset_processor.cpp     : 243)   Contig NODE_18_length_44096_cov_11.062317 processed with 0 changes in thread 5
  0:00:14.664    94M / 225M  INFO   DatasetProcessor         (dataset_processor.cpp     : 243)   Contig NODE_19_length_44063_cov_11.666151 processed with 1 changes in thread 4
  0:00:14.691    91M / 226M  INFO   DatasetProcessor         (dataset_processor.cpp     : 243)   Contig NODE_27_length_36831_cov_11.199760 processed with 100 changes in thread 9
  0:00:14.702   105M / 228M  INFO   DatasetProcessor         (dataset_processor.cpp     : 243)   Contig NODE_1_length_112635_cov_12.642292 processed with 2 changes in thread 0
  0:00:14.723   100M / 229M  INFO   DatasetProcessor         (dataset_processor.cpp     : 243)   Contig NODE_23_length_41594_cov_13.276485 processed with 0 changes in thread 13
  0:00:14.737    99M / 229M  INFO   DatasetProcessor         (dataset_processor.cpp     : 243)   Contig NODE_26_length_37389_cov_11.745102 processed with 0 changes in thread 3
  0:00:14.740    99M / 229M  INFO   DatasetProcessor         (dataset_processor.cpp     : 243)   Contig NODE_17_length_47785_cov_12.874292 processed with 0 changes in thread 6
  0:00:14.742    98M / 230M  INFO   DatasetProcessor         (dataset_processor.cpp     : 243)   Contig NODE_20_length_43553_cov_11.604960 processed with 0 changes in thread 8
  0:00:14.747    95M / 233M  INFO   DatasetProcessor         (dataset_processor.cpp     : 243)   Contig NODE_28_length_36270_cov_11.029439 processed with 0 changes in thread 7
  0:00:14.748    94M / 233M  INFO   DatasetProcessor         (dataset_processor.cpp     : 243)   Contig NODE_25_length_38963_cov_11.716603 processed with 0 changes in thread 15
  0:00:14.752    93M / 233M  INFO   DatasetProcessor         (dataset_processor.cpp     : 243)   Contig NODE_21_length_43149_cov_11.425898 processed with 0 changes in thread 12
  0:00:14.758   102M / 233M  INFO   DatasetProcessor         (dataset_processor.cpp     : 243)   Contig NODE_2_length_80412_cov_14.437429 processed with 8 changes in thread 1
  0:00:14.770   101M / 233M  INFO   DatasetProcessor         (dataset_processor.cpp     : 243)   Contig NODE_24_length_41466_cov_12.381286 processed with 0 changes in thread 11
  0:00:14.792   100M / 234M  INFO   DatasetProcessor         (dataset_processor.cpp     : 243)   Contig NODE_22_length_42911_cov_13.462346 processed with 0 changes in thread 14
  0:00:14.800    97M / 234M  INFO   DatasetProcessor         (dataset_processor.cpp     : 243)   Contig NODE_29_length_36088_cov_12.468535 processed with 0 changes in thread 2
  0:00:14.828    96M / 234M  INFO   DatasetProcessor         (dataset_processor.cpp     : 243)   Contig NODE_31_length_35412_cov_11.540230 processed with 0 changes in thread 5
  0:00:14.860    95M / 234M  INFO   DatasetProcessor         (dataset_processor.cpp     : 243)   Contig NODE_32_length_33734_cov_13.783051 processed with 0 changes in thread 4
  0:00:14.860    85M / 235M  INFO   DatasetProcessor         (dataset_processor.cpp     : 243)   Contig NODE_34_length_32314_cov_11.472240 processed with 0 changes in thread 0
  0:00:14.868    85M / 236M  INFO   DatasetProcessor         (dataset_processor.cpp     : 243)   Contig NODE_33_length_33232_cov_12.503398 processed with 0 changes in thread 9
  0:00:14.888    83M / 236M  INFO   DatasetProcessor         (dataset_processor.cpp     : 243)   Contig NODE_30_length_35466_cov_14.295424 processed with 3 changes in thread 10
  0:00:14.895    82M / 238M  INFO   DatasetProcessor         (dataset_processor.cpp     : 243)   Contig NODE_35_length_32043_cov_12.540638 processed with 0 changes in thread 13
  0:00:14.938    80M / 238M  INFO   DatasetProcessor         (dataset_processor.cpp     : 243)   Contig NODE_43_length_28538_cov_11.668685 processed with 5 changes in thread 11
  0:00:14.943    78M / 238M  INFO   DatasetProcessor         (dataset_processor.cpp     : 243)   Contig NODE_37_length_31907_cov_11.537162 processed with 0 changes in thread 6
  0:00:14.945    78M / 238M  INFO   DatasetProcessor         (dataset_processor.cpp     : 243)   Contig NODE_39_length_31289_cov_11.500802 processed with 1 changes in thread 7
  0:00:14.946    77M / 238M  INFO   DatasetProcessor         (dataset_processor.cpp     : 243)   Contig NODE_40_length_30073_cov_11.731917 processed with 0 changes in thread 15
  0:00:14.957    76M / 238M  INFO   DatasetProcessor         (dataset_processor.cpp     : 243)   Contig NODE_36_length_31956_cov_12.455497 processed with 0 changes in thread 3
  0:00:14.965    74M / 238M  INFO   DatasetProcessor         (dataset_processor.cpp     : 243)   Contig NODE_41_length_29529_cov_12.914394 processed with 0 changes in thread 12
  0:00:14.969    74M / 238M  INFO   DatasetProcessor         (dataset_processor.cpp     : 243)   Contig NODE_46_length_27848_cov_11.695357 processed with 0 changes in thread 5
  0:00:14.979    72M / 238M  INFO   DatasetProcessor         (dataset_processor.cpp     : 243)   Contig NODE_44_length_28405_cov_11.772509 processed with 0 changes in thread 14
  0:00:14.980    71M / 238M  INFO   DatasetProcessor         (dataset_processor.cpp     : 243)   Contig NODE_38_length_31793_cov_13.205394 processed with 0 changes in thread 8
  0:00:14.981    65M / 238M  INFO   DatasetProcessor         (dataset_processor.cpp     : 243)   Contig NODE_42_length_28743_cov_13.831039 processed with 7 changes in thread 1
  0:00:14.984    64M / 238M  INFO   DatasetProcessor         (dataset_processor.cpp     : 243)   Contig NODE_45_length_28322_cov_11.760419 processed with 0 changes in thread 2
  0:00:15.008    63M / 238M  INFO   DatasetProcessor         (dataset_processor.cpp     : 243)   Contig NODE_49_length_25908_cov_12.234475 processed with 0 changes in thread 9
  0:00:15.012    63M / 238M  INFO   DatasetProcessor         (dataset_processor.cpp     : 243)   Contig NODE_47_length_27511_cov_13.272824 processed with 0 changes in thread 4
  0:00:15.017    62M / 238M  INFO   DatasetProcessor         (dataset_processor.cpp     : 243)   Contig NODE_48_length_27209_cov_13.396278 processed with 1 changes in thread 0
  0:00:15.031    62M / 238M  INFO   DatasetProcessor         (dataset_processor.cpp     : 243)   Contig NODE_51_length_25410_cov_12.455563 processed with 0 changes in thread 13
  0:00:15.049    60M / 238M  INFO   DatasetProcessor         (dataset_processor.cpp     : 243)   Contig NODE_50_length_25773_cov_11.256414 processed with 0 changes in thread 10
  0:00:15.093    60M / 238M  INFO   DatasetProcessor         (dataset_processor.cpp     : 243)   Contig NODE_58_length_24169_cov_12.238000 processed with 0 changes in thread 5
  0:00:15.113    59M / 238M  INFO   DatasetProcessor         (dataset_processor.cpp     : 243)   Contig NODE_53_length_25076_cov_12.181490 processed with 0 changes in thread 6
  0:00:15.119    58M / 238M  INFO   DatasetProcessor         (dataset_processor.cpp     : 243)   Contig NODE_60_length_23508_cov_10.846713 processed with 0 changes in thread 8
  0:00:15.120    58M / 238M  INFO   DatasetProcessor         (dataset_processor.cpp     : 243)   Contig NODE_64_length_21994_cov_11.829561 processed with 0 changes in thread 4
  0:00:15.120    58M / 238M  INFO   DatasetProcessor         (dataset_processor.cpp     : 243)   Contig NODE_63_length_22623_cov_11.430877 processed with 1 changes in thread 9
  0:00:15.124    57M / 238M  INFO   DatasetProcessor         (dataset_processor.cpp     : 243)   Contig NODE_54_length_25039_cov_12.692076 processed with 0 changes in thread 7
  0:00:15.126    56M / 238M  INFO   DatasetProcessor         (dataset_processor.cpp     : 243)   Contig NODE_52_length_25245_cov_13.157059 processed with 0 changes in thread 11
  0:00:15.130    56M / 238M  INFO   DatasetProcessor         (dataset_processor.cpp     : 243)   Contig NODE_56_length_24441_cov_13.020688 processed with 0 changes in thread 3
  0:00:15.133    55M / 238M  INFO   DatasetProcessor         (dataset_processor.cpp     : 243)   Contig NODE_55_length_24977_cov_13.607565 processed with 0 changes in thread 15
  0:00:15.140    54M / 238M  INFO   DatasetProcessor         (dataset_processor.cpp     : 243)   Contig NODE_61_length_23440_cov_12.202848 processed with 0 changes in thread 1
  0:00:15.141    54M / 238M  INFO   DatasetProcessor         (dataset_processor.cpp     : 243)   Contig NODE_65_length_21764_cov_13.477608 processed with 0 changes in thread 0
  0:00:15.145    53M / 238M  INFO   DatasetProcessor         (dataset_processor.cpp     : 243)   Contig NODE_59_length_24138_cov_12.163467 processed with 0 changes in thread 14
  0:00:15.146    53M / 238M  INFO   DatasetProcessor         (dataset_processor.cpp     : 243)   Contig NODE_57_length_24268_cov_13.393604 processed with 0 changes in thread 12
  0:00:15.148    53M / 238M  INFO   DatasetProcessor         (dataset_processor.cpp     : 243)   Contig NODE_62_length_22736_cov_12.939051 processed with 0 changes in thread 2
  0:00:15.156    52M / 238M  INFO   DatasetProcessor         (dataset_processor.cpp     : 243)   Contig NODE_66_length_21671_cov_13.010490 processed with 2 changes in thread 13
  0:00:15.190    52M / 238M  INFO   DatasetProcessor         (dataset_processor.cpp     : 243)   Contig NODE_67_length_21650_cov_11.537193 processed with 1 changes in thread 10
  0:00:15.199    51M / 238M  INFO   DatasetProcessor         (dataset_processor.cpp     : 243)   Contig NODE_68_length_21356_cov_11.491121 processed with 3 changes in thread 5
  0:00:15.218    51M / 238M  INFO   DatasetProcessor         (dataset_processor.cpp     : 243)   Contig NODE_71_length_20918_cov_11.217065 processed with 0 changes in thread 4
  0:00:15.236    51M / 238M  INFO   DatasetProcessor         (dataset_processor.cpp     : 243)   Contig NODE_72_length_20575_cov_12.769611 processed with 0 changes in thread 9
  0:00:15.251    50M / 238M  INFO   DatasetProcessor         (dataset_processor.cpp     : 243)   Contig NODE_73_length_20519_cov_10.770645 processed with 0 changes in thread 7
  0:00:15.267    50M / 239M  INFO   DatasetProcessor         (dataset_processor.cpp     : 243)   Contig NODE_69_length_21261_cov_13.316646 processed with 0 changes in thread 6
  0:00:15.280    49M / 240M  INFO   DatasetProcessor         (dataset_processor.cpp     : 243)   Contig NODE_74_length_20328_cov_13.185387 processed with 0 changes in thread 11
  0:00:15.779    49M / 244M  INFO   DatasetProcessor         (dataset_processor.cpp     : 243)   Contig NODE_70_length_21115_cov_59.186345 processed with 100 changes in thread 8
  0:00:15.807     7M / 245M  INFO   DatasetProcessor         (dataset_processor.cpp     : 247)   Gluing processed contigs
  0:00:15.822     1M / 245M  INFO    General                 (main.cpp                  :  72)   Correcting time: 0 hours 0 minutes 15 seconds

===== Mismatch correction scaffolds finished. 


===== Mismatch correction finished. 


===== Breaking scaffolds started. 


== Running: /data/djs217/anaconda3/envs/spades-env/bin/python /data/djs217/anaconda3/envs/spades-env/share/spades/spades_pipeline/scripts/breaking_scaffolds_script.py --result_scaffolds_filename /data/djs217/PROJECTS/10_X_fragariae_feb_2024/04_spades/NCPPB_3743.spades/scaffolds.fasta --misc_dir /data/djs217/PROJECTS/10_X_fragariae_feb_2024/04_spades/NCPPB_3743.spades/misc --threshold_for_breaking_scaffolds 3


===== Breaking scaffolds finished. 


===== Terminate started. 


===== Terminate finished. 

 * Corrected reads are in /data/djs217/PROJECTS/10_X_fragariae_feb_2024/04_spades/NCPPB_3743.spades/corrected/
 * Assembled contigs are in /data/djs217/PROJECTS/10_X_fragariae_feb_2024/04_spades/NCPPB_3743.spades/contigs.fasta
 * Assembled scaffolds are in /data/djs217/PROJECTS/10_X_fragariae_feb_2024/04_spades/NCPPB_3743.spades/scaffolds.fasta
 * Paths in the assembly graph corresponding to the contigs are in /data/djs217/PROJECTS/10_X_fragariae_feb_2024/04_spades/NCPPB_3743.spades/contigs.paths
 * Paths in the assembly graph corresponding to the scaffolds are in /data/djs217/PROJECTS/10_X_fragariae_feb_2024/04_spades/NCPPB_3743.spades/scaffolds.paths
 * Assembly graph is in /data/djs217/PROJECTS/10_X_fragariae_feb_2024/04_spades/NCPPB_3743.spades/assembly_graph.fastg
 * Assembly graph in GFA format is in /data/djs217/PROJECTS/10_X_fragariae_feb_2024/04_spades/NCPPB_3743.spades/assembly_graph_with_scaffolds.gfa

======= SPAdes pipeline finished WITH WARNINGS!

=== Error correction and assembling warnings:
 * 0:00:08.105    45M / 2108M WARN    General                 (pair_info_count.cpp       : 376)   Estimated mean insert size 292.089 is very small compared to read length 301
======= Warnings saved to /data/djs217/PROJECTS/10_X_fragariae_feb_2024/04_spades/NCPPB_3743.spades/warnings.log

SPAdes log can be found here: /data/djs217/PROJECTS/10_X_fragariae_feb_2024/04_spades/NCPPB_3743.spades/spades.log

Thank you for using SPAdes!
