Command line: /data/djs217/anaconda3/envs/spades-env/bin/spades.py	--careful	-o	/data/djs217/PROJECTS/10_X_fragariae_feb_2024/04_spades/NCPPB_3028.spades	-1	/data/djs217/PROJECTS/10_X_fragariae_feb_2024/04_spades/NCPPB_3028.1_val_1.fq.gz	-2	/data/djs217/PROJECTS/10_X_fragariae_feb_2024/04_spades/NCPPB_3028.2_val_2.fq.gz	

System information:
  SPAdes version: 3.15.5
  Python version: 3.12.0
  OS: Linux-5.15.0-91-generic-x86_64-with-glibc2.35

Output dir: /data/djs217/PROJECTS/10_X_fragariae_feb_2024/04_spades/NCPPB_3028.spades
Mode: read error correction and assembling
Debug mode is turned OFF

Dataset parameters:
  Standard mode
  For multi-cell/isolate data we recommend to use '--isolate' option; for single-cell MDA data use '--sc'; for metagenomic data use '--meta'; for RNA-Seq use '--rna'.
  Reads:
    Library number: 1, library type: paired-end
      orientation: fr
      left reads: ['/data/djs217/PROJECTS/10_X_fragariae_feb_2024/04_spades/NCPPB_3028.1_val_1.fq.gz']
      right reads: ['/data/djs217/PROJECTS/10_X_fragariae_feb_2024/04_spades/NCPPB_3028.2_val_2.fq.gz']
      interlaced reads: not specified
      single reads: not specified
      merged reads: not specified
Read error correction parameters:
  Iterations: 1
  PHRED offset will be auto-detected
  Corrected reads will be compressed
Assembly parameters:
  k: automatic selection based on read length
  Repeat resolution is enabled
  Mismatch careful mode is turned ON
  MismatchCorrector will be used
  Coverage cutoff is turned OFF
Other parameters:
  Dir for temp files: /data/djs217/PROJECTS/10_X_fragariae_feb_2024/04_spades/NCPPB_3028.spades/tmp
  Threads: 16
  Memory limit (in Gb): 62


======= SPAdes pipeline started. Log can be found here: /data/djs217/PROJECTS/10_X_fragariae_feb_2024/04_spades/NCPPB_3028.spades/spades.log

/data/djs217/PROJECTS/10_X_fragariae_feb_2024/04_spades/NCPPB_3028.1_val_1.fq.gz: max reads length: 301
/data/djs217/PROJECTS/10_X_fragariae_feb_2024/04_spades/NCPPB_3028.2_val_2.fq.gz: max reads length: 301

Reads length: 301

Default k-mer sizes were set to [21, 33, 55, 77, 99, 127] because estimated read length (301) is equal to or greater than 250

===== Before start started. 


===== Read error correction started. 


===== Read error correction started. 


== Running: /data/djs217/anaconda3/envs/spades-env/bin/spades-hammer /data/djs217/PROJECTS/10_X_fragariae_feb_2024/04_spades/NCPPB_3028.spades/corrected/configs/config.info

  0:00:00.000     1M / 19M   INFO    General                 (main.cpp                  :  75)   Starting BayesHammer, built from N/A, git revision N/A
  0:00:00.002     1M / 19M   INFO    General                 (main.cpp                  :  76)   Loading config from /data/djs217/PROJECTS/10_X_fragariae_feb_2024/04_spades/NCPPB_3028.spades/corrected/configs/config.info
  0:00:00.003     1M / 19M   INFO    General                 (main.cpp                  :  78)   Maximum # of threads to use (adjusted due to OMP capabilities): 16
  0:00:00.003     1M / 19M   INFO    General                 (memory_limit.cpp          :  54)   Memory limit set to 62 Gb
  0:00:00.003     1M / 19M   INFO    General                 (main.cpp                  :  86)   Trying to determine PHRED offset
  0:00:00.006     1M / 19M   INFO    General                 (main.cpp                  :  92)   Determined value is 33
  0:00:00.007     1M / 19M   INFO    General                 (hammer_tools.cpp          :  38)   Hamming graph threshold tau=1, k=21, subkmer positions = [ 0 10 ]
  0:00:00.007     1M / 19M   INFO    General                 (main.cpp                  : 113)   Size of aux. kmer data 24 bytes
     === ITERATION 0 begins ===
  0:00:00.007     1M / 19M   INFO    General                 (kmer_index_builder.hpp    : 243)   Splitting kmer instances into 16 files using 16 threads. This might take a while.
  0:00:00.007     1M / 19M   INFO    General                 (file_limit.hpp            :  42)   Open file limit set to 1024
  0:00:00.007     1M / 19M   INFO    General                 (kmer_splitter.hpp         :  93)   Memory available for splitting buffers: 1.29166 Gb
  0:00:00.007     1M / 19M   INFO    General                 (kmer_splitter.hpp         : 101)   Using cell size of 4194304
  0:00:00.010  9217M / 9217M INFO   K-mer Splitting          (kmer_data.cpp             :  97)   Processing /data/djs217/PROJECTS/10_X_fragariae_feb_2024/04_spades/NCPPB_3028.1_val_1.fq.gz
  0:00:04.695  9217M / 9217M INFO   K-mer Splitting          (kmer_data.cpp             : 107)   Processed 622093 reads
  0:00:04.695  9217M / 9217M INFO   K-mer Splitting          (kmer_data.cpp             :  97)   Processing /data/djs217/PROJECTS/10_X_fragariae_feb_2024/04_spades/NCPPB_3028.2_val_2.fq.gz
  0:00:08.192  9217M / 9217M INFO   K-mer Splitting          (kmer_data.cpp             : 107)   Processed 1244186 reads
  0:00:08.192  9217M / 9217M INFO   K-mer Splitting          (kmer_data.cpp             : 112)   Total 1244186 reads processed
  0:00:08.192     1M / 3526M INFO    General                 (kmer_index_builder.hpp    : 249)   Starting k-mer counting.
  0:00:08.380     1M / 3526M INFO    General                 (kmer_index_builder.hpp    : 260)   K-mer counting done. There are 20484776 kmers in total.
  0:00:08.381     1M / 3526M INFO   K-mer Index Building     (kmer_index_builder.hpp    : 395)   Building perfect hash indices
  0:00:08.554    15M / 3526M INFO   K-mer Index Building     (kmer_index_builder.hpp    : 431)   Index built. Total 20484776 kmers, 14807400 bytes occupied (5.78279 bits per kmer).
  0:00:08.554    15M / 3526M INFO   K-mer Counting           (kmer_data.cpp             : 354)   Arranging kmers in hash map order
  0:00:09.020   336M / 3526M INFO    General                 (main.cpp                  : 148)   Clustering Hamming graph.
  0:00:14.500   336M / 3526M INFO    General                 (main.cpp                  : 155)   Extracting clusters:
  0:00:14.500   336M / 3526M INFO    General                 (concurrent_dsu.cpp        :  18)   Connecting to root
  0:00:14.534   336M / 3526M INFO    General                 (concurrent_dsu.cpp        :  34)   Calculating counts
  0:00:15.664   608M / 3526M INFO    General                 (concurrent_dsu.cpp        :  63)   Writing down entries
  0:00:17.462   336M / 3526M INFO    General                 (main.cpp                  : 167)   Clustering done. Total clusters: 8489203
  0:00:17.471   176M / 3526M INFO   K-mer Counting           (kmer_data.cpp             : 371)   Collecting K-mer information, this takes a while.
  0:00:17.644   648M / 3526M INFO   K-mer Counting           (kmer_data.cpp             : 377)   Processing /data/djs217/PROJECTS/10_X_fragariae_feb_2024/04_spades/NCPPB_3028.1_val_1.fq.gz
  0:00:24.066   648M / 3526M INFO   K-mer Counting           (kmer_data.cpp             : 377)   Processing /data/djs217/PROJECTS/10_X_fragariae_feb_2024/04_spades/NCPPB_3028.2_val_2.fq.gz
  0:00:29.034   648M / 3526M INFO   K-mer Counting           (kmer_data.cpp             : 384)   Collection done, postprocessing.
  0:00:29.106   648M / 3526M INFO   K-mer Counting           (kmer_data.cpp             : 397)   There are 20484776 kmers in total. Among them 11742330 (57.3222%) are singletons.
  0:00:29.106   648M / 3526M INFO    General                 (main.cpp                  : 173)   Subclustering Hamming graph
  0:00:31.252   648M / 3526M INFO   Hamming Subclustering    (kmer_cluster.cpp          : 650)   Subclustering done. Total 15 non-read kmers were generated.
  0:00:31.252   648M / 3526M INFO   Hamming Subclustering    (kmer_cluster.cpp          : 651)   Subclustering statistics:
  0:00:31.252   648M / 3526M INFO   Hamming Subclustering    (kmer_cluster.cpp          : 652)     Total singleton hamming clusters: 2760996. Among them 2005394 (72.633%) are good
  0:00:31.252   648M / 3526M INFO   Hamming Subclustering    (kmer_cluster.cpp          : 653)     Total singleton subclusters: 39813. Among them 39447 (99.0807%) are good
  0:00:31.253   648M / 3526M INFO   Hamming Subclustering    (kmer_cluster.cpp          : 654)     Total non-singleton subcluster centers: 5842513. Among them 4225821 (72.3288%) are good
  0:00:31.253   648M / 3526M INFO   Hamming Subclustering    (kmer_cluster.cpp          : 655)     Average size of non-trivial subcluster: 3.03359 kmers
  0:00:31.253   648M / 3526M INFO   Hamming Subclustering    (kmer_cluster.cpp          : 656)     Average number of sub-clusters per non-singleton cluster: 1.02691
  0:00:31.253   648M / 3526M INFO   Hamming Subclustering    (kmer_cluster.cpp          : 657)     Total solid k-mers: 6270662
  0:00:31.253   648M / 3526M INFO   Hamming Subclustering    (kmer_cluster.cpp          : 658)     Substitution probabilities: [4,4]((0.936841,0.0329042,0.0187614,0.0114939),(0.0179191,0.961051,0.0080881,0.0129417),(0.0129192,0.00807469,0.961062,0.0179437),(0.011476,0.0187372,0.0328653,0.936922))
  0:00:31.263   648M / 3526M INFO    General                 (main.cpp                  : 178)   Finished clustering.
  0:00:31.263   648M / 3526M INFO    General                 (main.cpp                  : 197)   Starting solid k-mers expansion in 16 threads.
  0:00:35.306   648M / 3526M INFO    General                 (main.cpp                  : 218)   Solid k-mers iteration 0 produced 41474 new k-mers.
  0:00:39.349   648M / 3526M INFO    General                 (main.cpp                  : 218)   Solid k-mers iteration 1 produced 1446 new k-mers.
  0:00:43.390   648M / 3526M INFO    General                 (main.cpp                  : 218)   Solid k-mers iteration 2 produced 80 new k-mers.
  0:00:47.435   648M / 3526M INFO    General                 (main.cpp                  : 218)   Solid k-mers iteration 3 produced 51 new k-mers.
  0:00:51.496   648M / 3526M INFO    General                 (main.cpp                  : 218)   Solid k-mers iteration 4 produced 0 new k-mers.
  0:00:51.496   648M / 3526M INFO    General                 (main.cpp                  : 222)   Solid k-mers finalized
  0:00:51.497   648M / 3526M INFO    General                 (hammer_tools.cpp          : 222)   Starting read correction in 16 threads.
  0:00:51.497   648M / 3526M INFO    General                 (hammer_tools.cpp          : 235)   Correcting pair of reads: /data/djs217/PROJECTS/10_X_fragariae_feb_2024/04_spades/NCPPB_3028.1_val_1.fq.gz and /data/djs217/PROJECTS/10_X_fragariae_feb_2024/04_spades/NCPPB_3028.2_val_2.fq.gz
  0:00:55.173  1551M / 3526M INFO    General                 (hammer_tools.cpp          : 170)   Prepared batch 0 of 622093 reads.
  0:00:59.001  1608M / 3526M INFO    General                 (hammer_tools.cpp          : 177)   Processed batch 0
  0:00:59.899  1608M / 3526M INFO    General                 (hammer_tools.cpp          : 187)   Written batch 0
  0:01:00.119   648M / 3526M INFO    General                 (hammer_tools.cpp          : 276)   Correction done. Changed 374054 bases in 280796 reads.
  0:01:00.132   648M / 3526M INFO    General                 (hammer_tools.cpp          : 277)   Failed to correct 58 bases out of 230312525.
  0:01:00.165     1M / 3526M INFO    General                 (main.cpp                  : 255)   Saving corrected dataset description to /data/djs217/PROJECTS/10_X_fragariae_feb_2024/04_spades/NCPPB_3028.spades/corrected/corrected.yaml
  0:01:00.165     1M / 3526M INFO    General                 (main.cpp                  : 262)   All done. Exiting.

===== Read error correction finished. 


===== corrected reads compression started. 


== Running: /data/djs217/anaconda3/envs/spades-env/bin/python /data/djs217/anaconda3/envs/spades-env/share/spades/spades_pipeline/scripts/compress_all.py --input_file /data/djs217/PROJECTS/10_X_fragariae_feb_2024/04_spades/NCPPB_3028.spades/corrected/corrected.yaml --ext_python_modules_home /data/djs217/anaconda3/envs/spades-env/share/spades --max_threads 16 --output_dir /data/djs217/PROJECTS/10_X_fragariae_feb_2024/04_spades/NCPPB_3028.spades/corrected --gzip_output

== Compressing corrected reads (with pigz)
== Files to compress: ['/data/djs217/PROJECTS/10_X_fragariae_feb_2024/04_spades/NCPPB_3028.spades/corrected/NCPPB_3028.1_val_1.fq.00.0_0.cor.fastq', '/data/djs217/PROJECTS/10_X_fragariae_feb_2024/04_spades/NCPPB_3028.spades/corrected/NCPPB_3028.2_val_2.fq.00.0_0.cor.fastq', '/data/djs217/PROJECTS/10_X_fragariae_feb_2024/04_spades/NCPPB_3028.spades/corrected/NCPPB_3028._unpaired.00.0_0.cor.fastq']
== Files compression is finished
== Dataset yaml file is updated

===== corrected reads compression finished. 


===== Read error correction finished. 


===== Assembling started. 


===== K21 started. 


== Running: /data/djs217/anaconda3/envs/spades-env/bin/spades-core /data/djs217/PROJECTS/10_X_fragariae_feb_2024/04_spades/NCPPB_3028.spades/K21/configs/config.info /data/djs217/PROJECTS/10_X_fragariae_feb_2024/04_spades/NCPPB_3028.spades/K21/configs/careful_mode.info

  0:00:00.000     1M / 19M   INFO    General                 (main.cpp                  :  99)   Loaded config from /data/djs217/PROJECTS/10_X_fragariae_feb_2024/04_spades/NCPPB_3028.spades/K21/configs/config.info
  0:00:00.002     1M / 19M   INFO    General                 (main.cpp                  :  99)   Loaded config from /data/djs217/PROJECTS/10_X_fragariae_feb_2024/04_spades/NCPPB_3028.spades/K21/configs/careful_mode.info
  0:00:00.002     1M / 19M   INFO    General                 (memory_limit.cpp          :  54)   Memory limit set to 62 Gb
  0:00:00.003     1M / 19M   INFO    General                 (main.cpp                  : 107)   Starting SPAdes, built from N/A, git revision N/A
  0:00:00.003     1M / 19M   INFO    General                 (main.cpp                  : 108)   Maximum k-mer length: 128
  0:00:00.003     1M / 19M   INFO    General                 (main.cpp                  : 109)   Assembling dataset (/data/djs217/PROJECTS/10_X_fragariae_feb_2024/04_spades/NCPPB_3028.spades/dataset.info) with K=21
  0:00:00.003     1M / 19M   INFO    General                 (main.cpp                  : 110)   Maximum # of threads to use (adjusted due to OMP capabilities): 16
  0:00:00.003     1M / 19M   INFO    General                 (pipeline.cpp              : 212)   SPAdes started
  0:00:00.004     1M / 19M   INFO    General                 (pipeline.cpp              : 225)   Starting from stage: read_conversion
  0:00:00.004     1M / 19M   INFO    General                 (pipeline.cpp              : 231)   Two-step repeat resolution disabled
  0:00:00.004     1M / 19M   INFO   GraphCore                (graph_core.hpp            : 672)   Graph created, vertex min_id: 3, edge min_id: 3
  0:00:00.004     1M / 19M   INFO   GraphCore                (graph_core.hpp            : 673)   Vertex size: 48, edge size: 40
  0:00:00.004     1M / 19M   INFO    General                 (edge_index.hpp            : 113)   Size of edge index entries: 12/8
  0:00:00.005     1M / 19M   INFO   StageManager             (stage.cpp                 : 185)   STAGE == Binary Read Conversion (id: read_conversion)
  0:00:00.006     1M / 19M   INFO    General                 (read_converter.cpp        :  72)   Converting reads to binary format for library #0 (takes a while)
  0:00:00.006     1M / 19M   INFO    General                 (read_converter.cpp        :  73)   Converting paired reads
  0:00:00.753    69M / 108M  INFO    General                 (binary_converter.cpp      :  96)   16384 reads processed
  0:00:00.771    75M / 120M  INFO    General                 (binary_converter.cpp      :  96)   32768 reads processed
  0:00:00.807    88M / 143M  INFO    General                 (binary_converter.cpp      :  96)   65536 reads processed
  0:00:01.049    75M / 197M  INFO    General                 (binary_converter.cpp      :  96)   131072 reads processed
  0:00:01.599    87M / 257M  INFO    General                 (binary_converter.cpp      :  96)   262144 reads processed
  0:00:02.504    72M / 301M  INFO    General                 (binary_converter.cpp      :  96)   524288 reads processed
  0:00:03.150    63M / 308M  INFO    General                 (binary_converter.cpp      : 111)   620686 reads written
  0:00:03.150    41M / 308M  INFO    General                 (read_converter.cpp        :  86)   Converting single reads
  0:00:03.211    71M / 309M  INFO    General                 (binary_converter.cpp      : 111)   1395 reads written
  0:00:03.212    61M / 309M  INFO    General                 (read_converter.cpp        :  92)   Converting merged reads
  0:00:03.213    71M / 309M  INFO    General                 (binary_converter.cpp      : 111)   0 reads written
  0:00:03.235     1M / 310M  INFO   StageManager             (stage.cpp                 : 185)   STAGE == de Bruijn graph construction (id: construction)
  0:00:03.248     1M / 310M  INFO    General                 (construction.cpp          : 153)   Max read length 301
  0:00:03.248     1M / 310M  INFO    General                 (construction.cpp          : 159)   Average read length 185.296
  0:00:03.248     1M / 310M  INFO    General                 (stage.cpp                 : 117)   PROCEDURE == k+1-mer counting (id: construction:kpomer_counting)
  0:00:03.248     1M / 310M  INFO    General                 (kmer_index_builder.hpp    : 243)   Splitting kmer instances into 160 files using 16 threads. This might take a while.
  0:00:03.249     1M / 310M  INFO    General                 (file_limit.hpp            :  42)   Open file limit set to 1024
  0:00:03.249     1M / 310M  INFO    General                 (kmer_splitter.hpp         :  93)   Memory available for splitting buffers: 1.29165 Gb
  0:00:03.249     1M / 310M  INFO    General                 (kmer_splitter.hpp         : 101)   Using cell size of 419430
  0:00:05.331  9601M / 9601M INFO    General                 (kmer_splitters.hpp        : 125)   Processed 2485534 reads
  0:00:05.334     1M / 1924M INFO    General                 (kmer_splitters.hpp        : 131)   Used 2485534 reads
  0:00:05.437     1M / 1924M INFO    General                 (kmer_index_builder.hpp    : 249)   Starting k-mer counting.
  0:00:05.479     1M / 1924M INFO    General                 (kmer_index_builder.hpp    : 260)   K-mer counting done. There are 4083978 kmers in total.
  0:00:05.480     1M / 1924M INFO    General                 (stage.cpp                 : 117)   PROCEDURE == Extension index construction (id: construction:extension_index_construction)
  0:00:05.481     1M / 1924M INFO   K-mer Index Building     (kmer_index_builder.hpp    : 438)   Building kmer index
  0:00:05.481     1M / 1924M INFO    General                 (kmer_index_builder.hpp    : 243)   Splitting kmer instances into 160 files using 16 threads. This might take a while.
  0:00:05.481     1M / 1924M INFO    General                 (file_limit.hpp            :  42)   Open file limit set to 1024
  0:00:05.482     1M / 1924M INFO    General                 (kmer_splitter.hpp         :  93)   Memory available for splitting buffers: 1.29165 Gb
  0:00:05.482     1M / 1924M INFO    General                 (kmer_splitter.hpp         : 101)   Using cell size of 419430
  0:00:05.656  9601M / 9601M INFO    General                 (kmer_splitters.hpp        : 194)   Processed 4083978 kmers
  0:00:05.656  9601M / 9601M INFO    General                 (kmer_splitters.hpp        : 199)   Used 4083978 kmers.
  0:00:05.659     1M / 1924M INFO    General                 (kmer_index_builder.hpp    : 249)   Starting k-mer counting.
  0:00:05.694     1M / 1924M INFO    General                 (kmer_index_builder.hpp    : 260)   K-mer counting done. There are 4076754 kmers in total.
  0:00:05.694     1M / 1924M INFO   K-mer Index Building     (kmer_index_builder.hpp    : 395)   Building perfect hash indices
  0:00:05.740     5M / 1924M INFO   K-mer Index Building     (kmer_index_builder.hpp    : 431)   Index built. Total 4076754 kmers, 3064936 bytes occupied (6.01446 bits per kmer).
  0:00:05.740     5M / 1924M INFO    General                 (kmer_index_builder.hpp    : 169)   Merging final buckets.
  0:00:05.839     9M / 1924M INFO   DeBruijnExtensionIndexBu (kmer_extension_index_build: 100)   Building k-mer extensions from k+1-mers
  0:00:05.969     9M / 1924M INFO   DeBruijnExtensionIndexBu (kmer_extension_index_build: 105)   Building k-mer extensions from k+1-mers finished.
  0:00:05.975     9M / 1924M INFO    General                 (stage.cpp                 : 117)   PROCEDURE == Early tip clipping (id: construction:early_tip_clipper)
  0:00:05.976     9M / 1924M INFO    General                 (construction.cpp          : 301)   Early tip clipper length bound set as (RL - K)
  0:00:05.976     9M / 1924M INFO   Early tip clipping       (early_simplification.hpp  :  47)   Early tip clipping
  0:00:06.041     9M / 1924M INFO   Early tip clipping       (early_simplification.hpp  :  82)   #tipped junctions: 7611
  0:00:06.041     9M / 1924M INFO   Early tip clipping       (early_simplification.hpp  :  93)   Clipped tips: 7627
  0:00:06.046     9M / 1924M INFO   Early tip clipping       (early_simplification.hpp  :  49)   69293 22-mers were removed by early tip clipper
  0:00:06.047     9M / 1924M INFO    General                 (stage.cpp                 : 117)   PROCEDURE == Condensing graph (id: construction:graph_condensing)
  0:00:06.047     9M / 1924M INFO   UnbranchingPathExtractor (debruijn_graph_constructor: 354)   Extracting unbranching paths
  0:00:06.154    11M / 1924M INFO   UnbranchingPathExtractor (debruijn_graph_constructor: 373)   Extracting unbranching paths finished. 21975 sequences extracted
  0:00:06.242    10M / 1924M INFO   UnbranchingPathExtractor (debruijn_graph_constructor: 309)   Collecting perfect loops
  0:00:06.266    11M / 1924M INFO   UnbranchingPathExtractor (debruijn_graph_constructor: 342)   Collecting perfect loops finished. 2 loops collected
  0:00:06.274    10M / 1924M INFO    General                 (debruijn_graph_constructor: 487)   Total 43954 edges to create
  0:00:06.274    12M / 1924M INFO    General                 (debruijn_graph_constructor: 489)   Collecting link records
  0:00:06.300    13M / 1924M INFO    General                 (debruijn_graph_constructor: 491)   Ordering link records
  0:00:06.300    13M / 1924M INFO    General                 (debruijn_graph_constructor: 493)   Sorting done
  0:00:06.301    13M / 1924M INFO    General                 (debruijn_graph_constructor: 503)   Total 14753 vertices to create
  0:00:06.301    15M / 1924M INFO    General                 (debruijn_graph_constructor: 506)   Connecting the graph
  0:00:06.319    13M / 1924M INFO    General                 (stage.cpp                 : 117)   PROCEDURE == Filling coverage indices (PHM) (id: construction:coverage_filling_phm)
  0:00:06.319    13M / 1924M INFO   K-mer Index Building     (kmer_index_builder.hpp    : 395)   Building perfect hash indices
  0:00:06.361    17M / 1924M INFO   K-mer Index Building     (kmer_index_builder.hpp    : 431)   Index built. Total 4083978 kmers, 3070000 bytes occupied (6.01374 bits per kmer).
  0:00:06.364    33M / 1924M INFO    General                 (coverage_hash_map_builder.:  47)   Collecting k-mer coverage information from reads, this takes a while.
  0:00:08.106    33M / 1924M INFO    General                 (construction.cpp          : 430)   Filling coverage and flanking coverage from PHM
  0:00:08.197    33M / 1924M INFO    General                 (coverage_filling.hpp      :  82)   Processed 43873 edges
  0:00:08.215     5M / 1924M INFO   StageManager             (stage.cpp                 : 185)   STAGE == EC Threshold Finding (id: ec_threshold_finder)
  0:00:08.216     5M / 1924M INFO    General                 (kmer_coverage_model.cpp   : 181)   Kmer coverage valley at: 9
  0:00:08.216     5M / 1924M INFO    General                 (kmer_coverage_model.cpp   : 201)   K-mer histogram maximum: 45
  0:00:08.216     5M / 1924M INFO    General                 (kmer_coverage_model.cpp   : 237)   Estimated median coverage: 47. Coverage mad: 13.3434
  0:00:08.216     5M / 1924M INFO    General                 (kmer_coverage_model.cpp   : 259)   Fitting coverage model
  0:00:08.264     5M / 1924M INFO    General                 (kmer_coverage_model.cpp   : 295)   ... iteration 2
  0:00:08.356     5M / 1924M INFO    General                 (kmer_coverage_model.cpp   : 295)   ... iteration 4
  0:00:08.696     5M / 1924M INFO    General                 (kmer_coverage_model.cpp   : 295)   ... iteration 8
  0:00:08.954     5M / 1924M INFO    General                 (kmer_coverage_model.cpp   : 309)   Fitted mean coverage: 47.1941. Fitted coverage std. dev: 11.0086
  0:00:08.955     5M / 1924M INFO    General                 (kmer_coverage_model.cpp   : 334)   Probability of erroneous kmer at valley: 0.00208461
  0:00:08.955     5M / 1924M INFO    General                 (kmer_coverage_model.cpp   : 358)   Preliminary threshold calculated as: 9
  0:00:08.955     5M / 1924M INFO    General                 (kmer_coverage_model.cpp   : 362)   Threshold adjusted to: 9
  0:00:08.955     5M / 1924M INFO    General                 (kmer_coverage_model.cpp   : 375)   Estimated genome size (ignoring repeats): 3873240
  0:00:08.956     5M / 1924M INFO    General                 (genomic_info_filler.cpp   :  55)   Mean coverage was calculated as 47.1941
  0:00:08.956     5M / 1924M INFO    General                 (genomic_info_filler.cpp   :  70)   EC coverage threshold value was calculated as 9
  0:00:08.956     5M / 1924M INFO    General                 (genomic_info_filler.cpp   :  71)   Trusted kmer low bound: 0
  0:00:08.956     5M / 1924M INFO   StageManager             (stage.cpp                 : 185)   STAGE == Raw Simplification (id: raw_simplification)
  0:00:08.956     5M / 1924M INFO    General                 (simplification.cpp        : 127)   PROCEDURE == Initial cleaning
  0:00:08.956     5M / 1924M INFO    General                 (graph_simplification.hpp  : 662)   Flanking coverage based disconnection disabled
  0:00:08.956     5M / 1924M INFO   Simplification           (parallel_processing.hpp   : 167)   Running Self conjugate edge remover
  0:00:08.958     5M / 1924M INFO   Simplification           (parallel_processing.hpp   : 170)   Self conjugate edge remover triggered 0 times
  0:00:08.959     5M / 1924M INFO   StageManager             (stage.cpp                 : 185)   STAGE == Simplification (id: simplification)
  0:00:08.959     5M / 1924M INFO    General                 (simplification.cpp        : 368)   Graph simplification started
  0:00:08.959     5M / 1924M INFO    General                 (graph_simplification.hpp  : 634)   Creating parallel br instance
  0:00:08.959     5M / 1924M INFO    General                 (simplification.cpp        : 373)   PROCEDURE == Simplification cycle, iteration 1
  0:00:08.959     5M / 1924M INFO   Simplification           (parallel_processing.hpp   : 167)   Running Tip clipper
  0:00:08.961     5M / 1924M INFO   Simplification           (parallel_processing.hpp   : 170)   Tip clipper triggered 60 times
  0:00:08.961     5M / 1924M INFO   Simplification           (parallel_processing.hpp   : 167)   Running Bulge remover
  0:00:09.037     5M / 1924M INFO   Simplification           (parallel_processing.hpp   : 170)   Bulge remover triggered 2247 times
  0:00:09.037     5M / 1924M INFO   Simplification           (parallel_processing.hpp   : 167)   Running Low coverage edge remover
  0:00:09.038     6M / 1924M INFO   Simplification           (parallel_processing.hpp   : 170)   Low coverage edge remover triggered 0 times
  0:00:09.039     6M / 1924M INFO    General                 (simplification.cpp        : 373)   PROCEDURE == Simplification cycle, iteration 2
  0:00:09.039     6M / 1924M INFO   Simplification           (parallel_processing.hpp   : 167)   Running Tip clipper
  0:00:09.040     5M / 1924M INFO   Simplification           (parallel_processing.hpp   : 170)   Tip clipper triggered 2 times
  0:00:09.040     5M / 1924M INFO   Simplification           (parallel_processing.hpp   : 167)   Running Bulge remover
  0:00:09.040     5M / 1924M INFO   Simplification           (parallel_processing.hpp   : 170)   Bulge remover triggered 0 times
  0:00:09.040     5M / 1924M INFO   Simplification           (parallel_processing.hpp   : 167)   Running Low coverage edge remover
  0:00:09.077     6M / 1924M INFO   Simplification           (parallel_processing.hpp   : 170)   Low coverage edge remover triggered 2138 times
  0:00:09.078     6M / 1924M INFO    General                 (simplification.cpp        : 373)   PROCEDURE == Simplification cycle, iteration 3
  0:00:09.078     6M / 1924M INFO   Simplification           (parallel_processing.hpp   : 167)   Running Tip clipper
  0:00:09.078     5M / 1924M INFO   Simplification           (parallel_processing.hpp   : 170)   Tip clipper triggered 16 times
  0:00:09.079     5M / 1924M INFO   Simplification           (parallel_processing.hpp   : 167)   Running Bulge remover
  0:00:09.089     5M / 1924M INFO   Simplification           (parallel_processing.hpp   : 170)   Bulge remover triggered 211 times
  0:00:09.089     5M / 1924M INFO   Simplification           (parallel_processing.hpp   : 167)   Running Low coverage edge remover
  0:00:09.103     5M / 1924M INFO   Simplification           (parallel_processing.hpp   : 170)   Low coverage edge remover triggered 457 times
  0:00:09.103     5M / 1924M INFO    General                 (simplification.cpp        : 373)   PROCEDURE == Simplification cycle, iteration 4
  0:00:09.103     5M / 1924M INFO   Simplification           (parallel_processing.hpp   : 167)   Running Tip clipper
  0:00:09.103     5M / 1924M INFO   Simplification           (parallel_processing.hpp   : 170)   Tip clipper triggered 1 times
  0:00:09.104     5M / 1924M INFO   Simplification           (parallel_processing.hpp   : 167)   Running Bulge remover
  0:00:09.106     5M / 1924M INFO   Simplification           (parallel_processing.hpp   : 170)   Bulge remover triggered 70 times
  0:00:09.106     5M / 1924M INFO   Simplification           (parallel_processing.hpp   : 167)   Running Low coverage edge remover
  0:00:09.107     5M / 1924M INFO   Simplification           (parallel_processing.hpp   : 170)   Low coverage edge remover triggered 76 times
  0:00:09.107     5M / 1924M INFO    General                 (simplification.cpp        : 373)   PROCEDURE == Simplification cycle, iteration 5
  0:00:09.107     5M / 1924M INFO   Simplification           (parallel_processing.hpp   : 167)   Running Tip clipper
  0:00:09.108     5M / 1924M INFO   Simplification           (parallel_processing.hpp   : 170)   Tip clipper triggered 0 times
  0:00:09.108     5M / 1924M INFO   Simplification           (parallel_processing.hpp   : 167)   Running Bulge remover
  0:00:09.109     5M / 1924M INFO   Simplification           (parallel_processing.hpp   : 170)   Bulge remover triggered 27 times
  0:00:09.109     5M / 1924M INFO   Simplification           (parallel_processing.hpp   : 167)   Running Low coverage edge remover
  0:00:09.110     5M / 1924M INFO   Simplification           (parallel_processing.hpp   : 170)   Low coverage edge remover triggered 55 times
  0:00:09.110     5M / 1924M INFO    General                 (simplification.cpp        : 373)   PROCEDURE == Simplification cycle, iteration 6
  0:00:09.110     5M / 1924M INFO   Simplification           (parallel_processing.hpp   : 167)   Running Tip clipper
  0:00:09.110     5M / 1924M INFO   Simplification           (parallel_processing.hpp   : 170)   Tip clipper triggered 0 times
  0:00:09.110     5M / 1924M INFO   Simplification           (parallel_processing.hpp   : 167)   Running Bulge remover
  0:00:09.110     5M / 1924M INFO   Simplification           (parallel_processing.hpp   : 170)   Bulge remover triggered 7 times
  0:00:09.110     5M / 1924M INFO   Simplification           (parallel_processing.hpp   : 167)   Running Low coverage edge remover
  0:00:09.111     5M / 1924M INFO   Simplification           (parallel_processing.hpp   : 170)   Low coverage edge remover triggered 7 times
  0:00:09.111     5M / 1924M INFO    General                 (simplification.cpp        : 373)   PROCEDURE == Simplification cycle, iteration 7
  0:00:09.111     5M / 1924M INFO   Simplification           (parallel_processing.hpp   : 167)   Running Tip clipper
  0:00:09.111     5M / 1924M INFO   Simplification           (parallel_processing.hpp   : 170)   Tip clipper triggered 0 times
  0:00:09.111     5M / 1924M INFO   Simplification           (parallel_processing.hpp   : 167)   Running Bulge remover
  0:00:09.111     5M / 1924M INFO   Simplification           (parallel_processing.hpp   : 170)   Bulge remover triggered 3 times
  0:00:09.111     5M / 1924M INFO   Simplification           (parallel_processing.hpp   : 167)   Running Low coverage edge remover
  0:00:09.111     5M / 1924M INFO   Simplification           (parallel_processing.hpp   : 170)   Low coverage edge remover triggered 12 times
  0:00:09.111     5M / 1924M INFO    General                 (simplification.cpp        : 373)   PROCEDURE == Simplification cycle, iteration 8
  0:00:09.111     5M / 1924M INFO   Simplification           (parallel_processing.hpp   : 167)   Running Tip clipper
  0:00:09.112     5M / 1924M INFO   Simplification           (parallel_processing.hpp   : 170)   Tip clipper triggered 0 times
  0:00:09.112     5M / 1924M INFO   Simplification           (parallel_processing.hpp   : 167)   Running Bulge remover
  0:00:09.112     5M / 1924M INFO   Simplification           (parallel_processing.hpp   : 170)   Bulge remover triggered 1 times
  0:00:09.112     5M / 1924M INFO   Simplification           (parallel_processing.hpp   : 167)   Running Low coverage edge remover
  0:00:09.112     5M / 1924M INFO   Simplification           (parallel_processing.hpp   : 170)   Low coverage edge remover triggered 7 times
  0:00:09.112     5M / 1924M INFO    General                 (simplification.cpp        : 373)   PROCEDURE == Simplification cycle, iteration 9
  0:00:09.112     5M / 1924M INFO   Simplification           (parallel_processing.hpp   : 167)   Running Tip clipper
  0:00:09.112     5M / 1924M INFO   Simplification           (parallel_processing.hpp   : 170)   Tip clipper triggered 0 times
  0:00:09.112     5M / 1924M INFO   Simplification           (parallel_processing.hpp   : 167)   Running Bulge remover
  0:00:09.112     5M / 1924M INFO   Simplification           (parallel_processing.hpp   : 170)   Bulge remover triggered 1 times
  0:00:09.112     5M / 1924M INFO   Simplification           (parallel_processing.hpp   : 167)   Running Low coverage edge remover
  0:00:09.112     5M / 1924M INFO   Simplification           (parallel_processing.hpp   : 170)   Low coverage edge remover triggered 1 times
  0:00:09.112     5M / 1924M INFO    General                 (simplification.cpp        : 373)   PROCEDURE == Simplification cycle, iteration 10
  0:00:09.112     5M / 1924M INFO   Simplification           (parallel_processing.hpp   : 167)   Running Tip clipper
  0:00:09.112     5M / 1924M INFO   Simplification           (parallel_processing.hpp   : 170)   Tip clipper triggered 0 times
  0:00:09.112     5M / 1924M INFO   Simplification           (parallel_processing.hpp   : 167)   Running Bulge remover
  0:00:09.113     5M / 1924M INFO   Simplification           (parallel_processing.hpp   : 170)   Bulge remover triggered 1 times
  0:00:09.113     5M / 1924M INFO   Simplification           (parallel_processing.hpp   : 167)   Running Low coverage edge remover
  0:00:09.113     5M / 1924M INFO   Simplification           (parallel_processing.hpp   : 170)   Low coverage edge remover triggered 4 times
  0:00:09.113     5M / 1924M INFO    General                 (simplification.cpp        : 373)   PROCEDURE == Simplification cycle, iteration 11
  0:00:09.113     5M / 1924M INFO   Simplification           (parallel_processing.hpp   : 167)   Running Tip clipper
  0:00:09.113     5M / 1924M INFO   Simplification           (parallel_processing.hpp   : 170)   Tip clipper triggered 0 times
  0:00:09.113     5M / 1924M INFO   Simplification           (parallel_processing.hpp   : 167)   Running Bulge remover
  0:00:09.120     5M / 1924M INFO   Simplification           (parallel_processing.hpp   : 170)   Bulge remover triggered 13 times
  0:00:09.120     5M / 1924M INFO   Simplification           (parallel_processing.hpp   : 167)   Running Low coverage edge remover
  0:00:09.121     5M / 1924M INFO   Simplification           (parallel_processing.hpp   : 170)   Low coverage edge remover triggered 0 times
  0:00:09.121     5M / 1924M INFO    General                 (simplification.cpp        : 373)   PROCEDURE == Simplification cycle, iteration 12
  0:00:09.121     5M / 1924M INFO   Simplification           (parallel_processing.hpp   : 167)   Running Tip clipper
  0:00:09.121     5M / 1924M INFO   Simplification           (parallel_processing.hpp   : 170)   Tip clipper triggered 0 times
  0:00:09.121     5M / 1924M INFO   Simplification           (parallel_processing.hpp   : 167)   Running Bulge remover
  0:00:09.121     5M / 1924M INFO   Simplification           (parallel_processing.hpp   : 170)   Bulge remover triggered 0 times
  0:00:09.121     5M / 1924M INFO   Simplification           (parallel_processing.hpp   : 167)   Running Low coverage edge remover
  0:00:09.121     5M / 1924M INFO   Simplification           (parallel_processing.hpp   : 170)   Low coverage edge remover triggered 0 times
  0:00:09.121     5M / 1924M INFO   StageManager             (stage.cpp                 : 185)   STAGE == Simplification Cleanup (id: simplification_cleanup)
  0:00:09.121     5M / 1924M INFO    General                 (simplification.cpp        : 176)   PROCEDURE == Post simplification
  0:00:09.121     5M / 1924M INFO    General                 (graph_simplification.hpp  : 448)   Disconnection of relatively low covered edges disabled
  0:00:09.122     5M / 1924M INFO    General                 (graph_simplification.hpp  : 485)   Complex tip clipping disabled
  0:00:09.122     5M / 1924M INFO    General                 (graph_simplification.hpp  : 634)   Creating parallel br instance
  0:00:09.122     5M / 1924M INFO   Simplification           (parallel_processing.hpp   : 167)   Running Tip clipper
  0:00:09.122     5M / 1924M INFO   Simplification           (parallel_processing.hpp   : 170)   Tip clipper triggered 0 times
  0:00:09.122     5M / 1924M INFO   Simplification           (parallel_processing.hpp   : 167)   Running Bulge remover
  0:00:09.129     5M / 1924M INFO   Simplification           (parallel_processing.hpp   : 170)   Bulge remover triggered 1 times
  0:00:09.129     5M / 1924M INFO   Simplification           (parallel_processing.hpp   : 167)   Running Tip clipper
  0:00:09.129     5M / 1924M INFO   Simplification           (parallel_processing.hpp   : 170)   Tip clipper triggered 0 times
  0:00:09.129     5M / 1924M INFO   Simplification           (parallel_processing.hpp   : 167)   Running Bulge remover
  0:00:09.136     5M / 1924M INFO   Simplification           (parallel_processing.hpp   : 170)   Bulge remover triggered 0 times
  0:00:09.136     5M / 1924M INFO    General                 (simplification.cpp        : 327)   Disrupting self-conjugate edges
  0:00:09.138     5M / 1924M INFO   Simplification           (parallel_processing.hpp   : 167)   Running Removing isolated edges
  0:00:09.139     5M / 1924M INFO   Simplification           (parallel_processing.hpp   : 170)   Removing isolated edges triggered 433 times
  0:00:09.139     5M / 1924M INFO    General                 (simplification.cpp        : 495)   After simplification:
  0:00:09.139     5M / 1924M INFO    General                 (simplification.cpp        : 496)     Average coverage = 52.8115
  0:00:09.139     5M / 1924M INFO    General                 (simplification.cpp        : 497)     Total length = 3862210
  0:00:09.140     5M / 1924M INFO    General                 (simplification.cpp        : 498)     Median edge length: 6862
  0:00:09.140     5M / 1924M INFO    General                 (simplification.cpp        : 499)     Edges: 12672
  0:00:09.140     5M / 1924M INFO    General                 (simplification.cpp        : 500)     Vertices: 8064
  0:00:09.140     5M / 1924M INFO   StageManager             (stage.cpp                 : 185)   STAGE == Contig Output (id: contig_output)
  0:00:09.140     5M / 1924M INFO    General                 (read_converter.cpp        : 107)   Outputting contigs to /data/djs217/PROJECTS/10_X_fragariae_feb_2024/04_spades/NCPPB_3028.spades/K21/simplified_contigs
  0:00:09.147     8M / 1924M INFO    General                 (binary_converter.cpp      : 111)   6349 reads written
  0:00:09.151     5M / 1924M INFO    General                 (pipeline.cpp              : 287)   SPAdes finished
  0:00:09.154     1M / 1924M INFO    General                 (main.cpp                  : 136)   Assembling time: 0 hours 0 minutes 9 seconds

===== K21 finished. 


===== K33 started. 


== Running: /data/djs217/anaconda3/envs/spades-env/bin/spades-core /data/djs217/PROJECTS/10_X_fragariae_feb_2024/04_spades/NCPPB_3028.spades/K33/configs/config.info /data/djs217/PROJECTS/10_X_fragariae_feb_2024/04_spades/NCPPB_3028.spades/K33/configs/careful_mode.info

  0:00:00.000     1M / 19M   INFO    General                 (main.cpp                  :  99)   Loaded config from /data/djs217/PROJECTS/10_X_fragariae_feb_2024/04_spades/NCPPB_3028.spades/K33/configs/config.info
  0:00:00.002     1M / 19M   INFO    General                 (main.cpp                  :  99)   Loaded config from /data/djs217/PROJECTS/10_X_fragariae_feb_2024/04_spades/NCPPB_3028.spades/K33/configs/careful_mode.info
  0:00:00.002     1M / 19M   INFO    General                 (memory_limit.cpp          :  54)   Memory limit set to 62 Gb
  0:00:00.002     1M / 19M   INFO    General                 (main.cpp                  : 107)   Starting SPAdes, built from N/A, git revision N/A
  0:00:00.002     1M / 19M   INFO    General                 (main.cpp                  : 108)   Maximum k-mer length: 128
  0:00:00.002     1M / 19M   INFO    General                 (main.cpp                  : 109)   Assembling dataset (/data/djs217/PROJECTS/10_X_fragariae_feb_2024/04_spades/NCPPB_3028.spades/dataset.info) with K=33
  0:00:00.002     1M / 19M   INFO    General                 (main.cpp                  : 110)   Maximum # of threads to use (adjusted due to OMP capabilities): 16
  0:00:00.002     1M / 19M   INFO    General                 (pipeline.cpp              : 212)   SPAdes started
  0:00:00.002     1M / 19M   INFO    General                 (pipeline.cpp              : 225)   Starting from stage: read_conversion
  0:00:00.002     1M / 19M   INFO    General                 (pipeline.cpp              : 231)   Two-step repeat resolution disabled
  0:00:00.002     1M / 19M   INFO   GraphCore                (graph_core.hpp            : 672)   Graph created, vertex min_id: 3, edge min_id: 3
  0:00:00.002     1M / 19M   INFO   GraphCore                (graph_core.hpp            : 673)   Vertex size: 48, edge size: 40
  0:00:00.002     1M / 19M   INFO    General                 (edge_index.hpp            : 113)   Size of edge index entries: 12/8
  0:00:00.002     1M / 19M   INFO   StageManager             (stage.cpp                 : 185)   STAGE == Binary Read Conversion (id: read_conversion)
  0:00:00.004     1M / 19M   INFO    General                 (read_converter.cpp        :  53)   Binary reads detected
  0:00:00.007     1M / 19M   INFO   StageManager             (stage.cpp                 : 185)   STAGE == de Bruijn graph construction (id: construction)
  0:00:00.007     1M / 19M   INFO    General                 (construction.cpp          : 118)   Contigs from previous K will be used: /data/djs217/PROJECTS/10_X_fragariae_feb_2024/04_spades/NCPPB_3028.spades/K21/simplified_contigs
  0:00:00.041     1M / 19M   INFO    General                 (construction.cpp          : 153)   Max read length 301
  0:00:00.041     1M / 19M   INFO    General                 (construction.cpp          : 159)   Average read length 185.296
  0:00:00.042     1M / 19M   INFO    General                 (stage.cpp                 : 117)   PROCEDURE == k+1-mer counting (id: construction:kpomer_counting)
  0:00:00.042     1M / 19M   INFO    General                 (kmer_index_builder.hpp    : 243)   Splitting kmer instances into 160 files using 16 threads. This might take a while.
  0:00:00.042     1M / 19M   INFO    General                 (file_limit.hpp            :  42)   Open file limit set to 1024
  0:00:00.042     1M / 19M   INFO    General                 (kmer_splitter.hpp         :  93)   Memory available for splitting buffers: 1.29165 Gb
  0:00:00.042     1M / 19M   INFO    General                 (kmer_splitter.hpp         : 101)   Using cell size of 209715
  0:00:02.262  9601M / 9601M INFO    General                 (kmer_splitters.hpp        : 125)   Processed 2498232 reads
  0:00:02.278     1M / 3371M INFO    General                 (kmer_splitters.hpp        : 131)   Used 2498232 reads
  0:00:02.480     1M / 3371M INFO    General                 (kmer_index_builder.hpp    : 249)   Starting k-mer counting.
  0:00:02.530     1M / 3371M INFO    General                 (kmer_index_builder.hpp    : 260)   K-mer counting done. There are 4147701 kmers in total.
  0:00:02.530     1M / 3371M INFO    General                 (stage.cpp                 : 117)   PROCEDURE == Extension index construction (id: construction:extension_index_construction)
  0:00:02.531     1M / 3371M INFO   K-mer Index Building     (kmer_index_builder.hpp    : 438)   Building kmer index
  0:00:02.531     1M / 3371M INFO    General                 (kmer_index_builder.hpp    : 243)   Splitting kmer instances into 160 files using 16 threads. This might take a while.
  0:00:02.532     1M / 3371M INFO    General                 (file_limit.hpp            :  42)   Open file limit set to 1024
  0:00:02.532     1M / 3371M INFO    General                 (kmer_splitter.hpp         :  93)   Memory available for splitting buffers: 1.29165 Gb
  0:00:02.532     1M / 3371M INFO    General                 (kmer_splitter.hpp         : 101)   Using cell size of 209715
  0:00:02.686  9602M / 9602M INFO    General                 (kmer_splitters.hpp        : 194)   Processed 4147701 kmers
  0:00:02.686  9602M / 9602M INFO    General                 (kmer_splitters.hpp        : 199)   Used 4147701 kmers.
  0:00:02.688     2M / 3371M INFO    General                 (kmer_index_builder.hpp    : 249)   Starting k-mer counting.
  0:00:02.730     2M / 3371M INFO    General                 (kmer_index_builder.hpp    : 260)   K-mer counting done. There are 4143450 kmers in total.
  0:00:02.730     2M / 3371M INFO   K-mer Index Building     (kmer_index_builder.hpp    : 395)   Building perfect hash indices
  0:00:02.785     5M / 3371M INFO   K-mer Index Building     (kmer_index_builder.hpp    : 431)   Index built. Total 4143450 kmers, 3113168 bytes occupied (6.01077 bits per kmer).
  0:00:02.785     5M / 3371M INFO    General                 (kmer_index_builder.hpp    : 169)   Merging final buckets.
  0:00:03.010     9M / 3371M INFO   DeBruijnExtensionIndexBu (kmer_extension_index_build: 100)   Building k-mer extensions from k+1-mers
  0:00:03.151     9M / 3371M INFO   DeBruijnExtensionIndexBu (kmer_extension_index_build: 105)   Building k-mer extensions from k+1-mers finished.
  0:00:03.159     9M / 3371M INFO    General                 (stage.cpp                 : 117)   PROCEDURE == Early tip clipping (id: construction:early_tip_clipper)
  0:00:03.159     9M / 3371M INFO    General                 (construction.cpp          : 301)   Early tip clipper length bound set as (RL - K)
  0:00:03.159     9M / 3371M INFO   Early tip clipping       (early_simplification.hpp  :  47)   Early tip clipping
  0:00:03.233    10M / 3371M INFO   Early tip clipping       (early_simplification.hpp  :  82)   #tipped junctions: 8706
  0:00:03.233    10M / 3371M INFO   Early tip clipping       (early_simplification.hpp  :  93)   Clipped tips: 8722
  0:00:03.239     9M / 3371M INFO   Early tip clipping       (early_simplification.hpp  :  49)   103020 34-mers were removed by early tip clipper
  0:00:03.239     9M / 3371M INFO    General                 (stage.cpp                 : 117)   PROCEDURE == Condensing graph (id: construction:graph_condensing)
  0:00:03.240     9M / 3371M INFO   UnbranchingPathExtractor (debruijn_graph_constructor: 354)   Extracting unbranching paths
  0:00:03.337    11M / 3371M INFO   UnbranchingPathExtractor (debruijn_graph_constructor: 373)   Extracting unbranching paths finished. 14561 sequences extracted
  0:00:03.441    10M / 3371M INFO   UnbranchingPathExtractor (debruijn_graph_constructor: 309)   Collecting perfect loops
  0:00:03.469    11M / 3371M INFO   UnbranchingPathExtractor (debruijn_graph_constructor: 342)   Collecting perfect loops finished. 2 loops collected
  0:00:03.476    10M / 3371M INFO    General                 (debruijn_graph_constructor: 487)   Total 29126 edges to create
  0:00:03.476    12M / 3371M INFO    General                 (debruijn_graph_constructor: 489)   Collecting link records
  0:00:03.487    12M / 3371M INFO    General                 (debruijn_graph_constructor: 491)   Ordering link records
  0:00:03.488    12M / 3371M INFO    General                 (debruijn_graph_constructor: 493)   Sorting done
  0:00:03.488    12M / 3371M INFO    General                 (debruijn_graph_constructor: 503)   Total 10312 vertices to create
  0:00:03.488    13M / 3371M INFO    General                 (debruijn_graph_constructor: 506)   Connecting the graph
  0:00:03.496    12M / 3371M INFO    General                 (stage.cpp                 : 117)   PROCEDURE == Filling coverage indices (PHM) (id: construction:coverage_filling_phm)
  0:00:03.496    12M / 3371M INFO   K-mer Index Building     (kmer_index_builder.hpp    : 395)   Building perfect hash indices
  0:00:03.543    16M / 3371M INFO   K-mer Index Building     (kmer_index_builder.hpp    : 431)   Index built. Total 4147701 kmers, 3116328 bytes occupied (6.01071 bits per kmer).
  0:00:03.549    32M / 3371M INFO    General                 (coverage_hash_map_builder.:  47)   Collecting k-mer coverage information from reads, this takes a while.
  0:00:05.301    32M / 3371M INFO    General                 (construction.cpp          : 430)   Filling coverage and flanking coverage from PHM
  0:00:05.393    32M / 3371M INFO    General                 (coverage_filling.hpp      :  82)   Processed 29086 edges
  0:00:05.421     4M / 3371M INFO   StageManager             (stage.cpp                 : 185)   STAGE == EC Threshold Finding (id: ec_threshold_finder)
  0:00:05.422     4M / 3371M INFO    General                 (kmer_coverage_model.cpp   : 181)   Kmer coverage valley at: 7
  0:00:05.422     4M / 3371M INFO    General                 (kmer_coverage_model.cpp   : 201)   K-mer histogram maximum: 40
  0:00:05.422     4M / 3371M INFO    General                 (kmer_coverage_model.cpp   : 237)   Estimated median coverage: 43. Coverage mad: 11.8608
  0:00:05.422     4M / 3371M INFO    General                 (kmer_coverage_model.cpp   : 259)   Fitting coverage model
  0:00:05.475     4M / 3371M INFO    General                 (kmer_coverage_model.cpp   : 295)   ... iteration 2
  0:00:05.610     4M / 3371M INFO    General                 (kmer_coverage_model.cpp   : 295)   ... iteration 4
  0:00:06.079     4M / 3371M INFO    General                 (kmer_coverage_model.cpp   : 295)   ... iteration 8
  0:00:07.067     4M / 3371M INFO    General                 (kmer_coverage_model.cpp   : 309)   Fitted mean coverage: 43.7443. Fitted coverage std. dev: 10.6013
  0:00:07.069     4M / 3371M INFO    General                 (kmer_coverage_model.cpp   : 334)   Probability of erroneous kmer at valley: 0.0934806
  0:00:07.069     4M / 3371M INFO    General                 (kmer_coverage_model.cpp   : 358)   Preliminary threshold calculated as: 9
  0:00:07.069     4M / 3371M INFO    General                 (kmer_coverage_model.cpp   : 362)   Threshold adjusted to: 9
  0:00:07.069     4M / 3371M INFO    General                 (kmer_coverage_model.cpp   : 375)   Estimated genome size (ignoring repeats): 3898856
  0:00:07.069     4M / 3371M INFO    General                 (genomic_info_filler.cpp   :  55)   Mean coverage was calculated as 43.7443
  0:00:07.069     4M / 3371M INFO    General                 (genomic_info_filler.cpp   :  70)   EC coverage threshold value was calculated as 9
  0:00:07.069     4M / 3371M INFO    General                 (genomic_info_filler.cpp   :  71)   Trusted kmer low bound: 0
  0:00:07.069     4M / 3371M INFO   StageManager             (stage.cpp                 : 185)   STAGE == Raw Simplification (id: raw_simplification)
  0:00:07.069     4M / 3371M INFO    General                 (simplification.cpp        : 127)   PROCEDURE == Initial cleaning
  0:00:07.069     4M / 3371M INFO    General                 (graph_simplification.hpp  : 662)   Flanking coverage based disconnection disabled
  0:00:07.069     4M / 3371M INFO   Simplification           (parallel_processing.hpp   : 167)   Running Self conjugate edge remover
  0:00:07.071     4M / 3371M INFO   Simplification           (parallel_processing.hpp   : 170)   Self conjugate edge remover triggered 0 times
  0:00:07.071     4M / 3371M INFO   StageManager             (stage.cpp                 : 185)   STAGE == Simplification (id: simplification)
  0:00:07.072     4M / 3371M INFO    General                 (simplification.cpp        : 368)   Graph simplification started
  0:00:07.072     4M / 3371M INFO    General                 (graph_simplification.hpp  : 634)   Creating parallel br instance
  0:00:07.072     4M / 3371M INFO    General                 (simplification.cpp        : 373)   PROCEDURE == Simplification cycle, iteration 1
  0:00:07.072     4M / 3371M INFO   Simplification           (parallel_processing.hpp   : 167)   Running Tip clipper
  0:00:07.074     4M / 3371M INFO   Simplification           (parallel_processing.hpp   : 170)   Tip clipper triggered 65 times
  0:00:07.074     4M / 3371M INFO   Simplification           (parallel_processing.hpp   : 167)   Running Bulge remover
  0:00:07.144     4M / 3371M INFO   Simplification           (parallel_processing.hpp   : 170)   Bulge remover triggered 1737 times
  0:00:07.144     4M / 3371M INFO   Simplification           (parallel_processing.hpp   : 167)   Running Low coverage edge remover
  0:00:07.145     4M / 3371M INFO   Simplification           (parallel_processing.hpp   : 170)   Low coverage edge remover triggered 7 times
  0:00:07.145     4M / 3371M INFO    General                 (simplification.cpp        : 373)   PROCEDURE == Simplification cycle, iteration 2
  0:00:07.145     4M / 3371M INFO   Simplification           (parallel_processing.hpp   : 167)   Running Tip clipper
  0:00:07.146     4M / 3371M INFO   Simplification           (parallel_processing.hpp   : 170)   Tip clipper triggered 2 times
  0:00:07.146     4M / 3371M INFO   Simplification           (parallel_processing.hpp   : 167)   Running Bulge remover
  0:00:07.147     4M / 3371M INFO   Simplification           (parallel_processing.hpp   : 170)   Bulge remover triggered 4 times
  0:00:07.147     4M / 3371M INFO   Simplification           (parallel_processing.hpp   : 167)   Running Low coverage edge remover
  0:00:07.178     4M / 3371M INFO   Simplification           (parallel_processing.hpp   : 170)   Low coverage edge remover triggered 1165 times
  0:00:07.178     4M / 3371M INFO    General                 (simplification.cpp        : 373)   PROCEDURE == Simplification cycle, iteration 3
  0:00:07.178     4M / 3371M INFO   Simplification           (parallel_processing.hpp   : 167)   Running Tip clipper
  0:00:07.179     4M / 3371M INFO   Simplification           (parallel_processing.hpp   : 170)   Tip clipper triggered 26 times
  0:00:07.179     4M / 3371M INFO   Simplification           (parallel_processing.hpp   : 167)   Running Bulge remover
  0:00:07.186     4M / 3371M INFO   Simplification           (parallel_processing.hpp   : 170)   Bulge remover triggered 191 times
  0:00:07.186     4M / 3371M INFO   Simplification           (parallel_processing.hpp   : 167)   Running Low coverage edge remover
  0:00:07.202     4M / 3371M INFO   Simplification           (parallel_processing.hpp   : 170)   Low coverage edge remover triggered 270 times
  0:00:07.203     4M / 3371M INFO    General                 (simplification.cpp        : 373)   PROCEDURE == Simplification cycle, iteration 4
  0:00:07.203     4M / 3371M INFO   Simplification           (parallel_processing.hpp   : 167)   Running Tip clipper
  0:00:07.203     4M / 3371M INFO   Simplification           (parallel_processing.hpp   : 170)   Tip clipper triggered 3 times
  0:00:07.203     4M / 3371M INFO   Simplification           (parallel_processing.hpp   : 167)   Running Bulge remover
  0:00:07.205     4M / 3371M INFO   Simplification           (parallel_processing.hpp   : 170)   Bulge remover triggered 52 times
  0:00:07.205     4M / 3371M INFO   Simplification           (parallel_processing.hpp   : 167)   Running Low coverage edge remover
  0:00:07.206     4M / 3371M INFO   Simplification           (parallel_processing.hpp   : 170)   Low coverage edge remover triggered 46 times
  0:00:07.206     4M / 3371M INFO    General                 (simplification.cpp        : 373)   PROCEDURE == Simplification cycle, iteration 5
  0:00:07.206     4M / 3371M INFO   Simplification           (parallel_processing.hpp   : 167)   Running Tip clipper
  0:00:07.206     4M / 3371M INFO   Simplification           (parallel_processing.hpp   : 170)   Tip clipper triggered 0 times
  0:00:07.206     4M / 3371M INFO   Simplification           (parallel_processing.hpp   : 167)   Running Bulge remover
  0:00:07.206     4M / 3371M INFO   Simplification           (parallel_processing.hpp   : 170)   Bulge remover triggered 19 times
  0:00:07.206     4M / 3371M INFO   Simplification           (parallel_processing.hpp   : 167)   Running Low coverage edge remover
  0:00:07.207     4M / 3371M INFO   Simplification           (parallel_processing.hpp   : 170)   Low coverage edge remover triggered 25 times
  0:00:07.207     4M / 3371M INFO    General                 (simplification.cpp        : 373)   PROCEDURE == Simplification cycle, iteration 6
  0:00:07.207     4M / 3371M INFO   Simplification           (parallel_processing.hpp   : 167)   Running Tip clipper
  0:00:07.207     4M / 3371M INFO   Simplification           (parallel_processing.hpp   : 170)   Tip clipper triggered 0 times
  0:00:07.207     4M / 3371M INFO   Simplification           (parallel_processing.hpp   : 167)   Running Bulge remover
  0:00:07.208     4M / 3371M INFO   Simplification           (parallel_processing.hpp   : 170)   Bulge remover triggered 10 times
  0:00:07.208     4M / 3371M INFO   Simplification           (parallel_processing.hpp   : 167)   Running Low coverage edge remover
  0:00:07.208     4M / 3371M INFO   Simplification           (parallel_processing.hpp   : 170)   Low coverage edge remover triggered 7 times
  0:00:07.208     4M / 3371M INFO    General                 (simplification.cpp        : 373)   PROCEDURE == Simplification cycle, iteration 7
  0:00:07.208     4M / 3371M INFO   Simplification           (parallel_processing.hpp   : 167)   Running Tip clipper
  0:00:07.208     4M / 3371M INFO   Simplification           (parallel_processing.hpp   : 170)   Tip clipper triggered 0 times
  0:00:07.208     4M / 3371M INFO   Simplification           (parallel_processing.hpp   : 167)   Running Bulge remover
  0:00:07.208     4M / 3371M INFO   Simplification           (parallel_processing.hpp   : 170)   Bulge remover triggered 4 times
  0:00:07.208     4M / 3371M INFO   Simplification           (parallel_processing.hpp   : 167)   Running Low coverage edge remover
  0:00:07.208     4M / 3371M INFO   Simplification           (parallel_processing.hpp   : 170)   Low coverage edge remover triggered 4 times
  0:00:07.208     4M / 3371M INFO    General                 (simplification.cpp        : 373)   PROCEDURE == Simplification cycle, iteration 8
  0:00:07.208     4M / 3371M INFO   Simplification           (parallel_processing.hpp   : 167)   Running Tip clipper
  0:00:07.208     4M / 3371M INFO   Simplification           (parallel_processing.hpp   : 170)   Tip clipper triggered 0 times
  0:00:07.208     4M / 3371M INFO   Simplification           (parallel_processing.hpp   : 167)   Running Bulge remover
  0:00:07.208     4M / 3371M INFO   Simplification           (parallel_processing.hpp   : 170)   Bulge remover triggered 2 times
  0:00:07.208     4M / 3371M INFO   Simplification           (parallel_processing.hpp   : 167)   Running Low coverage edge remover
  0:00:07.208     4M / 3371M INFO   Simplification           (parallel_processing.hpp   : 170)   Low coverage edge remover triggered 5 times
  0:00:07.209     4M / 3371M INFO    General                 (simplification.cpp        : 373)   PROCEDURE == Simplification cycle, iteration 9
  0:00:07.209     4M / 3371M INFO   Simplification           (parallel_processing.hpp   : 167)   Running Tip clipper
  0:00:07.209     4M / 3371M INFO   Simplification           (parallel_processing.hpp   : 170)   Tip clipper triggered 0 times
  0:00:07.209     4M / 3371M INFO   Simplification           (parallel_processing.hpp   : 167)   Running Bulge remover
  0:00:07.209     4M / 3371M INFO   Simplification           (parallel_processing.hpp   : 170)   Bulge remover triggered 1 times
  0:00:07.209     4M / 3371M INFO   Simplification           (parallel_processing.hpp   : 167)   Running Low coverage edge remover
  0:00:07.209     4M / 3371M INFO   Simplification           (parallel_processing.hpp   : 170)   Low coverage edge remover triggered 2 times
  0:00:07.209     4M / 3371M INFO    General                 (simplification.cpp        : 373)   PROCEDURE == Simplification cycle, iteration 10
  0:00:07.209     4M / 3371M INFO   Simplification           (parallel_processing.hpp   : 167)   Running Tip clipper
  0:00:07.209     4M / 3371M INFO   Simplification           (parallel_processing.hpp   : 170)   Tip clipper triggered 0 times
  0:00:07.209     4M / 3371M INFO   Simplification           (parallel_processing.hpp   : 167)   Running Bulge remover
  0:00:07.209     4M / 3371M INFO   Simplification           (parallel_processing.hpp   : 170)   Bulge remover triggered 1 times
  0:00:07.209     4M / 3371M INFO   Simplification           (parallel_processing.hpp   : 167)   Running Low coverage edge remover
  0:00:07.209     4M / 3371M INFO   Simplification           (parallel_processing.hpp   : 170)   Low coverage edge remover triggered 1 times
  0:00:07.209     4M / 3371M INFO    General                 (simplification.cpp        : 373)   PROCEDURE == Simplification cycle, iteration 11
  0:00:07.209     4M / 3371M INFO   Simplification           (parallel_processing.hpp   : 167)   Running Tip clipper
  0:00:07.210     4M / 3371M INFO   Simplification           (parallel_processing.hpp   : 170)   Tip clipper triggered 10 times
  0:00:07.210     4M / 3371M INFO   Simplification           (parallel_processing.hpp   : 167)   Running Bulge remover
  0:00:07.213     4M / 3371M INFO   Simplification           (parallel_processing.hpp   : 170)   Bulge remover triggered 2 times
  0:00:07.213     4M / 3371M INFO   Simplification           (parallel_processing.hpp   : 167)   Running Low coverage edge remover
  0:00:07.213     4M / 3371M INFO   Simplification           (parallel_processing.hpp   : 170)   Low coverage edge remover triggered 0 times
  0:00:07.213     4M / 3371M INFO    General                 (simplification.cpp        : 373)   PROCEDURE == Simplification cycle, iteration 12
  0:00:07.214     4M / 3371M INFO   Simplification           (parallel_processing.hpp   : 167)   Running Tip clipper
  0:00:07.214     4M / 3371M INFO   Simplification           (parallel_processing.hpp   : 170)   Tip clipper triggered 0 times
  0:00:07.214     4M / 3371M INFO   Simplification           (parallel_processing.hpp   : 167)   Running Bulge remover
  0:00:07.214     4M / 3371M INFO   Simplification           (parallel_processing.hpp   : 170)   Bulge remover triggered 0 times
  0:00:07.214     4M / 3371M INFO   Simplification           (parallel_processing.hpp   : 167)   Running Low coverage edge remover
  0:00:07.214     4M / 3371M INFO   Simplification           (parallel_processing.hpp   : 170)   Low coverage edge remover triggered 0 times
  0:00:07.214     4M / 3371M INFO   StageManager             (stage.cpp                 : 185)   STAGE == Simplification Cleanup (id: simplification_cleanup)
  0:00:07.214     4M / 3371M INFO    General                 (simplification.cpp        : 176)   PROCEDURE == Post simplification
  0:00:07.214     4M / 3371M INFO    General                 (graph_simplification.hpp  : 448)   Disconnection of relatively low covered edges disabled
  0:00:07.214     4M / 3371M INFO    General                 (graph_simplification.hpp  : 485)   Complex tip clipping disabled
  0:00:07.214     4M / 3371M INFO    General                 (graph_simplification.hpp  : 634)   Creating parallel br instance
  0:00:07.214     4M / 3371M INFO   Simplification           (parallel_processing.hpp   : 167)   Running Tip clipper
  0:00:07.214     4M / 3371M INFO   Simplification           (parallel_processing.hpp   : 170)   Tip clipper triggered 0 times
  0:00:07.214     4M / 3371M INFO   Simplification           (parallel_processing.hpp   : 167)   Running Bulge remover
  0:00:07.217     4M / 3371M INFO   Simplification           (parallel_processing.hpp   : 170)   Bulge remover triggered 1 times
  0:00:07.217     4M / 3371M INFO   Simplification           (parallel_processing.hpp   : 167)   Running Tip clipper
  0:00:07.218     4M / 3371M INFO   Simplification           (parallel_processing.hpp   : 170)   Tip clipper triggered 0 times
  0:00:07.218     4M / 3371M INFO   Simplification           (parallel_processing.hpp   : 167)   Running Bulge remover
  0:00:07.220     4M / 3371M INFO   Simplification           (parallel_processing.hpp   : 170)   Bulge remover triggered 0 times
  0:00:07.221     4M / 3371M INFO    General                 (simplification.cpp        : 327)   Disrupting self-conjugate edges
  0:00:07.221     4M / 3371M INFO   Simplification           (parallel_processing.hpp   : 167)   Running Removing isolated edges
  0:00:07.222     4M / 3371M INFO   Simplification           (parallel_processing.hpp   : 170)   Removing isolated edges triggered 563 times
  0:00:07.222     4M / 3371M INFO    General                 (simplification.cpp        : 495)   After simplification:
  0:00:07.222     4M / 3371M INFO    General                 (simplification.cpp        : 496)     Average coverage = 48.5807
  0:00:07.223     4M / 3371M INFO    General                 (simplification.cpp        : 497)     Total length = 3891650
  0:00:07.223     4M / 3371M INFO    General                 (simplification.cpp        : 498)     Median edge length: 17377
  0:00:07.223     4M / 3371M INFO    General                 (simplification.cpp        : 499)     Edges: 7148
  0:00:07.223     4M / 3371M INFO    General                 (simplification.cpp        : 500)     Vertices: 4636
  0:00:07.223     4M / 3371M INFO   StageManager             (stage.cpp                 : 185)   STAGE == Contig Output (id: contig_output)
  0:00:07.223     4M / 3371M INFO    General                 (read_converter.cpp        : 107)   Outputting contigs to /data/djs217/PROJECTS/10_X_fragariae_feb_2024/04_spades/NCPPB_3028.spades/K33/simplified_contigs
  0:00:07.229     7M / 3371M INFO    General                 (binary_converter.cpp      : 111)   3575 reads written
  0:00:07.232     4M / 3371M INFO    General                 (pipeline.cpp              : 287)   SPAdes finished
  0:00:07.234     1M / 3371M INFO    General                 (main.cpp                  : 136)   Assembling time: 0 hours 0 minutes 7 seconds

===== K33 finished. 


===== K55 started. 


== Running: /data/djs217/anaconda3/envs/spades-env/bin/spades-core /data/djs217/PROJECTS/10_X_fragariae_feb_2024/04_spades/NCPPB_3028.spades/K55/configs/config.info /data/djs217/PROJECTS/10_X_fragariae_feb_2024/04_spades/NCPPB_3028.spades/K55/configs/careful_mode.info

  0:00:00.000     1M / 19M   INFO    General                 (main.cpp                  :  99)   Loaded config from /data/djs217/PROJECTS/10_X_fragariae_feb_2024/04_spades/NCPPB_3028.spades/K55/configs/config.info
  0:00:00.001     1M / 19M   INFO    General                 (main.cpp                  :  99)   Loaded config from /data/djs217/PROJECTS/10_X_fragariae_feb_2024/04_spades/NCPPB_3028.spades/K55/configs/careful_mode.info
  0:00:00.001     1M / 19M   INFO    General                 (memory_limit.cpp          :  54)   Memory limit set to 62 Gb
  0:00:00.001     1M / 19M   INFO    General                 (main.cpp                  : 107)   Starting SPAdes, built from N/A, git revision N/A
  0:00:00.001     1M / 19M   INFO    General                 (main.cpp                  : 108)   Maximum k-mer length: 128
  0:00:00.001     1M / 19M   INFO    General                 (main.cpp                  : 109)   Assembling dataset (/data/djs217/PROJECTS/10_X_fragariae_feb_2024/04_spades/NCPPB_3028.spades/dataset.info) with K=55
  0:00:00.001     1M / 19M   INFO    General                 (main.cpp                  : 110)   Maximum # of threads to use (adjusted due to OMP capabilities): 16
  0:00:00.001     1M / 19M   INFO    General                 (pipeline.cpp              : 212)   SPAdes started
  0:00:00.001     1M / 19M   INFO    General                 (pipeline.cpp              : 225)   Starting from stage: read_conversion
  0:00:00.001     1M / 19M   INFO    General                 (pipeline.cpp              : 231)   Two-step repeat resolution disabled
  0:00:00.001     1M / 19M   INFO   GraphCore                (graph_core.hpp            : 672)   Graph created, vertex min_id: 3, edge min_id: 3
  0:00:00.001     1M / 19M   INFO   GraphCore                (graph_core.hpp            : 673)   Vertex size: 48, edge size: 40
  0:00:00.001     1M / 19M   INFO    General                 (edge_index.hpp            : 113)   Size of edge index entries: 12/8
  0:00:00.001     1M / 19M   INFO    General                 (pipeline.cpp              : 242)   Will need read mapping, kmer mapper will be attached
  0:00:00.001     1M / 19M   INFO   StageManager             (stage.cpp                 : 185)   STAGE == Binary Read Conversion (id: read_conversion)
  0:00:00.002     1M / 19M   INFO    General                 (read_converter.cpp        :  53)   Binary reads detected
  0:00:00.005     1M / 19M   INFO   StageManager             (stage.cpp                 : 185)   STAGE == de Bruijn graph construction (id: construction)
  0:00:00.005     1M / 19M   INFO    General                 (construction.cpp          : 118)   Contigs from previous K will be used: /data/djs217/PROJECTS/10_X_fragariae_feb_2024/04_spades/NCPPB_3028.spades/K33/simplified_contigs
  0:00:00.048     1M / 19M   INFO    General                 (construction.cpp          : 153)   Max read length 301
  0:00:00.049     1M / 19M   INFO    General                 (construction.cpp          : 159)   Average read length 185.296
  0:00:00.049     1M / 19M   INFO    General                 (stage.cpp                 : 117)   PROCEDURE == k+1-mer counting (id: construction:kpomer_counting)
  0:00:00.049     1M / 19M   INFO    General                 (kmer_index_builder.hpp    : 243)   Splitting kmer instances into 160 files using 16 threads. This might take a while.
  0:00:00.049     1M / 19M   INFO    General                 (file_limit.hpp            :  42)   Open file limit set to 1024
  0:00:00.049     1M / 19M   INFO    General                 (kmer_splitter.hpp         :  93)   Memory available for splitting buffers: 1.29165 Gb
  0:00:00.049     1M / 19M   INFO    General                 (kmer_splitter.hpp         : 101)   Using cell size of 209715
  0:00:02.056  9601M / 9601M INFO    General                 (kmer_splitters.hpp        : 125)   Processed 2492684 reads
  0:00:02.081     1M / 2902M INFO    General                 (kmer_splitters.hpp        : 131)   Used 2492684 reads
  0:00:02.243     1M / 2902M INFO    General                 (kmer_index_builder.hpp    : 249)   Starting k-mer counting.
  0:00:02.294     1M / 2902M INFO    General                 (kmer_index_builder.hpp    : 260)   K-mer counting done. There are 4218915 kmers in total.
  0:00:02.294     1M / 2902M INFO    General                 (stage.cpp                 : 117)   PROCEDURE == Extension index construction (id: construction:extension_index_construction)
  0:00:02.296     1M / 2902M INFO   K-mer Index Building     (kmer_index_builder.hpp    : 438)   Building kmer index
  0:00:02.296     1M / 2902M INFO    General                 (kmer_index_builder.hpp    : 243)   Splitting kmer instances into 160 files using 16 threads. This might take a while.
  0:00:02.296     1M / 2902M INFO    General                 (file_limit.hpp            :  42)   Open file limit set to 1024
  0:00:02.296     1M / 2902M INFO    General                 (kmer_splitter.hpp         :  93)   Memory available for splitting buffers: 1.29165 Gb
  0:00:02.296     1M / 2902M INFO    General                 (kmer_splitter.hpp         : 101)   Using cell size of 209715
  0:00:02.501  9602M / 9602M INFO    General                 (kmer_splitters.hpp        : 194)   Processed 4218915 kmers
  0:00:02.501  9602M / 9602M INFO    General                 (kmer_splitters.hpp        : 199)   Used 4218915 kmers.
  0:00:02.505     2M / 2902M INFO    General                 (kmer_index_builder.hpp    : 249)   Starting k-mer counting.
  0:00:02.570     2M / 2902M INFO    General                 (kmer_index_builder.hpp    : 260)   K-mer counting done. There are 4216299 kmers in total.
  0:00:02.570     2M / 2902M INFO   K-mer Index Building     (kmer_index_builder.hpp    : 395)   Building perfect hash indices
  0:00:02.648     5M / 2902M INFO   K-mer Index Building     (kmer_index_builder.hpp    : 431)   Index built. Total 4216299 kmers, 3165464 bytes occupied (6.00615 bits per kmer).
  0:00:02.648     5M / 2902M INFO    General                 (kmer_index_builder.hpp    : 169)   Merging final buckets.
  0:00:02.959     9M / 2902M INFO   DeBruijnExtensionIndexBu (kmer_extension_index_build: 100)   Building k-mer extensions from k+1-mers
  0:00:03.108     9M / 2902M INFO   DeBruijnExtensionIndexBu (kmer_extension_index_build: 105)   Building k-mer extensions from k+1-mers finished.
  0:00:03.116     9M / 2902M INFO    General                 (stage.cpp                 : 117)   PROCEDURE == Condensing graph (id: construction:graph_condensing)
  0:00:03.116     9M / 2902M INFO   UnbranchingPathExtractor (debruijn_graph_constructor: 354)   Extracting unbranching paths
  0:00:03.227    11M / 2902M INFO   UnbranchingPathExtractor (debruijn_graph_constructor: 373)   Extracting unbranching paths finished. 29084 sequences extracted
  0:00:03.317    11M / 2902M INFO   UnbranchingPathExtractor (debruijn_graph_constructor: 309)   Collecting perfect loops
  0:00:03.348    11M / 2902M INFO   UnbranchingPathExtractor (debruijn_graph_constructor: 342)   Collecting perfect loops finished. 0 loops collected
  0:00:03.356    11M / 2902M INFO    General                 (debruijn_graph_constructor: 487)   Total 58168 edges to create
  0:00:03.356    14M / 2902M INFO    General                 (debruijn_graph_constructor: 489)   Collecting link records
  0:00:03.388    15M / 2902M INFO    General                 (debruijn_graph_constructor: 491)   Ordering link records
  0:00:03.388    15M / 2902M INFO    General                 (debruijn_graph_constructor: 493)   Sorting done
  0:00:03.389    15M / 2902M INFO    General                 (debruijn_graph_constructor: 503)   Total 26468 vertices to create
  0:00:03.389    17M / 2902M INFO    General                 (debruijn_graph_constructor: 506)   Connecting the graph
  0:00:03.418    16M / 2902M INFO    General                 (stage.cpp                 : 117)   PROCEDURE == Filling coverage indices (PHM) (id: construction:coverage_filling_phm)
  0:00:03.418    16M / 2902M INFO   K-mer Index Building     (kmer_index_builder.hpp    : 395)   Building perfect hash indices
  0:00:03.466    19M / 2902M INFO   K-mer Index Building     (kmer_index_builder.hpp    : 431)   Index built. Total 4218915 kmers, 3167112 bytes occupied (6.00555 bits per kmer).
  0:00:03.472    36M / 2902M INFO    General                 (coverage_hash_map_builder.:  47)   Collecting k-mer coverage information from reads, this takes a while.
  0:00:05.044    36M / 2902M INFO    General                 (construction.cpp          : 430)   Filling coverage and flanking coverage from PHM
  0:00:05.138    36M / 2902M INFO    General                 (coverage_filling.hpp      :  82)   Processed 58154 edges
  0:00:05.161     7M / 2902M INFO   StageManager             (stage.cpp                 : 185)   STAGE == EC Threshold Finding (id: ec_threshold_finder)
  0:00:05.161     7M / 2902M INFO    General                 (kmer_coverage_model.cpp   : 181)   Kmer coverage valley at: 6
  0:00:05.161     7M / 2902M INFO    General                 (kmer_coverage_model.cpp   : 201)   K-mer histogram maximum: 34
  0:00:05.161     7M / 2902M INFO    General                 (kmer_coverage_model.cpp   : 237)   Estimated median coverage: 37. Coverage mad: 11.8608
  0:00:05.161     7M / 2902M INFO    General                 (kmer_coverage_model.cpp   : 259)   Fitting coverage model
  0:00:05.194     7M / 2902M INFO    General                 (kmer_coverage_model.cpp   : 295)   ... iteration 2
  0:00:05.281     7M / 2902M INFO    General                 (kmer_coverage_model.cpp   : 295)   ... iteration 4
  0:00:05.598     7M / 2902M INFO    General                 (kmer_coverage_model.cpp   : 295)   ... iteration 8
  0:00:06.249     7M / 2902M INFO    General                 (kmer_coverage_model.cpp   : 295)   ... iteration 16
  0:00:06.249     7M / 2902M INFO    General                 (kmer_coverage_model.cpp   : 309)   Fitted mean coverage: 37.4067. Fitted coverage std. dev: 9.67217
  0:00:06.250     7M / 2902M INFO    General                 (kmer_coverage_model.cpp   : 334)   Probability of erroneous kmer at valley: 0.0882362
  0:00:06.250     7M / 2902M INFO    General                 (kmer_coverage_model.cpp   : 358)   Preliminary threshold calculated as: 8
  0:00:06.250     7M / 2902M INFO    General                 (kmer_coverage_model.cpp   : 362)   Threshold adjusted to: 8
  0:00:06.250     7M / 2902M INFO    General                 (kmer_coverage_model.cpp   : 375)   Estimated genome size (ignoring repeats): 3929899
  0:00:06.250     7M / 2902M INFO    General                 (genomic_info_filler.cpp   :  55)   Mean coverage was calculated as 37.4067
  0:00:06.250     7M / 2902M INFO    General                 (genomic_info_filler.cpp   :  70)   EC coverage threshold value was calculated as 8
  0:00:06.250     7M / 2902M INFO    General                 (genomic_info_filler.cpp   :  71)   Trusted kmer low bound: 0
  0:00:06.250     7M / 2902M INFO   StageManager             (stage.cpp                 : 185)   STAGE == Gap Closer (id: early_gapcloser)
  0:00:06.256    16M / 2902M INFO    General                 (edge_index.hpp            : 113)   Size of edge index entries: 12/8
  0:00:06.260    17M / 2902M INFO    General                 (gap_closer.cpp            : 101)   Total edges in tip neighborhood: 11045 out of 58154, length: 232119
  0:00:06.261    17M / 2902M INFO    General                 (edge_index.hpp            : 167)   Using small index (max_id = 58461)
  0:00:06.264    17M / 2902M INFO   K-mer Index Building     (kmer_index_builder.hpp    : 395)   Building perfect hash indices
  0:00:06.276    17M / 2902M INFO   K-mer Index Building     (kmer_index_builder.hpp    : 431)   Index built. Total 192839 kmers, 140016 bytes occupied (5.80862 bits per kmer).
  0:00:06.277    18M / 2902M INFO    General                 (edge_index_builders.hpp   : 265)   Collecting edge information from graph, this takes a while.
  0:00:07.719    18M / 2902M INFO    General                 (sequence_mapper_notifier.h:  95)   Total 620686 reads processed
  0:00:07.728    17M / 2902M INFO    General                 (gap_closer.cpp            : 452)   Initializing gap closer
  0:00:07.728    17M / 2902M INFO   GapCloser                (gap_closer.cpp            : 359)   Closing short gaps
  0:00:07.756    17M / 2902M INFO   GapCloser                (gap_closer.cpp            : 391)   Closing short gaps complete: filled 0 gaps after checking 124 candidates
  0:00:07.757    17M / 2902M INFO    General                 (gap_closer.cpp            : 456)   Gap closer done
  0:00:07.758     7M / 2902M INFO   StageManager             (stage.cpp                 : 185)   STAGE == Raw Simplification (id: raw_simplification)
  0:00:07.758     7M / 2902M INFO    General                 (simplification.cpp        : 127)   PROCEDURE == Initial cleaning
  0:00:07.758     7M / 2902M INFO    General                 (graph_simplification.hpp  : 662)   Flanking coverage based disconnection disabled
  0:00:07.758     7M / 2902M INFO   Simplification           (parallel_processing.hpp   : 167)   Running Self conjugate edge remover
  0:00:07.759     7M / 2902M INFO   Simplification           (parallel_processing.hpp   : 170)   Self conjugate edge remover triggered 0 times
  0:00:07.759     7M / 2902M INFO   StageManager             (stage.cpp                 : 185)   STAGE == Simplification (id: simplification)
  0:00:07.759     7M / 2902M INFO    General                 (simplification.cpp        : 368)   Graph simplification started
  0:00:07.759     7M / 2902M INFO    General                 (graph_simplification.hpp  : 634)   Creating parallel br instance
  0:00:07.759     7M / 2902M INFO    General                 (simplification.cpp        : 373)   PROCEDURE == Simplification cycle, iteration 1
  0:00:07.759     7M / 2902M INFO   Simplification           (parallel_processing.hpp   : 167)   Running Tip clipper
  0:00:07.841     7M / 2902M INFO   Simplification           (parallel_processing.hpp   : 170)   Tip clipper triggered 9550 times
  0:00:07.842     7M / 2902M INFO   Simplification           (parallel_processing.hpp   : 167)   Running Bulge remover
  0:00:07.956    14M / 2902M INFO   Simplification           (parallel_processing.hpp   : 170)   Bulge remover triggered 1203 times
  0:00:07.957    14M / 2902M INFO   Simplification           (parallel_processing.hpp   : 167)   Running Low coverage edge remover
  0:00:07.958    14M / 2902M INFO   Simplification           (parallel_processing.hpp   : 170)   Low coverage edge remover triggered 3 times
  0:00:07.958    14M / 2902M INFO    General                 (simplification.cpp        : 373)   PROCEDURE == Simplification cycle, iteration 2
  0:00:07.958    14M / 2902M INFO   Simplification           (parallel_processing.hpp   : 167)   Running Tip clipper
  0:00:07.958    14M / 2902M INFO   Simplification           (parallel_processing.hpp   : 170)   Tip clipper triggered 0 times
  0:00:07.958    14M / 2902M INFO   Simplification           (parallel_processing.hpp   : 167)   Running Bulge remover
  0:00:07.958    14M / 2902M INFO   Simplification           (parallel_processing.hpp   : 170)   Bulge remover triggered 0 times
  0:00:07.958    14M / 2902M INFO   Simplification           (parallel_processing.hpp   : 167)   Running Low coverage edge remover
  0:00:07.974    14M / 2902M INFO   Simplification           (parallel_processing.hpp   : 170)   Low coverage edge remover triggered 696 times
  0:00:07.974    14M / 2902M INFO    General                 (simplification.cpp        : 373)   PROCEDURE == Simplification cycle, iteration 3
  0:00:07.974    14M / 2902M INFO   Simplification           (parallel_processing.hpp   : 167)   Running Tip clipper
  0:00:07.974    14M / 2902M INFO   Simplification           (parallel_processing.hpp   : 170)   Tip clipper triggered 12 times
  0:00:07.974    14M / 2902M INFO   Simplification           (parallel_processing.hpp   : 167)   Running Bulge remover
  0:00:07.990    14M / 2902M INFO   Simplification           (parallel_processing.hpp   : 170)   Bulge remover triggered 171 times
  0:00:07.990    14M / 2902M INFO   Simplification           (parallel_processing.hpp   : 167)   Running Low coverage edge remover
  0:00:07.999    14M / 2902M INFO   Simplification           (parallel_processing.hpp   : 170)   Low coverage edge remover triggered 158 times
  0:00:07.999    14M / 2902M INFO    General                 (simplification.cpp        : 373)   PROCEDURE == Simplification cycle, iteration 4
  0:00:07.999    14M / 2902M INFO   Simplification           (parallel_processing.hpp   : 167)   Running Tip clipper
  0:00:07.999    14M / 2902M INFO   Simplification           (parallel_processing.hpp   : 170)   Tip clipper triggered 1 times
  0:00:07.999    14M / 2902M INFO   Simplification           (parallel_processing.hpp   : 167)   Running Bulge remover
  0:00:08.003    15M / 2902M INFO   Simplification           (parallel_processing.hpp   : 170)   Bulge remover triggered 46 times
  0:00:08.003    15M / 2902M INFO   Simplification           (parallel_processing.hpp   : 167)   Running Low coverage edge remover
  0:00:08.003    15M / 2902M INFO   Simplification           (parallel_processing.hpp   : 170)   Low coverage edge remover triggered 26 times
  0:00:08.003    15M / 2902M INFO    General                 (simplification.cpp        : 373)   PROCEDURE == Simplification cycle, iteration 5
  0:00:08.003    15M / 2902M INFO   Simplification           (parallel_processing.hpp   : 167)   Running Tip clipper
  0:00:08.003    15M / 2902M INFO   Simplification           (parallel_processing.hpp   : 170)   Tip clipper triggered 1 times
  0:00:08.003    15M / 2902M INFO   Simplification           (parallel_processing.hpp   : 167)   Running Bulge remover
  0:00:08.004    15M / 2902M INFO   Simplification           (parallel_processing.hpp   : 170)   Bulge remover triggered 13 times
  0:00:08.004    15M / 2902M INFO   Simplification           (parallel_processing.hpp   : 167)   Running Low coverage edge remover
  0:00:08.005    15M / 2902M INFO   Simplification           (parallel_processing.hpp   : 170)   Low coverage edge remover triggered 19 times
  0:00:08.005    15M / 2902M INFO    General                 (simplification.cpp        : 373)   PROCEDURE == Simplification cycle, iteration 6
  0:00:08.005    15M / 2902M INFO   Simplification           (parallel_processing.hpp   : 167)   Running Tip clipper
  0:00:08.005    15M / 2902M INFO   Simplification           (parallel_processing.hpp   : 170)   Tip clipper triggered 0 times
  0:00:08.005    15M / 2902M INFO   Simplification           (parallel_processing.hpp   : 167)   Running Bulge remover
  0:00:08.006    15M / 2902M INFO   Simplification           (parallel_processing.hpp   : 170)   Bulge remover triggered 11 times
  0:00:08.006    15M / 2902M INFO   Simplification           (parallel_processing.hpp   : 167)   Running Low coverage edge remover
  0:00:08.006    15M / 2902M INFO   Simplification           (parallel_processing.hpp   : 170)   Low coverage edge remover triggered 7 times
  0:00:08.006    15M / 2902M INFO    General                 (simplification.cpp        : 373)   PROCEDURE == Simplification cycle, iteration 7
  0:00:08.006    15M / 2902M INFO   Simplification           (parallel_processing.hpp   : 167)   Running Tip clipper
  0:00:08.006    15M / 2902M INFO   Simplification           (parallel_processing.hpp   : 170)   Tip clipper triggered 0 times
  0:00:08.006    15M / 2902M INFO   Simplification           (parallel_processing.hpp   : 167)   Running Bulge remover
  0:00:08.006    15M / 2902M INFO   Simplification           (parallel_processing.hpp   : 170)   Bulge remover triggered 4 times
  0:00:08.006    15M / 2902M INFO   Simplification           (parallel_processing.hpp   : 167)   Running Low coverage edge remover
  0:00:08.006    15M / 2902M INFO   Simplification           (parallel_processing.hpp   : 170)   Low coverage edge remover triggered 1 times
  0:00:08.006    15M / 2902M INFO    General                 (simplification.cpp        : 373)   PROCEDURE == Simplification cycle, iteration 8
  0:00:08.006    15M / 2902M INFO   Simplification           (parallel_processing.hpp   : 167)   Running Tip clipper
  0:00:08.007    15M / 2902M INFO   Simplification           (parallel_processing.hpp   : 170)   Tip clipper triggered 0 times
  0:00:08.007    15M / 2902M INFO   Simplification           (parallel_processing.hpp   : 167)   Running Bulge remover
  0:00:08.007    15M / 2902M INFO   Simplification           (parallel_processing.hpp   : 170)   Bulge remover triggered 0 times
  0:00:08.007    15M / 2902M INFO   Simplification           (parallel_processing.hpp   : 167)   Running Low coverage edge remover
  0:00:08.007    15M / 2902M INFO   Simplification           (parallel_processing.hpp   : 170)   Low coverage edge remover triggered 2 times
  0:00:08.007    15M / 2902M INFO    General                 (simplification.cpp        : 373)   PROCEDURE == Simplification cycle, iteration 9
  0:00:08.007    15M / 2902M INFO   Simplification           (parallel_processing.hpp   : 167)   Running Tip clipper
  0:00:08.007    15M / 2902M INFO   Simplification           (parallel_processing.hpp   : 170)   Tip clipper triggered 0 times
  0:00:08.007    15M / 2902M INFO   Simplification           (parallel_processing.hpp   : 167)   Running Bulge remover
  0:00:08.007    15M / 2902M INFO   Simplification           (parallel_processing.hpp   : 170)   Bulge remover triggered 1 times
  0:00:08.007    15M / 2902M INFO   Simplification           (parallel_processing.hpp   : 167)   Running Low coverage edge remover
  0:00:08.007    15M / 2902M INFO   Simplification           (parallel_processing.hpp   : 170)   Low coverage edge remover triggered 1 times
  0:00:08.007    15M / 2902M INFO    General                 (simplification.cpp        : 373)   PROCEDURE == Simplification cycle, iteration 10
  0:00:08.007    15M / 2902M INFO   Simplification           (parallel_processing.hpp   : 167)   Running Tip clipper
  0:00:08.007    15M / 2902M INFO   Simplification           (parallel_processing.hpp   : 170)   Tip clipper triggered 0 times
  0:00:08.007    15M / 2902M INFO   Simplification           (parallel_processing.hpp   : 167)   Running Bulge remover
  0:00:08.007    15M / 2902M INFO   Simplification           (parallel_processing.hpp   : 170)   Bulge remover triggered 1 times
  0:00:08.007    15M / 2902M INFO   Simplification           (parallel_processing.hpp   : 167)   Running Low coverage edge remover
  0:00:08.007    15M / 2902M INFO   Simplification           (parallel_processing.hpp   : 170)   Low coverage edge remover triggered 1 times
  0:00:08.007    15M / 2902M INFO    General                 (simplification.cpp        : 373)   PROCEDURE == Simplification cycle, iteration 11
  0:00:08.007    15M / 2902M INFO   Simplification           (parallel_processing.hpp   : 167)   Running Tip clipper
  0:00:08.007    15M / 2902M INFO   Simplification           (parallel_processing.hpp   : 170)   Tip clipper triggered 0 times
  0:00:08.007    15M / 2902M INFO   Simplification           (parallel_processing.hpp   : 167)   Running Bulge remover
  0:00:08.009    15M / 2902M INFO   Simplification           (parallel_processing.hpp   : 170)   Bulge remover triggered 0 times
  0:00:08.009    15M / 2902M INFO   Simplification           (parallel_processing.hpp   : 167)   Running Low coverage edge remover
  0:00:08.009    15M / 2902M INFO   Simplification           (parallel_processing.hpp   : 170)   Low coverage edge remover triggered 0 times
  0:00:08.009    15M / 2902M INFO   StageManager             (stage.cpp                 : 185)   STAGE == Gap Closer (id: late_gapcloser)
  0:00:08.013    24M / 2902M INFO    General                 (edge_index.hpp            : 113)   Size of edge index entries: 12/8
  0:00:08.013    24M / 2902M INFO    General                 (gap_closer.cpp            : 101)   Total edges in tip neighborhood: 1324 out of 6462, length: 108549
  0:00:08.013    24M / 2902M INFO    General                 (edge_index.hpp            : 167)   Using small index (max_id = 58461)
  0:00:08.014    24M / 2902M INFO   K-mer Index Building     (kmer_index_builder.hpp    : 395)   Building perfect hash indices
  0:00:08.020    24M / 2902M INFO   K-mer Index Building     (kmer_index_builder.hpp    : 431)   Index built. Total 66280 kmers, 48616 bytes occupied (5.86795 bits per kmer).
  0:00:08.020    24M / 2902M INFO    General                 (edge_index_builders.hpp   : 265)   Collecting edge information from graph, this takes a while.
  0:00:10.341    25M / 2902M INFO    General                 (sequence_mapper_notifier.h:  95)   Total 620686 reads processed
  0:00:10.352    24M / 2902M INFO    General                 (gap_closer.cpp            : 452)   Initializing gap closer
  0:00:10.352    24M / 2902M INFO   GapCloser                (gap_closer.cpp            : 359)   Closing short gaps
  0:00:10.358    24M / 2902M INFO   GapCloser                (gap_closer.cpp            : 391)   Closing short gaps complete: filled 0 gaps after checking 2 candidates
  0:00:10.358    24M / 2902M INFO    General                 (gap_closer.cpp            : 456)   Gap closer done
  0:00:10.360    15M / 2902M INFO   StageManager             (stage.cpp                 : 185)   STAGE == Simplification Cleanup (id: simplification_cleanup)
  0:00:10.360    15M / 2902M INFO    General                 (simplification.cpp        : 176)   PROCEDURE == Post simplification
  0:00:10.360    15M / 2902M INFO    General                 (graph_simplification.hpp  : 448)   Disconnection of relatively low covered edges disabled
  0:00:10.360    15M / 2902M INFO    General                 (graph_simplification.hpp  : 485)   Complex tip clipping disabled
  0:00:10.360    15M / 2902M INFO    General                 (graph_simplification.hpp  : 634)   Creating parallel br instance
  0:00:10.360    15M / 2902M INFO   Simplification           (parallel_processing.hpp   : 167)   Running Tip clipper
  0:00:10.360    15M / 2902M INFO   Simplification           (parallel_processing.hpp   : 170)   Tip clipper triggered 0 times
  0:00:10.360    15M / 2902M INFO   Simplification           (parallel_processing.hpp   : 167)   Running Bulge remover
  0:00:10.365    15M / 2902M INFO   Simplification           (parallel_processing.hpp   : 170)   Bulge remover triggered 0 times
  0:00:10.365    15M / 2902M INFO   Simplification           (parallel_processing.hpp   : 167)   Running Tip clipper
  0:00:10.366    15M / 2902M INFO   Simplification           (parallel_processing.hpp   : 170)   Tip clipper triggered 0 times
  0:00:10.366    15M / 2902M INFO   Simplification           (parallel_processing.hpp   : 167)   Running Bulge remover
  0:00:10.369    15M / 2902M INFO   Simplification           (parallel_processing.hpp   : 170)   Bulge remover triggered 0 times
  0:00:10.369    15M / 2902M INFO    General                 (simplification.cpp        : 327)   Disrupting self-conjugate edges
  0:00:10.370    15M / 2902M INFO   Simplification           (parallel_processing.hpp   : 167)   Running Removing isolated edges
  0:00:10.372    15M / 2902M INFO   Simplification           (parallel_processing.hpp   : 170)   Removing isolated edges triggered 653 times
  0:00:10.372    15M / 2902M INFO    General                 (simplification.cpp        : 495)   After simplification:
  0:00:10.372    15M / 2902M INFO    General                 (simplification.cpp        : 496)     Average coverage = 41.3529
  0:00:10.372    15M / 2902M INFO    General                 (simplification.cpp        : 497)     Total length = 3919093
  0:00:10.373    15M / 2902M INFO    General                 (simplification.cpp        : 498)     Median edge length: 21770
  0:00:10.373    15M / 2902M INFO    General                 (simplification.cpp        : 499)     Edges: 5156
  0:00:10.373    15M / 2902M INFO    General                 (simplification.cpp        : 500)     Vertices: 3346
  0:00:10.373    15M / 2902M INFO   StageManager             (stage.cpp                 : 185)   STAGE == Contig Output (id: contig_output)
  0:00:10.373    15M / 2902M INFO    General                 (read_converter.cpp        : 107)   Outputting contigs to /data/djs217/PROJECTS/10_X_fragariae_feb_2024/04_spades/NCPPB_3028.spades/K55/simplified_contigs
  0:00:10.380    17M / 2902M INFO    General                 (binary_converter.cpp      : 111)   2578 reads written
  0:00:10.384    15M / 2902M INFO    General                 (pipeline.cpp              : 287)   SPAdes finished
  0:00:10.401     1M / 2902M INFO    General                 (main.cpp                  : 136)   Assembling time: 0 hours 0 minutes 10 seconds

===== K55 finished. 


===== K77 started. 


== Running: /data/djs217/anaconda3/envs/spades-env/bin/spades-core /data/djs217/PROJECTS/10_X_fragariae_feb_2024/04_spades/NCPPB_3028.spades/K77/configs/config.info /data/djs217/PROJECTS/10_X_fragariae_feb_2024/04_spades/NCPPB_3028.spades/K77/configs/careful_mode.info

  0:00:00.000     1M / 19M   INFO    General                 (main.cpp                  :  99)   Loaded config from /data/djs217/PROJECTS/10_X_fragariae_feb_2024/04_spades/NCPPB_3028.spades/K77/configs/config.info
  0:00:00.002     1M / 19M   INFO    General                 (main.cpp                  :  99)   Loaded config from /data/djs217/PROJECTS/10_X_fragariae_feb_2024/04_spades/NCPPB_3028.spades/K77/configs/careful_mode.info
  0:00:00.002     1M / 19M   INFO    General                 (memory_limit.cpp          :  54)   Memory limit set to 62 Gb
  0:00:00.002     1M / 19M   INFO    General                 (main.cpp                  : 107)   Starting SPAdes, built from N/A, git revision N/A
  0:00:00.002     1M / 19M   INFO    General                 (main.cpp                  : 108)   Maximum k-mer length: 128
  0:00:00.002     1M / 19M   INFO    General                 (main.cpp                  : 109)   Assembling dataset (/data/djs217/PROJECTS/10_X_fragariae_feb_2024/04_spades/NCPPB_3028.spades/dataset.info) with K=77
  0:00:00.002     1M / 19M   INFO    General                 (main.cpp                  : 110)   Maximum # of threads to use (adjusted due to OMP capabilities): 16
  0:00:00.002     1M / 19M   INFO    General                 (pipeline.cpp              : 212)   SPAdes started
  0:00:00.002     1M / 19M   INFO    General                 (pipeline.cpp              : 225)   Starting from stage: read_conversion
  0:00:00.002     1M / 19M   INFO    General                 (pipeline.cpp              : 231)   Two-step repeat resolution disabled
  0:00:00.002     1M / 19M   INFO   GraphCore                (graph_core.hpp            : 672)   Graph created, vertex min_id: 3, edge min_id: 3
  0:00:00.002     1M / 19M   INFO   GraphCore                (graph_core.hpp            : 673)   Vertex size: 48, edge size: 40
  0:00:00.003     1M / 19M   INFO    General                 (edge_index.hpp            : 113)   Size of edge index entries: 12/8
  0:00:00.003     1M / 19M   INFO    General                 (pipeline.cpp              : 242)   Will need read mapping, kmer mapper will be attached
  0:00:00.003     1M / 19M   INFO   StageManager             (stage.cpp                 : 185)   STAGE == Binary Read Conversion (id: read_conversion)
  0:00:00.004     1M / 19M   INFO    General                 (read_converter.cpp        :  53)   Binary reads detected
  0:00:00.008     1M / 19M   INFO   StageManager             (stage.cpp                 : 185)   STAGE == de Bruijn graph construction (id: construction)
  0:00:00.009     1M / 19M   INFO    General                 (construction.cpp          : 118)   Contigs from previous K will be used: /data/djs217/PROJECTS/10_X_fragariae_feb_2024/04_spades/NCPPB_3028.spades/K55/simplified_contigs
  0:00:00.051     1M / 19M   INFO    General                 (construction.cpp          : 153)   Max read length 301
  0:00:00.052     1M / 19M   INFO    General                 (construction.cpp          : 159)   Average read length 185.296
  0:00:00.052     1M / 19M   INFO    General                 (stage.cpp                 : 117)   PROCEDURE == k+1-mer counting (id: construction:kpomer_counting)
  0:00:00.052     1M / 19M   INFO    General                 (kmer_index_builder.hpp    : 243)   Splitting kmer instances into 160 files using 16 threads. This might take a while.
  0:00:00.052     1M / 19M   INFO    General                 (file_limit.hpp            :  42)   Open file limit set to 1024
  0:00:00.052     1M / 19M   INFO    General                 (kmer_splitter.hpp         :  93)   Memory available for splitting buffers: 1.29165 Gb
  0:00:00.052     1M / 19M   INFO    General                 (kmer_splitter.hpp         : 101)   Using cell size of 139810
  0:00:01.903  9601M / 9601M INFO    General                 (kmer_splitters.hpp        : 125)   Processed 2490690 reads
  0:00:01.921     2M / 3702M INFO    General                 (kmer_splitters.hpp        : 131)   Used 2490690 reads
  0:00:02.226     2M / 3702M INFO    General                 (kmer_index_builder.hpp    : 249)   Starting k-mer counting.
  0:00:02.298     1M / 3702M INFO    General                 (kmer_index_builder.hpp    : 260)   K-mer counting done. There are 4263094 kmers in total.
  0:00:02.298     1M / 3702M INFO    General                 (stage.cpp                 : 117)   PROCEDURE == Extension index construction (id: construction:extension_index_construction)
  0:00:02.300     1M / 3702M INFO   K-mer Index Building     (kmer_index_builder.hpp    : 438)   Building kmer index
  0:00:02.300     1M / 3702M INFO    General                 (kmer_index_builder.hpp    : 243)   Splitting kmer instances into 160 files using 16 threads. This might take a while.
  0:00:02.300     1M / 3702M INFO    General                 (file_limit.hpp            :  42)   Open file limit set to 1024
  0:00:02.300     1M / 3702M INFO    General                 (kmer_splitter.hpp         :  93)   Memory available for splitting buffers: 1.29165 Gb
  0:00:02.300     1M / 3702M INFO    General                 (kmer_splitter.hpp         : 101)   Using cell size of 139810
  0:00:02.480  9602M / 9602M INFO    General                 (kmer_splitters.hpp        : 194)   Processed 4263094 kmers
  0:00:02.480  9602M / 9602M INFO    General                 (kmer_splitters.hpp        : 199)   Used 4263094 kmers.
  0:00:02.482     2M / 3702M INFO    General                 (kmer_index_builder.hpp    : 249)   Starting k-mer counting.
  0:00:02.538     2M / 3702M INFO    General                 (kmer_index_builder.hpp    : 260)   K-mer counting done. There are 4261512 kmers in total.
  0:00:02.538     2M / 3702M INFO   K-mer Index Building     (kmer_index_builder.hpp    : 395)   Building perfect hash indices
  0:00:02.606     5M / 3702M INFO   K-mer Index Building     (kmer_index_builder.hpp    : 431)   Index built. Total 4261512 kmers, 3198456 bytes occupied (6.00436 bits per kmer).
  0:00:02.606     5M / 3702M INFO    General                 (kmer_index_builder.hpp    : 169)   Merging final buckets.
  0:00:02.985     9M / 3702M INFO   DeBruijnExtensionIndexBu (kmer_extension_index_build: 100)   Building k-mer extensions from k+1-mers
  0:00:03.157     9M / 3702M INFO   DeBruijnExtensionIndexBu (kmer_extension_index_build: 105)   Building k-mer extensions from k+1-mers finished.
  0:00:03.168     9M / 3702M INFO    General                 (stage.cpp                 : 117)   PROCEDURE == Condensing graph (id: construction:graph_condensing)
  0:00:03.169     9M / 3702M INFO   UnbranchingPathExtractor (debruijn_graph_constructor: 354)   Extracting unbranching paths
  0:00:03.295    11M / 3702M INFO   UnbranchingPathExtractor (debruijn_graph_constructor: 373)   Extracting unbranching paths finished. 27242 sequences extracted
  0:00:03.400    11M / 3702M INFO   UnbranchingPathExtractor (debruijn_graph_constructor: 309)   Collecting perfect loops
  0:00:03.434    11M / 3702M INFO   UnbranchingPathExtractor (debruijn_graph_constructor: 342)   Collecting perfect loops finished. 0 loops collected
  0:00:03.445    11M / 3702M INFO    General                 (debruijn_graph_constructor: 487)   Total 54484 edges to create
  0:00:03.445    14M / 3702M INFO    General                 (debruijn_graph_constructor: 489)   Collecting link records
  0:00:03.473    15M / 3702M INFO    General                 (debruijn_graph_constructor: 491)   Ordering link records
  0:00:03.473    15M / 3702M INFO    General                 (debruijn_graph_constructor: 493)   Sorting done
  0:00:03.474    15M / 3702M INFO    General                 (debruijn_graph_constructor: 503)   Total 25660 vertices to create
  0:00:03.474    17M / 3702M INFO    General                 (debruijn_graph_constructor: 506)   Connecting the graph
  0:00:03.500    16M / 3702M INFO    General                 (stage.cpp                 : 117)   PROCEDURE == Filling coverage indices (PHM) (id: construction:coverage_filling_phm)
  0:00:03.500    16M / 3702M INFO   K-mer Index Building     (kmer_index_builder.hpp    : 395)   Building perfect hash indices
  0:00:03.555    19M / 3702M INFO   K-mer Index Building     (kmer_index_builder.hpp    : 431)   Index built. Total 4263094 kmers, 3199624 bytes occupied (6.00432 bits per kmer).
  0:00:03.561    36M / 3702M INFO    General                 (coverage_hash_map_builder.:  47)   Collecting k-mer coverage information from reads, this takes a while.
  0:00:05.003    36M / 3702M INFO    General                 (construction.cpp          : 430)   Filling coverage and flanking coverage from PHM
  0:00:05.093    36M / 3702M INFO    General                 (coverage_filling.hpp      :  82)   Processed 54480 edges
  0:00:05.131     7M / 3702M INFO   StageManager             (stage.cpp                 : 185)   STAGE == EC Threshold Finding (id: ec_threshold_finder)
  0:00:05.131     7M / 3702M INFO    General                 (kmer_coverage_model.cpp   : 181)   Kmer coverage valley at: 3
  0:00:05.131     7M / 3702M INFO    General                 (kmer_coverage_model.cpp   : 201)   K-mer histogram maximum: 29
  0:00:05.131     7M / 3702M INFO    General                 (kmer_coverage_model.cpp   : 237)   Estimated median coverage: 31. Coverage mad: 10.3782
  0:00:05.132     7M / 3702M INFO    General                 (kmer_coverage_model.cpp   : 259)   Fitting coverage model
  0:00:05.168     7M / 3702M INFO    General                 (kmer_coverage_model.cpp   : 295)   ... iteration 2
  0:00:05.261     7M / 3702M INFO    General                 (kmer_coverage_model.cpp   : 295)   ... iteration 4
  0:00:05.608     7M / 3702M INFO    General                 (kmer_coverage_model.cpp   : 295)   ... iteration 8
  0:00:06.405     7M / 3702M INFO    General                 (kmer_coverage_model.cpp   : 295)   ... iteration 16
  0:00:07.011     7M / 3702M INFO    General                 (kmer_coverage_model.cpp   : 309)   Fitted mean coverage: 31.2373. Fitted coverage std. dev: 8.6648
  0:00:07.014     7M / 3702M INFO    General                 (kmer_coverage_model.cpp   : 334)   Probability of erroneous kmer at valley: 0.872451
  0:00:07.014     7M / 3702M INFO    General                 (kmer_coverage_model.cpp   : 358)   Preliminary threshold calculated as: 7
  0:00:07.014     7M / 3702M INFO    General                 (kmer_coverage_model.cpp   : 362)   Threshold adjusted to: 7
  0:00:07.014     7M / 3702M INFO    General                 (kmer_coverage_model.cpp   : 375)   Estimated genome size (ignoring repeats): 3955080
  0:00:07.014     7M / 3702M INFO    General                 (genomic_info_filler.cpp   :  55)   Mean coverage was calculated as 31.2373
  0:00:07.014     7M / 3702M INFO    General                 (genomic_info_filler.cpp   :  70)   EC coverage threshold value was calculated as 7
  0:00:07.014     7M / 3702M INFO    General                 (genomic_info_filler.cpp   :  71)   Trusted kmer low bound: 0
  0:00:07.014     7M / 3702M INFO   StageManager             (stage.cpp                 : 185)   STAGE == Gap Closer (id: early_gapcloser)
  0:00:07.020    16M / 3702M INFO    General                 (edge_index.hpp            : 113)   Size of edge index entries: 12/8
  0:00:07.025    17M / 3702M INFO    General                 (gap_closer.cpp            : 101)   Total edges in tip neighborhood: 11602 out of 54480, length: 265095
  0:00:07.026    17M / 3702M INFO    General                 (edge_index.hpp            : 167)   Using small index (max_id = 54759)
  0:00:07.029    17M / 3702M INFO   K-mer Index Building     (kmer_index_builder.hpp    : 395)   Building perfect hash indices
  0:00:07.044    17M / 3702M INFO   K-mer Index Building     (kmer_index_builder.hpp    : 431)   Index built. Total 224694 kmers, 163048 bytes occupied (5.80516 bits per kmer).
  0:00:07.044    19M / 3702M INFO    General                 (edge_index_builders.hpp   : 265)   Collecting edge information from graph, this takes a while.
  0:00:08.329    19M / 3702M INFO    General                 (sequence_mapper_notifier.h:  95)   Total 620686 reads processed
  0:00:08.339    17M / 3702M INFO    General                 (gap_closer.cpp            : 452)   Initializing gap closer
  0:00:08.339    17M / 3702M INFO   GapCloser                (gap_closer.cpp            : 359)   Closing short gaps
  0:00:08.362    17M / 3702M INFO   GapCloser                (gap_closer.cpp            : 391)   Closing short gaps complete: filled 2 gaps after checking 102 candidates
  0:00:08.363    17M / 3702M INFO    General                 (gap_closer.cpp            : 456)   Gap closer done
  0:00:08.365     7M / 3702M INFO   StageManager             (stage.cpp                 : 185)   STAGE == Raw Simplification (id: raw_simplification)
  0:00:08.365     7M / 3702M INFO    General                 (simplification.cpp        : 127)   PROCEDURE == Initial cleaning
  0:00:08.365     7M / 3702M INFO    General                 (graph_simplification.hpp  : 662)   Flanking coverage based disconnection disabled
  0:00:08.365     7M / 3702M INFO   Simplification           (parallel_processing.hpp   : 167)   Running Self conjugate edge remover
  0:00:08.365     7M / 3702M INFO   Simplification           (parallel_processing.hpp   : 170)   Self conjugate edge remover triggered 0 times
  0:00:08.365     7M / 3702M INFO   StageManager             (stage.cpp                 : 185)   STAGE == Simplification (id: simplification)
  0:00:08.365     7M / 3702M INFO    General                 (simplification.cpp        : 368)   Graph simplification started
  0:00:08.365     7M / 3702M INFO    General                 (graph_simplification.hpp  : 634)   Creating parallel br instance
  0:00:08.365     7M / 3702M INFO    General                 (simplification.cpp        : 373)   PROCEDURE == Simplification cycle, iteration 1
  0:00:08.365     7M / 3702M INFO   Simplification           (parallel_processing.hpp   : 167)   Running Tip clipper
  0:00:08.459     7M / 3702M INFO   Simplification           (parallel_processing.hpp   : 170)   Tip clipper triggered 9777 times
  0:00:08.460     7M / 3702M INFO   Simplification           (parallel_processing.hpp   : 167)   Running Bulge remover
  0:00:08.574    16M / 3702M INFO   Simplification           (parallel_processing.hpp   : 170)   Bulge remover triggered 812 times
  0:00:08.575    16M / 3702M INFO   Simplification           (parallel_processing.hpp   : 167)   Running Low coverage edge remover
  0:00:08.575    16M / 3702M INFO   Simplification           (parallel_processing.hpp   : 170)   Low coverage edge remover triggered 1 times
  0:00:08.575    16M / 3702M INFO    General                 (simplification.cpp        : 373)   PROCEDURE == Simplification cycle, iteration 2
  0:00:08.575    16M / 3702M INFO   Simplification           (parallel_processing.hpp   : 167)   Running Tip clipper
  0:00:08.576    16M / 3702M INFO   Simplification           (parallel_processing.hpp   : 170)   Tip clipper triggered 1 times
  0:00:08.576    16M / 3702M INFO   Simplification           (parallel_processing.hpp   : 167)   Running Bulge remover
  0:00:08.576    16M / 3702M INFO   Simplification           (parallel_processing.hpp   : 170)   Bulge remover triggered 0 times
  0:00:08.576    16M / 3702M INFO   Simplification           (parallel_processing.hpp   : 167)   Running Low coverage edge remover
  0:00:08.585    16M / 3702M INFO   Simplification           (parallel_processing.hpp   : 170)   Low coverage edge remover triggered 416 times
  0:00:08.585    16M / 3702M INFO    General                 (simplification.cpp        : 373)   PROCEDURE == Simplification cycle, iteration 3
  0:00:08.585    16M / 3702M INFO   Simplification           (parallel_processing.hpp   : 167)   Running Tip clipper
  0:00:08.585    16M / 3702M INFO   Simplification           (parallel_processing.hpp   : 170)   Tip clipper triggered 25 times
  0:00:08.586    16M / 3702M INFO   Simplification           (parallel_processing.hpp   : 167)   Running Bulge remover
  0:00:08.602    17M / 3702M INFO   Simplification           (parallel_processing.hpp   : 170)   Bulge remover triggered 111 times
  0:00:08.602    17M / 3702M INFO   Simplification           (parallel_processing.hpp   : 167)   Running Low coverage edge remover
  0:00:08.608    17M / 3702M INFO   Simplification           (parallel_processing.hpp   : 170)   Low coverage edge remover triggered 122 times
  0:00:08.608    17M / 3702M INFO    General                 (simplification.cpp        : 373)   PROCEDURE == Simplification cycle, iteration 4
  0:00:08.608    17M / 3702M INFO   Simplification           (parallel_processing.hpp   : 167)   Running Tip clipper
  0:00:08.608    17M / 3702M INFO   Simplification           (parallel_processing.hpp   : 170)   Tip clipper triggered 2 times
  0:00:08.609    17M / 3702M INFO   Simplification           (parallel_processing.hpp   : 167)   Running Bulge remover
  0:00:08.614    18M / 3702M INFO   Simplification           (parallel_processing.hpp   : 170)   Bulge remover triggered 40 times
  0:00:08.614    18M / 3702M INFO   Simplification           (parallel_processing.hpp   : 167)   Running Low coverage edge remover
  0:00:08.614    18M / 3702M INFO   Simplification           (parallel_processing.hpp   : 170)   Low coverage edge remover triggered 10 times
  0:00:08.614    18M / 3702M INFO    General                 (simplification.cpp        : 373)   PROCEDURE == Simplification cycle, iteration 5
  0:00:08.614    18M / 3702M INFO   Simplification           (parallel_processing.hpp   : 167)   Running Tip clipper
  0:00:08.614    18M / 3702M INFO   Simplification           (parallel_processing.hpp   : 170)   Tip clipper triggered 0 times
  0:00:08.614    18M / 3702M INFO   Simplification           (parallel_processing.hpp   : 167)   Running Bulge remover
  0:00:08.615    18M / 3702M INFO   Simplification           (parallel_processing.hpp   : 170)   Bulge remover triggered 3 times
  0:00:08.615    18M / 3702M INFO   Simplification           (parallel_processing.hpp   : 167)   Running Low coverage edge remover
  0:00:08.615    18M / 3702M INFO   Simplification           (parallel_processing.hpp   : 170)   Low coverage edge remover triggered 9 times
  0:00:08.615    18M / 3702M INFO    General                 (simplification.cpp        : 373)   PROCEDURE == Simplification cycle, iteration 6
  0:00:08.615    18M / 3702M INFO   Simplification           (parallel_processing.hpp   : 167)   Running Tip clipper
  0:00:08.615    18M / 3702M INFO   Simplification           (parallel_processing.hpp   : 170)   Tip clipper triggered 0 times
  0:00:08.615    18M / 3702M INFO   Simplification           (parallel_processing.hpp   : 167)   Running Bulge remover
  0:00:08.616    18M / 3702M INFO   Simplification           (parallel_processing.hpp   : 170)   Bulge remover triggered 3 times
  0:00:08.616    18M / 3702M INFO   Simplification           (parallel_processing.hpp   : 167)   Running Low coverage edge remover
  0:00:08.616    18M / 3702M INFO   Simplification           (parallel_processing.hpp   : 170)   Low coverage edge remover triggered 12 times
  0:00:08.616    18M / 3702M INFO    General                 (simplification.cpp        : 373)   PROCEDURE == Simplification cycle, iteration 7
  0:00:08.616    18M / 3702M INFO   Simplification           (parallel_processing.hpp   : 167)   Running Tip clipper
  0:00:08.616    18M / 3702M INFO   Simplification           (parallel_processing.hpp   : 170)   Tip clipper triggered 0 times
  0:00:08.616    18M / 3702M INFO   Simplification           (parallel_processing.hpp   : 167)   Running Bulge remover
  0:00:08.617    18M / 3702M INFO   Simplification           (parallel_processing.hpp   : 170)   Bulge remover triggered 6 times
  0:00:08.617    18M / 3702M INFO   Simplification           (parallel_processing.hpp   : 167)   Running Low coverage edge remover
  0:00:08.617    18M / 3702M INFO   Simplification           (parallel_processing.hpp   : 170)   Low coverage edge remover triggered 3 times
  0:00:08.617    18M / 3702M INFO    General                 (simplification.cpp        : 373)   PROCEDURE == Simplification cycle, iteration 8
  0:00:08.617    18M / 3702M INFO   Simplification           (parallel_processing.hpp   : 167)   Running Tip clipper
  0:00:08.617    18M / 3702M INFO   Simplification           (parallel_processing.hpp   : 170)   Tip clipper triggered 0 times
  0:00:08.617    18M / 3702M INFO   Simplification           (parallel_processing.hpp   : 167)   Running Bulge remover
  0:00:08.617    18M / 3702M INFO   Simplification           (parallel_processing.hpp   : 170)   Bulge remover triggered 1 times
  0:00:08.617    18M / 3702M INFO   Simplification           (parallel_processing.hpp   : 167)   Running Low coverage edge remover
  0:00:08.617    18M / 3702M INFO   Simplification           (parallel_processing.hpp   : 170)   Low coverage edge remover triggered 1 times
  0:00:08.617    18M / 3702M INFO    General                 (simplification.cpp        : 373)   PROCEDURE == Simplification cycle, iteration 9
  0:00:08.617    18M / 3702M INFO   Simplification           (parallel_processing.hpp   : 167)   Running Tip clipper
  0:00:08.617    18M / 3702M INFO   Simplification           (parallel_processing.hpp   : 170)   Tip clipper triggered 0 times
  0:00:08.617    18M / 3702M INFO   Simplification           (parallel_processing.hpp   : 167)   Running Bulge remover
  0:00:08.617    18M / 3702M INFO   Simplification           (parallel_processing.hpp   : 170)   Bulge remover triggered 0 times
  0:00:08.617    18M / 3702M INFO   Simplification           (parallel_processing.hpp   : 167)   Running Low coverage edge remover
  0:00:08.617    18M / 3702M INFO   Simplification           (parallel_processing.hpp   : 170)   Low coverage edge remover triggered 1 times
  0:00:08.617    18M / 3702M INFO    General                 (simplification.cpp        : 373)   PROCEDURE == Simplification cycle, iteration 10
  0:00:08.617    18M / 3702M INFO   Simplification           (parallel_processing.hpp   : 167)   Running Tip clipper
  0:00:08.617    18M / 3702M INFO   Simplification           (parallel_processing.hpp   : 170)   Tip clipper triggered 1 times
  0:00:08.617    18M / 3702M INFO   Simplification           (parallel_processing.hpp   : 167)   Running Bulge remover
  0:00:08.617    18M / 3702M INFO   Simplification           (parallel_processing.hpp   : 170)   Bulge remover triggered 0 times
  0:00:08.617    18M / 3702M INFO   Simplification           (parallel_processing.hpp   : 167)   Running Low coverage edge remover
  0:00:08.617    18M / 3702M INFO   Simplification           (parallel_processing.hpp   : 170)   Low coverage edge remover triggered 1 times
  0:00:08.617    18M / 3702M INFO    General                 (simplification.cpp        : 373)   PROCEDURE == Simplification cycle, iteration 11
  0:00:08.617    18M / 3702M INFO   Simplification           (parallel_processing.hpp   : 167)   Running Tip clipper
  0:00:08.618    18M / 3702M INFO   Simplification           (parallel_processing.hpp   : 170)   Tip clipper triggered 0 times
  0:00:08.618    18M / 3702M INFO   Simplification           (parallel_processing.hpp   : 167)   Running Bulge remover
  0:00:08.620    18M / 3702M INFO   Simplification           (parallel_processing.hpp   : 170)   Bulge remover triggered 3 times
  0:00:08.620    18M / 3702M INFO   Simplification           (parallel_processing.hpp   : 167)   Running Low coverage edge remover
  0:00:08.620    18M / 3702M INFO   Simplification           (parallel_processing.hpp   : 170)   Low coverage edge remover triggered 0 times
  0:00:08.620    18M / 3702M INFO    General                 (simplification.cpp        : 373)   PROCEDURE == Simplification cycle, iteration 12
  0:00:08.620    18M / 3702M INFO   Simplification           (parallel_processing.hpp   : 167)   Running Tip clipper
  0:00:08.620    18M / 3702M INFO   Simplification           (parallel_processing.hpp   : 170)   Tip clipper triggered 0 times
  0:00:08.620    18M / 3702M INFO   Simplification           (parallel_processing.hpp   : 167)   Running Bulge remover
  0:00:08.620    18M / 3702M INFO   Simplification           (parallel_processing.hpp   : 170)   Bulge remover triggered 0 times
  0:00:08.620    18M / 3702M INFO   Simplification           (parallel_processing.hpp   : 167)   Running Low coverage edge remover
  0:00:08.620    18M / 3702M INFO   Simplification           (parallel_processing.hpp   : 170)   Low coverage edge remover triggered 0 times
  0:00:08.620    18M / 3702M INFO   StageManager             (stage.cpp                 : 185)   STAGE == Gap Closer (id: late_gapcloser)
  0:00:08.623    27M / 3702M INFO    General                 (edge_index.hpp            : 113)   Size of edge index entries: 12/8
  0:00:08.623    27M / 3702M INFO    General                 (gap_closer.cpp            : 101)   Total edges in tip neighborhood: 1640 out of 6418, length: 110907
  0:00:08.623    27M / 3702M INFO    General                 (edge_index.hpp            : 167)   Using small index (max_id = 54759)
  0:00:08.624    27M / 3702M INFO   K-mer Index Building     (kmer_index_builder.hpp    : 395)   Building perfect hash indices
  0:00:08.632    27M / 3702M INFO   K-mer Index Building     (kmer_index_builder.hpp    : 431)   Index built. Total 68517 kmers, 50248 bytes occupied (5.86692 bits per kmer).
  0:00:08.632    28M / 3702M INFO    General                 (edge_index_builders.hpp   : 265)   Collecting edge information from graph, this takes a while.
  0:00:10.661    28M / 3702M INFO    General                 (sequence_mapper_notifier.h:  95)   Total 620686 reads processed
  0:00:10.671    27M / 3702M INFO    General                 (gap_closer.cpp            : 452)   Initializing gap closer
  0:00:10.671    27M / 3702M INFO   GapCloser                (gap_closer.cpp            : 359)   Closing short gaps
  0:00:10.676    27M / 3702M INFO   GapCloser                (gap_closer.cpp            : 391)   Closing short gaps complete: filled 0 gaps after checking 2 candidates
  0:00:10.676    27M / 3702M INFO    General                 (gap_closer.cpp            : 456)   Gap closer done
  0:00:10.678    18M / 3702M INFO   StageManager             (stage.cpp                 : 185)   STAGE == Simplification Cleanup (id: simplification_cleanup)
  0:00:10.678    18M / 3702M INFO    General                 (simplification.cpp        : 176)   PROCEDURE == Post simplification
  0:00:10.678    18M / 3702M INFO    General                 (graph_simplification.hpp  : 448)   Disconnection of relatively low covered edges disabled
  0:00:10.678    18M / 3702M INFO    General                 (graph_simplification.hpp  : 485)   Complex tip clipping disabled
  0:00:10.678    18M / 3702M INFO    General                 (graph_simplification.hpp  : 634)   Creating parallel br instance
  0:00:10.678    18M / 3702M INFO   Simplification           (parallel_processing.hpp   : 167)   Running Tip clipper
  0:00:10.678    18M / 3702M INFO   Simplification           (parallel_processing.hpp   : 170)   Tip clipper triggered 0 times
  0:00:10.678    18M / 3702M INFO   Simplification           (parallel_processing.hpp   : 167)   Running Bulge remover
  0:00:10.683    18M / 3702M INFO   Simplification           (parallel_processing.hpp   : 170)   Bulge remover triggered 0 times
  0:00:10.683    18M / 3702M INFO   Simplification           (parallel_processing.hpp   : 167)   Running Tip clipper
  0:00:10.684    18M / 3702M INFO   Simplification           (parallel_processing.hpp   : 170)   Tip clipper triggered 0 times
  0:00:10.684    18M / 3702M INFO   Simplification           (parallel_processing.hpp   : 167)   Running Bulge remover
  0:00:10.687    18M / 3702M INFO   Simplification           (parallel_processing.hpp   : 170)   Bulge remover triggered 0 times
  0:00:10.687    18M / 3702M INFO    General                 (simplification.cpp        : 327)   Disrupting self-conjugate edges
  0:00:10.688    18M / 3702M INFO   Simplification           (parallel_processing.hpp   : 167)   Running Removing isolated edges
  0:00:10.690    18M / 3702M INFO   Simplification           (parallel_processing.hpp   : 170)   Removing isolated edges triggered 815 times
  0:00:10.690    18M / 3702M INFO    General                 (simplification.cpp        : 495)   After simplification:
  0:00:10.690    18M / 3702M INFO    General                 (simplification.cpp        : 496)     Average coverage = 34.4339
  0:00:10.690    18M / 3702M INFO    General                 (simplification.cpp        : 497)     Total length = 3942516
  0:00:10.690    18M / 3702M INFO    General                 (simplification.cpp        : 498)     Median edge length: 23956
  0:00:10.690    18M / 3702M INFO    General                 (simplification.cpp        : 499)     Edges: 4788
  0:00:10.691    18M / 3702M INFO    General                 (simplification.cpp        : 500)     Vertices: 3100
  0:00:10.691    18M / 3702M INFO   StageManager             (stage.cpp                 : 185)   STAGE == Contig Output (id: contig_output)
  0:00:10.691    18M / 3702M INFO    General                 (read_converter.cpp        : 107)   Outputting contigs to /data/djs217/PROJECTS/10_X_fragariae_feb_2024/04_spades/NCPPB_3028.spades/K77/simplified_contigs
  0:00:10.697    20M / 3702M INFO    General                 (binary_converter.cpp      : 111)   2394 reads written
  0:00:10.701    18M / 3702M INFO    General                 (pipeline.cpp              : 287)   SPAdes finished
  0:00:10.720     1M / 3702M INFO    General                 (main.cpp                  : 136)   Assembling time: 0 hours 0 minutes 10 seconds

===== K77 finished. 


===== K99 started. 


== Running: /data/djs217/anaconda3/envs/spades-env/bin/spades-core /data/djs217/PROJECTS/10_X_fragariae_feb_2024/04_spades/NCPPB_3028.spades/K99/configs/config.info /data/djs217/PROJECTS/10_X_fragariae_feb_2024/04_spades/NCPPB_3028.spades/K99/configs/careful_mode.info

  0:00:00.000     1M / 19M   INFO    General                 (main.cpp                  :  99)   Loaded config from /data/djs217/PROJECTS/10_X_fragariae_feb_2024/04_spades/NCPPB_3028.spades/K99/configs/config.info
  0:00:00.001     1M / 19M   INFO    General                 (main.cpp                  :  99)   Loaded config from /data/djs217/PROJECTS/10_X_fragariae_feb_2024/04_spades/NCPPB_3028.spades/K99/configs/careful_mode.info
  0:00:00.001     1M / 19M   INFO    General                 (memory_limit.cpp          :  54)   Memory limit set to 62 Gb
  0:00:00.001     1M / 19M   INFO    General                 (main.cpp                  : 107)   Starting SPAdes, built from N/A, git revision N/A
  0:00:00.001     1M / 19M   INFO    General                 (main.cpp                  : 108)   Maximum k-mer length: 128
  0:00:00.001     1M / 19M   INFO    General                 (main.cpp                  : 109)   Assembling dataset (/data/djs217/PROJECTS/10_X_fragariae_feb_2024/04_spades/NCPPB_3028.spades/dataset.info) with K=99
  0:00:00.001     1M / 19M   INFO    General                 (main.cpp                  : 110)   Maximum # of threads to use (adjusted due to OMP capabilities): 16
  0:00:00.001     1M / 19M   INFO    General                 (pipeline.cpp              : 212)   SPAdes started
  0:00:00.001     1M / 19M   INFO    General                 (pipeline.cpp              : 225)   Starting from stage: read_conversion
  0:00:00.001     1M / 19M   INFO    General                 (pipeline.cpp              : 231)   Two-step repeat resolution disabled
  0:00:00.001     1M / 19M   INFO   GraphCore                (graph_core.hpp            : 672)   Graph created, vertex min_id: 3, edge min_id: 3
  0:00:00.001     1M / 19M   INFO   GraphCore                (graph_core.hpp            : 673)   Vertex size: 48, edge size: 40
  0:00:00.002     1M / 19M   INFO    General                 (edge_index.hpp            : 113)   Size of edge index entries: 12/8
  0:00:00.002     1M / 19M   INFO    General                 (pipeline.cpp              : 242)   Will need read mapping, kmer mapper will be attached
  0:00:00.002     1M / 19M   INFO   StageManager             (stage.cpp                 : 185)   STAGE == Binary Read Conversion (id: read_conversion)
  0:00:00.003     1M / 19M   INFO    General                 (read_converter.cpp        :  53)   Binary reads detected
  0:00:00.007     1M / 19M   INFO   StageManager             (stage.cpp                 : 185)   STAGE == de Bruijn graph construction (id: construction)
  0:00:00.008     1M / 19M   INFO    General                 (construction.cpp          : 118)   Contigs from previous K will be used: /data/djs217/PROJECTS/10_X_fragariae_feb_2024/04_spades/NCPPB_3028.spades/K77/simplified_contigs
  0:00:00.071     1M / 19M   INFO    General                 (construction.cpp          : 153)   Max read length 301
  0:00:00.071     1M / 19M   INFO    General                 (construction.cpp          : 159)   Average read length 185.296
  0:00:00.071     1M / 19M   INFO    General                 (stage.cpp                 : 117)   PROCEDURE == k+1-mer counting (id: construction:kpomer_counting)
  0:00:00.071     1M / 19M   INFO    General                 (kmer_index_builder.hpp    : 243)   Splitting kmer instances into 160 files using 16 threads. This might take a while.
  0:00:00.072     1M / 19M   INFO    General                 (file_limit.hpp            :  42)   Open file limit set to 1024
  0:00:00.072     1M / 19M   INFO    General                 (kmer_splitter.hpp         :  93)   Memory available for splitting buffers: 1.29165 Gb
  0:00:00.072     1M / 19M   INFO    General                 (kmer_splitter.hpp         : 101)   Using cell size of 104857
  0:00:01.790  9601M / 9601M INFO    General                 (kmer_splitters.hpp        : 125)   Processed 2490322 reads
  0:00:01.814     2M / 4045M INFO    General                 (kmer_splitters.hpp        : 131)   Used 2490322 reads
  0:00:02.085     2M / 4045M INFO    General                 (kmer_index_builder.hpp    : 249)   Starting k-mer counting.
  0:00:02.187     1M / 4045M INFO    General                 (kmer_index_builder.hpp    : 260)   K-mer counting done. There are 4286255 kmers in total.
  0:00:02.187     1M / 4045M INFO    General                 (stage.cpp                 : 117)   PROCEDURE == Extension index construction (id: construction:extension_index_construction)
  0:00:02.190     1M / 4045M INFO   K-mer Index Building     (kmer_index_builder.hpp    : 438)   Building kmer index
  0:00:02.190     1M / 4045M INFO    General                 (kmer_index_builder.hpp    : 243)   Splitting kmer instances into 160 files using 16 threads. This might take a while.
  0:00:02.190     1M / 4045M INFO    General                 (file_limit.hpp            :  42)   Open file limit set to 1024
  0:00:02.190     1M / 4045M INFO    General                 (kmer_splitter.hpp         :  93)   Memory available for splitting buffers: 1.29165 Gb
  0:00:02.190     1M / 4045M INFO    General                 (kmer_splitter.hpp         : 101)   Using cell size of 104857
  0:00:02.395  9602M / 9602M INFO    General                 (kmer_splitters.hpp        : 194)   Processed 4286255 kmers
  0:00:02.395  9602M / 9602M INFO    General                 (kmer_splitters.hpp        : 199)   Used 4286255 kmers.
  0:00:02.397     2M / 4045M INFO    General                 (kmer_index_builder.hpp    : 249)   Starting k-mer counting.
  0:00:02.499     2M / 4045M INFO    General                 (kmer_index_builder.hpp    : 260)   K-mer counting done. There are 4285574 kmers in total.
  0:00:02.500     2M / 4045M INFO   K-mer Index Building     (kmer_index_builder.hpp    : 395)   Building perfect hash indices
  0:00:02.605     5M / 4045M INFO   K-mer Index Building     (kmer_index_builder.hpp    : 431)   Index built. Total 4285574 kmers, 3216184 bytes occupied (6.00374 bits per kmer).
  0:00:02.605     5M / 4045M INFO    General                 (kmer_index_builder.hpp    : 169)   Merging final buckets.
  0:00:03.050     9M / 4045M INFO   DeBruijnExtensionIndexBu (kmer_extension_index_build: 100)   Building k-mer extensions from k+1-mers
  0:00:03.212     9M / 4045M INFO   DeBruijnExtensionIndexBu (kmer_extension_index_build: 105)   Building k-mer extensions from k+1-mers finished.
  0:00:03.227     9M / 4045M INFO    General                 (stage.cpp                 : 117)   PROCEDURE == Condensing graph (id: construction:graph_condensing)
  0:00:03.227     9M / 4045M INFO   UnbranchingPathExtractor (debruijn_graph_constructor: 354)   Extracting unbranching paths
  0:00:03.350    12M / 4045M INFO   UnbranchingPathExtractor (debruijn_graph_constructor: 373)   Extracting unbranching paths finished. 25189 sequences extracted
  0:00:03.451    12M / 4045M INFO   UnbranchingPathExtractor (debruijn_graph_constructor: 309)   Collecting perfect loops
  0:00:03.485    12M / 4045M INFO   UnbranchingPathExtractor (debruijn_graph_constructor: 342)   Collecting perfect loops finished. 0 loops collected
  0:00:03.497    12M / 4045M INFO    General                 (debruijn_graph_constructor: 487)   Total 50378 edges to create
  0:00:03.497    14M / 4045M INFO    General                 (debruijn_graph_constructor: 489)   Collecting link records
  0:00:03.530    14M / 4045M INFO    General                 (debruijn_graph_constructor: 491)   Ordering link records
  0:00:03.530    14M / 4045M INFO    General                 (debruijn_graph_constructor: 493)   Sorting done
  0:00:03.531    15M / 4045M INFO    General                 (debruijn_graph_constructor: 503)   Total 24508 vertices to create
  0:00:03.531    17M / 4045M INFO    General                 (debruijn_graph_constructor: 506)   Connecting the graph
  0:00:03.563    16M / 4045M INFO    General                 (stage.cpp                 : 117)   PROCEDURE == Filling coverage indices (PHM) (id: construction:coverage_filling_phm)
  0:00:03.563    16M / 4045M INFO   K-mer Index Building     (kmer_index_builder.hpp    : 395)   Building perfect hash indices
  0:00:03.631    19M / 4045M INFO   K-mer Index Building     (kmer_index_builder.hpp    : 431)   Index built. Total 4286255 kmers, 3216784 bytes occupied (6.00391 bits per kmer).
  0:00:03.637    36M / 4045M INFO    General                 (coverage_hash_map_builder.:  47)   Collecting k-mer coverage information from reads, this takes a while.
  0:00:05.004    36M / 4045M INFO    General                 (construction.cpp          : 430)   Filling coverage and flanking coverage from PHM
  0:00:05.107    36M / 4045M INFO    General                 (coverage_filling.hpp      :  82)   Processed 50377 edges
  0:00:05.158     7M / 4045M INFO   StageManager             (stage.cpp                 : 185)   STAGE == EC Threshold Finding (id: ec_threshold_finder)
  0:00:05.158     7M / 4045M INFO    General                 (kmer_coverage_model.cpp   : 181)   Kmer coverage valley at: 2
  0:00:05.158     7M / 4045M INFO    General                 (kmer_coverage_model.cpp   : 201)   K-mer histogram maximum: 23
  0:00:05.158     7M / 4045M INFO    General                 (kmer_coverage_model.cpp   : 237)   Estimated median coverage: 25. Coverage mad: 8.8956
  0:00:05.158     7M / 4045M INFO    General                 (kmer_coverage_model.cpp   : 259)   Fitting coverage model
  0:00:05.188     7M / 4045M INFO    General                 (kmer_coverage_model.cpp   : 295)   ... iteration 2
  0:00:05.263     7M / 4045M INFO    General                 (kmer_coverage_model.cpp   : 295)   ... iteration 4
  0:00:05.528     7M / 4045M INFO    General                 (kmer_coverage_model.cpp   : 295)   ... iteration 8
  0:00:06.102     7M / 4045M INFO    General                 (kmer_coverage_model.cpp   : 295)   ... iteration 16
  0:00:07.285     7M / 4045M INFO    General                 (kmer_coverage_model.cpp   : 295)   ... iteration 32
  0:00:09.040     7M / 4045M INFO    General                 (kmer_coverage_model.cpp   : 295)   ... iteration 64
  0:00:09.225     7M / 4045M INFO    General                 (kmer_coverage_model.cpp   : 309)   Fitted mean coverage: 25.3352. Fitted coverage std. dev: 7.61081
  0:00:09.227     7M / 4045M INFO    General                 (kmer_coverage_model.cpp   : 334)   Probability of erroneous kmer at valley: 0.917358
  0:00:09.227     7M / 4045M INFO    General                 (kmer_coverage_model.cpp   : 358)   Preliminary threshold calculated as: 6
  0:00:09.227     7M / 4045M INFO    General                 (kmer_coverage_model.cpp   : 362)   Threshold adjusted to: 6
  0:00:09.227     7M / 4045M INFO    General                 (kmer_coverage_model.cpp   : 375)   Estimated genome size (ignoring repeats): 3976814
  0:00:09.227     7M / 4045M INFO    General                 (genomic_info_filler.cpp   :  55)   Mean coverage was calculated as 25.3352
  0:00:09.227     7M / 4045M INFO    General                 (genomic_info_filler.cpp   :  70)   EC coverage threshold value was calculated as 6
  0:00:09.227     7M / 4045M INFO    General                 (genomic_info_filler.cpp   :  71)   Trusted kmer low bound: 0
  0:00:09.227     7M / 4045M INFO   StageManager             (stage.cpp                 : 185)   STAGE == Gap Closer (id: early_gapcloser)
  0:00:09.231    16M / 4045M INFO    General                 (edge_index.hpp            : 113)   Size of edge index entries: 12/8
  0:00:09.236    17M / 4045M INFO    General                 (gap_closer.cpp            : 101)   Total edges in tip neighborhood: 11874 out of 50377, length: 292535
  0:00:09.236    17M / 4045M INFO    General                 (edge_index.hpp            : 167)   Using small index (max_id = 50632)
  0:00:09.240    17M / 4045M INFO   K-mer Index Building     (kmer_index_builder.hpp    : 395)   Building perfect hash indices
  0:00:09.255    17M / 4045M INFO   K-mer Index Building     (kmer_index_builder.hpp    : 431)   Index built. Total 246867 kmers, 179032 bytes occupied (5.80173 bits per kmer).
  0:00:09.255    19M / 4045M INFO    General                 (edge_index_builders.hpp   : 265)   Collecting edge information from graph, this takes a while.
  0:00:10.385    19M / 4045M INFO    General                 (sequence_mapper_notifier.h:  95)   Total 620686 reads processed
  0:00:10.394    16M / 4045M INFO    General                 (gap_closer.cpp            : 452)   Initializing gap closer
  0:00:10.395    16M / 4045M INFO   GapCloser                (gap_closer.cpp            : 359)   Closing short gaps
  0:00:10.419    16M / 4045M INFO   GapCloser                (gap_closer.cpp            : 391)   Closing short gaps complete: filled 2 gaps after checking 88 candidates
  0:00:10.420    16M / 4045M INFO    General                 (gap_closer.cpp            : 456)   Gap closer done
  0:00:10.421     7M / 4045M INFO   StageManager             (stage.cpp                 : 185)   STAGE == Raw Simplification (id: raw_simplification)
  0:00:10.421     7M / 4045M INFO    General                 (simplification.cpp        : 127)   PROCEDURE == Initial cleaning
  0:00:10.421     7M / 4045M INFO    General                 (graph_simplification.hpp  : 662)   Flanking coverage based disconnection disabled
  0:00:10.421     7M / 4045M INFO   Simplification           (parallel_processing.hpp   : 167)   Running Self conjugate edge remover
  0:00:10.422     7M / 4045M INFO   Simplification           (parallel_processing.hpp   : 170)   Self conjugate edge remover triggered 0 times
  0:00:10.422     7M / 4045M INFO   StageManager             (stage.cpp                 : 185)   STAGE == Simplification (id: simplification)
  0:00:10.422     7M / 4045M INFO    General                 (simplification.cpp        : 368)   Graph simplification started
  0:00:10.422     7M / 4045M INFO    General                 (graph_simplification.hpp  : 634)   Creating parallel br instance
  0:00:10.422     7M / 4045M INFO    General                 (simplification.cpp        : 373)   PROCEDURE == Simplification cycle, iteration 1
  0:00:10.422     7M / 4045M INFO   Simplification           (parallel_processing.hpp   : 167)   Running Tip clipper
  0:00:10.525     6M / 4045M INFO   Simplification           (parallel_processing.hpp   : 170)   Tip clipper triggered 9572 times
  0:00:10.526     6M / 4045M INFO   Simplification           (parallel_processing.hpp   : 167)   Running Bulge remover
  0:00:10.621    15M / 4045M INFO   Simplification           (parallel_processing.hpp   : 170)   Bulge remover triggered 500 times
  0:00:10.622    15M / 4045M INFO   Simplification           (parallel_processing.hpp   : 167)   Running Low coverage edge remover
  0:00:10.622    15M / 4045M INFO   Simplification           (parallel_processing.hpp   : 170)   Low coverage edge remover triggered 2 times
  0:00:10.622    15M / 4045M INFO    General                 (simplification.cpp        : 373)   PROCEDURE == Simplification cycle, iteration 2
  0:00:10.622    15M / 4045M INFO   Simplification           (parallel_processing.hpp   : 167)   Running Tip clipper
  0:00:10.622    15M / 4045M INFO   Simplification           (parallel_processing.hpp   : 170)   Tip clipper triggered 0 times
  0:00:10.622    15M / 4045M INFO   Simplification           (parallel_processing.hpp   : 167)   Running Bulge remover
  0:00:10.623    15M / 4045M INFO   Simplification           (parallel_processing.hpp   : 170)   Bulge remover triggered 1 times
  0:00:10.623    15M / 4045M INFO   Simplification           (parallel_processing.hpp   : 167)   Running Low coverage edge remover
  0:00:10.630    15M / 4045M INFO   Simplification           (parallel_processing.hpp   : 170)   Low coverage edge remover triggered 240 times
  0:00:10.631    15M / 4045M INFO    General                 (simplification.cpp        : 373)   PROCEDURE == Simplification cycle, iteration 3
  0:00:10.631    15M / 4045M INFO   Simplification           (parallel_processing.hpp   : 167)   Running Tip clipper
  0:00:10.631    15M / 4045M INFO   Simplification           (parallel_processing.hpp   : 170)   Tip clipper triggered 20 times
  0:00:10.631    15M / 4045M INFO   Simplification           (parallel_processing.hpp   : 167)   Running Bulge remover
  0:00:10.643    16M / 4045M INFO   Simplification           (parallel_processing.hpp   : 170)   Bulge remover triggered 65 times
  0:00:10.643    16M / 4045M INFO   Simplification           (parallel_processing.hpp   : 167)   Running Low coverage edge remover
  0:00:10.644    16M / 4045M INFO   Simplification           (parallel_processing.hpp   : 170)   Low coverage edge remover triggered 35 times
  0:00:10.644    16M / 4045M INFO    General                 (simplification.cpp        : 373)   PROCEDURE == Simplification cycle, iteration 4
  0:00:10.645    16M / 4045M INFO   Simplification           (parallel_processing.hpp   : 167)   Running Tip clipper
  0:00:10.645    16M / 4045M INFO   Simplification           (parallel_processing.hpp   : 170)   Tip clipper triggered 1 times
  0:00:10.645    16M / 4045M INFO   Simplification           (parallel_processing.hpp   : 167)   Running Bulge remover
  0:00:10.648    16M / 4045M INFO   Simplification           (parallel_processing.hpp   : 170)   Bulge remover triggered 20 times
  0:00:10.648    16M / 4045M INFO   Simplification           (parallel_processing.hpp   : 167)   Running Low coverage edge remover
  0:00:10.650    16M / 4045M INFO   Simplification           (parallel_processing.hpp   : 170)   Low coverage edge remover triggered 43 times
  0:00:10.650    16M / 4045M INFO    General                 (simplification.cpp        : 373)   PROCEDURE == Simplification cycle, iteration 5
  0:00:10.650    16M / 4045M INFO   Simplification           (parallel_processing.hpp   : 167)   Running Tip clipper
  0:00:10.650    16M / 4045M INFO   Simplification           (parallel_processing.hpp   : 170)   Tip clipper triggered 0 times
  0:00:10.650    16M / 4045M INFO   Simplification           (parallel_processing.hpp   : 167)   Running Bulge remover
  0:00:10.652    16M / 4045M INFO   Simplification           (parallel_processing.hpp   : 170)   Bulge remover triggered 10 times
  0:00:10.652    16M / 4045M INFO   Simplification           (parallel_processing.hpp   : 167)   Running Low coverage edge remover
  0:00:10.652    16M / 4045M INFO   Simplification           (parallel_processing.hpp   : 170)   Low coverage edge remover triggered 6 times
  0:00:10.652    16M / 4045M INFO    General                 (simplification.cpp        : 373)   PROCEDURE == Simplification cycle, iteration 6
  0:00:10.652    16M / 4045M INFO   Simplification           (parallel_processing.hpp   : 167)   Running Tip clipper
  0:00:10.652    16M / 4045M INFO   Simplification           (parallel_processing.hpp   : 170)   Tip clipper triggered 0 times
  0:00:10.653    16M / 4045M INFO   Simplification           (parallel_processing.hpp   : 167)   Running Bulge remover
  0:00:10.653    16M / 4045M INFO   Simplification           (parallel_processing.hpp   : 170)   Bulge remover triggered 3 times
  0:00:10.653    16M / 4045M INFO   Simplification           (parallel_processing.hpp   : 167)   Running Low coverage edge remover
  0:00:10.653    16M / 4045M INFO   Simplification           (parallel_processing.hpp   : 170)   Low coverage edge remover triggered 7 times
  0:00:10.653    16M / 4045M INFO    General                 (simplification.cpp        : 373)   PROCEDURE == Simplification cycle, iteration 7
  0:00:10.653    16M / 4045M INFO   Simplification           (parallel_processing.hpp   : 167)   Running Tip clipper
  0:00:10.653    16M / 4045M INFO   Simplification           (parallel_processing.hpp   : 170)   Tip clipper triggered 1 times
  0:00:10.653    16M / 4045M INFO   Simplification           (parallel_processing.hpp   : 167)   Running Bulge remover
  0:00:10.654    16M / 4045M INFO   Simplification           (parallel_processing.hpp   : 170)   Bulge remover triggered 3 times
  0:00:10.654    16M / 4045M INFO   Simplification           (parallel_processing.hpp   : 167)   Running Low coverage edge remover
  0:00:10.654    16M / 4045M INFO   Simplification           (parallel_processing.hpp   : 170)   Low coverage edge remover triggered 3 times
  0:00:10.654    16M / 4045M INFO    General                 (simplification.cpp        : 373)   PROCEDURE == Simplification cycle, iteration 8
  0:00:10.654    16M / 4045M INFO   Simplification           (parallel_processing.hpp   : 167)   Running Tip clipper
  0:00:10.654    16M / 4045M INFO   Simplification           (parallel_processing.hpp   : 170)   Tip clipper triggered 0 times
  0:00:10.654    16M / 4045M INFO   Simplification           (parallel_processing.hpp   : 167)   Running Bulge remover
  0:00:10.654    16M / 4045M INFO   Simplification           (parallel_processing.hpp   : 170)   Bulge remover triggered 1 times
  0:00:10.654    16M / 4045M INFO   Simplification           (parallel_processing.hpp   : 167)   Running Low coverage edge remover
  0:00:10.654    16M / 4045M INFO   Simplification           (parallel_processing.hpp   : 170)   Low coverage edge remover triggered 0 times
  0:00:10.654    16M / 4045M INFO    General                 (simplification.cpp        : 373)   PROCEDURE == Simplification cycle, iteration 9
  0:00:10.654    16M / 4045M INFO   Simplification           (parallel_processing.hpp   : 167)   Running Tip clipper
  0:00:10.654    16M / 4045M INFO   Simplification           (parallel_processing.hpp   : 170)   Tip clipper triggered 0 times
  0:00:10.654    16M / 4045M INFO   Simplification           (parallel_processing.hpp   : 167)   Running Bulge remover
  0:00:10.654    16M / 4045M INFO   Simplification           (parallel_processing.hpp   : 170)   Bulge remover triggered 0 times
  0:00:10.654    16M / 4045M INFO   Simplification           (parallel_processing.hpp   : 167)   Running Low coverage edge remover
  0:00:10.654    16M / 4045M INFO   Simplification           (parallel_processing.hpp   : 170)   Low coverage edge remover triggered 1 times
  0:00:10.654    16M / 4045M INFO    General                 (simplification.cpp        : 373)   PROCEDURE == Simplification cycle, iteration 10
  0:00:10.654    16M / 4045M INFO   Simplification           (parallel_processing.hpp   : 167)   Running Tip clipper
  0:00:10.654    16M / 4045M INFO   Simplification           (parallel_processing.hpp   : 170)   Tip clipper triggered 0 times
  0:00:10.654    16M / 4045M INFO   Simplification           (parallel_processing.hpp   : 167)   Running Bulge remover
  0:00:10.655    16M / 4045M INFO   Simplification           (parallel_processing.hpp   : 170)   Bulge remover triggered 1 times
  0:00:10.655    16M / 4045M INFO   Simplification           (parallel_processing.hpp   : 167)   Running Low coverage edge remover
  0:00:10.655    16M / 4045M INFO   Simplification           (parallel_processing.hpp   : 170)   Low coverage edge remover triggered 0 times
  0:00:10.655    16M / 4045M INFO    General                 (simplification.cpp        : 373)   PROCEDURE == Simplification cycle, iteration 11
  0:00:10.655    16M / 4045M INFO   Simplification           (parallel_processing.hpp   : 167)   Running Tip clipper
  0:00:10.655    16M / 4045M INFO   Simplification           (parallel_processing.hpp   : 170)   Tip clipper triggered 0 times
  0:00:10.655    16M / 4045M INFO   Simplification           (parallel_processing.hpp   : 167)   Running Bulge remover
  0:00:10.657    16M / 4045M INFO   Simplification           (parallel_processing.hpp   : 170)   Bulge remover triggered 0 times
  0:00:10.657    16M / 4045M INFO   Simplification           (parallel_processing.hpp   : 167)   Running Low coverage edge remover
  0:00:10.657    16M / 4045M INFO   Simplification           (parallel_processing.hpp   : 170)   Low coverage edge remover triggered 0 times
  0:00:10.657    16M / 4045M INFO   StageManager             (stage.cpp                 : 185)   STAGE == Gap Closer (id: late_gapcloser)
  0:00:10.660    25M / 4045M INFO    General                 (edge_index.hpp            : 113)   Size of edge index entries: 12/8
  0:00:10.661    25M / 4045M INFO    General                 (gap_closer.cpp            : 101)   Total edges in tip neighborhood: 2140 out of 6734, length: 118907
  0:00:10.661    25M / 4045M INFO    General                 (edge_index.hpp            : 167)   Using small index (max_id = 50632)
  0:00:10.662    25M / 4045M INFO   K-mer Index Building     (kmer_index_builder.hpp    : 395)   Building perfect hash indices
  0:00:10.667    25M / 4045M INFO   K-mer Index Building     (kmer_index_builder.hpp    : 431)   Index built. Total 72517 kmers, 53128 bytes occupied (5.86103 bits per kmer).
  0:00:10.668    26M / 4045M INFO    General                 (edge_index_builders.hpp   : 265)   Collecting edge information from graph, this takes a while.
  0:00:12.485    26M / 4045M INFO    General                 (sequence_mapper_notifier.h:  95)   Total 620686 reads processed
  0:00:12.495    26M / 4045M INFO    General                 (gap_closer.cpp            : 452)   Initializing gap closer
  0:00:12.496    26M / 4045M INFO   GapCloser                (gap_closer.cpp            : 359)   Closing short gaps
  0:00:12.500    26M / 4045M INFO   GapCloser                (gap_closer.cpp            : 391)   Closing short gaps complete: filled 0 gaps after checking 0 candidates
  0:00:12.501    26M / 4045M INFO    General                 (gap_closer.cpp            : 456)   Gap closer done
  0:00:12.502    16M / 4045M INFO   StageManager             (stage.cpp                 : 185)   STAGE == Simplification Cleanup (id: simplification_cleanup)
  0:00:12.502    16M / 4045M INFO    General                 (simplification.cpp        : 176)   PROCEDURE == Post simplification
  0:00:12.502    16M / 4045M INFO    General                 (graph_simplification.hpp  : 448)   Disconnection of relatively low covered edges disabled
  0:00:12.502    16M / 4045M INFO    General                 (graph_simplification.hpp  : 485)   Complex tip clipping disabled
  0:00:12.502    16M / 4045M INFO    General                 (graph_simplification.hpp  : 634)   Creating parallel br instance
  0:00:12.502    16M / 4045M INFO   Simplification           (parallel_processing.hpp   : 167)   Running Tip clipper
  0:00:12.503    16M / 4045M INFO   Simplification           (parallel_processing.hpp   : 170)   Tip clipper triggered 0 times
  0:00:12.503    16M / 4045M INFO   Simplification           (parallel_processing.hpp   : 167)   Running Bulge remover
  0:00:12.508    16M / 4045M INFO   Simplification           (parallel_processing.hpp   : 170)   Bulge remover triggered 0 times
  0:00:12.508    16M / 4045M INFO   Simplification           (parallel_processing.hpp   : 167)   Running Tip clipper
  0:00:12.508    16M / 4045M INFO   Simplification           (parallel_processing.hpp   : 170)   Tip clipper triggered 0 times
  0:00:12.508    16M / 4045M INFO   Simplification           (parallel_processing.hpp   : 167)   Running Bulge remover
  0:00:12.511    16M / 4045M INFO   Simplification           (parallel_processing.hpp   : 170)   Bulge remover triggered 0 times
  0:00:12.511    16M / 4045M INFO    General                 (simplification.cpp        : 327)   Disrupting self-conjugate edges
  0:00:12.512    16M / 4045M INFO   Simplification           (parallel_processing.hpp   : 167)   Running Removing isolated edges
  0:00:12.515    16M / 4045M INFO   Simplification           (parallel_processing.hpp   : 170)   Removing isolated edges triggered 1065 times
  0:00:12.515    16M / 4045M INFO    General                 (simplification.cpp        : 495)   After simplification:
  0:00:12.515    16M / 4045M INFO    General                 (simplification.cpp        : 496)     Average coverage = 27.8719
  0:00:12.515    16M / 4045M INFO    General                 (simplification.cpp        : 497)     Total length = 3965169
  0:00:12.516    16M / 4045M INFO    General                 (simplification.cpp        : 498)     Median edge length: 24883
  0:00:12.516    16M / 4045M INFO    General                 (simplification.cpp        : 499)     Edges: 4604
  0:00:12.516    16M / 4045M INFO    General                 (simplification.cpp        : 500)     Vertices: 2990
  0:00:12.516    16M / 4045M INFO   StageManager             (stage.cpp                 : 185)   STAGE == Contig Output (id: contig_output)
  0:00:12.516    16M / 4045M INFO    General                 (read_converter.cpp        : 107)   Outputting contigs to /data/djs217/PROJECTS/10_X_fragariae_feb_2024/04_spades/NCPPB_3028.spades/K99/simplified_contigs
  0:00:12.523    19M / 4045M INFO    General                 (binary_converter.cpp      : 111)   2302 reads written
  0:00:12.528    16M / 4045M INFO    General                 (pipeline.cpp              : 287)   SPAdes finished
  0:00:12.543     1M / 4045M INFO    General                 (main.cpp                  : 136)   Assembling time: 0 hours 0 minutes 12 seconds

===== K99 finished. 


===== K127 started. 


== Running: /data/djs217/anaconda3/envs/spades-env/bin/spades-core /data/djs217/PROJECTS/10_X_fragariae_feb_2024/04_spades/NCPPB_3028.spades/K127/configs/config.info /data/djs217/PROJECTS/10_X_fragariae_feb_2024/04_spades/NCPPB_3028.spades/K127/configs/careful_mode.info

  0:00:00.000     1M / 19M   INFO    General                 (main.cpp                  :  99)   Loaded config from /data/djs217/PROJECTS/10_X_fragariae_feb_2024/04_spades/NCPPB_3028.spades/K127/configs/config.info
  0:00:00.002     1M / 19M   INFO    General                 (main.cpp                  :  99)   Loaded config from /data/djs217/PROJECTS/10_X_fragariae_feb_2024/04_spades/NCPPB_3028.spades/K127/configs/careful_mode.info
  0:00:00.002     1M / 19M   INFO    General                 (memory_limit.cpp          :  54)   Memory limit set to 62 Gb
  0:00:00.002     1M / 19M   INFO    General                 (main.cpp                  : 107)   Starting SPAdes, built from N/A, git revision N/A
  0:00:00.003     1M / 19M   INFO    General                 (main.cpp                  : 108)   Maximum k-mer length: 128
  0:00:00.003     1M / 19M   INFO    General                 (main.cpp                  : 109)   Assembling dataset (/data/djs217/PROJECTS/10_X_fragariae_feb_2024/04_spades/NCPPB_3028.spades/dataset.info) with K=127
  0:00:00.003     1M / 19M   INFO    General                 (main.cpp                  : 110)   Maximum # of threads to use (adjusted due to OMP capabilities): 16
  0:00:00.003     1M / 19M   INFO    General                 (pipeline.cpp              : 212)   SPAdes started
  0:00:00.003     1M / 19M   INFO    General                 (pipeline.cpp              : 225)   Starting from stage: read_conversion
  0:00:00.003     1M / 19M   INFO    General                 (pipeline.cpp              : 231)   Two-step repeat resolution disabled
  0:00:00.003     1M / 19M   INFO   GraphCore                (graph_core.hpp            : 672)   Graph created, vertex min_id: 3, edge min_id: 3
  0:00:00.003     1M / 19M   INFO   GraphCore                (graph_core.hpp            : 673)   Vertex size: 48, edge size: 40
  0:00:00.003     1M / 19M   INFO    General                 (edge_index.hpp            : 113)   Size of edge index entries: 12/8
  0:00:00.003     1M / 19M   INFO    General                 (pipeline.cpp              : 242)   Will need read mapping, kmer mapper will be attached
  0:00:00.003     1M / 19M   INFO   StageManager             (stage.cpp                 : 185)   STAGE == Binary Read Conversion (id: read_conversion)
  0:00:00.005     1M / 19M   INFO    General                 (read_converter.cpp        :  53)   Binary reads detected
  0:00:00.009     1M / 19M   INFO   StageManager             (stage.cpp                 : 185)   STAGE == de Bruijn graph construction (id: construction)
  0:00:00.009     1M / 19M   INFO    General                 (construction.cpp          : 118)   Contigs from previous K will be used: /data/djs217/PROJECTS/10_X_fragariae_feb_2024/04_spades/NCPPB_3028.spades/K99/simplified_contigs
  0:00:00.041     1M / 19M   INFO    General                 (construction.cpp          : 153)   Max read length 301
  0:00:00.042     1M / 19M   INFO    General                 (construction.cpp          : 159)   Average read length 185.296
  0:00:00.042     1M / 19M   INFO    General                 (stage.cpp                 : 117)   PROCEDURE == k+1-mer counting (id: construction:kpomer_counting)
  0:00:00.042     1M / 19M   INFO    General                 (kmer_index_builder.hpp    : 243)   Splitting kmer instances into 160 files using 16 threads. This might take a while.
  0:00:00.042     1M / 19M   INFO    General                 (file_limit.hpp            :  42)   Open file limit set to 1024
  0:00:00.042     1M / 19M   INFO    General                 (kmer_splitter.hpp         :  93)   Memory available for splitting buffers: 1.29165 Gb
  0:00:00.042     1M / 19M   INFO    General                 (kmer_splitter.hpp         : 101)   Using cell size of 104857
  0:00:01.379  9601M / 9601M INFO    General                 (kmer_splitters.hpp        : 125)   Processed 2490138 reads
  0:00:01.392     2M / 2968M INFO    General                 (kmer_splitters.hpp        : 131)   Used 2490138 reads
  0:00:01.638     2M / 2968M INFO    General                 (kmer_index_builder.hpp    : 249)   Starting k-mer counting.
  0:00:01.743     1M / 2968M INFO    General                 (kmer_index_builder.hpp    : 260)   K-mer counting done. There are 4289246 kmers in total.
  0:00:01.744     1M / 2968M INFO    General                 (stage.cpp                 : 117)   PROCEDURE == Extension index construction (id: construction:extension_index_construction)
  0:00:01.746     1M / 2968M INFO   K-mer Index Building     (kmer_index_builder.hpp    : 438)   Building kmer index
  0:00:01.747     1M / 2968M INFO    General                 (kmer_index_builder.hpp    : 243)   Splitting kmer instances into 160 files using 16 threads. This might take a while.
  0:00:01.747     1M / 2968M INFO    General                 (file_limit.hpp            :  42)   Open file limit set to 1024
  0:00:01.747     1M / 2968M INFO    General                 (kmer_splitter.hpp         :  93)   Memory available for splitting buffers: 1.29165 Gb
  0:00:01.747     1M / 2968M INFO    General                 (kmer_splitter.hpp         : 101)   Using cell size of 104857
  0:00:02.000  9602M / 9602M INFO    General                 (kmer_splitters.hpp        : 194)   Processed 4289246 kmers
  0:00:02.001  9602M / 9602M INFO    General                 (kmer_splitters.hpp        : 199)   Used 4289246 kmers.
  0:00:02.004     2M / 2968M INFO    General                 (kmer_index_builder.hpp    : 249)   Starting k-mer counting.
  0:00:02.119     2M / 2968M INFO    General                 (kmer_index_builder.hpp    : 260)   K-mer counting done. There are 4289558 kmers in total.
  0:00:02.119     2M / 2968M INFO   K-mer Index Building     (kmer_index_builder.hpp    : 395)   Building perfect hash indices
  0:00:02.360     5M / 2968M INFO   K-mer Index Building     (kmer_index_builder.hpp    : 431)   Index built. Total 4289558 kmers, 3219112 bytes occupied (6.00362 bits per kmer).
  0:00:02.360     5M / 2968M INFO    General                 (kmer_index_builder.hpp    : 169)   Merging final buckets.
  0:00:02.891     9M / 2968M INFO   DeBruijnExtensionIndexBu (kmer_extension_index_build: 100)   Building k-mer extensions from k+1-mers
  0:00:03.074     9M / 2968M INFO   DeBruijnExtensionIndexBu (kmer_extension_index_build: 105)   Building k-mer extensions from k+1-mers finished.
  0:00:03.092     9M / 2968M INFO    General                 (stage.cpp                 : 117)   PROCEDURE == Condensing graph (id: construction:graph_condensing)
  0:00:03.093     9M / 2968M INFO   UnbranchingPathExtractor (debruijn_graph_constructor: 354)   Extracting unbranching paths
  0:00:03.228    12M / 2968M INFO   UnbranchingPathExtractor (debruijn_graph_constructor: 373)   Extracting unbranching paths finished. 21938 sequences extracted
  0:00:03.337    11M / 2968M INFO   UnbranchingPathExtractor (debruijn_graph_constructor: 309)   Collecting perfect loops
  0:00:03.370    12M / 2968M INFO   UnbranchingPathExtractor (debruijn_graph_constructor: 342)   Collecting perfect loops finished. 0 loops collected
  0:00:03.382    11M / 2968M INFO    General                 (debruijn_graph_constructor: 487)   Total 43876 edges to create
  0:00:03.382    13M / 2968M INFO    General                 (debruijn_graph_constructor: 489)   Collecting link records
  0:00:03.409    14M / 2968M INFO    General                 (debruijn_graph_constructor: 491)   Ordering link records
  0:00:03.410    14M / 2968M INFO    General                 (debruijn_graph_constructor: 493)   Sorting done
  0:00:03.410    14M / 2968M INFO    General                 (debruijn_graph_constructor: 503)   Total 22250 vertices to create
  0:00:03.410    16M / 2968M INFO    General                 (debruijn_graph_constructor: 506)   Connecting the graph
  0:00:03.439    15M / 2968M INFO    General                 (stage.cpp                 : 117)   PROCEDURE == Filling coverage indices (PHM) (id: construction:coverage_filling_phm)
  0:00:03.439    15M / 2968M INFO   K-mer Index Building     (kmer_index_builder.hpp    : 395)   Building perfect hash indices
  0:00:03.511    19M / 2968M INFO   K-mer Index Building     (kmer_index_builder.hpp    : 431)   Index built. Total 4289246 kmers, 3219016 bytes occupied (6.00388 bits per kmer).
  0:00:03.518    36M / 2968M INFO    General                 (coverage_hash_map_builder.:  47)   Collecting k-mer coverage information from reads, this takes a while.
  0:00:04.534    36M / 2968M INFO    General                 (construction.cpp          : 430)   Filling coverage and flanking coverage from PHM
  0:00:04.640    36M / 2968M INFO    General                 (coverage_filling.hpp      :  82)   Processed 43876 edges
  0:00:04.690     7M / 2968M INFO   StageManager             (stage.cpp                 : 185)   STAGE == EC Threshold Finding (id: ec_threshold_finder)
  0:00:04.690     7M / 2968M INFO    General                 (kmer_coverage_model.cpp   : 181)   Kmer coverage valley at: 0
  0:00:04.690     7M / 2968M INFO    General                 (kmer_coverage_model.cpp   : 201)   K-mer histogram maximum: 16
  0:00:04.690     7M / 2968M INFO    General                 (kmer_coverage_model.cpp   : 237)   Estimated median coverage: 18. Coverage mad: 7.413
  0:00:04.690     7M / 2968M INFO    General                 (kmer_coverage_model.cpp   : 259)   Fitting coverage model
  0:00:04.708     7M / 2968M INFO    General                 (kmer_coverage_model.cpp   : 295)   ... iteration 2
  0:00:04.757     7M / 2968M INFO    General                 (kmer_coverage_model.cpp   : 295)   ... iteration 4
  0:00:04.932     7M / 2968M INFO    General                 (kmer_coverage_model.cpp   : 295)   ... iteration 8
  0:00:05.357     7M / 2968M INFO    General                 (kmer_coverage_model.cpp   : 295)   ... iteration 16
  0:00:06.195     7M / 2968M INFO    General                 (kmer_coverage_model.cpp   : 295)   ... iteration 32
  0:00:06.412     7M / 2968M INFO    General                 (kmer_coverage_model.cpp   : 309)   Fitted mean coverage: 18.519. Fitted coverage std. dev: 6.25195
  0:00:06.415     7M / 2968M INFO    General                 (kmer_coverage_model.cpp   : 334)   Probability of erroneous kmer at valley: 0.996413
  0:00:06.415     7M / 2968M INFO    General                 (kmer_coverage_model.cpp   : 358)   Preliminary threshold calculated as: 8
  0:00:06.415     7M / 2968M INFO    General                 (kmer_coverage_model.cpp   : 362)   Threshold adjusted to: 8
  0:00:06.415     7M / 2968M INFO    General                 (kmer_coverage_model.cpp   : 375)   Estimated genome size (ignoring repeats): 3914227
  0:00:06.415     7M / 2968M INFO    General                 (genomic_info_filler.cpp   :  55)   Mean coverage was calculated as 18.519
  0:00:06.415     7M / 2968M INFO    General                 (genomic_info_filler.cpp   :  70)   EC coverage threshold value was calculated as 8
  0:00:06.415     7M / 2968M INFO    General                 (genomic_info_filler.cpp   :  71)   Trusted kmer low bound: 0
  0:00:06.415     7M / 2968M INFO   StageManager             (stage.cpp                 : 185)   STAGE == Gap Closer (id: early_gapcloser)
  0:00:06.422    16M / 2968M INFO    General                 (edge_index.hpp            : 113)   Size of edge index entries: 12/8
  0:00:06.429    16M / 2968M INFO    General                 (gap_closer.cpp            : 101)   Total edges in tip neighborhood: 11685 out of 43876, length: 313325
  0:00:06.429    16M / 2968M INFO    General                 (edge_index.hpp            : 167)   Using small index (max_id = 44098)
  0:00:06.433    16M / 2968M INFO   K-mer Index Building     (kmer_index_builder.hpp    : 395)   Building perfect hash indices
  0:00:06.451    16M / 2968M INFO   K-mer Index Building     (kmer_index_builder.hpp    : 431)   Index built. Total 256479 kmers, 185984 bytes occupied (5.80115 bits per kmer).
  0:00:06.451    18M / 2968M INFO    General                 (edge_index_builders.hpp   : 265)   Collecting edge information from graph, this takes a while.
  0:00:07.293    18M / 2968M INFO    General                 (sequence_mapper_notifier.h:  95)   Total 620686 reads processed
  0:00:07.303    16M / 2968M INFO    General                 (gap_closer.cpp            : 452)   Initializing gap closer
  0:00:07.303    16M / 2968M INFO   GapCloser                (gap_closer.cpp            : 359)   Closing short gaps
  0:00:07.323    16M / 2968M INFO   GapCloser                (gap_closer.cpp            : 391)   Closing short gaps complete: filled 1 gaps after checking 71 candidates
  0:00:07.324    16M / 2968M INFO    General                 (gap_closer.cpp            : 456)   Gap closer done
  0:00:07.325     7M / 2968M INFO   StageManager             (stage.cpp                 : 185)   STAGE == Raw Simplification (id: raw_simplification)
  0:00:07.325     7M / 2968M INFO    General                 (simplification.cpp        : 127)   PROCEDURE == Initial cleaning
  0:00:07.325     7M / 2968M INFO    General                 (simplification.cpp        :  61)   Most init cleaning disabled on main iteration
  0:00:07.325     7M / 2968M INFO   Simplification           (parallel_processing.hpp   : 167)   Running Self conjugate edge remover
  0:00:07.326     7M / 2968M INFO   Simplification           (parallel_processing.hpp   : 170)   Self conjugate edge remover triggered 0 times
  0:00:07.326     7M / 2968M INFO   StageManager             (stage.cpp                 : 185)   STAGE == Simplification (id: simplification)
  0:00:07.326     7M / 2968M INFO    General                 (simplification.cpp        : 368)   Graph simplification started
  0:00:07.326     7M / 2968M INFO    General                 (graph_simplification.hpp  : 634)   Creating parallel br instance
  0:00:07.326     7M / 2968M INFO    General                 (simplification.cpp        : 373)   PROCEDURE == Simplification cycle, iteration 1
  0:00:07.326     7M / 2968M INFO   Simplification           (parallel_processing.hpp   : 167)   Running Tip clipper
  0:00:07.474     6M / 2968M INFO   Simplification           (parallel_processing.hpp   : 170)   Tip clipper triggered 8500 times
  0:00:07.474     6M / 2968M INFO   Simplification           (parallel_processing.hpp   : 167)   Running Bulge remover
  0:00:07.568    11M / 2968M INFO   Simplification           (parallel_processing.hpp   : 170)   Bulge remover triggered 252 times
  0:00:07.569    11M / 2968M INFO   Simplification           (parallel_processing.hpp   : 167)   Running Low coverage edge remover
  0:00:07.569    11M / 2968M INFO   Simplification           (parallel_processing.hpp   : 170)   Low coverage edge remover triggered 2 times
  0:00:07.569    11M / 2968M INFO    General                 (simplification.cpp        : 373)   PROCEDURE == Simplification cycle, iteration 2
  0:00:07.569    11M / 2968M INFO   Simplification           (parallel_processing.hpp   : 167)   Running Tip clipper
  0:00:07.570    11M / 2968M INFO   Simplification           (parallel_processing.hpp   : 170)   Tip clipper triggered 0 times
  0:00:07.570    11M / 2968M INFO   Simplification           (parallel_processing.hpp   : 167)   Running Bulge remover
  0:00:07.570    11M / 2968M INFO   Simplification           (parallel_processing.hpp   : 170)   Bulge remover triggered 1 times
  0:00:07.570    11M / 2968M INFO   Simplification           (parallel_processing.hpp   : 167)   Running Low coverage edge remover
  0:00:07.576    11M / 2968M INFO   Simplification           (parallel_processing.hpp   : 170)   Low coverage edge remover triggered 143 times
  0:00:07.577    11M / 2968M INFO    General                 (simplification.cpp        : 373)   PROCEDURE == Simplification cycle, iteration 3
  0:00:07.577    11M / 2968M INFO   Simplification           (parallel_processing.hpp   : 167)   Running Tip clipper
  0:00:07.577    11M / 2968M INFO   Simplification           (parallel_processing.hpp   : 170)   Tip clipper triggered 33 times
  0:00:07.577    11M / 2968M INFO   Simplification           (parallel_processing.hpp   : 167)   Running Bulge remover
  0:00:07.590    12M / 2968M INFO   Simplification           (parallel_processing.hpp   : 170)   Bulge remover triggered 32 times
  0:00:07.590    12M / 2968M INFO   Simplification           (parallel_processing.hpp   : 167)   Running Low coverage edge remover
  0:00:07.591    12M / 2968M INFO   Simplification           (parallel_processing.hpp   : 170)   Low coverage edge remover triggered 21 times
  0:00:07.591    12M / 2968M INFO    General                 (simplification.cpp        : 373)   PROCEDURE == Simplification cycle, iteration 4
  0:00:07.591    12M / 2968M INFO   Simplification           (parallel_processing.hpp   : 167)   Running Tip clipper
  0:00:07.591    12M / 2968M INFO   Simplification           (parallel_processing.hpp   : 170)   Tip clipper triggered 4 times
  0:00:07.591    12M / 2968M INFO   Simplification           (parallel_processing.hpp   : 167)   Running Bulge remover
  0:00:07.594    12M / 2968M INFO   Simplification           (parallel_processing.hpp   : 170)   Bulge remover triggered 9 times
  0:00:07.594    12M / 2968M INFO   Simplification           (parallel_processing.hpp   : 167)   Running Low coverage edge remover
  0:00:07.594    12M / 2968M INFO   Simplification           (parallel_processing.hpp   : 170)   Low coverage edge remover triggered 4 times
  0:00:07.595    12M / 2968M INFO    General                 (simplification.cpp        : 373)   PROCEDURE == Simplification cycle, iteration 5
  0:00:07.595    12M / 2968M INFO   Simplification           (parallel_processing.hpp   : 167)   Running Tip clipper
  0:00:07.595    12M / 2968M INFO   Simplification           (parallel_processing.hpp   : 170)   Tip clipper triggered 0 times
  0:00:07.595    12M / 2968M INFO   Simplification           (parallel_processing.hpp   : 167)   Running Bulge remover
  0:00:07.596    12M / 2968M INFO   Simplification           (parallel_processing.hpp   : 170)   Bulge remover triggered 2 times
  0:00:07.596    12M / 2968M INFO   Simplification           (parallel_processing.hpp   : 167)   Running Low coverage edge remover
  0:00:07.596    12M / 2968M INFO   Simplification           (parallel_processing.hpp   : 170)   Low coverage edge remover triggered 0 times
  0:00:07.596    12M / 2968M INFO    General                 (simplification.cpp        : 373)   PROCEDURE == Simplification cycle, iteration 6
  0:00:07.596    12M / 2968M INFO   Simplification           (parallel_processing.hpp   : 167)   Running Tip clipper
  0:00:07.596    12M / 2968M INFO   Simplification           (parallel_processing.hpp   : 170)   Tip clipper triggered 0 times
  0:00:07.596    12M / 2968M INFO   Simplification           (parallel_processing.hpp   : 167)   Running Bulge remover
  0:00:07.596    12M / 2968M INFO   Simplification           (parallel_processing.hpp   : 170)   Bulge remover triggered 0 times
  0:00:07.596    12M / 2968M INFO   Simplification           (parallel_processing.hpp   : 167)   Running Low coverage edge remover
  0:00:07.596    12M / 2968M INFO   Simplification           (parallel_processing.hpp   : 170)   Low coverage edge remover triggered 0 times
  0:00:07.596    12M / 2968M INFO    General                 (simplification.cpp        : 373)   PROCEDURE == Simplification cycle, iteration 7
  0:00:07.596    12M / 2968M INFO   Simplification           (parallel_processing.hpp   : 167)   Running Tip clipper
  0:00:07.596    12M / 2968M INFO   Simplification           (parallel_processing.hpp   : 170)   Tip clipper triggered 0 times
  0:00:07.596    12M / 2968M INFO   Simplification           (parallel_processing.hpp   : 167)   Running Bulge remover
  0:00:07.596    12M / 2968M INFO   Simplification           (parallel_processing.hpp   : 170)   Bulge remover triggered 0 times
  0:00:07.596    12M / 2968M INFO   Simplification           (parallel_processing.hpp   : 167)   Running Low coverage edge remover
  0:00:07.596    12M / 2968M INFO   Simplification           (parallel_processing.hpp   : 170)   Low coverage edge remover triggered 2 times
  0:00:07.596    12M / 2968M INFO    General                 (simplification.cpp        : 373)   PROCEDURE == Simplification cycle, iteration 8
  0:00:07.596    12M / 2968M INFO   Simplification           (parallel_processing.hpp   : 167)   Running Tip clipper
  0:00:07.596    12M / 2968M INFO   Simplification           (parallel_processing.hpp   : 170)   Tip clipper triggered 0 times
  0:00:07.596    12M / 2968M INFO   Simplification           (parallel_processing.hpp   : 167)   Running Bulge remover
  0:00:07.596    12M / 2968M INFO   Simplification           (parallel_processing.hpp   : 170)   Bulge remover triggered 0 times
  0:00:07.596    12M / 2968M INFO   Simplification           (parallel_processing.hpp   : 167)   Running Low coverage edge remover
  0:00:07.596    12M / 2968M INFO   Simplification           (parallel_processing.hpp   : 170)   Low coverage edge remover triggered 0 times
  0:00:07.596    12M / 2968M INFO    General                 (simplification.cpp        : 373)   PROCEDURE == Simplification cycle, iteration 9
  0:00:07.596    12M / 2968M INFO   Simplification           (parallel_processing.hpp   : 167)   Running Tip clipper
  0:00:07.596    12M / 2968M INFO   Simplification           (parallel_processing.hpp   : 170)   Tip clipper triggered 0 times
  0:00:07.596    12M / 2968M INFO   Simplification           (parallel_processing.hpp   : 167)   Running Bulge remover
  0:00:07.596    12M / 2968M INFO   Simplification           (parallel_processing.hpp   : 170)   Bulge remover triggered 0 times
  0:00:07.596    12M / 2968M INFO   Simplification           (parallel_processing.hpp   : 167)   Running Low coverage edge remover
  0:00:07.596    12M / 2968M INFO   Simplification           (parallel_processing.hpp   : 170)   Low coverage edge remover triggered 2 times
  0:00:07.596    12M / 2968M INFO    General                 (simplification.cpp        : 373)   PROCEDURE == Simplification cycle, iteration 10
  0:00:07.596    12M / 2968M INFO   Simplification           (parallel_processing.hpp   : 167)   Running Tip clipper
  0:00:07.596    12M / 2968M INFO   Simplification           (parallel_processing.hpp   : 170)   Tip clipper triggered 0 times
  0:00:07.597    12M / 2968M INFO   Simplification           (parallel_processing.hpp   : 167)   Running Bulge remover
  0:00:07.597    12M / 2968M INFO   Simplification           (parallel_processing.hpp   : 170)   Bulge remover triggered 0 times
  0:00:07.597    12M / 2968M INFO   Simplification           (parallel_processing.hpp   : 167)   Running Low coverage edge remover
  0:00:07.597    12M / 2968M INFO   Simplification           (parallel_processing.hpp   : 170)   Low coverage edge remover triggered 1 times
  0:00:07.597    12M / 2968M INFO    General                 (simplification.cpp        : 373)   PROCEDURE == Simplification cycle, iteration 11
  0:00:07.597    12M / 2968M INFO   Simplification           (parallel_processing.hpp   : 167)   Running Tip clipper
  0:00:07.597    12M / 2968M INFO   Simplification           (parallel_processing.hpp   : 170)   Tip clipper triggered 0 times
  0:00:07.597    12M / 2968M INFO   Simplification           (parallel_processing.hpp   : 167)   Running Bulge remover
  0:00:07.601    12M / 2968M INFO   Simplification           (parallel_processing.hpp   : 170)   Bulge remover triggered 5 times
  0:00:07.601    12M / 2968M INFO   Simplification           (parallel_processing.hpp   : 167)   Running Low coverage edge remover
  0:00:07.602    12M / 2968M INFO   Simplification           (parallel_processing.hpp   : 170)   Low coverage edge remover triggered 0 times
  0:00:07.602    12M / 2968M INFO    General                 (simplification.cpp        : 373)   PROCEDURE == Simplification cycle, iteration 12
  0:00:07.602    12M / 2968M INFO   Simplification           (parallel_processing.hpp   : 167)   Running Tip clipper
  0:00:07.602    12M / 2968M INFO   Simplification           (parallel_processing.hpp   : 170)   Tip clipper triggered 0 times
  0:00:07.602    12M / 2968M INFO   Simplification           (parallel_processing.hpp   : 167)   Running Bulge remover
  0:00:07.602    12M / 2968M INFO   Simplification           (parallel_processing.hpp   : 170)   Bulge remover triggered 0 times
  0:00:07.602    12M / 2968M INFO   Simplification           (parallel_processing.hpp   : 167)   Running Low coverage edge remover
  0:00:07.602    12M / 2968M INFO   Simplification           (parallel_processing.hpp   : 170)   Low coverage edge remover triggered 0 times
  0:00:07.602    12M / 2968M INFO   StageManager             (stage.cpp                 : 185)   STAGE == Gap Closer (id: late_gapcloser)
  0:00:07.607    21M / 2968M INFO    General                 (edge_index.hpp            : 113)   Size of edge index entries: 12/8
  0:00:07.608    21M / 2968M INFO    General                 (gap_closer.cpp            : 101)   Total edges in tip neighborhood: 2998 out of 7072, length: 139711
  0:00:07.608    21M / 2968M INFO    General                 (edge_index.hpp            : 167)   Using small index (max_id = 44098)
  0:00:07.610    22M / 2968M INFO   K-mer Index Building     (kmer_index_builder.hpp    : 395)   Building perfect hash indices
  0:00:07.620    22M / 2968M INFO   K-mer Index Building     (kmer_index_builder.hpp    : 431)   Index built. Total 82919 kmers, 60640 bytes occupied (5.85053 bits per kmer).
  0:00:07.620    22M / 2968M INFO    General                 (edge_index_builders.hpp   : 265)   Collecting edge information from graph, this takes a while.
  0:00:08.994    22M / 2968M INFO    General                 (sequence_mapper_notifier.h:  95)   Total 620686 reads processed
  0:00:09.003    22M / 2968M INFO    General                 (gap_closer.cpp            : 452)   Initializing gap closer
  0:00:09.004    22M / 2968M INFO   GapCloser                (gap_closer.cpp            : 359)   Closing short gaps
  0:00:09.009    22M / 2968M INFO   GapCloser                (gap_closer.cpp            : 391)   Closing short gaps complete: filled 0 gaps after checking 0 candidates
  0:00:09.010    22M / 2968M INFO    General                 (gap_closer.cpp            : 456)   Gap closer done
  0:00:09.012    12M / 2968M INFO   StageManager             (stage.cpp                 : 185)   STAGE == Simplification Cleanup (id: simplification_cleanup)
  0:00:09.012    12M / 2968M INFO    General                 (simplification.cpp        : 176)   PROCEDURE == Post simplification
  0:00:09.012    12M / 2968M INFO    General                 (graph_simplification.hpp  : 448)   Disconnection of relatively low covered edges disabled
  0:00:09.012    12M / 2968M INFO    General                 (graph_simplification.hpp  : 485)   Complex tip clipping disabled
  0:00:09.012    12M / 2968M INFO    General                 (graph_simplification.hpp  : 634)   Creating parallel br instance
  0:00:09.012    12M / 2968M INFO   Simplification           (parallel_processing.hpp   : 167)   Running Tip clipper
  0:00:09.013    12M / 2968M INFO   Simplification           (parallel_processing.hpp   : 170)   Tip clipper triggered 0 times
  0:00:09.013    12M / 2968M INFO   Simplification           (parallel_processing.hpp   : 167)   Running Bulge remover
  0:00:09.017    12M / 2968M INFO   Simplification           (parallel_processing.hpp   : 170)   Bulge remover triggered 0 times
  0:00:09.017    12M / 2968M INFO   Simplification           (parallel_processing.hpp   : 167)   Running Tip clipper
  0:00:09.017    12M / 2968M INFO   Simplification           (parallel_processing.hpp   : 170)   Tip clipper triggered 0 times
  0:00:09.017    12M / 2968M INFO   Simplification           (parallel_processing.hpp   : 167)   Running Bulge remover
  0:00:09.021    12M / 2968M INFO   Simplification           (parallel_processing.hpp   : 170)   Bulge remover triggered 0 times
  0:00:09.021    12M / 2968M INFO    General                 (simplification.cpp        : 327)   Disrupting self-conjugate edges
  0:00:09.023    12M / 2968M INFO   Simplification           (parallel_processing.hpp   : 167)   Running Removing isolated edges
  0:00:09.026    12M / 2968M INFO   Simplification           (parallel_processing.hpp   : 170)   Removing isolated edges triggered 1496 times
  0:00:09.026    12M / 2968M INFO    General                 (simplification.cpp        : 495)   After simplification:
  0:00:09.026    12M / 2968M INFO    General                 (simplification.cpp        : 496)     Average coverage = 20.2593
  0:00:09.026    12M / 2968M INFO    General                 (simplification.cpp        : 497)     Total length = 3986717
  0:00:09.026    12M / 2968M INFO    General                 (simplification.cpp        : 498)     Median edge length: 25118
  0:00:09.026    12M / 2968M INFO    General                 (simplification.cpp        : 499)     Edges: 4080
  0:00:09.026    12M / 2968M INFO    General                 (simplification.cpp        : 500)     Vertices: 2662
  0:00:09.026    12M / 2968M INFO   StageManager             (stage.cpp                 : 185)   STAGE == Mismatch Correction (id: mismatch_correction)
  0:00:09.026    12M / 2968M INFO    General                 (graph_pack.cpp            :  67)   Index refill
  0:00:09.026    12M / 2968M INFO    General                 (edge_index.hpp            : 156)   Using small index (max_id = 44098)
  0:00:09.047    12M / 2968M INFO   K-mer Index Building     (kmer_index_builder.hpp    : 395)   Building perfect hash indices
  0:00:09.218    15M / 2968M INFO   K-mer Index Building     (kmer_index_builder.hpp    : 431)   Index built. Total 3986717 kmers, 2880192 bytes occupied (5.77958 bits per kmer).
  0:00:09.227    46M / 2968M INFO    General                 (edge_index_builders.hpp   : 252)   Collecting edge information from graph, this takes a while.
  0:00:09.314    46M / 2968M INFO    General                 (graph_pack.cpp            :  77)   Normalizing k-mer map. Total 82442 kmers to process
  0:00:09.325    46M / 2968M INFO    General                 (graph_pack.cpp            :  79)   Normalizing done
  0:00:09.325    46M / 2968M INFO    General                 (mismatch_correction.cpp   : 400)   Collect potential mismatches
  0:00:09.343    46M / 2968M INFO    General                 (mismatch_correction.cpp   : 192)   Total 1238 edges (out of 4080) with 12036 potential mismatch positions (9.72213 positions per edge)
  0:00:09.344    46M / 2968M INFO    General                 (mismatch_correction.cpp   : 402)   Potential mismatches collected
  0:00:09.931    55M / 2968M INFO    General                 (sequence_mapper_notifier.h:  95)   Total 2485534 reads processed
  0:00:09.951    47M / 2968M INFO    General                 (mismatch_correction.cpp   : 395)   All edges processed
  0:00:09.952    46M / 2968M INFO    General                 (mismatch_correction.cpp   : 450)   Corrected 0 nucleotides
  0:00:09.952    46M / 2968M INFO   StageManager             (stage.cpp                 : 185)   STAGE == Contig Output (id: contig_output)
  0:00:09.952    46M / 2968M INFO    General                 (contig_output.hpp         :  16)   Outputting contigs to /data/djs217/PROJECTS/10_X_fragariae_feb_2024/04_spades/NCPPB_3028.spades/K127/before_rr.fasta
  0:00:09.976    46M / 2968M INFO    General                 (contig_output_stage.cpp   : 151)   Writing GFA graph to /data/djs217/PROJECTS/10_X_fragariae_feb_2024/04_spades/NCPPB_3028.spades/K127/assembly_graph_after_simplification.gfa
  0:00:09.993    46M / 2968M INFO   StageManager             (stage.cpp                 : 185)   STAGE == Paired Information Counting (id: late_pair_info_count)
  0:00:09.997    47M / 2968M INFO    General                 (graph_pack.cpp            :  77)   Normalizing k-mer map. Total 82442 kmers to process
  0:00:09.997    47M / 2968M INFO    General                 (graph_pack.cpp            :  79)   Normalizing done
  0:00:09.997    47M / 2968M INFO    General                 (pair_info_count.cpp       : 339)   Min edge length for estimation: 25118
  0:00:09.997    47M / 2968M INFO    General                 (pair_info_count.cpp       : 350)   Estimating insert size for library #0
  0:00:09.997    47M / 2968M INFO    General                 (pair_info_count.cpp       : 202)   Estimating insert size (takes a while)
  0:00:10.157   319M / 2968M INFO    General                 (pair_info_count.cpp       :  48)   Selecting usual mapper
  0:00:10.775   319M / 2968M INFO    General                 (sequence_mapper_notifier.h:  95)   Total 620686 reads processed
  0:00:10.875   319M / 2968M INFO    General                 (pair_info_count.cpp       : 220)   Edge pairs: 119962
  0:00:10.875   319M / 2968M INFO    General                 (pair_info_count.cpp       : 222)   216037 paired reads (34.8062% of all) aligned to long edges
  0:00:10.876    47M / 2968M INFO    General                 (pair_info_count.cpp       : 369)     Insert size = 274.423, deviation = 118.827, left quantile = 154, right quantile = 437, read length = 301
  0:00:10.876    47M / 2968M WARN    General                 (pair_info_count.cpp       : 376)   Estimated mean insert size 274.423 is very small compared to read length 301
  0:00:10.876    47M / 2968M INFO    General                 (pair_info_count.cpp       : 390)   Filtering data for library #0
  0:00:10.876    48M / 2968M INFO    General                 (pair_info_count.cpp       :  48)   Selecting usual mapper
  0:00:11.143    48M / 2968M INFO    General                 (sequence_mapper_notifier.h:  95)   Total 620686 reads processed
  0:00:11.144    47M / 2968M INFO    General                 (pair_info_count.cpp       : 402)   Mapping library #0
  0:00:11.144    47M / 2968M INFO    General                 (pair_info_count.cpp       : 404)   Mapping paired reads (takes a while)
  0:00:11.144    47M / 2968M INFO    General                 (pair_info_count.cpp       : 299)   Left insert size quantile 154, right insert size quantile 437, filtering threshold 2, rounding threshold 0
  0:00:11.148    57M / 2968M INFO    General                 (pair_info_count.cpp       :  48)   Selecting usual mapper
  0:00:11.497    69M / 2968M INFO    General                 (sequence_mapper_notifier.h:  95)   Total 620686 reads processed
  0:00:11.502    59M / 2968M INFO   StageManager             (stage.cpp                 : 185)   STAGE == Distance Estimation (id: distance_estimation)
  0:00:11.502    59M / 2968M INFO    General                 (distance_estimation.cpp   : 179)   Processing library #0
  0:00:11.502    59M / 2968M INFO    General                 (distance_estimation.cpp   : 150)   Weight Filter Done
  0:00:11.502    59M / 2968M INFO   DistanceEstimator        (distance_estimation.hpp   : 116)   Using SIMPLE distance estimator
  0:00:11.541    63M / 2968M INFO    General                 (distance_estimation.cpp   :  37)   Filtering info
  0:00:11.542    63M / 2968M INFO    General                 (pair_info_filters.hpp     : 242)   Start filtering; library index size: 67616
  0:00:11.557    64M / 2968M INFO    General                 (pair_info_filters.hpp     : 263)   Done filtering; library index size: 62840
  0:00:11.557    63M / 2968M INFO    General                 (distance_estimation.cpp   : 156)   Refining clustered pair information
  0:00:11.570    63M / 2968M INFO    General                 (distance_estimation.cpp   : 158)   The refining of clustered pair information has been finished
  0:00:11.570    63M / 2968M INFO    General                 (distance_estimation.cpp   : 160)   Improving paired information
  0:00:11.629    63M / 2968M INFO   PairInfoImprover         (pair_info_improver.hpp    : 104)   Paired info stats: missing = 3169; contradictional = 94
  0:00:11.689    63M / 2968M INFO   PairInfoImprover         (pair_info_improver.hpp    : 104)   Paired info stats: missing = 255; contradictional = 0
  0:00:11.690    63M / 2968M INFO    General                 (distance_estimation.cpp   : 104)   Filling scaffolding index
  0:00:11.690    63M / 2968M INFO   DistanceEstimator        (distance_estimation.hpp   : 116)   Using SMOOTHING distance estimator
  0:00:11.790    64M / 2968M INFO    General                 (distance_estimation.cpp   :  37)   Filtering info
  0:00:11.791    64M / 2968M INFO    General                 (pair_info_filters.hpp     : 242)   Start filtering; library index size: 15500
  0:00:11.794    64M / 2968M INFO    General                 (pair_info_filters.hpp     : 263)   Done filtering; library index size: 15500
  0:00:11.794    64M / 2968M INFO    General                 (distance_estimation.cpp   : 186)   Clearing raw paired index
  0:00:11.807    52M / 2968M INFO   StageManager             (stage.cpp                 : 185)   STAGE == Repeat Resolving (id: repeat_resolving)
  0:00:11.807    52M / 2968M INFO    General                 (repeat_resolving.cpp      :  87)   Using Path-Extend repeat resolving
  0:00:11.807    52M / 2968M INFO    General                 (launcher.cpp              : 600)   ExSPAnder repeat resolving tool started
  0:00:11.808    52M / 2968M INFO    General                 (coverage_uniformity_analyz:  25)   genomic coverage is 18.6817 calculated of length 3863008
  0:00:11.810    60M / 2968M INFO    General                 (launcher.cpp              : 418)   Creating main extenders, unique edge length = 2000
  0:00:11.810    60M / 2968M INFO    General                 (extenders_logic.cpp       : 334)   Estimated coverage of library #0 is 20.2593
  0:00:11.810    60M / 2968M INFO    General                 (extenders_logic.cpp       : 345)   Creating extender; library index size: 69594
  0:00:11.810    60M / 2968M INFO    General                 (extenders_logic.cpp       : 334)   Estimated coverage of library #0 is 20.2593
  0:00:11.810    60M / 2968M INFO    General                 (extenders_logic.cpp       : 345)   Creating extender; library index size: 69594
  0:00:11.811    61M / 2968M INFO    General                 (extenders_logic.cpp       : 543)   Using 1 paired-end library
  0:00:11.811    61M / 2968M INFO    General                 (extenders_logic.cpp       : 544)   Using 1 paired-end scaffolding library
  0:00:11.811    61M / 2968M INFO    General                 (extenders_logic.cpp       : 545)   Using 0 single read libraries
  0:00:11.811    61M / 2968M INFO    General                 (launcher.cpp              : 447)   Total number of extenders is 3
  0:00:11.811    61M / 2968M INFO    General                 (path_extenders.cpp        :  36)   Processed 0 paths from 2023 (0%)
  0:00:12.011    67M / 2968M INFO    General                 (path_extenders.cpp        :  34)   Processed 128 paths from 2023 (6%)
  0:00:12.089    69M / 2968M INFO    General                 (path_extenders.cpp        :  36)   Processed 203 paths from 2023 (10%)
  0:00:12.142    70M / 2968M INFO    General                 (path_extenders.cpp        :  34)   Processed 256 paths from 2023 (12%)
  0:00:12.223    72M / 2968M INFO    General                 (path_extenders.cpp        :  36)   Processed 406 paths from 2023 (20%)
  0:00:12.268    73M / 2968M INFO    General                 (path_extenders.cpp        :  34)   Processed 512 paths from 2023 (25%)
  0:00:12.307    74M / 2968M INFO    General                 (path_extenders.cpp        :  36)   Processed 609 paths from 2023 (30%)
  0:00:12.348    75M / 2968M INFO    General                 (path_extenders.cpp        :  36)   Processed 812 paths from 2023 (40%)
  0:00:12.365    76M / 2968M INFO    General                 (path_extenders.cpp        :  36)   Processed 1015 paths from 2023 (50%)
  0:00:12.365    76M / 2968M INFO    General                 (path_extenders.cpp        :  34)   Processed 1024 paths from 2023 (50%)
  0:00:12.371    76M / 2968M INFO    General                 (path_extenders.cpp        :  36)   Processed 1218 paths from 2023 (60%)
  0:00:12.375    76M / 2968M INFO    General                 (path_extenders.cpp        :  36)   Processed 1421 paths from 2023 (70%)
  0:00:12.385    76M / 2968M INFO    General                 (path_extenders.cpp        :  36)   Processed 1624 paths from 2023 (80%)
  0:00:12.386    76M / 2968M INFO    General                 (path_extenders.cpp        :  36)   Processed 1827 paths from 2023 (90%)
  0:00:12.386    76M / 2968M INFO    General                 (launcher.cpp              : 250)   Finalizing paths
  0:00:12.386    76M / 2968M INFO    General                 (launcher.cpp              : 252)   Deduplicating paths
  0:00:12.598    75M / 2968M INFO    General                 (launcher.cpp              : 256)   Paths deduplicated
  0:00:12.598    75M / 2968M INFO   PEResolver               (pe_resolver.cpp           :  60)   Removing overlaps
  0:00:12.598    75M / 2968M INFO   PEResolver               (pe_resolver.cpp           :  63)   Sorting paths
  0:00:12.598    75M / 2968M INFO   PEResolver               (pe_resolver.cpp           :  70)   Marking overlaps
  0:00:12.599    75M / 2968M INFO   OverlapRemover           (overlap_remover.hpp       : 116)   Marking start/end overlaps
  0:00:12.895    75M / 2968M INFO   OverlapRemover           (overlap_remover.hpp       : 119)   Marking remaining overlaps
  0:00:13.136    75M / 2968M INFO   PEResolver               (pe_resolver.cpp           :  73)   Splitting paths
  0:00:13.144    87M / 2968M INFO   PEResolver               (pe_resolver.cpp           :  78)   Deduplicating paths
  0:00:13.156    74M / 2968M INFO   PEResolver               (pe_resolver.cpp           :  80)   Overlaps removed
  0:00:13.157    77M / 2968M INFO    General                 (launcher.cpp              : 273)   Paths finalized
  0:00:13.157    77M / 2968M INFO    General                 (launcher.cpp              : 454)   Closing gaps in paths
  0:00:13.158    81M / 2968M INFO    General                 (launcher.cpp              : 484)   Gap closing completed
  0:00:13.158    82M / 2968M INFO    General                 (launcher.cpp              : 302)   Traversing tandem repeats
  0:00:13.162    82M / 2968M INFO    General                 (launcher.cpp              : 312)   Traversed 2 loops
  0:00:13.162    82M / 2968M INFO    General                 (launcher.cpp              : 250)   Finalizing paths
  0:00:13.162    82M / 2968M INFO    General                 (launcher.cpp              : 252)   Deduplicating paths
  0:00:13.162    82M / 2968M INFO    General                 (launcher.cpp              : 256)   Paths deduplicated
  0:00:13.162    82M / 2968M INFO   PEResolver               (pe_resolver.cpp           :  60)   Removing overlaps
  0:00:13.162    82M / 2968M INFO   PEResolver               (pe_resolver.cpp           :  63)   Sorting paths
  0:00:13.163    82M / 2968M INFO   PEResolver               (pe_resolver.cpp           :  70)   Marking overlaps
  0:00:13.163    82M / 2968M INFO   OverlapRemover           (overlap_remover.hpp       : 116)   Marking start/end overlaps
  0:00:13.163    82M / 2968M INFO   OverlapRemover           (overlap_remover.hpp       : 119)   Marking remaining overlaps
  0:00:13.164    82M / 2968M INFO   PEResolver               (pe_resolver.cpp           :  73)   Splitting paths
  0:00:13.164    82M / 2968M INFO   PEResolver               (pe_resolver.cpp           :  78)   Deduplicating paths
  0:00:13.164    82M / 2968M INFO   PEResolver               (pe_resolver.cpp           :  80)   Overlaps removed
  0:00:13.165    82M / 2968M INFO    General                 (launcher.cpp              : 273)   Paths finalized
  0:00:13.165    82M / 2968M INFO    General                 (launcher.cpp              : 664)   ExSPAnder repeat resolving tool finished
  0:00:13.170    56M / 2968M INFO   StageManager             (stage.cpp                 : 185)   STAGE == Contig Output (id: contig_output)
  0:00:13.170    56M / 2968M INFO    General                 (contig_output.hpp         :  16)   Outputting contigs to /data/djs217/PROJECTS/10_X_fragariae_feb_2024/04_spades/NCPPB_3028.spades/K127/before_rr.fasta
  0:00:13.193    56M / 2968M INFO    General                 (contig_output_stage.cpp   : 151)   Writing GFA graph to /data/djs217/PROJECTS/10_X_fragariae_feb_2024/04_spades/NCPPB_3028.spades/K127/assembly_graph_with_scaffolds.gfa
  0:00:13.205    56M / 2968M INFO    General                 (contig_output_stage.cpp   : 165)   Outputting FastG graph to /data/djs217/PROJECTS/10_X_fragariae_feb_2024/04_spades/NCPPB_3028.spades/K127/assembly_graph.fastg
  0:00:13.250    56M / 2968M INFO    General                 (contig_output_stage.cpp   : 196)   Breaking scaffolds
  0:00:13.260    66M / 2968M INFO    General                 (contig_output_stage.cpp   :  98)   Outputting contigs to /data/djs217/PROJECTS/10_X_fragariae_feb_2024/04_spades/NCPPB_3028.spades/K127/final_contigs.fasta
  0:00:13.272    66M / 2968M INFO    General                 (contig_output_stage.cpp   : 104)   Outputting FastG paths to /data/djs217/PROJECTS/10_X_fragariae_feb_2024/04_spades/NCPPB_3028.spades/K127/final_contigs.paths
  0:00:13.288    61M / 2968M INFO    General                 (contig_output_stage.cpp   :  98)   Outputting contigs to /data/djs217/PROJECTS/10_X_fragariae_feb_2024/04_spades/NCPPB_3028.spades/K127/scaffolds.fasta
  0:00:13.300    61M / 2968M INFO    General                 (contig_output_stage.cpp   : 104)   Outputting FastG paths to /data/djs217/PROJECTS/10_X_fragariae_feb_2024/04_spades/NCPPB_3028.spades/K127/scaffolds.paths
  0:00:13.301    61M / 2968M INFO    General                 (contig_output_stage.cpp   : 111)   Populating GFA with scaffold paths
  0:00:13.302    56M / 2968M INFO    General                 (pipeline.cpp              : 287)   SPAdes finished
  0:00:13.315     1M / 2968M INFO    General                 (main.cpp                  : 136)   Assembling time: 0 hours 0 minutes 13 seconds

===== K127 finished. 


===== Copy files started. 


== Running: /data/djs217/anaconda3/envs/spades-env/bin/python /data/djs217/anaconda3/envs/spades-env/share/spades/spades_pipeline/scripts/copy_files.py /data/djs217/PROJECTS/10_X_fragariae_feb_2024/04_spades/NCPPB_3028.spades/K127/before_rr.fasta /data/djs217/PROJECTS/10_X_fragariae_feb_2024/04_spades/NCPPB_3028.spades/before_rr.fasta /data/djs217/PROJECTS/10_X_fragariae_feb_2024/04_spades/NCPPB_3028.spades/K127/assembly_graph_after_simplification.gfa /data/djs217/PROJECTS/10_X_fragariae_feb_2024/04_spades/NCPPB_3028.spades/assembly_graph_after_simplification.gfa /data/djs217/PROJECTS/10_X_fragariae_feb_2024/04_spades/NCPPB_3028.spades/K127/final_contigs.fasta /data/djs217/PROJECTS/10_X_fragariae_feb_2024/04_spades/NCPPB_3028.spades/contigs.fasta /data/djs217/PROJECTS/10_X_fragariae_feb_2024/04_spades/NCPPB_3028.spades/K127/first_pe_contigs.fasta /data/djs217/PROJECTS/10_X_fragariae_feb_2024/04_spades/NCPPB_3028.spades/first_pe_contigs.fasta /data/djs217/PROJECTS/10_X_fragariae_feb_2024/04_spades/NCPPB_3028.spades/K127/strain_graph.gfa /data/djs217/PROJECTS/10_X_fragariae_feb_2024/04_spades/NCPPB_3028.spades/strain_graph.gfa /data/djs217/PROJECTS/10_X_fragariae_feb_2024/04_spades/NCPPB_3028.spades/K127/scaffolds.fasta /data/djs217/PROJECTS/10_X_fragariae_feb_2024/04_spades/NCPPB_3028.spades/scaffolds.fasta /data/djs217/PROJECTS/10_X_fragariae_feb_2024/04_spades/NCPPB_3028.spades/K127/scaffolds.paths /data/djs217/PROJECTS/10_X_fragariae_feb_2024/04_spades/NCPPB_3028.spades/scaffolds.paths /data/djs217/PROJECTS/10_X_fragariae_feb_2024/04_spades/NCPPB_3028.spades/K127/assembly_graph_with_scaffolds.gfa /data/djs217/PROJECTS/10_X_fragariae_feb_2024/04_spades/NCPPB_3028.spades/assembly_graph_with_scaffolds.gfa /data/djs217/PROJECTS/10_X_fragariae_feb_2024/04_spades/NCPPB_3028.spades/K127/assembly_graph.fastg /data/djs217/PROJECTS/10_X_fragariae_feb_2024/04_spades/NCPPB_3028.spades/assembly_graph.fastg /data/djs217/PROJECTS/10_X_fragariae_feb_2024/04_spades/NCPPB_3028.spades/K127/final_contigs.paths /data/djs217/PROJECTS/10_X_fragariae_feb_2024/04_spades/NCPPB_3028.spades/contigs.paths


===== Copy files finished. 


===== Assembling finished. 


===== Mismatch correction started. 


===== Mismatch correction contigs started. 


== Running: /data/djs217/anaconda3/envs/spades-env/bin/python /data/djs217/anaconda3/envs/spades-env/share/spades/spades_pipeline/scripts/correction_iteration_script.py --corrected /data/djs217/PROJECTS/10_X_fragariae_feb_2024/04_spades/NCPPB_3028.spades/contigs.fasta --assembled /data/djs217/PROJECTS/10_X_fragariae_feb_2024/04_spades/NCPPB_3028.spades/misc/assembled_contigs.fasta --assembly_type contigs --output_dir /data/djs217/PROJECTS/10_X_fragariae_feb_2024/04_spades/NCPPB_3028.spades --bin_home /data/djs217/anaconda3/envs/spades-env/bin

== Processing of contigs
== Running contig polishing tool: /data/djs217/anaconda3/envs/spades-env/bin/spades-corrector-core /data/djs217/PROJECTS/10_X_fragariae_feb_2024/04_spades/NCPPB_3028.spades/mismatch_corrector/contigs/configs/corrector.info /data/djs217/PROJECTS/10_X_fragariae_feb_2024/04_spades/NCPPB_3028.spades/misc/assembled_contigs.fasta
== Dataset description file was created: /data/djs217/PROJECTS/10_X_fragariae_feb_2024/04_spades/NCPPB_3028.spades/mismatch_corrector/contigs/configs/corrector.info
Run: /data/djs217/anaconda3/envs/spades-env/bin/spades-corrector-core /data/djs217/PROJECTS/10_X_fragariae_feb_2024/04_spades/NCPPB_3028.spades/mismatch_corrector/contigs/configs/corrector.info /data/djs217/PROJECTS/10_X_fragariae_feb_2024/04_spades/NCPPB_3028.spades/misc/assembled_contigs.fasta
/data/djs217/PROJECTS/10_X_fragariae_feb_2024/04_spades/NCPPB_3028.spades/mismatch_corrector/contigs/configs/log.properties  0:00:00.000     1M / 16M   INFO    General                 (main.cpp                  :  58)   Starting mismatch corrector, built from N/A, git revision N/A
  0:00:00.001     1M / 16M   INFO    General                 (main.cpp                  :  59)   Maximum # of threads to use (adjusted due to OMP capabilities): 16
  0:00:00.001     1M / 16M   INFO   DatasetProcessor         (dataset_processor.cpp     : 175)   Splitting assembly...
  0:00:00.001     1M / 16M   INFO   DatasetProcessor         (dataset_processor.cpp     : 176)   Assembly file: /data/djs217/PROJECTS/10_X_fragariae_feb_2024/04_spades/NCPPB_3028.spades/misc/assembled_contigs.fasta
  0:00:00.064     2M / 16M   INFO   DatasetProcessor         (dataset_processor.cpp     : 128)   Running bwa index ...: /data/djs217/anaconda3/envs/spades-env/bin/spades-bwa index /data/djs217/PROJECTS/10_X_fragariae_feb_2024/04_spades/NCPPB_3028.spades/misc/assembled_contigs.fasta
[bwa_index] Pack FASTA... 0.05 sec
[bwa_index] Construct BWT for the packed sequence...
[bwa_index] 0.73 seconds elapse.
[bwa_index] Update BWT... 0.04 sec
[bwa_index] Pack forward-only FASTA... 0.04 sec
[bwa_index] Construct SA from BWT and Occ... 0.52 sec
[main] Version: 0.7.16a-r1181
[main] CMD: /data/djs217/anaconda3/envs/spades-env/bin/spades-bwa index /data/djs217/PROJECTS/10_X_fragariae_feb_2024/04_spades/NCPPB_3028.spades/misc/assembled_contigs.fasta
[main] Real time: 1.782 sec; CPU: 1.388 sec
  0:00:01.851     2M / 16M   INFO   DatasetProcessor         (dataset_processor.cpp     : 190)   Processing paired sublib of number 0
  0:00:01.852     2M / 16M   INFO   DatasetProcessor         (dataset_processor.cpp     : 191)   /data/djs217/PROJECTS/10_X_fragariae_feb_2024/04_spades/NCPPB_3028.1_val_1.fq.gz /data/djs217/PROJECTS/10_X_fragariae_feb_2024/04_spades/NCPPB_3028.2_val_2.fq.gz
  0:00:01.853     2M / 16M   INFO   DatasetProcessor         (dataset_processor.cpp     : 153)   Running bwa mem ...:/data/djs217/anaconda3/envs/spades-env/bin/spades-bwa mem  -v 1 -t 16  /data/djs217/PROJECTS/10_X_fragariae_feb_2024/04_spades/NCPPB_3028.spades/misc/assembled_contigs.fasta /data/djs217/PROJECTS/10_X_fragariae_feb_2024/04_spades/NCPPB_3028.1_val_1.fq.gz /data/djs217/PROJECTS/10_X_fragariae_feb_2024/04_spades/NCPPB_3028.2_val_2.fq.gz   > /data/djs217/PROJECTS/10_X_fragariae_feb_2024/04_spades/NCPPB_3028.spades/tmp/corrector_talbppp8/lib0_HrIFlX/tmp.sam
[main] Version: 0.7.16a-r1181
[main] CMD: /data/djs217/anaconda3/envs/spades-env/bin/spades-bwa mem -v 1 -t 16 /data/djs217/PROJECTS/10_X_fragariae_feb_2024/04_spades/NCPPB_3028.spades/misc/assembled_contigs.fasta /data/djs217/PROJECTS/10_X_fragariae_feb_2024/04_spades/NCPPB_3028.1_val_1.fq.gz /data/djs217/PROJECTS/10_X_fragariae_feb_2024/04_spades/NCPPB_3028.2_val_2.fq.gz
[main] Real time: 10.612 sec; CPU: 99.350 sec
  0:00:12.518     2M / 16M   INFO   DatasetProcessor         (dataset_processor.cpp     : 199)   Adding samfile /data/djs217/PROJECTS/10_X_fragariae_feb_2024/04_spades/NCPPB_3028.spades/tmp/corrector_talbppp8/lib0_HrIFlX/tmp.sam
  0:00:14.780    61M / 68M   INFO   DatasetProcessor         (dataset_processor.cpp     : 118)   processed 1000000reads, flushing
  0:00:16.739     7M / 68M   INFO   DatasetProcessor         (dataset_processor.cpp     : 227)   Processing contigs
  0:00:17.219    13M / 181M  INFO   DatasetProcessor         (dataset_processor.cpp     : 243)   Contig NODE_9_length_54723_cov_18.596436 processed with 0 changes in thread 11
  0:00:17.226    19M / 185M  INFO   DatasetProcessor         (dataset_processor.cpp     : 243)   Contig NODE_16_length_49792_cov_15.509373 processed with 0 changes in thread 13
  0:00:17.243    25M / 189M  INFO   DatasetProcessor         (dataset_processor.cpp     : 243)   Contig NODE_15_length_49870_cov_15.768611 processed with 0 changes in thread 7
  0:00:17.396    30M / 194M  INFO   DatasetProcessor         (dataset_processor.cpp     : 243)   Contig NODE_14_length_50592_cov_21.503121 processed with 0 changes in thread 15
  0:00:17.397    37M / 194M  INFO   DatasetProcessor         (dataset_processor.cpp     : 243)   Contig NODE_8_length_56504_cov_19.438477 processed with 0 changes in thread 12
  0:00:17.403    43M / 202M  INFO   DatasetProcessor         (dataset_processor.cpp     : 243)   Contig NODE_13_length_51177_cov_22.139099 processed with 0 changes in thread 2
  0:00:17.410    48M / 207M  INFO   DatasetProcessor         (dataset_processor.cpp     : 243)   Contig NODE_11_length_52369_cov_21.251962 processed with 0 changes in thread 3
  0:00:17.416    54M / 212M  INFO   DatasetProcessor         (dataset_processor.cpp     : 243)   Contig NODE_12_length_51682_cov_21.466531 processed with 2 changes in thread 9
  0:00:17.434    61M / 216M  INFO   DatasetProcessor         (dataset_processor.cpp     : 243)   Contig NODE_7_length_57161_cov_20.596802 processed with 0 changes in thread 6
  0:00:17.439    69M / 220M  INFO   DatasetProcessor         (dataset_processor.cpp     : 243)   Contig NODE_4_length_67823_cov_17.264801 processed with 1 changes in thread 5
  0:00:17.462    75M / 224M  INFO   DatasetProcessor         (dataset_processor.cpp     : 243)   Contig NODE_10_length_54293_cov_20.475667 processed with 0 changes in thread 14
  0:00:17.464    84M / 226M  INFO   DatasetProcessor         (dataset_processor.cpp     : 243)   Contig NODE_3_length_77787_cov_15.393278 processed with 0 changes in thread 4
  0:00:17.498    91M / 230M  INFO   DatasetProcessor         (dataset_processor.cpp     : 243)   Contig NODE_5_length_60511_cov_20.724099 processed with 4 changes in thread 1
  0:00:17.594    98M / 234M  INFO   DatasetProcessor         (dataset_processor.cpp     : 243)   Contig NODE_6_length_58795_cov_22.221211 processed with 0 changes in thread 10
  0:00:17.624    97M / 236M  INFO   DatasetProcessor         (dataset_processor.cpp     : 243)   Contig NODE_17_length_47952_cov_20.456456 processed with 1 changes in thread 11
  0:00:17.649    96M / 238M  INFO   DatasetProcessor         (dataset_processor.cpp     : 243)   Contig NODE_18_length_44550_cov_16.616460 processed with 4 changes in thread 13
  0:00:17.668    96M / 239M  INFO   DatasetProcessor         (dataset_processor.cpp     : 243)   Contig NODE_19_length_44063_cov_17.215859 processed with 0 changes in thread 7
  0:00:17.683   109M / 240M  INFO   DatasetProcessor         (dataset_processor.cpp     : 243)   Contig NODE_1_length_112634_cov_19.314292 processed with 0 changes in thread 8
  0:00:17.802   105M / 243M  INFO   DatasetProcessor         (dataset_processor.cpp     : 243)   Contig NODE_26_length_37343_cov_17.859872 processed with 0 changes in thread 5
  0:00:17.802   104M / 243M  INFO   DatasetProcessor         (dataset_processor.cpp     : 243)   Contig NODE_24_length_41454_cov_16.973044 processed with 0 changes in thread 9
  0:00:17.803   101M / 243M  INFO   DatasetProcessor         (dataset_processor.cpp     : 243)   Contig NODE_29_length_36270_cov_15.333011 processed with 0 changes in thread 1
  0:00:17.807   100M / 246M  INFO   DatasetProcessor         (dataset_processor.cpp     : 243)   Contig NODE_21_length_43554_cov_17.197826 processed with 0 changes in thread 12
  0:00:17.818    98M / 246M  INFO   DatasetProcessor         (dataset_processor.cpp     : 243)   Contig NODE_25_length_38963_cov_18.124266 processed with 0 changes in thread 6
  0:00:17.820    97M / 246M  INFO   DatasetProcessor         (dataset_processor.cpp     : 243)   Contig NODE_20_length_43572_cov_18.129543 processed with 1 changes in thread 15
  0:00:17.832    92M / 247M  INFO   DatasetProcessor         (dataset_processor.cpp     : 243)   Contig NODE_28_length_36837_cov_18.327922 processed with 0 changes in thread 4
  0:00:17.857   102M / 248M  INFO   DatasetProcessor         (dataset_processor.cpp     : 243)   Contig NODE_2_length_80277_cov_23.162944 processed with 4 changes in thread 0
  0:00:17.860   101M / 248M  INFO   DatasetProcessor         (dataset_processor.cpp     : 243)   Contig NODE_22_length_42836_cov_19.609848 processed with 0 changes in thread 2
  0:00:17.866    99M / 248M  INFO   DatasetProcessor         (dataset_processor.cpp     : 243)   Contig NODE_23_length_41515_cov_20.310815 processed with 0 changes in thread 3
  0:00:17.886    98M / 248M  INFO   DatasetProcessor         (dataset_processor.cpp     : 243)   Contig NODE_27_length_37076_cov_19.295867 processed with 2 changes in thread 14
  0:00:17.893    96M / 248M  INFO   DatasetProcessor         (dataset_processor.cpp     : 243)   Contig NODE_31_length_35572_cov_18.360615 processed with 4 changes in thread 11
  0:00:17.946    87M / 248M  INFO   DatasetProcessor         (dataset_processor.cpp     : 243)   Contig NODE_34_length_32132_cov_19.756819 processed with 0 changes in thread 8
  0:00:17.957    85M / 248M  INFO   DatasetProcessor         (dataset_processor.cpp     : 243)   Contig NODE_33_length_32314_cov_15.772641 processed with 0 changes in thread 7
  0:00:17.978    82M / 248M  INFO   DatasetProcessor         (dataset_processor.cpp     : 243)   Contig NODE_30_length_36071_cov_19.374165 processed with 0 changes in thread 10
  0:00:18.055    81M / 248M  INFO   DatasetProcessor         (dataset_processor.cpp     : 243)   Contig NODE_32_length_33734_cov_22.331300 processed with 0 changes in thread 13
  0:00:18.084    81M / 248M  INFO   DatasetProcessor         (dataset_processor.cpp     : 243)   Contig NODE_46_length_27848_cov_16.602648 processed with 0 changes in thread 11
  0:00:18.087    79M / 248M  INFO   DatasetProcessor         (dataset_processor.cpp     : 243)   Contig NODE_39_length_31329_cov_15.685821 processed with 0 changes in thread 6
  0:00:18.095    78M / 248M  INFO   DatasetProcessor         (dataset_processor.cpp     : 243)   Contig NODE_40_length_30073_cov_16.719762 processed with 0 changes in thread 15
  0:00:18.100    77M / 248M  INFO   DatasetProcessor         (dataset_processor.cpp     : 243)   Contig NODE_36_length_31907_cov_17.058685 processed with 0 changes in thread 9
  0:00:18.109    76M / 248M  INFO   DatasetProcessor         (dataset_processor.cpp     : 243)   Contig NODE_45_length_28035_cov_16.225706 processed with 1 changes in thread 14
  0:00:18.118    75M / 248M  INFO   DatasetProcessor         (dataset_processor.cpp     : 243)   Contig NODE_35_length_31956_cov_18.222501 processed with 0 changes in thread 5
  0:00:18.123    74M / 248M  INFO   DatasetProcessor         (dataset_processor.cpp     : 243)   Contig NODE_44_length_28405_cov_16.650859 processed with 1 changes in thread 3
  0:00:18.142    73M / 248M  INFO   DatasetProcessor         (dataset_processor.cpp     : 243)   Contig NODE_41_length_29967_cov_20.324430 processed with 0 changes in thread 4
  0:00:18.153    72M / 248M  INFO   DatasetProcessor         (dataset_processor.cpp     : 243)   Contig NODE_43_length_29152_cov_19.172817 processed with 0 changes in thread 2
  0:00:18.163    71M / 248M  INFO   DatasetProcessor         (dataset_processor.cpp     : 243)   Contig NODE_37_length_31800_cov_20.712531 processed with 0 changes in thread 1
  0:00:18.170    70M / 248M  INFO   DatasetProcessor         (dataset_processor.cpp     : 243)   Contig NODE_38_length_31794_cov_20.941074 processed with 0 changes in thread 12
  0:00:18.179    64M / 248M  INFO   DatasetProcessor         (dataset_processor.cpp     : 243)   Contig NODE_42_length_29528_cov_19.726880 processed with 0 changes in thread 0
  0:00:18.179    64M / 248M  INFO   DatasetProcessor         (dataset_processor.cpp     : 243)   Contig NODE_47_length_27511_cov_20.647276 processed with 0 changes in thread 8
  0:00:18.215    63M / 248M  INFO   DatasetProcessor         (dataset_processor.cpp     : 243)   Contig NODE_49_length_25890_cov_17.223227 processed with 0 changes in thread 10
  0:00:18.226    62M / 248M  INFO   DatasetProcessor         (dataset_processor.cpp     : 243)   Contig NODE_48_length_25908_cov_18.648540 processed with 0 changes in thread 7
  0:00:18.256    62M / 248M  INFO   DatasetProcessor         (dataset_processor.cpp     : 243)   Contig NODE_51_length_25076_cov_17.034631 processed with 0 changes in thread 11
  0:00:18.329    61M / 248M  INFO   DatasetProcessor         (dataset_processor.cpp     : 243)   Contig NODE_50_length_25245_cov_19.780994 processed with 0 changes in thread 13
  0:00:18.354    60M / 248M  INFO   DatasetProcessor         (dataset_processor.cpp     : 243)   Contig NODE_60_length_23517_cov_15.010047 processed with 0 changes in thread 1
  0:00:18.358    59M / 248M  INFO   DatasetProcessor         (dataset_processor.cpp     : 243)   Contig NODE_52_length_25039_cov_20.062942 processed with 0 changes in thread 6
  0:00:18.363    58M / 248M  INFO   DatasetProcessor         (dataset_processor.cpp     : 243)   Contig NODE_56_length_24169_cov_18.696905 processed with 0 changes in thread 5
  0:00:18.366    58M / 248M  INFO   DatasetProcessor         (dataset_processor.cpp     : 243)   Contig NODE_54_length_24441_cov_19.645389 processed with 0 changes in thread 9
  0:00:18.367    57M / 248M  INFO   DatasetProcessor         (dataset_processor.cpp     : 243)   Contig NODE_57_length_24138_cov_18.583774 processed with 0 changes in thread 3
  0:00:18.369    57M / 248M  INFO   DatasetProcessor         (dataset_processor.cpp     : 243)   Contig NODE_55_length_24268_cov_20.245764 processed with 0 changes in thread 14
  0:00:18.377    56M / 248M  INFO   DatasetProcessor         (dataset_processor.cpp     : 243)   Contig NODE_63_length_22319_cov_21.010589 processed with 3 changes in thread 8
  0:00:18.379    56M / 248M  INFO   DatasetProcessor         (dataset_processor.cpp     : 243)   Contig NODE_53_length_24977_cov_21.086439 processed with 0 changes in thread 15
  0:00:18.383    55M / 248M  INFO   DatasetProcessor         (dataset_processor.cpp     : 243)   Contig NODE_62_length_22586_cov_16.319783 processed with 0 changes in thread 0
  0:00:18.385    54M / 248M  INFO   DatasetProcessor         (dataset_processor.cpp     : 243)   Contig NODE_58_length_24077_cov_18.372192 processed with 0 changes in thread 4
  0:00:18.405    54M / 248M  INFO   DatasetProcessor         (dataset_processor.cpp     : 243)   Contig NODE_66_length_21994_cov_16.860841 processed with 0 changes in thread 11
  0:00:18.415    54M / 248M  INFO   DatasetProcessor         (dataset_processor.cpp     : 243)   Contig NODE_59_length_23689_cov_19.581869 processed with 0 changes in thread 2
  0:00:18.429    53M / 248M  INFO   DatasetProcessor         (dataset_processor.cpp     : 243)   Contig NODE_72_length_20597_cov_25.478212 processed with 0 changes in thread 3
  0:00:18.430    52M / 248M  INFO   DatasetProcessor         (dataset_processor.cpp     : 243)   Contig NODE_61_length_22736_cov_21.051307 processed with 0 changes in thread 12
  0:00:18.456    52M / 248M  INFO   DatasetProcessor         (dataset_processor.cpp     : 243)   Contig NODE_65_length_22004_cov_18.370709 processed with 0 changes in thread 7
  0:00:18.488    52M / 248M  INFO   DatasetProcessor         (dataset_processor.cpp     : 243)   Contig NODE_64_length_22301_cov_22.737034 processed with 0 changes in thread 10
  0:00:18.550    51M / 248M  INFO   DatasetProcessor         (dataset_processor.cpp     : 243)   Contig NODE_74_length_20483_cov_19.899489 processed with 0 changes in thread 8
  0:00:18.551    51M / 248M  INFO   DatasetProcessor         (dataset_processor.cpp     : 243)   Contig NODE_71_length_20920_cov_16.082768 processed with 0 changes in thread 9
  0:00:18.561    50M / 248M  INFO   DatasetProcessor         (dataset_processor.cpp     : 243)   Contig NODE_73_length_20511_cov_17.543711 processed with 0 changes in thread 14
  0:00:18.562    50M / 248M  INFO   DatasetProcessor         (dataset_processor.cpp     : 243)   Contig NODE_69_length_21667_cov_17.135422 processed with 1 changes in thread 6
  0:00:18.587    49M / 248M  INFO   DatasetProcessor         (dataset_processor.cpp     : 243)   Contig NODE_67_length_21764_cov_21.738735 processed with 0 changes in thread 13
  0:00:18.601    49M / 248M  INFO   DatasetProcessor         (dataset_processor.cpp     : 243)   Contig NODE_70_length_21259_cov_20.661319 processed with 0 changes in thread 5
  0:00:18.601    49M / 248M  INFO   DatasetProcessor         (dataset_processor.cpp     : 243)   Contig NODE_68_length_21674_cov_20.651831 processed with 1 changes in thread 1
  0:00:18.602    48M / 248M  INFO   DatasetProcessor         (dataset_processor.cpp     : 243)   Contig NODE_75_length_20169_cov_20.309550 processed with 0 changes in thread 15
  0:00:19.378     7M / 248M  INFO   DatasetProcessor         (dataset_processor.cpp     : 247)   Gluing processed contigs
  0:00:19.404     1M / 248M  INFO    General                 (main.cpp                  :  72)   Correcting time: 0 hours 0 minutes 19 seconds

===== Mismatch correction contigs finished. 


===== Mismatch correction scaffolds started. 


== Running: /data/djs217/anaconda3/envs/spades-env/bin/python /data/djs217/anaconda3/envs/spades-env/share/spades/spades_pipeline/scripts/correction_iteration_script.py --corrected /data/djs217/PROJECTS/10_X_fragariae_feb_2024/04_spades/NCPPB_3028.spades/scaffolds.fasta --assembled /data/djs217/PROJECTS/10_X_fragariae_feb_2024/04_spades/NCPPB_3028.spades/misc/assembled_scaffolds.fasta --assembly_type scaffolds --output_dir /data/djs217/PROJECTS/10_X_fragariae_feb_2024/04_spades/NCPPB_3028.spades --bin_home /data/djs217/anaconda3/envs/spades-env/bin

== Processing of scaffolds
== Running contig polishing tool: /data/djs217/anaconda3/envs/spades-env/bin/spades-corrector-core /data/djs217/PROJECTS/10_X_fragariae_feb_2024/04_spades/NCPPB_3028.spades/mismatch_corrector/scaffolds/configs/corrector.info /data/djs217/PROJECTS/10_X_fragariae_feb_2024/04_spades/NCPPB_3028.spades/misc/assembled_scaffolds.fasta
== Dataset description file was created: /data/djs217/PROJECTS/10_X_fragariae_feb_2024/04_spades/NCPPB_3028.spades/mismatch_corrector/scaffolds/configs/corrector.info
Run: /data/djs217/anaconda3/envs/spades-env/bin/spades-corrector-core /data/djs217/PROJECTS/10_X_fragariae_feb_2024/04_spades/NCPPB_3028.spades/mismatch_corrector/scaffolds/configs/corrector.info /data/djs217/PROJECTS/10_X_fragariae_feb_2024/04_spades/NCPPB_3028.spades/misc/assembled_scaffolds.fasta
/data/djs217/PROJECTS/10_X_fragariae_feb_2024/04_spades/NCPPB_3028.spades/mismatch_corrector/scaffolds/configs/log.properties  0:00:00.000     1M / 16M   INFO    General                 (main.cpp                  :  58)   Starting mismatch corrector, built from N/A, git revision N/A
  0:00:00.001     1M / 16M   INFO    General                 (main.cpp                  :  59)   Maximum # of threads to use (adjusted due to OMP capabilities): 16
  0:00:00.001     1M / 16M   INFO   DatasetProcessor         (dataset_processor.cpp     : 175)   Splitting assembly...
  0:00:00.001     1M / 16M   INFO   DatasetProcessor         (dataset_processor.cpp     : 176)   Assembly file: /data/djs217/PROJECTS/10_X_fragariae_feb_2024/04_spades/NCPPB_3028.spades/misc/assembled_scaffolds.fasta
  0:00:00.065     2M / 16M   INFO   DatasetProcessor         (dataset_processor.cpp     : 128)   Running bwa index ...: /data/djs217/anaconda3/envs/spades-env/bin/spades-bwa index /data/djs217/PROJECTS/10_X_fragariae_feb_2024/04_spades/NCPPB_3028.spades/misc/assembled_scaffolds.fasta
[bwa_index] Pack FASTA... 0.05 sec
[bwa_index] Construct BWT for the packed sequence...
[bwa_index] 0.95 seconds elapse.
[bwa_index] Update BWT... 0.04 sec
[bwa_index] Pack forward-only FASTA... 0.04 sec
[bwa_index] Construct SA from BWT and Occ... 0.37 sec
[main] Version: 0.7.16a-r1181
[main] CMD: /data/djs217/anaconda3/envs/spades-env/bin/spades-bwa index /data/djs217/PROJECTS/10_X_fragariae_feb_2024/04_spades/NCPPB_3028.spades/misc/assembled_scaffolds.fasta
[main] Real time: 1.774 sec; CPU: 1.449 sec
  0:00:01.844     2M / 16M   INFO   DatasetProcessor         (dataset_processor.cpp     : 190)   Processing paired sublib of number 0
  0:00:01.844     2M / 16M   INFO   DatasetProcessor         (dataset_processor.cpp     : 191)   /data/djs217/PROJECTS/10_X_fragariae_feb_2024/04_spades/NCPPB_3028.1_val_1.fq.gz /data/djs217/PROJECTS/10_X_fragariae_feb_2024/04_spades/NCPPB_3028.2_val_2.fq.gz
  0:00:01.845     2M / 16M   INFO   DatasetProcessor         (dataset_processor.cpp     : 153)   Running bwa mem ...:/data/djs217/anaconda3/envs/spades-env/bin/spades-bwa mem  -v 1 -t 16  /data/djs217/PROJECTS/10_X_fragariae_feb_2024/04_spades/NCPPB_3028.spades/misc/assembled_scaffolds.fasta /data/djs217/PROJECTS/10_X_fragariae_feb_2024/04_spades/NCPPB_3028.1_val_1.fq.gz /data/djs217/PROJECTS/10_X_fragariae_feb_2024/04_spades/NCPPB_3028.2_val_2.fq.gz   > /data/djs217/PROJECTS/10_X_fragariae_feb_2024/04_spades/NCPPB_3028.spades/tmp/corrector_hy4tupi_/lib0_4cNMNk/tmp.sam
[main] Version: 0.7.16a-r1181
[main] CMD: /data/djs217/anaconda3/envs/spades-env/bin/spades-bwa mem -v 1 -t 16 /data/djs217/PROJECTS/10_X_fragariae_feb_2024/04_spades/NCPPB_3028.spades/misc/assembled_scaffolds.fasta /data/djs217/PROJECTS/10_X_fragariae_feb_2024/04_spades/NCPPB_3028.1_val_1.fq.gz /data/djs217/PROJECTS/10_X_fragariae_feb_2024/04_spades/NCPPB_3028.2_val_2.fq.gz
[main] Real time: 10.051 sec; CPU: 93.444 sec
  0:00:11.953     2M / 16M   INFO   DatasetProcessor         (dataset_processor.cpp     : 199)   Adding samfile /data/djs217/PROJECTS/10_X_fragariae_feb_2024/04_spades/NCPPB_3028.spades/tmp/corrector_hy4tupi_/lib0_4cNMNk/tmp.sam
  0:00:14.234    61M / 68M   INFO   DatasetProcessor         (dataset_processor.cpp     : 118)   processed 1000000reads, flushing
  0:00:16.186     7M / 68M   INFO   DatasetProcessor         (dataset_processor.cpp     : 227)   Processing contigs
  0:00:16.642    13M / 181M  INFO   DatasetProcessor         (dataset_processor.cpp     : 243)   Contig NODE_16_length_49792_cov_15.509373 processed with 0 changes in thread 6
  0:00:16.664    18M / 187M  INFO   DatasetProcessor         (dataset_processor.cpp     : 243)   Contig NODE_15_length_49870_cov_15.768611 processed with 0 changes in thread 2
  0:00:16.836    25M / 193M  INFO   DatasetProcessor         (dataset_processor.cpp     : 243)   Contig NODE_10_length_54293_cov_20.475667 processed with 0 changes in thread 9
  0:00:16.836    30M / 193M  INFO   DatasetProcessor         (dataset_processor.cpp     : 243)   Contig NODE_12_length_51682_cov_21.466531 processed with 3 changes in thread 7
  0:00:16.839    36M / 197M  INFO   DatasetProcessor         (dataset_processor.cpp     : 243)   Contig NODE_14_length_50592_cov_21.503121 processed with 0 changes in thread 8
  0:00:16.839    42M / 199M  INFO   DatasetProcessor         (dataset_processor.cpp     : 243)   Contig NODE_9_length_56504_cov_19.438477 processed with 0 changes in thread 3
  0:00:16.844    48M / 210M  INFO   DatasetProcessor         (dataset_processor.cpp     : 243)   Contig NODE_11_length_52369_cov_21.251962 processed with 0 changes in thread 12
  0:00:16.853    54M / 214M  INFO   DatasetProcessor         (dataset_processor.cpp     : 243)   Contig NODE_13_length_51177_cov_22.139099 processed with 1 changes in thread 11
  0:00:16.855    61M / 215M  INFO   DatasetProcessor         (dataset_processor.cpp     : 243)   Contig NODE_5_length_61472_cov_18.660527 processed with 1 changes in thread 15
  0:00:16.885    68M / 221M  INFO   DatasetProcessor         (dataset_processor.cpp     : 243)   Contig NODE_8_length_57161_cov_20.596802 processed with 0 changes in thread 5
  0:00:16.889    76M / 224M  INFO   DatasetProcessor         (dataset_processor.cpp     : 243)   Contig NODE_4_length_67823_cov_17.264801 processed with 1 changes in thread 13
  0:00:16.902    84M / 225M  INFO   DatasetProcessor         (dataset_processor.cpp     : 243)   Contig NODE_3_length_77787_cov_15.393278 processed with 0 changes in thread 10
  0:00:16.935    91M / 226M  INFO   DatasetProcessor         (dataset_processor.cpp     : 243)   Contig NODE_6_length_60511_cov_20.724099 processed with 4 changes in thread 14
  0:00:16.975    98M / 230M  INFO   DatasetProcessor         (dataset_processor.cpp     : 243)   Contig NODE_7_length_58795_cov_22.221211 processed with 0 changes in thread 1
  0:00:17.085    98M / 233M  INFO   DatasetProcessor         (dataset_processor.cpp     : 243)   Contig NODE_18_length_44550_cov_16.616460 processed with 4 changes in thread 2
  0:00:17.115   111M / 233M  INFO   DatasetProcessor         (dataset_processor.cpp     : 243)   Contig NODE_1_length_112634_cov_19.314292 processed with 0 changes in thread 0
  0:00:17.181   111M / 235M  INFO   DatasetProcessor         (dataset_processor.cpp     : 243)   Contig NODE_17_length_47952_cov_20.456456 processed with 0 changes in thread 6
  0:00:17.233   110M / 235M  INFO   DatasetProcessor         (dataset_processor.cpp     : 243)   Contig NODE_24_length_41454_cov_16.973044 processed with 0 changes in thread 11
  0:00:17.239   107M / 235M  INFO   DatasetProcessor         (dataset_processor.cpp     : 243)   Contig NODE_29_length_36270_cov_15.333011 processed with 0 changes in thread 14
  0:00:17.240   104M / 235M  INFO   DatasetProcessor         (dataset_processor.cpp     : 243)   Contig NODE_25_length_38963_cov_18.124266 processed with 0 changes in thread 15
  0:00:17.249   103M / 237M  INFO   DatasetProcessor         (dataset_processor.cpp     : 243)   Contig NODE_19_length_44063_cov_17.215859 processed with 0 changes in thread 9
  0:00:17.255   101M / 237M  INFO   DatasetProcessor         (dataset_processor.cpp     : 243)   Contig NODE_26_length_37343_cov_17.859872 processed with 0 changes in thread 5
  0:00:17.256   100M / 237M  INFO   DatasetProcessor         (dataset_processor.cpp     : 243)   Contig NODE_21_length_43554_cov_17.197826 processed with 0 changes in thread 8
  0:00:17.262    99M / 239M  INFO   DatasetProcessor         (dataset_processor.cpp     : 243)   Contig NODE_20_length_43572_cov_18.129543 processed with 1 changes in thread 7
  0:00:17.272    95M / 239M  INFO   DatasetProcessor         (dataset_processor.cpp     : 243)   Contig NODE_28_length_36837_cov_18.327922 processed with 0 changes in thread 10
  0:00:17.274   104M / 239M  INFO   DatasetProcessor         (dataset_processor.cpp     : 243)   Contig NODE_2_length_80277_cov_23.162944 processed with 4 changes in thread 4
  0:00:17.300   102M / 242M  INFO   DatasetProcessor         (dataset_processor.cpp     : 243)   Contig NODE_23_length_41515_cov_20.310815 processed with 0 changes in thread 12
  0:00:17.306   101M / 242M  INFO   DatasetProcessor         (dataset_processor.cpp     : 243)   Contig NODE_22_length_42836_cov_19.609848 processed with 0 changes in thread 3
  0:00:17.322    98M / 242M  INFO   DatasetProcessor         (dataset_processor.cpp     : 243)   Contig NODE_27_length_37076_cov_19.295867 processed with 2 changes in thread 13
  0:00:17.357    95M / 242M  INFO   DatasetProcessor         (dataset_processor.cpp     : 243)   Contig NODE_30_length_36071_cov_19.374165 processed with 0 changes in thread 1
  0:00:17.439    86M / 242M  INFO   DatasetProcessor         (dataset_processor.cpp     : 243)   Contig NODE_32_length_34151_cov_22.848930 processed with 1 changes in thread 0
  0:00:17.441    85M / 242M  INFO   DatasetProcessor         (dataset_processor.cpp     : 243)   Contig NODE_31_length_35572_cov_18.360615 processed with 3 changes in thread 2
  0:00:17.510    84M / 242M  INFO   DatasetProcessor         (dataset_processor.cpp     : 243)   Contig NODE_34_length_32314_cov_15.772641 processed with 0 changes in thread 11
  0:00:17.532    82M / 242M  INFO   DatasetProcessor         (dataset_processor.cpp     : 243)   Contig NODE_40_length_31329_cov_15.685821 processed with 0 changes in thread 7
  0:00:17.542    81M / 242M  INFO   DatasetProcessor         (dataset_processor.cpp     : 243)   Contig NODE_37_length_31907_cov_17.058685 processed with 0 changes in thread 9
  0:00:17.546    80M / 242M  INFO   DatasetProcessor         (dataset_processor.cpp     : 243)   Contig NODE_41_length_30073_cov_16.719762 processed with 0 changes in thread 10
  0:00:17.555    79M / 242M  INFO   DatasetProcessor         (dataset_processor.cpp     : 243)   Contig NODE_36_length_31956_cov_18.222501 processed with 0 changes in thread 15
  0:00:17.577    79M / 242M  INFO   DatasetProcessor         (dataset_processor.cpp     : 243)   Contig NODE_35_length_32132_cov_19.756819 processed with 0 changes in thread 14
  0:00:17.586    77M / 242M  INFO   DatasetProcessor         (dataset_processor.cpp     : 243)   Contig NODE_33_length_33734_cov_22.331300 processed with 0 changes in thread 6
  0:00:17.588    72M / 242M  INFO   DatasetProcessor         (dataset_processor.cpp     : 243)   Contig NODE_42_length_29967_cov_20.324430 processed with 1 changes in thread 4
  0:00:17.602    70M / 242M  INFO   DatasetProcessor         (dataset_processor.cpp     : 243)   Contig NODE_44_length_29152_cov_19.172817 processed with 0 changes in thread 3
  0:00:17.609    69M / 242M  INFO   DatasetProcessor         (dataset_processor.cpp     : 243)   Contig NODE_43_length_29528_cov_19.726880 processed with 0 changes in thread 12
  0:00:17.610    68M / 242M  INFO   DatasetProcessor         (dataset_processor.cpp     : 243)   Contig NODE_47_length_28035_cov_16.225706 processed with 1 changes in thread 0
  0:00:17.615    67M / 242M  INFO   DatasetProcessor         (dataset_processor.cpp     : 243)   Contig NODE_46_length_28405_cov_16.650859 processed with 1 changes in thread 1
  0:00:17.619    66M / 242M  INFO   DatasetProcessor         (dataset_processor.cpp     : 243)   Contig NODE_38_length_31800_cov_20.712531 processed with 0 changes in thread 5
  0:00:17.625    65M / 242M  INFO   DatasetProcessor         (dataset_processor.cpp     : 243)   Contig NODE_39_length_31794_cov_20.941074 processed with 0 changes in thread 8
  0:00:17.659    64M / 242M  INFO   DatasetProcessor         (dataset_processor.cpp     : 243)   Contig NODE_45_length_28743_cov_21.326461 processed with 3 changes in thread 13
  0:00:17.696    63M / 242M  INFO   DatasetProcessor         (dataset_processor.cpp     : 243)   Contig NODE_48_length_27848_cov_16.602648 processed with 0 changes in thread 2
  0:00:17.780    63M / 242M  INFO   DatasetProcessor         (dataset_processor.cpp     : 243)   Contig NODE_51_length_25890_cov_17.223227 processed with 0 changes in thread 9
  0:00:17.785    62M / 242M  INFO   DatasetProcessor         (dataset_processor.cpp     : 243)   Contig NODE_53_length_25076_cov_17.034631 processed with 0 changes in thread 15
  0:00:17.792    61M / 242M  INFO   DatasetProcessor         (dataset_processor.cpp     : 243)   Contig NODE_50_length_25908_cov_18.648540 processed with 0 changes in thread 7
  0:00:17.798    61M / 242M  INFO   DatasetProcessor         (dataset_processor.cpp     : 243)   Contig NODE_59_length_24138_cov_18.583774 processed with 0 changes in thread 0
  0:00:17.815    61M / 242M  INFO   DatasetProcessor         (dataset_processor.cpp     : 243)   Contig NODE_49_length_27511_cov_20.647276 processed with 0 changes in thread 11
  0:00:17.818    60M / 242M  INFO   DatasetProcessor         (dataset_processor.cpp     : 243)   Contig NODE_52_length_25245_cov_19.780994 processed with 0 changes in thread 10
  0:00:17.819    59M / 242M  INFO   DatasetProcessor         (dataset_processor.cpp     : 243)   Contig NODE_62_length_23517_cov_15.010047 processed with 0 changes in thread 8
  0:00:17.847    59M / 242M  INFO   DatasetProcessor         (dataset_processor.cpp     : 243)   Contig NODE_54_length_25039_cov_20.062942 processed with 0 changes in thread 14
  0:00:17.853    58M / 242M  INFO   DatasetProcessor         (dataset_processor.cpp     : 243)   Contig NODE_56_length_24441_cov_19.645389 processed with 0 changes in thread 4
  0:00:17.854    58M / 242M  INFO   DatasetProcessor         (dataset_processor.cpp     : 243)   Contig NODE_58_length_24169_cov_18.696905 processed with 0 changes in thread 12
  0:00:17.857    57M / 242M  INFO   DatasetProcessor         (dataset_processor.cpp     : 243)   Contig NODE_60_length_24077_cov_18.372192 processed with 0 changes in thread 1
  0:00:17.866    57M / 242M  INFO   DatasetProcessor         (dataset_processor.cpp     : 243)   Contig NODE_57_length_24268_cov_20.245764 processed with 0 changes in thread 3
  0:00:17.871    56M / 242M  INFO   DatasetProcessor         (dataset_processor.cpp     : 243)   Contig NODE_55_length_24977_cov_21.086439 processed with 0 changes in thread 6
  0:00:17.886    55M / 242M  INFO   DatasetProcessor         (dataset_processor.cpp     : 243)   Contig NODE_61_length_23689_cov_19.581869 processed with 0 changes in thread 5
  0:00:17.895    54M / 242M  INFO   DatasetProcessor         (dataset_processor.cpp     : 243)   Contig NODE_64_length_22586_cov_16.319783 processed with 0 changes in thread 2
  0:00:17.916    54M / 242M  INFO   DatasetProcessor         (dataset_processor.cpp     : 243)   Contig NODE_73_length_20597_cov_25.478212 processed with 0 changes in thread 4
  0:00:17.923    53M / 242M  INFO   DatasetProcessor         (dataset_processor.cpp     : 243)   Contig NODE_63_length_22736_cov_21.051307 processed with 0 changes in thread 13
  0:00:17.985    53M / 242M  INFO   DatasetProcessor         (dataset_processor.cpp     : 243)   Contig NODE_66_length_21994_cov_16.860841 processed with 0 changes in thread 15
  0:00:17.987    52M / 242M  INFO   DatasetProcessor         (dataset_processor.cpp     : 243)   Contig NODE_68_length_21674_cov_20.651831 processed with 1 changes in thread 0
  0:00:18.004    52M / 242M  INFO   DatasetProcessor         (dataset_processor.cpp     : 243)   Contig NODE_65_length_22004_cov_18.370709 processed with 0 changes in thread 9
  0:00:18.020    51M / 242M  INFO   DatasetProcessor         (dataset_processor.cpp     : 243)   Contig NODE_69_length_21667_cov_17.135422 processed with 1 changes in thread 11
  0:00:18.030    51M / 242M  INFO   DatasetProcessor         (dataset_processor.cpp     : 243)   Contig NODE_72_length_20920_cov_16.082768 processed with 0 changes in thread 14
  0:00:18.046    50M / 242M  INFO   DatasetProcessor         (dataset_processor.cpp     : 243)   Contig NODE_74_length_20511_cov_17.543711 processed with 0 changes in thread 12
  0:00:18.048    50M / 242M  INFO   DatasetProcessor         (dataset_processor.cpp     : 243)   Contig NODE_67_length_21764_cov_21.738735 processed with 0 changes in thread 7
  0:00:18.055    50M / 242M  INFO   DatasetProcessor         (dataset_processor.cpp     : 243)   Contig NODE_70_length_21259_cov_20.661319 processed with 0 changes in thread 10
  0:00:18.081    49M / 242M  INFO   DatasetProcessor         (dataset_processor.cpp     : 243)   Contig NODE_75_length_20483_cov_19.899489 processed with 0 changes in thread 1
  0:00:18.092    48M / 242M  INFO   DatasetProcessor         (dataset_processor.cpp     : 243)   Contig NODE_76_length_20169_cov_20.309550 processed with 0 changes in thread 3
  0:00:18.348    48M / 242M  INFO   DatasetProcessor         (dataset_processor.cpp     : 243)   Contig NODE_71_length_21130_cov_47.005713 processed with 100 changes in thread 8
  0:00:18.854     7M / 243M  INFO   DatasetProcessor         (dataset_processor.cpp     : 247)   Gluing processed contigs
  0:00:18.872     1M / 243M  INFO    General                 (main.cpp                  :  72)   Correcting time: 0 hours 0 minutes 18 seconds

===== Mismatch correction scaffolds finished. 


===== Mismatch correction finished. 


===== Breaking scaffolds started. 


== Running: /data/djs217/anaconda3/envs/spades-env/bin/python /data/djs217/anaconda3/envs/spades-env/share/spades/spades_pipeline/scripts/breaking_scaffolds_script.py --result_scaffolds_filename /data/djs217/PROJECTS/10_X_fragariae_feb_2024/04_spades/NCPPB_3028.spades/scaffolds.fasta --misc_dir /data/djs217/PROJECTS/10_X_fragariae_feb_2024/04_spades/NCPPB_3028.spades/misc --threshold_for_breaking_scaffolds 3


===== Breaking scaffolds finished. 


===== Terminate started. 


===== Terminate finished. 

 * Corrected reads are in /data/djs217/PROJECTS/10_X_fragariae_feb_2024/04_spades/NCPPB_3028.spades/corrected/
 * Assembled contigs are in /data/djs217/PROJECTS/10_X_fragariae_feb_2024/04_spades/NCPPB_3028.spades/contigs.fasta
 * Assembled scaffolds are in /data/djs217/PROJECTS/10_X_fragariae_feb_2024/04_spades/NCPPB_3028.spades/scaffolds.fasta
 * Paths in the assembly graph corresponding to the contigs are in /data/djs217/PROJECTS/10_X_fragariae_feb_2024/04_spades/NCPPB_3028.spades/contigs.paths
 * Paths in the assembly graph corresponding to the scaffolds are in /data/djs217/PROJECTS/10_X_fragariae_feb_2024/04_spades/NCPPB_3028.spades/scaffolds.paths
 * Assembly graph is in /data/djs217/PROJECTS/10_X_fragariae_feb_2024/04_spades/NCPPB_3028.spades/assembly_graph.fastg
 * Assembly graph in GFA format is in /data/djs217/PROJECTS/10_X_fragariae_feb_2024/04_spades/NCPPB_3028.spades/assembly_graph_with_scaffolds.gfa

======= SPAdes pipeline finished WITH WARNINGS!

=== Error correction and assembling warnings:
 * 0:00:10.876    47M / 2968M WARN    General                 (pair_info_count.cpp       : 376)   Estimated mean insert size 274.423 is very small compared to read length 301
======= Warnings saved to /data/djs217/PROJECTS/10_X_fragariae_feb_2024/04_spades/NCPPB_3028.spades/warnings.log

SPAdes log can be found here: /data/djs217/PROJECTS/10_X_fragariae_feb_2024/04_spades/NCPPB_3028.spades/spades.log

Thank you for using SPAdes!
