Command line: /data/djs217/anaconda3/envs/spades-env/bin/spades.py	--careful	-o	/data/djs217/PROJECTS/10_X_fragariae_feb_2024/04_spades/NCPPB_2473.spades	-1	/data/djs217/PROJECTS/10_X_fragariae_feb_2024/04_spades/NCPPB_2473.1_val_1.fq.gz	-2	/data/djs217/PROJECTS/10_X_fragariae_feb_2024/04_spades/NCPPB_2473.2_val_2.fq.gz	

System information:
  SPAdes version: 3.15.5
  Python version: 3.12.0
  OS: Linux-5.15.0-91-generic-x86_64-with-glibc2.35

Output dir: /data/djs217/PROJECTS/10_X_fragariae_feb_2024/04_spades/NCPPB_2473.spades
Mode: read error correction and assembling
Debug mode is turned OFF

Dataset parameters:
  Standard mode
  For multi-cell/isolate data we recommend to use '--isolate' option; for single-cell MDA data use '--sc'; for metagenomic data use '--meta'; for RNA-Seq use '--rna'.
  Reads:
    Library number: 1, library type: paired-end
      orientation: fr
      left reads: ['/data/djs217/PROJECTS/10_X_fragariae_feb_2024/04_spades/NCPPB_2473.1_val_1.fq.gz']
      right reads: ['/data/djs217/PROJECTS/10_X_fragariae_feb_2024/04_spades/NCPPB_2473.2_val_2.fq.gz']
      interlaced reads: not specified
      single reads: not specified
      merged reads: not specified
Read error correction parameters:
  Iterations: 1
  PHRED offset will be auto-detected
  Corrected reads will be compressed
Assembly parameters:
  k: automatic selection based on read length
  Repeat resolution is enabled
  Mismatch careful mode is turned ON
  MismatchCorrector will be used
  Coverage cutoff is turned OFF
Other parameters:
  Dir for temp files: /data/djs217/PROJECTS/10_X_fragariae_feb_2024/04_spades/NCPPB_2473.spades/tmp
  Threads: 16
  Memory limit (in Gb): 62


======= SPAdes pipeline started. Log can be found here: /data/djs217/PROJECTS/10_X_fragariae_feb_2024/04_spades/NCPPB_2473.spades/spades.log

/data/djs217/PROJECTS/10_X_fragariae_feb_2024/04_spades/NCPPB_2473.1_val_1.fq.gz: max reads length: 301
/data/djs217/PROJECTS/10_X_fragariae_feb_2024/04_spades/NCPPB_2473.2_val_2.fq.gz: max reads length: 301

Reads length: 301

Default k-mer sizes were set to [21, 33, 55, 77, 99, 127] because estimated read length (301) is equal to or greater than 250

===== Before start started. 


===== Read error correction started. 


===== Read error correction started. 


== Running: /data/djs217/anaconda3/envs/spades-env/bin/spades-hammer /data/djs217/PROJECTS/10_X_fragariae_feb_2024/04_spades/NCPPB_2473.spades/corrected/configs/config.info

  0:00:00.000     1M / 19M   INFO    General                 (main.cpp                  :  75)   Starting BayesHammer, built from N/A, git revision N/A
  0:00:00.003     1M / 19M   INFO    General                 (main.cpp                  :  76)   Loading config from /data/djs217/PROJECTS/10_X_fragariae_feb_2024/04_spades/NCPPB_2473.spades/corrected/configs/config.info
  0:00:00.004     1M / 19M   INFO    General                 (main.cpp                  :  78)   Maximum # of threads to use (adjusted due to OMP capabilities): 16
  0:00:00.005     1M / 19M   INFO    General                 (memory_limit.cpp          :  54)   Memory limit set to 62 Gb
  0:00:00.005     1M / 19M   INFO    General                 (main.cpp                  :  86)   Trying to determine PHRED offset
  0:00:00.007     1M / 19M   INFO    General                 (main.cpp                  :  92)   Determined value is 33
  0:00:00.007     1M / 19M   INFO    General                 (hammer_tools.cpp          :  38)   Hamming graph threshold tau=1, k=21, subkmer positions = [ 0 10 ]
  0:00:00.007     1M / 19M   INFO    General                 (main.cpp                  : 113)   Size of aux. kmer data 24 bytes
     === ITERATION 0 begins ===
  0:00:00.008     1M / 19M   INFO    General                 (kmer_index_builder.hpp    : 243)   Splitting kmer instances into 16 files using 16 threads. This might take a while.
  0:00:00.008     1M / 19M   INFO    General                 (file_limit.hpp            :  42)   Open file limit set to 1024
  0:00:00.008     1M / 19M   INFO    General                 (kmer_splitter.hpp         :  93)   Memory available for splitting buffers: 1.29166 Gb
  0:00:00.008     1M / 19M   INFO    General                 (kmer_splitter.hpp         : 101)   Using cell size of 4194304
  0:00:00.010  9217M / 9217M INFO   K-mer Splitting          (kmer_data.cpp             :  97)   Processing /data/djs217/PROJECTS/10_X_fragariae_feb_2024/04_spades/NCPPB_2473.1_val_1.fq.gz
  0:00:03.415  9217M / 9217M INFO   K-mer Splitting          (kmer_data.cpp             : 107)   Processed 434375 reads
  0:00:03.416  9217M / 9217M INFO   K-mer Splitting          (kmer_data.cpp             :  97)   Processing /data/djs217/PROJECTS/10_X_fragariae_feb_2024/04_spades/NCPPB_2473.2_val_2.fq.gz
  0:00:05.801  9217M / 9217M INFO   K-mer Splitting          (kmer_data.cpp             : 107)   Processed 868750 reads
  0:00:05.848  9217M / 9217M INFO   K-mer Splitting          (kmer_data.cpp             : 112)   Total 868750 reads processed
  0:00:05.848     1M / 2364M INFO    General                 (kmer_index_builder.hpp    : 249)   Starting k-mer counting.
  0:00:05.975     1M / 2364M INFO    General                 (kmer_index_builder.hpp    : 260)   K-mer counting done. There are 17465282 kmers in total.
  0:00:05.976     1M / 2364M INFO   K-mer Index Building     (kmer_index_builder.hpp    : 395)   Building perfect hash indices
  0:00:06.118    15M / 2364M INFO   K-mer Index Building     (kmer_index_builder.hpp    : 431)   Index built. Total 17465282 kmers, 12626376 bytes occupied (5.78353 bits per kmer).
  0:00:06.118    15M / 2364M INFO   K-mer Counting           (kmer_data.cpp             : 354)   Arranging kmers in hash map order
  0:00:06.509   287M / 2364M INFO    General                 (main.cpp                  : 148)   Clustering Hamming graph.
  0:00:11.123   287M / 2364M INFO    General                 (main.cpp                  : 155)   Extracting clusters:
  0:00:11.123   287M / 2364M INFO    General                 (concurrent_dsu.cpp        :  18)   Connecting to root
  0:00:11.150   287M / 2364M INFO    General                 (concurrent_dsu.cpp        :  34)   Calculating counts
  0:00:12.223   560M / 2364M INFO    General                 (concurrent_dsu.cpp        :  63)   Writing down entries
  0:00:13.787   287M / 2364M INFO    General                 (main.cpp                  : 167)   Clustering done. Total clusters: 8288695
  0:00:13.794   151M / 2364M INFO   K-mer Counting           (kmer_data.cpp             : 371)   Collecting K-mer information, this takes a while.
  0:00:13.942   551M / 2364M INFO   K-mer Counting           (kmer_data.cpp             : 377)   Processing /data/djs217/PROJECTS/10_X_fragariae_feb_2024/04_spades/NCPPB_2473.1_val_1.fq.gz
  0:00:18.171   551M / 2364M INFO   K-mer Counting           (kmer_data.cpp             : 377)   Processing /data/djs217/PROJECTS/10_X_fragariae_feb_2024/04_spades/NCPPB_2473.2_val_2.fq.gz
  0:00:21.410   551M / 2364M INFO   K-mer Counting           (kmer_data.cpp             : 384)   Collection done, postprocessing.
  0:00:21.472   551M / 2364M INFO   K-mer Counting           (kmer_data.cpp             : 397)   There are 17465282 kmers in total. Among them 9076220 (51.9672%) are singletons.
  0:00:21.472   551M / 2364M INFO    General                 (main.cpp                  : 173)   Subclustering Hamming graph
  0:00:22.941   551M / 2364M INFO   Hamming Subclustering    (kmer_cluster.cpp          : 650)   Subclustering done. Total 9 non-read kmers were generated.
  0:00:22.942   551M / 2364M INFO   Hamming Subclustering    (kmer_cluster.cpp          : 651)   Subclustering statistics:
  0:00:22.942   551M / 2364M INFO   Hamming Subclustering    (kmer_cluster.cpp          : 652)     Total singleton hamming clusters: 3310522. Among them 2705402 (81.7213%) are good
  0:00:22.942   551M / 2364M INFO   Hamming Subclustering    (kmer_cluster.cpp          : 653)     Total singleton subclusters: 52527. Among them 52250 (99.4727%) are good
  0:00:22.942   551M / 2364M INFO   Hamming Subclustering    (kmer_cluster.cpp          : 654)     Total non-singleton subcluster centers: 5065461. Among them 3357513 (66.2825%) are good
  0:00:22.942   551M / 2364M INFO   Hamming Subclustering    (kmer_cluster.cpp          : 655)     Average size of non-trivial subcluster: 2.79437 kmers
  0:00:22.942   551M / 2364M INFO   Hamming Subclustering    (kmer_cluster.cpp          : 656)     Average number of sub-clusters per non-singleton cluster: 1.02809
  0:00:22.942   551M / 2364M INFO   Hamming Subclustering    (kmer_cluster.cpp          : 657)     Total solid k-mers: 6115165
  0:00:22.942   551M / 2364M INFO   Hamming Subclustering    (kmer_cluster.cpp          : 658)     Substitution probabilities: [4,4]((0.936995,0.0332328,0.0189042,0.0108682),(0.0182441,0.96107,0.00812576,0.0125601),(0.0125455,0.008115,0.961075,0.018264),(0.0108558,0.0188758,0.0332008,0.937068))
  0:00:22.954   551M / 2364M INFO    General                 (main.cpp                  : 178)   Finished clustering.
  0:00:22.955   551M / 2364M INFO    General                 (main.cpp                  : 197)   Starting solid k-mers expansion in 16 threads.
  0:00:25.750   551M / 2364M INFO    General                 (main.cpp                  : 218)   Solid k-mers iteration 0 produced 32217 new k-mers.
  0:00:28.541   551M / 2364M INFO    General                 (main.cpp                  : 218)   Solid k-mers iteration 1 produced 674 new k-mers.
  0:00:31.344   551M / 2364M INFO    General                 (main.cpp                  : 218)   Solid k-mers iteration 2 produced 12 new k-mers.
  0:00:34.127   551M / 2364M INFO    General                 (main.cpp                  : 218)   Solid k-mers iteration 3 produced 0 new k-mers.
  0:00:34.128   551M / 2364M INFO    General                 (main.cpp                  : 222)   Solid k-mers finalized
  0:00:34.128   551M / 2364M INFO    General                 (hammer_tools.cpp          : 222)   Starting read correction in 16 threads.
  0:00:34.128   551M / 2364M INFO    General                 (hammer_tools.cpp          : 235)   Correcting pair of reads: /data/djs217/PROJECTS/10_X_fragariae_feb_2024/04_spades/NCPPB_2473.1_val_1.fq.gz and /data/djs217/PROJECTS/10_X_fragariae_feb_2024/04_spades/NCPPB_2473.2_val_2.fq.gz
  0:00:36.627  1271M / 2364M INFO    General                 (hammer_tools.cpp          : 170)   Prepared batch 0 of 434375 reads.
  0:00:39.328  1311M / 2364M INFO    General                 (hammer_tools.cpp          : 177)   Processed batch 0
  0:00:39.942  1311M / 2364M INFO    General                 (hammer_tools.cpp          : 187)   Written batch 0
  0:00:40.106   551M / 2364M INFO    General                 (hammer_tools.cpp          : 276)   Correction done. Changed 284549 bases in 210000 reads.
  0:00:40.117   551M / 2364M INFO    General                 (hammer_tools.cpp          : 277)   Failed to correct 141 bases out of 153630136.
  0:00:40.146     1M / 2364M INFO    General                 (main.cpp                  : 255)   Saving corrected dataset description to /data/djs217/PROJECTS/10_X_fragariae_feb_2024/04_spades/NCPPB_2473.spades/corrected/corrected.yaml
  0:00:40.146     1M / 2364M INFO    General                 (main.cpp                  : 262)   All done. Exiting.

===== Read error correction finished. 


===== corrected reads compression started. 


== Running: /data/djs217/anaconda3/envs/spades-env/bin/python /data/djs217/anaconda3/envs/spades-env/share/spades/spades_pipeline/scripts/compress_all.py --input_file /data/djs217/PROJECTS/10_X_fragariae_feb_2024/04_spades/NCPPB_2473.spades/corrected/corrected.yaml --ext_python_modules_home /data/djs217/anaconda3/envs/spades-env/share/spades --max_threads 16 --output_dir /data/djs217/PROJECTS/10_X_fragariae_feb_2024/04_spades/NCPPB_2473.spades/corrected --gzip_output

== Compressing corrected reads (with pigz)
== Files to compress: ['/data/djs217/PROJECTS/10_X_fragariae_feb_2024/04_spades/NCPPB_2473.spades/corrected/NCPPB_2473.1_val_1.fq.00.0_0.cor.fastq', '/data/djs217/PROJECTS/10_X_fragariae_feb_2024/04_spades/NCPPB_2473.spades/corrected/NCPPB_2473.2_val_2.fq.00.0_0.cor.fastq', '/data/djs217/PROJECTS/10_X_fragariae_feb_2024/04_spades/NCPPB_2473.spades/corrected/NCPPB_2473._unpaired.00.0_0.cor.fastq']
== Files compression is finished
== Dataset yaml file is updated

===== corrected reads compression finished. 


===== Read error correction finished. 


===== Assembling started. 


===== K21 started. 


== Running: /data/djs217/anaconda3/envs/spades-env/bin/spades-core /data/djs217/PROJECTS/10_X_fragariae_feb_2024/04_spades/NCPPB_2473.spades/K21/configs/config.info /data/djs217/PROJECTS/10_X_fragariae_feb_2024/04_spades/NCPPB_2473.spades/K21/configs/careful_mode.info

  0:00:00.000     1M / 19M   INFO    General                 (main.cpp                  :  99)   Loaded config from /data/djs217/PROJECTS/10_X_fragariae_feb_2024/04_spades/NCPPB_2473.spades/K21/configs/config.info
  0:00:00.001     1M / 19M   INFO    General                 (main.cpp                  :  99)   Loaded config from /data/djs217/PROJECTS/10_X_fragariae_feb_2024/04_spades/NCPPB_2473.spades/K21/configs/careful_mode.info
  0:00:00.001     1M / 19M   INFO    General                 (memory_limit.cpp          :  54)   Memory limit set to 62 Gb
  0:00:00.001     1M / 19M   INFO    General                 (main.cpp                  : 107)   Starting SPAdes, built from N/A, git revision N/A
  0:00:00.002     1M / 19M   INFO    General                 (main.cpp                  : 108)   Maximum k-mer length: 128
  0:00:00.002     1M / 19M   INFO    General                 (main.cpp                  : 109)   Assembling dataset (/data/djs217/PROJECTS/10_X_fragariae_feb_2024/04_spades/NCPPB_2473.spades/dataset.info) with K=21
  0:00:00.002     1M / 19M   INFO    General                 (main.cpp                  : 110)   Maximum # of threads to use (adjusted due to OMP capabilities): 16
  0:00:00.002     1M / 19M   INFO    General                 (pipeline.cpp              : 212)   SPAdes started
  0:00:00.002     1M / 19M   INFO    General                 (pipeline.cpp              : 225)   Starting from stage: read_conversion
  0:00:00.002     1M / 19M   INFO    General                 (pipeline.cpp              : 231)   Two-step repeat resolution disabled
  0:00:00.002     1M / 19M   INFO   GraphCore                (graph_core.hpp            : 672)   Graph created, vertex min_id: 3, edge min_id: 3
  0:00:00.002     1M / 19M   INFO   GraphCore                (graph_core.hpp            : 673)   Vertex size: 48, edge size: 40
  0:00:00.002     1M / 19M   INFO    General                 (edge_index.hpp            : 113)   Size of edge index entries: 12/8
  0:00:00.002     1M / 19M   INFO   StageManager             (stage.cpp                 : 185)   STAGE == Binary Read Conversion (id: read_conversion)
  0:00:00.004     1M / 19M   INFO    General                 (read_converter.cpp        :  72)   Converting reads to binary format for library #0 (takes a while)
  0:00:00.004     1M / 19M   INFO    General                 (read_converter.cpp        :  73)   Converting paired reads
  0:00:00.649    69M / 106M  INFO    General                 (binary_converter.cpp      :  96)   16384 reads processed
  0:00:00.668    75M / 117M  INFO    General                 (binary_converter.cpp      :  96)   32768 reads processed
  0:00:00.703    87M / 140M  INFO    General                 (binary_converter.cpp      :  96)   65536 reads processed
  0:00:00.927    74M / 189M  INFO    General                 (binary_converter.cpp      :  96)   131072 reads processed
  0:00:01.382    86M / 223M  INFO    General                 (binary_converter.cpp      :  96)   262144 reads processed
  0:00:02.185    63M / 246M  INFO    General                 (binary_converter.cpp      : 111)   433109 reads written
  0:00:02.185    41M / 246M  INFO    General                 (read_converter.cpp        :  86)   Converting single reads
  0:00:02.207    71M / 246M  INFO    General                 (binary_converter.cpp      : 111)   1249 reads written
  0:00:02.207    61M / 246M  INFO    General                 (read_converter.cpp        :  92)   Converting merged reads
  0:00:02.207    71M / 246M  INFO    General                 (binary_converter.cpp      : 111)   0 reads written
  0:00:02.226     1M / 246M  INFO   StageManager             (stage.cpp                 : 185)   STAGE == de Bruijn graph construction (id: construction)
  0:00:02.230     1M / 246M  INFO    General                 (construction.cpp          : 153)   Max read length 301
  0:00:02.230     1M / 246M  INFO    General                 (construction.cpp          : 159)   Average read length 177.068
  0:00:02.230     1M / 246M  INFO    General                 (stage.cpp                 : 117)   PROCEDURE == k+1-mer counting (id: construction:kpomer_counting)
  0:00:02.230     1M / 246M  INFO    General                 (kmer_index_builder.hpp    : 243)   Splitting kmer instances into 160 files using 16 threads. This might take a while.
  0:00:02.230     1M / 246M  INFO    General                 (file_limit.hpp            :  42)   Open file limit set to 1024
  0:00:02.230     1M / 246M  INFO    General                 (kmer_splitter.hpp         :  93)   Memory available for splitting buffers: 1.29165 Gb
  0:00:02.230     1M / 246M  INFO    General                 (kmer_splitter.hpp         : 101)   Using cell size of 419430
  0:00:03.683  9601M / 9601M INFO    General                 (kmer_splitters.hpp        : 125)   Processed 1734934 reads
  0:00:03.687     1M / 1352M INFO    General                 (kmer_splitters.hpp        : 131)   Used 1734934 reads
  0:00:03.775     1M / 1352M INFO    General                 (kmer_index_builder.hpp    : 249)   Starting k-mer counting.
  0:00:03.820     1M / 1352M INFO    General                 (kmer_index_builder.hpp    : 260)   K-mer counting done. There are 4018518 kmers in total.
  0:00:03.820     1M / 1352M INFO    General                 (stage.cpp                 : 117)   PROCEDURE == Extension index construction (id: construction:extension_index_construction)
  0:00:03.821     1M / 1352M INFO   K-mer Index Building     (kmer_index_builder.hpp    : 438)   Building kmer index
  0:00:03.821     1M / 1352M INFO    General                 (kmer_index_builder.hpp    : 243)   Splitting kmer instances into 160 files using 16 threads. This might take a while.
  0:00:03.821     1M / 1352M INFO    General                 (file_limit.hpp            :  42)   Open file limit set to 1024
  0:00:03.821     1M / 1352M INFO    General                 (kmer_splitter.hpp         :  93)   Memory available for splitting buffers: 1.29165 Gb
  0:00:03.821     1M / 1352M INFO    General                 (kmer_splitter.hpp         : 101)   Using cell size of 419430
  0:00:04.007  9601M / 9601M INFO    General                 (kmer_splitters.hpp        : 194)   Processed 4018518 kmers
  0:00:04.007  9601M / 9601M INFO    General                 (kmer_splitters.hpp        : 199)   Used 4018518 kmers.
  0:00:04.010     1M / 1352M INFO    General                 (kmer_index_builder.hpp    : 249)   Starting k-mer counting.
  0:00:04.051     1M / 1352M INFO    General                 (kmer_index_builder.hpp    : 260)   K-mer counting done. There are 4012418 kmers in total.
  0:00:04.051     1M / 1352M INFO   K-mer Index Building     (kmer_index_builder.hpp    : 395)   Building perfect hash indices
  0:00:04.106     5M / 1352M INFO   K-mer Index Building     (kmer_index_builder.hpp    : 431)   Index built. Total 4012418 kmers, 3018136 bytes occupied (6.01759 bits per kmer).
  0:00:04.106     5M / 1352M INFO    General                 (kmer_index_builder.hpp    : 169)   Merging final buckets.
  0:00:04.204     9M / 1352M INFO   DeBruijnExtensionIndexBu (kmer_extension_index_build: 100)   Building k-mer extensions from k+1-mers
  0:00:04.342     9M / 1352M INFO   DeBruijnExtensionIndexBu (kmer_extension_index_build: 105)   Building k-mer extensions from k+1-mers finished.
  0:00:04.349     9M / 1352M INFO    General                 (stage.cpp                 : 117)   PROCEDURE == Early tip clipping (id: construction:early_tip_clipper)
  0:00:04.349     9M / 1352M INFO    General                 (construction.cpp          : 301)   Early tip clipper length bound set as (RL - K)
  0:00:04.349     9M / 1352M INFO   Early tip clipping       (early_simplification.hpp  :  47)   Early tip clipping
  0:00:04.416     9M / 1352M INFO   Early tip clipping       (early_simplification.hpp  :  82)   #tipped junctions: 5868
  0:00:04.416     9M / 1352M INFO   Early tip clipping       (early_simplification.hpp  :  93)   Clipped tips: 5874
  0:00:04.421     9M / 1352M INFO   Early tip clipping       (early_simplification.hpp  :  49)   52122 22-mers were removed by early tip clipper
  0:00:04.421     9M / 1352M INFO    General                 (stage.cpp                 : 117)   PROCEDURE == Condensing graph (id: construction:graph_condensing)
  0:00:04.422     9M / 1352M INFO   UnbranchingPathExtractor (debruijn_graph_constructor: 354)   Extracting unbranching paths
  0:00:04.521    10M / 1352M INFO   UnbranchingPathExtractor (debruijn_graph_constructor: 373)   Extracting unbranching paths finished. 17936 sequences extracted
  0:00:04.613    10M / 1352M INFO   UnbranchingPathExtractor (debruijn_graph_constructor: 309)   Collecting perfect loops
  0:00:04.640    10M / 1352M INFO   UnbranchingPathExtractor (debruijn_graph_constructor: 342)   Collecting perfect loops finished. 1 loops collected
  0:00:04.649    10M / 1352M INFO    General                 (debruijn_graph_constructor: 487)   Total 35874 edges to create
  0:00:04.649    12M / 1352M INFO    General                 (debruijn_graph_constructor: 489)   Collecting link records
  0:00:04.666    12M / 1352M INFO    General                 (debruijn_graph_constructor: 491)   Ordering link records
  0:00:04.667    12M / 1352M INFO    General                 (debruijn_graph_constructor: 493)   Sorting done
  0:00:04.667    13M / 1352M INFO    General                 (debruijn_graph_constructor: 503)   Total 11837 vertices to create
  0:00:04.667    14M / 1352M INFO    General                 (debruijn_graph_constructor: 506)   Connecting the graph
  0:00:04.679    13M / 1352M INFO    General                 (stage.cpp                 : 117)   PROCEDURE == Filling coverage indices (PHM) (id: construction:coverage_filling_phm)
  0:00:04.679    13M / 1352M INFO   K-mer Index Building     (kmer_index_builder.hpp    : 395)   Building perfect hash indices
  0:00:04.723    16M / 1352M INFO   K-mer Index Building     (kmer_index_builder.hpp    : 431)   Index built. Total 4018518 kmers, 3022744 bytes occupied (6.01763 bits per kmer).
  0:00:04.726    32M / 1352M INFO    General                 (coverage_hash_map_builder.:  47)   Collecting k-mer coverage information from reads, this takes a while.
  0:00:05.959    32M / 1352M INFO    General                 (construction.cpp          : 430)   Filling coverage and flanking coverage from PHM
  0:00:06.044    32M / 1352M INFO    General                 (coverage_filling.hpp      :  82)   Processed 35825 edges
  0:00:06.062     5M / 1352M INFO   StageManager             (stage.cpp                 : 185)   STAGE == EC Threshold Finding (id: ec_threshold_finder)
  0:00:06.062     5M / 1352M INFO    General                 (kmer_coverage_model.cpp   : 181)   Kmer coverage valley at: 3
  0:00:06.062     5M / 1352M INFO    General                 (kmer_coverage_model.cpp   : 201)   K-mer histogram maximum: 28
  0:00:06.062     5M / 1352M INFO    General                 (kmer_coverage_model.cpp   : 237)   Estimated median coverage: 30. Coverage mad: 10.3782
  0:00:06.062     5M / 1352M INFO    General                 (kmer_coverage_model.cpp   : 259)   Fitting coverage model
  0:00:06.098     5M / 1352M INFO    General                 (kmer_coverage_model.cpp   : 295)   ... iteration 2
  0:00:06.193     5M / 1352M INFO    General                 (kmer_coverage_model.cpp   : 295)   ... iteration 4
  0:00:06.515     5M / 1352M INFO    General                 (kmer_coverage_model.cpp   : 295)   ... iteration 8
  0:00:07.189     5M / 1352M INFO    General                 (kmer_coverage_model.cpp   : 295)   ... iteration 16
  0:00:08.453     5M / 1352M INFO    General                 (kmer_coverage_model.cpp   : 309)   Fitted mean coverage: 30.8192. Fitted coverage std. dev: 7.91188
  0:00:08.454     5M / 1352M INFO    General                 (kmer_coverage_model.cpp   : 334)   Probability of erroneous kmer at valley: 0.973946
  0:00:08.454     5M / 1352M INFO    General                 (kmer_coverage_model.cpp   : 358)   Preliminary threshold calculated as: 14
  0:00:08.454     5M / 1352M INFO    General                 (kmer_coverage_model.cpp   : 362)   Threshold adjusted to: 14
  0:00:08.454     5M / 1352M INFO    General                 (kmer_coverage_model.cpp   : 375)   Estimated genome size (ignoring repeats): 3845464
  0:00:08.454     5M / 1352M INFO    General                 (genomic_info_filler.cpp   :  55)   Mean coverage was calculated as 30.8192
  0:00:08.454     5M / 1352M INFO    General                 (genomic_info_filler.cpp   :  70)   EC coverage threshold value was calculated as 14
  0:00:08.454     5M / 1352M INFO    General                 (genomic_info_filler.cpp   :  71)   Trusted kmer low bound: 0
  0:00:08.454     5M / 1352M INFO   StageManager             (stage.cpp                 : 185)   STAGE == Raw Simplification (id: raw_simplification)
  0:00:08.454     5M / 1352M INFO    General                 (simplification.cpp        : 127)   PROCEDURE == Initial cleaning
  0:00:08.454     5M / 1352M INFO    General                 (graph_simplification.hpp  : 662)   Flanking coverage based disconnection disabled
  0:00:08.454     5M / 1352M INFO   Simplification           (parallel_processing.hpp   : 167)   Running Self conjugate edge remover
  0:00:08.456     5M / 1352M INFO   Simplification           (parallel_processing.hpp   : 170)   Self conjugate edge remover triggered 0 times
  0:00:08.456     5M / 1352M INFO   StageManager             (stage.cpp                 : 185)   STAGE == Simplification (id: simplification)
  0:00:08.456     5M / 1352M INFO    General                 (simplification.cpp        : 368)   Graph simplification started
  0:00:08.456     5M / 1352M INFO    General                 (graph_simplification.hpp  : 634)   Creating parallel br instance
  0:00:08.456     5M / 1352M INFO    General                 (simplification.cpp        : 373)   PROCEDURE == Simplification cycle, iteration 1
  0:00:08.456     5M / 1352M INFO   Simplification           (parallel_processing.hpp   : 167)   Running Tip clipper
  0:00:08.458     5M / 1352M INFO   Simplification           (parallel_processing.hpp   : 170)   Tip clipper triggered 25 times
  0:00:08.458     5M / 1352M INFO   Simplification           (parallel_processing.hpp   : 167)   Running Bulge remover
  0:00:08.523     5M / 1352M INFO   Simplification           (parallel_processing.hpp   : 170)   Bulge remover triggered 1823 times
  0:00:08.523     5M / 1352M INFO   Simplification           (parallel_processing.hpp   : 167)   Running Low coverage edge remover
  0:00:08.551     5M / 1352M INFO   Simplification           (parallel_processing.hpp   : 170)   Low coverage edge remover triggered 1469 times
  0:00:08.551     5M / 1352M INFO    General                 (simplification.cpp        : 373)   PROCEDURE == Simplification cycle, iteration 2
  0:00:08.551     5M / 1352M INFO   Simplification           (parallel_processing.hpp   : 167)   Running Tip clipper
  0:00:08.552     5M / 1352M INFO   Simplification           (parallel_processing.hpp   : 170)   Tip clipper triggered 4 times
  0:00:08.552     5M / 1352M INFO   Simplification           (parallel_processing.hpp   : 167)   Running Bulge remover
  0:00:08.560     5M / 1352M INFO   Simplification           (parallel_processing.hpp   : 170)   Bulge remover triggered 170 times
  0:00:08.560     5M / 1352M INFO   Simplification           (parallel_processing.hpp   : 167)   Running Low coverage edge remover
  0:00:08.573     5M / 1352M INFO   Simplification           (parallel_processing.hpp   : 170)   Low coverage edge remover triggered 395 times
  0:00:08.573     5M / 1352M INFO    General                 (simplification.cpp        : 373)   PROCEDURE == Simplification cycle, iteration 3
  0:00:08.573     5M / 1352M INFO   Simplification           (parallel_processing.hpp   : 167)   Running Tip clipper
  0:00:08.573     5M / 1352M INFO   Simplification           (parallel_processing.hpp   : 170)   Tip clipper triggered 0 times
  0:00:08.573     5M / 1352M INFO   Simplification           (parallel_processing.hpp   : 167)   Running Bulge remover
  0:00:08.575     5M / 1352M INFO   Simplification           (parallel_processing.hpp   : 170)   Bulge remover triggered 52 times
  0:00:08.576     5M / 1352M INFO   Simplification           (parallel_processing.hpp   : 167)   Running Low coverage edge remover
  0:00:08.576     5M / 1352M INFO   Simplification           (parallel_processing.hpp   : 170)   Low coverage edge remover triggered 61 times
  0:00:08.576     5M / 1352M INFO    General                 (simplification.cpp        : 373)   PROCEDURE == Simplification cycle, iteration 4
  0:00:08.576     5M / 1352M INFO   Simplification           (parallel_processing.hpp   : 167)   Running Tip clipper
  0:00:08.576     5M / 1352M INFO   Simplification           (parallel_processing.hpp   : 170)   Tip clipper triggered 0 times
  0:00:08.576     5M / 1352M INFO   Simplification           (parallel_processing.hpp   : 167)   Running Bulge remover
  0:00:08.577     5M / 1352M INFO   Simplification           (parallel_processing.hpp   : 170)   Bulge remover triggered 23 times
  0:00:08.577     5M / 1352M INFO   Simplification           (parallel_processing.hpp   : 167)   Running Low coverage edge remover
  0:00:08.577     5M / 1352M INFO   Simplification           (parallel_processing.hpp   : 170)   Low coverage edge remover triggered 9 times
  0:00:08.577     5M / 1352M INFO    General                 (simplification.cpp        : 373)   PROCEDURE == Simplification cycle, iteration 5
  0:00:08.577     5M / 1352M INFO   Simplification           (parallel_processing.hpp   : 167)   Running Tip clipper
  0:00:08.577     5M / 1352M INFO   Simplification           (parallel_processing.hpp   : 170)   Tip clipper triggered 1 times
  0:00:08.577     5M / 1352M INFO   Simplification           (parallel_processing.hpp   : 167)   Running Bulge remover
  0:00:08.577     5M / 1352M INFO   Simplification           (parallel_processing.hpp   : 170)   Bulge remover triggered 2 times
  0:00:08.578     5M / 1352M INFO   Simplification           (parallel_processing.hpp   : 167)   Running Low coverage edge remover
  0:00:08.578     5M / 1352M INFO   Simplification           (parallel_processing.hpp   : 170)   Low coverage edge remover triggered 11 times
  0:00:08.578     5M / 1352M INFO    General                 (simplification.cpp        : 373)   PROCEDURE == Simplification cycle, iteration 6
  0:00:08.578     5M / 1352M INFO   Simplification           (parallel_processing.hpp   : 167)   Running Tip clipper
  0:00:08.578     5M / 1352M INFO   Simplification           (parallel_processing.hpp   : 170)   Tip clipper triggered 0 times
  0:00:08.578     5M / 1352M INFO   Simplification           (parallel_processing.hpp   : 167)   Running Bulge remover
  0:00:08.578     5M / 1352M INFO   Simplification           (parallel_processing.hpp   : 170)   Bulge remover triggered 2 times
  0:00:08.578     5M / 1352M INFO   Simplification           (parallel_processing.hpp   : 167)   Running Low coverage edge remover
  0:00:08.578     5M / 1352M INFO   Simplification           (parallel_processing.hpp   : 170)   Low coverage edge remover triggered 3 times
  0:00:08.578     5M / 1352M INFO    General                 (simplification.cpp        : 373)   PROCEDURE == Simplification cycle, iteration 7
  0:00:08.578     5M / 1352M INFO   Simplification           (parallel_processing.hpp   : 167)   Running Tip clipper
  0:00:08.578     5M / 1352M INFO   Simplification           (parallel_processing.hpp   : 170)   Tip clipper triggered 0 times
  0:00:08.578     5M / 1352M INFO   Simplification           (parallel_processing.hpp   : 167)   Running Bulge remover
  0:00:08.578     5M / 1352M INFO   Simplification           (parallel_processing.hpp   : 170)   Bulge remover triggered 1 times
  0:00:08.578     5M / 1352M INFO   Simplification           (parallel_processing.hpp   : 167)   Running Low coverage edge remover
  0:00:08.578     5M / 1352M INFO   Simplification           (parallel_processing.hpp   : 170)   Low coverage edge remover triggered 5 times
  0:00:08.578     5M / 1352M INFO    General                 (simplification.cpp        : 373)   PROCEDURE == Simplification cycle, iteration 8
  0:00:08.578     5M / 1352M INFO   Simplification           (parallel_processing.hpp   : 167)   Running Tip clipper
  0:00:08.578     5M / 1352M INFO   Simplification           (parallel_processing.hpp   : 170)   Tip clipper triggered 0 times
  0:00:08.578     5M / 1352M INFO   Simplification           (parallel_processing.hpp   : 167)   Running Bulge remover
  0:00:08.578     5M / 1352M INFO   Simplification           (parallel_processing.hpp   : 170)   Bulge remover triggered 0 times
  0:00:08.578     5M / 1352M INFO   Simplification           (parallel_processing.hpp   : 167)   Running Low coverage edge remover
  0:00:08.579     5M / 1352M INFO   Simplification           (parallel_processing.hpp   : 170)   Low coverage edge remover triggered 4 times
  0:00:08.579     5M / 1352M INFO    General                 (simplification.cpp        : 373)   PROCEDURE == Simplification cycle, iteration 9
  0:00:08.579     5M / 1352M INFO   Simplification           (parallel_processing.hpp   : 167)   Running Tip clipper
  0:00:08.579     5M / 1352M INFO   Simplification           (parallel_processing.hpp   : 170)   Tip clipper triggered 0 times
  0:00:08.579     5M / 1352M INFO   Simplification           (parallel_processing.hpp   : 167)   Running Bulge remover
  0:00:08.579     5M / 1352M INFO   Simplification           (parallel_processing.hpp   : 170)   Bulge remover triggered 0 times
  0:00:08.579     5M / 1352M INFO   Simplification           (parallel_processing.hpp   : 167)   Running Low coverage edge remover
  0:00:08.579     5M / 1352M INFO   Simplification           (parallel_processing.hpp   : 170)   Low coverage edge remover triggered 7 times
  0:00:08.579     5M / 1352M INFO    General                 (simplification.cpp        : 373)   PROCEDURE == Simplification cycle, iteration 10
  0:00:08.579     5M / 1352M INFO   Simplification           (parallel_processing.hpp   : 167)   Running Tip clipper
  0:00:08.579     5M / 1352M INFO   Simplification           (parallel_processing.hpp   : 170)   Tip clipper triggered 0 times
  0:00:08.579     5M / 1352M INFO   Simplification           (parallel_processing.hpp   : 167)   Running Bulge remover
  0:00:08.579     5M / 1352M INFO   Simplification           (parallel_processing.hpp   : 170)   Bulge remover triggered 1 times
  0:00:08.579     5M / 1352M INFO   Simplification           (parallel_processing.hpp   : 167)   Running Low coverage edge remover
  0:00:08.579     5M / 1352M INFO   Simplification           (parallel_processing.hpp   : 170)   Low coverage edge remover triggered 5 times
  0:00:08.579     5M / 1352M INFO    General                 (simplification.cpp        : 373)   PROCEDURE == Simplification cycle, iteration 11
  0:00:08.579     5M / 1352M INFO   Simplification           (parallel_processing.hpp   : 167)   Running Tip clipper
  0:00:08.579     5M / 1352M INFO   Simplification           (parallel_processing.hpp   : 170)   Tip clipper triggered 0 times
  0:00:08.579     5M / 1352M INFO   Simplification           (parallel_processing.hpp   : 167)   Running Bulge remover
  0:00:08.586     5M / 1352M INFO   Simplification           (parallel_processing.hpp   : 170)   Bulge remover triggered 12 times
  0:00:08.586     5M / 1352M INFO   Simplification           (parallel_processing.hpp   : 167)   Running Low coverage edge remover
  0:00:08.587     5M / 1352M INFO   Simplification           (parallel_processing.hpp   : 170)   Low coverage edge remover triggered 0 times
  0:00:08.587     5M / 1352M INFO    General                 (simplification.cpp        : 373)   PROCEDURE == Simplification cycle, iteration 12
  0:00:08.587     5M / 1352M INFO   Simplification           (parallel_processing.hpp   : 167)   Running Tip clipper
  0:00:08.587     5M / 1352M INFO   Simplification           (parallel_processing.hpp   : 170)   Tip clipper triggered 0 times
  0:00:08.587     5M / 1352M INFO   Simplification           (parallel_processing.hpp   : 167)   Running Bulge remover
  0:00:08.587     5M / 1352M INFO   Simplification           (parallel_processing.hpp   : 170)   Bulge remover triggered 0 times
  0:00:08.587     5M / 1352M INFO   Simplification           (parallel_processing.hpp   : 167)   Running Low coverage edge remover
  0:00:08.587     5M / 1352M INFO   Simplification           (parallel_processing.hpp   : 170)   Low coverage edge remover triggered 0 times
  0:00:08.587     5M / 1352M INFO   StageManager             (stage.cpp                 : 185)   STAGE == Simplification Cleanup (id: simplification_cleanup)
  0:00:08.587     5M / 1352M INFO    General                 (simplification.cpp        : 176)   PROCEDURE == Post simplification
  0:00:08.587     5M / 1352M INFO    General                 (graph_simplification.hpp  : 448)   Disconnection of relatively low covered edges disabled
  0:00:08.587     5M / 1352M INFO    General                 (graph_simplification.hpp  : 485)   Complex tip clipping disabled
  0:00:08.587     5M / 1352M INFO    General                 (graph_simplification.hpp  : 634)   Creating parallel br instance
  0:00:08.587     5M / 1352M INFO   Simplification           (parallel_processing.hpp   : 167)   Running Tip clipper
  0:00:08.587     5M / 1352M INFO   Simplification           (parallel_processing.hpp   : 170)   Tip clipper triggered 0 times
  0:00:08.587     5M / 1352M INFO   Simplification           (parallel_processing.hpp   : 167)   Running Bulge remover
  0:00:08.594     5M / 1352M INFO   Simplification           (parallel_processing.hpp   : 170)   Bulge remover triggered 1 times
  0:00:08.594     5M / 1352M INFO   Simplification           (parallel_processing.hpp   : 167)   Running Tip clipper
  0:00:08.594     5M / 1352M INFO   Simplification           (parallel_processing.hpp   : 170)   Tip clipper triggered 0 times
  0:00:08.594     5M / 1352M INFO   Simplification           (parallel_processing.hpp   : 167)   Running Bulge remover
  0:00:08.601     5M / 1352M INFO   Simplification           (parallel_processing.hpp   : 170)   Bulge remover triggered 0 times
  0:00:08.601     5M / 1352M INFO    General                 (simplification.cpp        : 327)   Disrupting self-conjugate edges
  0:00:08.602     5M / 1352M INFO   Simplification           (parallel_processing.hpp   : 167)   Running Removing isolated edges
  0:00:08.603     5M / 1352M INFO   Simplification           (parallel_processing.hpp   : 170)   Removing isolated edges triggered 236 times
  0:00:08.603     5M / 1352M INFO    General                 (simplification.cpp        : 495)   After simplification:
  0:00:08.603     5M / 1352M INFO    General                 (simplification.cpp        : 496)     Average coverage = 35.0342
  0:00:08.603     5M / 1352M INFO    General                 (simplification.cpp        : 497)     Total length = 3860188
  0:00:08.604     5M / 1352M INFO    General                 (simplification.cpp        : 498)     Median edge length: 6862
  0:00:08.604     5M / 1352M INFO    General                 (simplification.cpp        : 499)     Edges: 12424
  0:00:08.604     5M / 1352M INFO    General                 (simplification.cpp        : 500)     Vertices: 7890
  0:00:08.604     5M / 1352M INFO   StageManager             (stage.cpp                 : 185)   STAGE == Contig Output (id: contig_output)
  0:00:08.604     5M / 1352M INFO    General                 (read_converter.cpp        : 107)   Outputting contigs to /data/djs217/PROJECTS/10_X_fragariae_feb_2024/04_spades/NCPPB_2473.spades/K21/simplified_contigs
  0:00:08.607     7M / 1352M INFO    General                 (binary_converter.cpp      : 111)   6225 reads written
  0:00:08.610     5M / 1352M INFO    General                 (pipeline.cpp              : 287)   SPAdes finished
  0:00:08.612     1M / 1352M INFO    General                 (main.cpp                  : 136)   Assembling time: 0 hours 0 minutes 8 seconds

===== K21 finished. 


===== K33 started. 


== Running: /data/djs217/anaconda3/envs/spades-env/bin/spades-core /data/djs217/PROJECTS/10_X_fragariae_feb_2024/04_spades/NCPPB_2473.spades/K33/configs/config.info /data/djs217/PROJECTS/10_X_fragariae_feb_2024/04_spades/NCPPB_2473.spades/K33/configs/careful_mode.info

  0:00:00.000     1M / 19M   INFO    General                 (main.cpp                  :  99)   Loaded config from /data/djs217/PROJECTS/10_X_fragariae_feb_2024/04_spades/NCPPB_2473.spades/K33/configs/config.info
  0:00:00.001     1M / 19M   INFO    General                 (main.cpp                  :  99)   Loaded config from /data/djs217/PROJECTS/10_X_fragariae_feb_2024/04_spades/NCPPB_2473.spades/K33/configs/careful_mode.info
  0:00:00.001     1M / 19M   INFO    General                 (memory_limit.cpp          :  54)   Memory limit set to 62 Gb
  0:00:00.002     1M / 19M   INFO    General                 (main.cpp                  : 107)   Starting SPAdes, built from N/A, git revision N/A
  0:00:00.002     1M / 19M   INFO    General                 (main.cpp                  : 108)   Maximum k-mer length: 128
  0:00:00.002     1M / 19M   INFO    General                 (main.cpp                  : 109)   Assembling dataset (/data/djs217/PROJECTS/10_X_fragariae_feb_2024/04_spades/NCPPB_2473.spades/dataset.info) with K=33
  0:00:00.002     1M / 19M   INFO    General                 (main.cpp                  : 110)   Maximum # of threads to use (adjusted due to OMP capabilities): 16
  0:00:00.002     1M / 19M   INFO    General                 (pipeline.cpp              : 212)   SPAdes started
  0:00:00.002     1M / 19M   INFO    General                 (pipeline.cpp              : 225)   Starting from stage: read_conversion
  0:00:00.002     1M / 19M   INFO    General                 (pipeline.cpp              : 231)   Two-step repeat resolution disabled
  0:00:00.002     1M / 19M   INFO   GraphCore                (graph_core.hpp            : 672)   Graph created, vertex min_id: 3, edge min_id: 3
  0:00:00.002     1M / 19M   INFO   GraphCore                (graph_core.hpp            : 673)   Vertex size: 48, edge size: 40
  0:00:00.002     1M / 19M   INFO    General                 (edge_index.hpp            : 113)   Size of edge index entries: 12/8
  0:00:00.002     1M / 19M   INFO   StageManager             (stage.cpp                 : 185)   STAGE == Binary Read Conversion (id: read_conversion)
  0:00:00.003     1M / 19M   INFO    General                 (read_converter.cpp        :  53)   Binary reads detected
  0:00:00.006     1M / 19M   INFO   StageManager             (stage.cpp                 : 185)   STAGE == de Bruijn graph construction (id: construction)
  0:00:00.006     1M / 19M   INFO    General                 (construction.cpp          : 118)   Contigs from previous K will be used: /data/djs217/PROJECTS/10_X_fragariae_feb_2024/04_spades/NCPPB_2473.spades/K21/simplified_contigs
  0:00:00.051     1M / 19M   INFO    General                 (construction.cpp          : 153)   Max read length 301
  0:00:00.051     1M / 19M   INFO    General                 (construction.cpp          : 159)   Average read length 177.068
  0:00:00.051     1M / 19M   INFO    General                 (stage.cpp                 : 117)   PROCEDURE == k+1-mer counting (id: construction:kpomer_counting)
  0:00:00.052     1M / 19M   INFO    General                 (kmer_index_builder.hpp    : 243)   Splitting kmer instances into 160 files using 16 threads. This might take a while.
  0:00:00.052     1M / 19M   INFO    General                 (file_limit.hpp            :  42)   Open file limit set to 1024
  0:00:00.052     1M / 19M   INFO    General                 (kmer_splitter.hpp         :  93)   Memory available for splitting buffers: 1.29165 Gb
  0:00:00.052     1M / 19M   INFO    General                 (kmer_splitter.hpp         : 101)   Using cell size of 209715
  0:00:01.547  9601M / 9601M INFO    General                 (kmer_splitters.hpp        : 125)   Processed 1747384 reads
  0:00:01.564     1M / 2228M INFO    General                 (kmer_splitters.hpp        : 131)   Used 1747384 reads
  0:00:01.689     1M / 2228M INFO    General                 (kmer_index_builder.hpp    : 249)   Starting k-mer counting.
  0:00:01.741     1M / 2228M INFO    General                 (kmer_index_builder.hpp    : 260)   K-mer counting done. There are 4071952 kmers in total.
  0:00:01.741     1M / 2228M INFO    General                 (stage.cpp                 : 117)   PROCEDURE == Extension index construction (id: construction:extension_index_construction)
  0:00:01.743     1M / 2228M INFO   K-mer Index Building     (kmer_index_builder.hpp    : 438)   Building kmer index
  0:00:01.743     1M / 2228M INFO    General                 (kmer_index_builder.hpp    : 243)   Splitting kmer instances into 160 files using 16 threads. This might take a while.
  0:00:01.743     1M / 2228M INFO    General                 (file_limit.hpp            :  42)   Open file limit set to 1024
  0:00:01.743     1M / 2228M INFO    General                 (kmer_splitter.hpp         :  93)   Memory available for splitting buffers: 1.29165 Gb
  0:00:01.743     1M / 2228M INFO    General                 (kmer_splitter.hpp         : 101)   Using cell size of 209715
  0:00:01.898  9602M / 9602M INFO    General                 (kmer_splitters.hpp        : 194)   Processed 4071952 kmers
  0:00:01.899  9602M / 9602M INFO    General                 (kmer_splitters.hpp        : 199)   Used 4071952 kmers.
  0:00:01.901     2M / 2228M INFO    General                 (kmer_index_builder.hpp    : 249)   Starting k-mer counting.
  0:00:01.950     2M / 2228M INFO    General                 (kmer_index_builder.hpp    : 260)   K-mer counting done. There are 4068356 kmers in total.
  0:00:01.950     2M / 2228M INFO   K-mer Index Building     (kmer_index_builder.hpp    : 395)   Building perfect hash indices
  0:00:02.013     5M / 2228M INFO   K-mer Index Building     (kmer_index_builder.hpp    : 431)   Index built. Total 4068356 kmers, 3058840 bytes occupied (6.01489 bits per kmer).
  0:00:02.013     5M / 2228M INFO    General                 (kmer_index_builder.hpp    : 169)   Merging final buckets.
  0:00:02.271     9M / 2228M INFO   DeBruijnExtensionIndexBu (kmer_extension_index_build: 100)   Building k-mer extensions from k+1-mers
  0:00:02.413     9M / 2228M INFO   DeBruijnExtensionIndexBu (kmer_extension_index_build: 105)   Building k-mer extensions from k+1-mers finished.
  0:00:02.422     9M / 2228M INFO    General                 (stage.cpp                 : 117)   PROCEDURE == Early tip clipping (id: construction:early_tip_clipper)
  0:00:02.422     9M / 2228M INFO    General                 (construction.cpp          : 301)   Early tip clipper length bound set as (RL - K)
  0:00:02.422     9M / 2228M INFO   Early tip clipping       (early_simplification.hpp  :  47)   Early tip clipping
  0:00:02.492     9M / 2228M INFO   Early tip clipping       (early_simplification.hpp  :  82)   #tipped junctions: 6669
  0:00:02.492     9M / 2228M INFO   Early tip clipping       (early_simplification.hpp  :  93)   Clipped tips: 6677
  0:00:02.498     9M / 2228M INFO   Early tip clipping       (early_simplification.hpp  :  49)   76823 34-mers were removed by early tip clipper
  0:00:02.498     9M / 2228M INFO    General                 (stage.cpp                 : 117)   PROCEDURE == Condensing graph (id: construction:graph_condensing)
  0:00:02.498     9M / 2228M INFO   UnbranchingPathExtractor (debruijn_graph_constructor: 354)   Extracting unbranching paths
  0:00:02.604    10M / 2228M INFO   UnbranchingPathExtractor (debruijn_graph_constructor: 373)   Extracting unbranching paths finished. 11632 sequences extracted
  0:00:02.715    10M / 2228M INFO   UnbranchingPathExtractor (debruijn_graph_constructor: 309)   Collecting perfect loops
  0:00:02.746    10M / 2228M INFO   UnbranchingPathExtractor (debruijn_graph_constructor: 342)   Collecting perfect loops finished. 1 loops collected
  0:00:02.753    10M / 2228M INFO    General                 (debruijn_graph_constructor: 487)   Total 23266 edges to create
  0:00:02.753    11M / 2228M INFO    General                 (debruijn_graph_constructor: 489)   Collecting link records
  0:00:02.767    12M / 2228M INFO    General                 (debruijn_graph_constructor: 491)   Ordering link records
  0:00:02.767    12M / 2228M INFO    General                 (debruijn_graph_constructor: 493)   Sorting done
  0:00:02.767    12M / 2228M INFO    General                 (debruijn_graph_constructor: 503)   Total 8037 vertices to create
  0:00:02.767    12M / 2228M INFO    General                 (debruijn_graph_constructor: 506)   Connecting the graph
  0:00:02.777    12M / 2228M INFO    General                 (stage.cpp                 : 117)   PROCEDURE == Filling coverage indices (PHM) (id: construction:coverage_filling_phm)
  0:00:02.777    12M / 2228M INFO   K-mer Index Building     (kmer_index_builder.hpp    : 395)   Building perfect hash indices
  0:00:02.827    15M / 2228M INFO   K-mer Index Building     (kmer_index_builder.hpp    : 431)   Index built. Total 4071952 kmers, 3061512 bytes occupied (6.01483 bits per kmer).
  0:00:02.832    31M / 2228M INFO    General                 (coverage_hash_map_builder.:  47)   Collecting k-mer coverage information from reads, this takes a while.
  0:00:04.040    31M / 2228M INFO    General                 (construction.cpp          : 430)   Filling coverage and flanking coverage from PHM
  0:00:04.131    31M / 2228M INFO    General                 (coverage_filling.hpp      :  82)   Processed 23250 edges
  0:00:04.154     4M / 2228M INFO   StageManager             (stage.cpp                 : 185)   STAGE == EC Threshold Finding (id: ec_threshold_finder)
  0:00:04.154     4M / 2228M INFO    General                 (kmer_coverage_model.cpp   : 181)   Kmer coverage valley at: 3
  0:00:04.154     4M / 2228M INFO    General                 (kmer_coverage_model.cpp   : 201)   K-mer histogram maximum: 26
  0:00:04.154     4M / 2228M INFO    General                 (kmer_coverage_model.cpp   : 237)   Estimated median coverage: 28. Coverage mad: 8.8956
  0:00:04.154     4M / 2228M INFO    General                 (kmer_coverage_model.cpp   : 259)   Fitting coverage model
  0:00:04.177     4M / 2228M INFO    General                 (kmer_coverage_model.cpp   : 295)   ... iteration 2
  0:00:04.230     4M / 2228M INFO    General                 (kmer_coverage_model.cpp   : 295)   ... iteration 4
  0:00:04.468     4M / 2228M INFO    General                 (kmer_coverage_model.cpp   : 295)   ... iteration 8
  0:00:05.023     4M / 2228M INFO    General                 (kmer_coverage_model.cpp   : 295)   ... iteration 16
  0:00:05.997     4M / 2228M INFO    General                 (kmer_coverage_model.cpp   : 295)   ... iteration 32
  0:00:06.664     4M / 2228M INFO    General                 (kmer_coverage_model.cpp   : 309)   Fitted mean coverage: 28.4408. Fitted coverage std. dev: 7.58944
  0:00:06.665     4M / 2228M INFO    General                 (kmer_coverage_model.cpp   : 334)   Probability of erroneous kmer at valley: 0.955849
  0:00:06.665     4M / 2228M INFO    General                 (kmer_coverage_model.cpp   : 358)   Preliminary threshold calculated as: 13
  0:00:06.665     4M / 2228M INFO    General                 (kmer_coverage_model.cpp   : 362)   Threshold adjusted to: 13
  0:00:06.665     4M / 2228M INFO    General                 (kmer_coverage_model.cpp   : 375)   Estimated genome size (ignoring repeats): 3861023
  0:00:06.665     4M / 2228M INFO    General                 (genomic_info_filler.cpp   :  55)   Mean coverage was calculated as 28.4408
  0:00:06.665     4M / 2228M INFO    General                 (genomic_info_filler.cpp   :  70)   EC coverage threshold value was calculated as 13
  0:00:06.665     4M / 2228M INFO    General                 (genomic_info_filler.cpp   :  71)   Trusted kmer low bound: 0
  0:00:06.665     4M / 2228M INFO   StageManager             (stage.cpp                 : 185)   STAGE == Raw Simplification (id: raw_simplification)
  0:00:06.665     4M / 2228M INFO    General                 (simplification.cpp        : 127)   PROCEDURE == Initial cleaning
  0:00:06.666     4M / 2228M INFO    General                 (graph_simplification.hpp  : 662)   Flanking coverage based disconnection disabled
  0:00:06.666     4M / 2228M INFO   Simplification           (parallel_processing.hpp   : 167)   Running Self conjugate edge remover
  0:00:06.667     4M / 2228M INFO   Simplification           (parallel_processing.hpp   : 170)   Self conjugate edge remover triggered 0 times
  0:00:06.667     4M / 2228M INFO   StageManager             (stage.cpp                 : 185)   STAGE == Simplification (id: simplification)
  0:00:06.667     4M / 2228M INFO    General                 (simplification.cpp        : 368)   Graph simplification started
  0:00:06.667     4M / 2228M INFO    General                 (graph_simplification.hpp  : 634)   Creating parallel br instance
  0:00:06.667     4M / 2228M INFO    General                 (simplification.cpp        : 373)   PROCEDURE == Simplification cycle, iteration 1
  0:00:06.667     4M / 2228M INFO   Simplification           (parallel_processing.hpp   : 167)   Running Tip clipper
  0:00:06.669     4M / 2228M INFO   Simplification           (parallel_processing.hpp   : 170)   Tip clipper triggered 37 times
  0:00:06.669     4M / 2228M INFO   Simplification           (parallel_processing.hpp   : 167)   Running Bulge remover
  0:00:06.713     4M / 2228M INFO   Simplification           (parallel_processing.hpp   : 170)   Bulge remover triggered 1371 times
  0:00:06.713     4M / 2228M INFO   Simplification           (parallel_processing.hpp   : 167)   Running Low coverage edge remover
  0:00:06.732     4M / 2228M INFO   Simplification           (parallel_processing.hpp   : 170)   Low coverage edge remover triggered 801 times
  0:00:06.732     4M / 2228M INFO    General                 (simplification.cpp        : 373)   PROCEDURE == Simplification cycle, iteration 2
  0:00:06.732     4M / 2228M INFO   Simplification           (parallel_processing.hpp   : 167)   Running Tip clipper
  0:00:06.733     4M / 2228M INFO   Simplification           (parallel_processing.hpp   : 170)   Tip clipper triggered 8 times
  0:00:06.733     4M / 2228M INFO   Simplification           (parallel_processing.hpp   : 167)   Running Bulge remover
  0:00:06.737     4M / 2228M INFO   Simplification           (parallel_processing.hpp   : 170)   Bulge remover triggered 145 times
  0:00:06.737     4M / 2228M INFO   Simplification           (parallel_processing.hpp   : 167)   Running Low coverage edge remover
  0:00:06.746     4M / 2228M INFO   Simplification           (parallel_processing.hpp   : 170)   Low coverage edge remover triggered 218 times
  0:00:06.746     4M / 2228M INFO    General                 (simplification.cpp        : 373)   PROCEDURE == Simplification cycle, iteration 3
  0:00:06.746     4M / 2228M INFO   Simplification           (parallel_processing.hpp   : 167)   Running Tip clipper
  0:00:06.747     4M / 2228M INFO   Simplification           (parallel_processing.hpp   : 170)   Tip clipper triggered 1 times
  0:00:06.747     4M / 2228M INFO   Simplification           (parallel_processing.hpp   : 167)   Running Bulge remover
  0:00:06.748     4M / 2228M INFO   Simplification           (parallel_processing.hpp   : 170)   Bulge remover triggered 46 times
  0:00:06.748     4M / 2228M INFO   Simplification           (parallel_processing.hpp   : 167)   Running Low coverage edge remover
  0:00:06.748     4M / 2228M INFO   Simplification           (parallel_processing.hpp   : 170)   Low coverage edge remover triggered 39 times
  0:00:06.748     4M / 2228M INFO    General                 (simplification.cpp        : 373)   PROCEDURE == Simplification cycle, iteration 4
  0:00:06.748     4M / 2228M INFO   Simplification           (parallel_processing.hpp   : 167)   Running Tip clipper
  0:00:06.748     4M / 2228M INFO   Simplification           (parallel_processing.hpp   : 170)   Tip clipper triggered 0 times
  0:00:06.748     4M / 2228M INFO   Simplification           (parallel_processing.hpp   : 167)   Running Bulge remover
  0:00:06.749     4M / 2228M INFO   Simplification           (parallel_processing.hpp   : 170)   Bulge remover triggered 18 times
  0:00:06.749     4M / 2228M INFO   Simplification           (parallel_processing.hpp   : 167)   Running Low coverage edge remover
  0:00:06.749     4M / 2228M INFO   Simplification           (parallel_processing.hpp   : 170)   Low coverage edge remover triggered 16 times
  0:00:06.750     4M / 2228M INFO    General                 (simplification.cpp        : 373)   PROCEDURE == Simplification cycle, iteration 5
  0:00:06.750     4M / 2228M INFO   Simplification           (parallel_processing.hpp   : 167)   Running Tip clipper
  0:00:06.750     4M / 2228M INFO   Simplification           (parallel_processing.hpp   : 170)   Tip clipper triggered 0 times
  0:00:06.750     4M / 2228M INFO   Simplification           (parallel_processing.hpp   : 167)   Running Bulge remover
  0:00:06.750     4M / 2228M INFO   Simplification           (parallel_processing.hpp   : 170)   Bulge remover triggered 3 times
  0:00:06.750     4M / 2228M INFO   Simplification           (parallel_processing.hpp   : 167)   Running Low coverage edge remover
  0:00:06.750     4M / 2228M INFO   Simplification           (parallel_processing.hpp   : 170)   Low coverage edge remover triggered 4 times
  0:00:06.750     4M / 2228M INFO    General                 (simplification.cpp        : 373)   PROCEDURE == Simplification cycle, iteration 6
  0:00:06.750     4M / 2228M INFO   Simplification           (parallel_processing.hpp   : 167)   Running Tip clipper
  0:00:06.750     4M / 2228M INFO   Simplification           (parallel_processing.hpp   : 170)   Tip clipper triggered 0 times
  0:00:06.750     4M / 2228M INFO   Simplification           (parallel_processing.hpp   : 167)   Running Bulge remover
  0:00:06.750     4M / 2228M INFO   Simplification           (parallel_processing.hpp   : 170)   Bulge remover triggered 2 times
  0:00:06.750     4M / 2228M INFO   Simplification           (parallel_processing.hpp   : 167)   Running Low coverage edge remover
  0:00:06.750     4M / 2228M INFO   Simplification           (parallel_processing.hpp   : 170)   Low coverage edge remover triggered 3 times
  0:00:06.750     4M / 2228M INFO    General                 (simplification.cpp        : 373)   PROCEDURE == Simplification cycle, iteration 7
  0:00:06.750     4M / 2228M INFO   Simplification           (parallel_processing.hpp   : 167)   Running Tip clipper
  0:00:06.750     4M / 2228M INFO   Simplification           (parallel_processing.hpp   : 170)   Tip clipper triggered 0 times
  0:00:06.750     4M / 2228M INFO   Simplification           (parallel_processing.hpp   : 167)   Running Bulge remover
  0:00:06.750     4M / 2228M INFO   Simplification           (parallel_processing.hpp   : 170)   Bulge remover triggered 0 times
  0:00:06.750     4M / 2228M INFO   Simplification           (parallel_processing.hpp   : 167)   Running Low coverage edge remover
  0:00:06.751     4M / 2228M INFO   Simplification           (parallel_processing.hpp   : 170)   Low coverage edge remover triggered 4 times
  0:00:06.751     4M / 2228M INFO    General                 (simplification.cpp        : 373)   PROCEDURE == Simplification cycle, iteration 8
  0:00:06.751     4M / 2228M INFO   Simplification           (parallel_processing.hpp   : 167)   Running Tip clipper
  0:00:06.751     4M / 2228M INFO   Simplification           (parallel_processing.hpp   : 170)   Tip clipper triggered 0 times
  0:00:06.751     4M / 2228M INFO   Simplification           (parallel_processing.hpp   : 167)   Running Bulge remover
  0:00:06.751     4M / 2228M INFO   Simplification           (parallel_processing.hpp   : 170)   Bulge remover triggered 0 times
  0:00:06.751     4M / 2228M INFO   Simplification           (parallel_processing.hpp   : 167)   Running Low coverage edge remover
  0:00:06.751     4M / 2228M INFO   Simplification           (parallel_processing.hpp   : 170)   Low coverage edge remover triggered 2 times
  0:00:06.751     4M / 2228M INFO    General                 (simplification.cpp        : 373)   PROCEDURE == Simplification cycle, iteration 9
  0:00:06.751     4M / 2228M INFO   Simplification           (parallel_processing.hpp   : 167)   Running Tip clipper
  0:00:06.751     4M / 2228M INFO   Simplification           (parallel_processing.hpp   : 170)   Tip clipper triggered 0 times
  0:00:06.751     4M / 2228M INFO   Simplification           (parallel_processing.hpp   : 167)   Running Bulge remover
  0:00:06.751     4M / 2228M INFO   Simplification           (parallel_processing.hpp   : 170)   Bulge remover triggered 0 times
  0:00:06.751     4M / 2228M INFO   Simplification           (parallel_processing.hpp   : 167)   Running Low coverage edge remover
  0:00:06.751     4M / 2228M INFO   Simplification           (parallel_processing.hpp   : 170)   Low coverage edge remover triggered 4 times
  0:00:06.751     4M / 2228M INFO    General                 (simplification.cpp        : 373)   PROCEDURE == Simplification cycle, iteration 10
  0:00:06.751     4M / 2228M INFO   Simplification           (parallel_processing.hpp   : 167)   Running Tip clipper
  0:00:06.751     4M / 2228M INFO   Simplification           (parallel_processing.hpp   : 170)   Tip clipper triggered 0 times
  0:00:06.751     4M / 2228M INFO   Simplification           (parallel_processing.hpp   : 167)   Running Bulge remover
  0:00:06.751     4M / 2228M INFO   Simplification           (parallel_processing.hpp   : 170)   Bulge remover triggered 0 times
  0:00:06.751     4M / 2228M INFO   Simplification           (parallel_processing.hpp   : 167)   Running Low coverage edge remover
  0:00:06.751     4M / 2228M INFO   Simplification           (parallel_processing.hpp   : 170)   Low coverage edge remover triggered 5 times
  0:00:06.751     4M / 2228M INFO    General                 (simplification.cpp        : 373)   PROCEDURE == Simplification cycle, iteration 11
  0:00:06.751     4M / 2228M INFO   Simplification           (parallel_processing.hpp   : 167)   Running Tip clipper
  0:00:06.751     4M / 2228M INFO   Simplification           (parallel_processing.hpp   : 170)   Tip clipper triggered 0 times
  0:00:06.751     4M / 2228M INFO   Simplification           (parallel_processing.hpp   : 167)   Running Bulge remover
  0:00:06.754     4M / 2228M INFO   Simplification           (parallel_processing.hpp   : 170)   Bulge remover triggered 4 times
  0:00:06.754     4M / 2228M INFO   Simplification           (parallel_processing.hpp   : 167)   Running Low coverage edge remover
  0:00:06.754     4M / 2228M INFO   Simplification           (parallel_processing.hpp   : 170)   Low coverage edge remover triggered 0 times
  0:00:06.754     4M / 2228M INFO    General                 (simplification.cpp        : 373)   PROCEDURE == Simplification cycle, iteration 12
  0:00:06.754     4M / 2228M INFO   Simplification           (parallel_processing.hpp   : 167)   Running Tip clipper
  0:00:06.754     4M / 2228M INFO   Simplification           (parallel_processing.hpp   : 170)   Tip clipper triggered 0 times
  0:00:06.754     4M / 2228M INFO   Simplification           (parallel_processing.hpp   : 167)   Running Bulge remover
  0:00:06.754     4M / 2228M INFO   Simplification           (parallel_processing.hpp   : 170)   Bulge remover triggered 0 times
  0:00:06.754     4M / 2228M INFO   Simplification           (parallel_processing.hpp   : 167)   Running Low coverage edge remover
  0:00:06.754     4M / 2228M INFO   Simplification           (parallel_processing.hpp   : 170)   Low coverage edge remover triggered 0 times
  0:00:06.754     4M / 2228M INFO   StageManager             (stage.cpp                 : 185)   STAGE == Simplification Cleanup (id: simplification_cleanup)
  0:00:06.754     4M / 2228M INFO    General                 (simplification.cpp        : 176)   PROCEDURE == Post simplification
  0:00:06.754     4M / 2228M INFO    General                 (graph_simplification.hpp  : 448)   Disconnection of relatively low covered edges disabled
  0:00:06.754     4M / 2228M INFO    General                 (graph_simplification.hpp  : 485)   Complex tip clipping disabled
  0:00:06.754     4M / 2228M INFO    General                 (graph_simplification.hpp  : 634)   Creating parallel br instance
  0:00:06.754     4M / 2228M INFO   Simplification           (parallel_processing.hpp   : 167)   Running Tip clipper
  0:00:06.754     4M / 2228M INFO   Simplification           (parallel_processing.hpp   : 170)   Tip clipper triggered 0 times
  0:00:06.754     4M / 2228M INFO   Simplification           (parallel_processing.hpp   : 167)   Running Bulge remover
  0:00:06.756     4M / 2228M INFO   Simplification           (parallel_processing.hpp   : 170)   Bulge remover triggered 0 times
  0:00:06.756     4M / 2228M INFO   Simplification           (parallel_processing.hpp   : 167)   Running Tip clipper
  0:00:06.756     4M / 2228M INFO   Simplification           (parallel_processing.hpp   : 170)   Tip clipper triggered 0 times
  0:00:06.756     4M / 2228M INFO   Simplification           (parallel_processing.hpp   : 167)   Running Bulge remover
  0:00:06.759     4M / 2228M INFO   Simplification           (parallel_processing.hpp   : 170)   Bulge remover triggered 0 times
  0:00:06.759     4M / 2228M INFO    General                 (simplification.cpp        : 327)   Disrupting self-conjugate edges
  0:00:06.759     4M / 2228M INFO   Simplification           (parallel_processing.hpp   : 167)   Running Removing isolated edges
  0:00:06.760     4M / 2228M INFO   Simplification           (parallel_processing.hpp   : 170)   Removing isolated edges triggered 321 times
  0:00:06.760     4M / 2228M INFO    General                 (simplification.cpp        : 495)   After simplification:
  0:00:06.760     4M / 2228M INFO    General                 (simplification.cpp        : 496)     Average coverage = 32.0863
  0:00:06.760     4M / 2228M INFO    General                 (simplification.cpp        : 497)     Total length = 3890700
  0:00:06.760     4M / 2228M INFO    General                 (simplification.cpp        : 498)     Median edge length: 17771
  0:00:06.760     4M / 2228M INFO    General                 (simplification.cpp        : 499)     Edges: 6964
  0:00:06.760     4M / 2228M INFO    General                 (simplification.cpp        : 500)     Vertices: 4502
  0:00:06.760     4M / 2228M INFO   StageManager             (stage.cpp                 : 185)   STAGE == Contig Output (id: contig_output)
  0:00:06.760     4M / 2228M INFO    General                 (read_converter.cpp        : 107)   Outputting contigs to /data/djs217/PROJECTS/10_X_fragariae_feb_2024/04_spades/NCPPB_2473.spades/K33/simplified_contigs
  0:00:06.766     6M / 2228M INFO    General                 (binary_converter.cpp      : 111)   3483 reads written
  0:00:06.770     4M / 2228M INFO    General                 (pipeline.cpp              : 287)   SPAdes finished
  0:00:06.771     1M / 2228M INFO    General                 (main.cpp                  : 136)   Assembling time: 0 hours 0 minutes 6 seconds

===== K33 finished. 


===== K55 started. 


== Running: /data/djs217/anaconda3/envs/spades-env/bin/spades-core /data/djs217/PROJECTS/10_X_fragariae_feb_2024/04_spades/NCPPB_2473.spades/K55/configs/config.info /data/djs217/PROJECTS/10_X_fragariae_feb_2024/04_spades/NCPPB_2473.spades/K55/configs/careful_mode.info

  0:00:00.000     1M / 19M   INFO    General                 (main.cpp                  :  99)   Loaded config from /data/djs217/PROJECTS/10_X_fragariae_feb_2024/04_spades/NCPPB_2473.spades/K55/configs/config.info
  0:00:00.001     1M / 19M   INFO    General                 (main.cpp                  :  99)   Loaded config from /data/djs217/PROJECTS/10_X_fragariae_feb_2024/04_spades/NCPPB_2473.spades/K55/configs/careful_mode.info
  0:00:00.001     1M / 19M   INFO    General                 (memory_limit.cpp          :  54)   Memory limit set to 62 Gb
  0:00:00.001     1M / 19M   INFO    General                 (main.cpp                  : 107)   Starting SPAdes, built from N/A, git revision N/A
  0:00:00.002     1M / 19M   INFO    General                 (main.cpp                  : 108)   Maximum k-mer length: 128
  0:00:00.002     1M / 19M   INFO    General                 (main.cpp                  : 109)   Assembling dataset (/data/djs217/PROJECTS/10_X_fragariae_feb_2024/04_spades/NCPPB_2473.spades/dataset.info) with K=55
  0:00:00.002     1M / 19M   INFO    General                 (main.cpp                  : 110)   Maximum # of threads to use (adjusted due to OMP capabilities): 16
  0:00:00.002     1M / 19M   INFO    General                 (pipeline.cpp              : 212)   SPAdes started
  0:00:00.002     1M / 19M   INFO    General                 (pipeline.cpp              : 225)   Starting from stage: read_conversion
  0:00:00.002     1M / 19M   INFO    General                 (pipeline.cpp              : 231)   Two-step repeat resolution disabled
  0:00:00.002     1M / 19M   INFO   GraphCore                (graph_core.hpp            : 672)   Graph created, vertex min_id: 3, edge min_id: 3
  0:00:00.002     1M / 19M   INFO   GraphCore                (graph_core.hpp            : 673)   Vertex size: 48, edge size: 40
  0:00:00.002     1M / 19M   INFO    General                 (edge_index.hpp            : 113)   Size of edge index entries: 12/8
  0:00:00.002     1M / 19M   INFO    General                 (pipeline.cpp              : 242)   Will need read mapping, kmer mapper will be attached
  0:00:00.002     1M / 19M   INFO   StageManager             (stage.cpp                 : 185)   STAGE == Binary Read Conversion (id: read_conversion)
  0:00:00.003     1M / 19M   INFO    General                 (read_converter.cpp        :  53)   Binary reads detected
  0:00:00.007     1M / 19M   INFO   StageManager             (stage.cpp                 : 185)   STAGE == de Bruijn graph construction (id: construction)
  0:00:00.007     1M / 19M   INFO    General                 (construction.cpp          : 118)   Contigs from previous K will be used: /data/djs217/PROJECTS/10_X_fragariae_feb_2024/04_spades/NCPPB_2473.spades/K33/simplified_contigs
  0:00:00.067     1M / 19M   INFO    General                 (construction.cpp          : 153)   Max read length 301
  0:00:00.068     1M / 19M   INFO    General                 (construction.cpp          : 159)   Average read length 177.068
  0:00:00.068     1M / 19M   INFO    General                 (stage.cpp                 : 117)   PROCEDURE == k+1-mer counting (id: construction:kpomer_counting)
  0:00:00.068     1M / 19M   INFO    General                 (kmer_index_builder.hpp    : 243)   Splitting kmer instances into 160 files using 16 threads. This might take a while.
  0:00:00.068     1M / 19M   INFO    General                 (file_limit.hpp            :  42)   Open file limit set to 1024
  0:00:00.068     1M / 19M   INFO    General                 (kmer_splitter.hpp         :  93)   Memory available for splitting buffers: 1.29165 Gb
  0:00:00.068     1M / 19M   INFO    General                 (kmer_splitter.hpp         : 101)   Using cell size of 209715
  0:00:01.494  9601M / 9601M INFO    General                 (kmer_splitters.hpp        : 125)   Processed 1741900 reads
  0:00:01.498     1M / 1864M INFO    General                 (kmer_splitters.hpp        : 131)   Used 1741900 reads
  0:00:01.652     1M / 1864M INFO    General                 (kmer_index_builder.hpp    : 249)   Starting k-mer counting.
  0:00:01.742     1M / 1864M INFO    General                 (kmer_index_builder.hpp    : 260)   K-mer counting done. There are 4132682 kmers in total.
  0:00:01.742     1M / 1864M INFO    General                 (stage.cpp                 : 117)   PROCEDURE == Extension index construction (id: construction:extension_index_construction)
  0:00:01.745     1M / 1864M INFO   K-mer Index Building     (kmer_index_builder.hpp    : 438)   Building kmer index
  0:00:01.745     1M / 1864M INFO    General                 (kmer_index_builder.hpp    : 243)   Splitting kmer instances into 160 files using 16 threads. This might take a while.
  0:00:01.746     1M / 1864M INFO    General                 (file_limit.hpp            :  42)   Open file limit set to 1024
  0:00:01.746     1M / 1864M INFO    General                 (kmer_splitter.hpp         :  93)   Memory available for splitting buffers: 1.29165 Gb
  0:00:01.746     1M / 1864M INFO    General                 (kmer_splitter.hpp         : 101)   Using cell size of 209715
  0:00:02.052  9602M / 9602M INFO    General                 (kmer_splitters.hpp        : 194)   Processed 4132682 kmers
  0:00:02.052  9602M / 9602M INFO    General                 (kmer_splitters.hpp        : 199)   Used 4132682 kmers.
  0:00:02.056     2M / 1864M INFO    General                 (kmer_index_builder.hpp    : 249)   Starting k-mer counting.
  0:00:02.168     2M / 1864M INFO    General                 (kmer_index_builder.hpp    : 260)   K-mer counting done. There are 4130460 kmers in total.
  0:00:02.168     2M / 1864M INFO   K-mer Index Building     (kmer_index_builder.hpp    : 395)   Building perfect hash indices
  0:00:02.451     5M / 1864M INFO   K-mer Index Building     (kmer_index_builder.hpp    : 431)   Index built. Total 4130460 kmers, 3103544 bytes occupied (6.01104 bits per kmer).
  0:00:02.451     5M / 1864M INFO    General                 (kmer_index_builder.hpp    : 169)   Merging final buckets.
  0:00:02.733     9M / 1864M INFO   DeBruijnExtensionIndexBu (kmer_extension_index_build: 100)   Building k-mer extensions from k+1-mers
  0:00:02.966     9M / 1864M INFO   DeBruijnExtensionIndexBu (kmer_extension_index_build: 105)   Building k-mer extensions from k+1-mers finished.
  0:00:02.975     9M / 1864M INFO    General                 (stage.cpp                 : 117)   PROCEDURE == Condensing graph (id: construction:graph_condensing)
  0:00:02.976     9M / 1864M INFO   UnbranchingPathExtractor (debruijn_graph_constructor: 354)   Extracting unbranching paths
  0:00:03.121    11M / 1864M INFO   UnbranchingPathExtractor (debruijn_graph_constructor: 373)   Extracting unbranching paths finished. 22441 sequences extracted
  0:00:03.258    11M / 1864M INFO   UnbranchingPathExtractor (debruijn_graph_constructor: 309)   Collecting perfect loops
  0:00:03.294    11M / 1864M INFO   UnbranchingPathExtractor (debruijn_graph_constructor: 342)   Collecting perfect loops finished. 0 loops collected
  0:00:03.305    11M / 1864M INFO    General                 (debruijn_graph_constructor: 487)   Total 44882 edges to create
  0:00:03.305    13M / 1864M INFO    General                 (debruijn_graph_constructor: 489)   Collecting link records
  0:00:03.346    13M / 1864M INFO    General                 (debruijn_graph_constructor: 491)   Ordering link records
  0:00:03.347    13M / 1864M INFO    General                 (debruijn_graph_constructor: 493)   Sorting done
  0:00:03.347    14M / 1864M INFO    General                 (debruijn_graph_constructor: 503)   Total 20219 vertices to create
  0:00:03.347    16M / 1864M INFO    General                 (debruijn_graph_constructor: 506)   Connecting the graph
  0:00:03.384    14M / 1864M INFO    General                 (stage.cpp                 : 117)   PROCEDURE == Filling coverage indices (PHM) (id: construction:coverage_filling_phm)
  0:00:03.384    14M / 1864M INFO   K-mer Index Building     (kmer_index_builder.hpp    : 395)   Building perfect hash indices
  0:00:03.606    18M / 1864M INFO   K-mer Index Building     (kmer_index_builder.hpp    : 431)   Index built. Total 4132682 kmers, 3105208 bytes occupied (6.01103 bits per kmer).
  0:00:03.620    34M / 1864M INFO    General                 (coverage_hash_map_builder.:  47)   Collecting k-mer coverage information from reads, this takes a while.
  0:00:05.192    34M / 1864M INFO    General                 (construction.cpp          : 430)   Filling coverage and flanking coverage from PHM
  0:00:05.302    34M / 1864M INFO    General                 (coverage_filling.hpp      :  82)   Processed 44879 edges
  0:00:05.334     6M / 1864M INFO   StageManager             (stage.cpp                 : 185)   STAGE == EC Threshold Finding (id: ec_threshold_finder)
  0:00:05.335     6M / 1864M INFO    General                 (kmer_coverage_model.cpp   : 181)   Kmer coverage valley at: 2
  0:00:05.335     6M / 1864M INFO    General                 (kmer_coverage_model.cpp   : 201)   K-mer histogram maximum: 22
  0:00:05.335     6M / 1864M INFO    General                 (kmer_coverage_model.cpp   : 237)   Estimated median coverage: 24. Coverage mad: 8.8956
  0:00:05.335     6M / 1864M INFO    General                 (kmer_coverage_model.cpp   : 259)   Fitting coverage model
  0:00:05.358     6M / 1864M INFO    General                 (kmer_coverage_model.cpp   : 295)   ... iteration 2
  0:00:05.416     6M / 1864M INFO    General                 (kmer_coverage_model.cpp   : 295)   ... iteration 4
  0:00:05.656     6M / 1864M INFO    General                 (kmer_coverage_model.cpp   : 295)   ... iteration 8
  0:00:06.226     6M / 1864M INFO    General                 (kmer_coverage_model.cpp   : 295)   ... iteration 16
  0:00:07.343     6M / 1864M INFO    General                 (kmer_coverage_model.cpp   : 295)   ... iteration 32
  0:00:07.626     6M / 1864M INFO    General                 (kmer_coverage_model.cpp   : 309)   Fitted mean coverage: 24.1064. Fitted coverage std. dev: 6.90948
  0:00:07.628     6M / 1864M INFO    General                 (kmer_coverage_model.cpp   : 334)   Probability of erroneous kmer at valley: 0.954072
  0:00:07.628     6M / 1864M INFO    General                 (kmer_coverage_model.cpp   : 358)   Preliminary threshold calculated as: 11
  0:00:07.628     6M / 1864M INFO    General                 (kmer_coverage_model.cpp   : 362)   Threshold adjusted to: 11
  0:00:07.629     6M / 1864M INFO    General                 (kmer_coverage_model.cpp   : 375)   Estimated genome size (ignoring repeats): 3871649
  0:00:07.629     6M / 1864M INFO    General                 (genomic_info_filler.cpp   :  55)   Mean coverage was calculated as 24.1064
  0:00:07.629     6M / 1864M INFO    General                 (genomic_info_filler.cpp   :  70)   EC coverage threshold value was calculated as 11
  0:00:07.629     6M / 1864M INFO    General                 (genomic_info_filler.cpp   :  71)   Trusted kmer low bound: 0
  0:00:07.629     6M / 1864M INFO   StageManager             (stage.cpp                 : 185)   STAGE == Gap Closer (id: early_gapcloser)
  0:00:07.636    15M / 1864M INFO    General                 (edge_index.hpp            : 113)   Size of edge index entries: 12/8
  0:00:07.642    15M / 1864M INFO    General                 (gap_closer.cpp            : 101)   Total edges in tip neighborhood: 8199 out of 44879, length: 156357
  0:00:07.643    16M / 1864M INFO    General                 (edge_index.hpp            : 167)   Using small index (max_id = 45109)
  0:00:07.645    16M / 1864M INFO   K-mer Index Building     (kmer_index_builder.hpp    : 395)   Building perfect hash indices
  0:00:07.656    16M / 1864M INFO   K-mer Index Building     (kmer_index_builder.hpp    : 431)   Index built. Total 136116 kmers, 99064 bytes occupied (5.82233 bits per kmer).
  0:00:07.656    17M / 1864M INFO    General                 (edge_index_builders.hpp   : 265)   Collecting edge information from graph, this takes a while.
  0:00:08.670    17M / 1864M INFO    General                 (sequence_mapper_notifier.h:  95)   Total 433109 reads processed
  0:00:08.679    15M / 1864M INFO    General                 (gap_closer.cpp            : 452)   Initializing gap closer
  0:00:08.679    15M / 1864M INFO   GapCloser                (gap_closer.cpp            : 359)   Closing short gaps
  0:00:08.699    15M / 1864M INFO   GapCloser                (gap_closer.cpp            : 391)   Closing short gaps complete: filled 0 gaps after checking 38 candidates
  0:00:08.700    15M / 1864M INFO    General                 (gap_closer.cpp            : 456)   Gap closer done
  0:00:08.701     6M / 1864M INFO   StageManager             (stage.cpp                 : 185)   STAGE == Raw Simplification (id: raw_simplification)
  0:00:08.701     6M / 1864M INFO    General                 (simplification.cpp        : 127)   PROCEDURE == Initial cleaning
  0:00:08.701     6M / 1864M INFO    General                 (graph_simplification.hpp  : 662)   Flanking coverage based disconnection disabled
  0:00:08.701     6M / 1864M INFO   Simplification           (parallel_processing.hpp   : 167)   Running Self conjugate edge remover
  0:00:08.702     6M / 1864M INFO   Simplification           (parallel_processing.hpp   : 170)   Self conjugate edge remover triggered 0 times
  0:00:08.702     6M / 1864M INFO   StageManager             (stage.cpp                 : 185)   STAGE == Simplification (id: simplification)
  0:00:08.702     6M / 1864M INFO    General                 (simplification.cpp        : 368)   Graph simplification started
  0:00:08.702     6M / 1864M INFO    General                 (graph_simplification.hpp  : 634)   Creating parallel br instance
  0:00:08.702     6M / 1864M INFO    General                 (simplification.cpp        : 373)   PROCEDURE == Simplification cycle, iteration 1
  0:00:08.702     6M / 1864M INFO   Simplification           (parallel_processing.hpp   : 167)   Running Tip clipper
  0:00:08.801     6M / 1864M INFO   Simplification           (parallel_processing.hpp   : 170)   Tip clipper triggered 7162 times
  0:00:08.802     6M / 1864M INFO   Simplification           (parallel_processing.hpp   : 167)   Running Bulge remover
  0:00:08.931    11M / 1864M INFO   Simplification           (parallel_processing.hpp   : 170)   Bulge remover triggered 949 times
  0:00:08.933    11M / 1864M INFO   Simplification           (parallel_processing.hpp   : 167)   Running Low coverage edge remover
  0:00:08.951    11M / 1864M INFO   Simplification           (parallel_processing.hpp   : 170)   Low coverage edge remover triggered 458 times
  0:00:08.951    11M / 1864M INFO    General                 (simplification.cpp        : 373)   PROCEDURE == Simplification cycle, iteration 2
  0:00:08.951    11M / 1864M INFO   Simplification           (parallel_processing.hpp   : 167)   Running Tip clipper
  0:00:08.952    11M / 1864M INFO   Simplification           (parallel_processing.hpp   : 170)   Tip clipper triggered 8 times
  0:00:08.952    11M / 1864M INFO   Simplification           (parallel_processing.hpp   : 167)   Running Bulge remover
  0:00:08.971    12M / 1864M INFO   Simplification           (parallel_processing.hpp   : 170)   Bulge remover triggered 132 times
  0:00:08.972    12M / 1864M INFO   Simplification           (parallel_processing.hpp   : 167)   Running Low coverage edge remover
  0:00:08.980    12M / 1864M INFO   Simplification           (parallel_processing.hpp   : 170)   Low coverage edge remover triggered 131 times
  0:00:08.981    12M / 1864M INFO    General                 (simplification.cpp        : 373)   PROCEDURE == Simplification cycle, iteration 3
  0:00:08.981    12M / 1864M INFO   Simplification           (parallel_processing.hpp   : 167)   Running Tip clipper
  0:00:08.981    12M / 1864M INFO   Simplification           (parallel_processing.hpp   : 170)   Tip clipper triggered 3 times
  0:00:08.981    12M / 1864M INFO   Simplification           (parallel_processing.hpp   : 167)   Running Bulge remover
  0:00:08.986    12M / 1864M INFO   Simplification           (parallel_processing.hpp   : 170)   Bulge remover triggered 33 times
  0:00:08.986    12M / 1864M INFO   Simplification           (parallel_processing.hpp   : 167)   Running Low coverage edge remover
  0:00:08.986    12M / 1864M INFO   Simplification           (parallel_processing.hpp   : 170)   Low coverage edge remover triggered 38 times
  0:00:08.987    12M / 1864M INFO    General                 (simplification.cpp        : 373)   PROCEDURE == Simplification cycle, iteration 4
  0:00:08.987    12M / 1864M INFO   Simplification           (parallel_processing.hpp   : 167)   Running Tip clipper
  0:00:08.987    12M / 1864M INFO   Simplification           (parallel_processing.hpp   : 170)   Tip clipper triggered 1 times
  0:00:08.987    12M / 1864M INFO   Simplification           (parallel_processing.hpp   : 167)   Running Bulge remover
  0:00:08.990    12M / 1864M INFO   Simplification           (parallel_processing.hpp   : 170)   Bulge remover triggered 25 times
  0:00:08.990    12M / 1864M INFO   Simplification           (parallel_processing.hpp   : 167)   Running Low coverage edge remover
  0:00:08.990    12M / 1864M INFO   Simplification           (parallel_processing.hpp   : 170)   Low coverage edge remover triggered 4 times
  0:00:08.990    12M / 1864M INFO    General                 (simplification.cpp        : 373)   PROCEDURE == Simplification cycle, iteration 5
  0:00:08.990    12M / 1864M INFO   Simplification           (parallel_processing.hpp   : 167)   Running Tip clipper
  0:00:08.990    12M / 1864M INFO   Simplification           (parallel_processing.hpp   : 170)   Tip clipper triggered 0 times
  0:00:08.990    12M / 1864M INFO   Simplification           (parallel_processing.hpp   : 167)   Running Bulge remover
  0:00:08.991    12M / 1864M INFO   Simplification           (parallel_processing.hpp   : 170)   Bulge remover triggered 3 times
  0:00:08.991    12M / 1864M INFO   Simplification           (parallel_processing.hpp   : 167)   Running Low coverage edge remover
  0:00:08.991    12M / 1864M INFO   Simplification           (parallel_processing.hpp   : 170)   Low coverage edge remover triggered 0 times
  0:00:08.991    12M / 1864M INFO    General                 (simplification.cpp        : 373)   PROCEDURE == Simplification cycle, iteration 6
  0:00:08.991    12M / 1864M INFO   Simplification           (parallel_processing.hpp   : 167)   Running Tip clipper
  0:00:08.991    12M / 1864M INFO   Simplification           (parallel_processing.hpp   : 170)   Tip clipper triggered 0 times
  0:00:08.991    12M / 1864M INFO   Simplification           (parallel_processing.hpp   : 167)   Running Bulge remover
  0:00:08.991    12M / 1864M INFO   Simplification           (parallel_processing.hpp   : 170)   Bulge remover triggered 0 times
  0:00:08.991    12M / 1864M INFO   Simplification           (parallel_processing.hpp   : 167)   Running Low coverage edge remover
  0:00:08.991    12M / 1864M INFO   Simplification           (parallel_processing.hpp   : 170)   Low coverage edge remover triggered 1 times
  0:00:08.991    12M / 1864M INFO    General                 (simplification.cpp        : 373)   PROCEDURE == Simplification cycle, iteration 7
  0:00:08.991    12M / 1864M INFO   Simplification           (parallel_processing.hpp   : 167)   Running Tip clipper
  0:00:08.991    12M / 1864M INFO   Simplification           (parallel_processing.hpp   : 170)   Tip clipper triggered 0 times
  0:00:08.991    12M / 1864M INFO   Simplification           (parallel_processing.hpp   : 167)   Running Bulge remover
  0:00:08.991    12M / 1864M INFO   Simplification           (parallel_processing.hpp   : 170)   Bulge remover triggered 0 times
  0:00:08.991    12M / 1864M INFO   Simplification           (parallel_processing.hpp   : 167)   Running Low coverage edge remover
  0:00:08.992    12M / 1864M INFO   Simplification           (parallel_processing.hpp   : 170)   Low coverage edge remover triggered 3 times
  0:00:08.992    12M / 1864M INFO    General                 (simplification.cpp        : 373)   PROCEDURE == Simplification cycle, iteration 8
  0:00:08.992    12M / 1864M INFO   Simplification           (parallel_processing.hpp   : 167)   Running Tip clipper
  0:00:08.992    12M / 1864M INFO   Simplification           (parallel_processing.hpp   : 170)   Tip clipper triggered 0 times
  0:00:08.992    12M / 1864M INFO   Simplification           (parallel_processing.hpp   : 167)   Running Bulge remover
  0:00:08.992    12M / 1864M INFO   Simplification           (parallel_processing.hpp   : 170)   Bulge remover triggered 0 times
  0:00:08.992    12M / 1864M INFO   Simplification           (parallel_processing.hpp   : 167)   Running Low coverage edge remover
  0:00:08.992    12M / 1864M INFO   Simplification           (parallel_processing.hpp   : 170)   Low coverage edge remover triggered 2 times
  0:00:08.992    12M / 1864M INFO    General                 (simplification.cpp        : 373)   PROCEDURE == Simplification cycle, iteration 9
  0:00:08.992    12M / 1864M INFO   Simplification           (parallel_processing.hpp   : 167)   Running Tip clipper
  0:00:08.992    12M / 1864M INFO   Simplification           (parallel_processing.hpp   : 170)   Tip clipper triggered 0 times
  0:00:08.992    12M / 1864M INFO   Simplification           (parallel_processing.hpp   : 167)   Running Bulge remover
  0:00:08.992    12M / 1864M INFO   Simplification           (parallel_processing.hpp   : 170)   Bulge remover triggered 0 times
  0:00:08.992    12M / 1864M INFO   Simplification           (parallel_processing.hpp   : 167)   Running Low coverage edge remover
  0:00:08.992    12M / 1864M INFO   Simplification           (parallel_processing.hpp   : 170)   Low coverage edge remover triggered 2 times
  0:00:08.992    12M / 1864M INFO    General                 (simplification.cpp        : 373)   PROCEDURE == Simplification cycle, iteration 10
  0:00:08.992    12M / 1864M INFO   Simplification           (parallel_processing.hpp   : 167)   Running Tip clipper
  0:00:08.992    12M / 1864M INFO   Simplification           (parallel_processing.hpp   : 170)   Tip clipper triggered 0 times
  0:00:08.992    12M / 1864M INFO   Simplification           (parallel_processing.hpp   : 167)   Running Bulge remover
  0:00:08.992    12M / 1864M INFO   Simplification           (parallel_processing.hpp   : 170)   Bulge remover triggered 0 times
  0:00:08.992    12M / 1864M INFO   Simplification           (parallel_processing.hpp   : 167)   Running Low coverage edge remover
  0:00:08.992    12M / 1864M INFO   Simplification           (parallel_processing.hpp   : 170)   Low coverage edge remover triggered 7 times
  0:00:08.992    12M / 1864M INFO    General                 (simplification.cpp        : 373)   PROCEDURE == Simplification cycle, iteration 11
  0:00:08.992    12M / 1864M INFO   Simplification           (parallel_processing.hpp   : 167)   Running Tip clipper
  0:00:08.993    12M / 1864M INFO   Simplification           (parallel_processing.hpp   : 170)   Tip clipper triggered 1 times
  0:00:08.993    12M / 1864M INFO   Simplification           (parallel_processing.hpp   : 167)   Running Bulge remover
  0:00:08.995    12M / 1864M INFO   Simplification           (parallel_processing.hpp   : 170)   Bulge remover triggered 1 times
  0:00:08.995    12M / 1864M INFO   Simplification           (parallel_processing.hpp   : 167)   Running Low coverage edge remover
  0:00:08.996    12M / 1864M INFO   Simplification           (parallel_processing.hpp   : 170)   Low coverage edge remover triggered 0 times
  0:00:08.996    12M / 1864M INFO    General                 (simplification.cpp        : 373)   PROCEDURE == Simplification cycle, iteration 12
  0:00:08.996    12M / 1864M INFO   Simplification           (parallel_processing.hpp   : 167)   Running Tip clipper
  0:00:08.996    12M / 1864M INFO   Simplification           (parallel_processing.hpp   : 170)   Tip clipper triggered 0 times
  0:00:08.996    12M / 1864M INFO   Simplification           (parallel_processing.hpp   : 167)   Running Bulge remover
  0:00:08.996    12M / 1864M INFO   Simplification           (parallel_processing.hpp   : 170)   Bulge remover triggered 0 times
  0:00:08.996    12M / 1864M INFO   Simplification           (parallel_processing.hpp   : 167)   Running Low coverage edge remover
  0:00:08.996    12M / 1864M INFO   Simplification           (parallel_processing.hpp   : 170)   Low coverage edge remover triggered 0 times
  0:00:08.996    12M / 1864M INFO   StageManager             (stage.cpp                 : 185)   STAGE == Gap Closer (id: late_gapcloser)
  0:00:09.000    21M / 1864M INFO    General                 (edge_index.hpp            : 113)   Size of edge index entries: 12/8
  0:00:09.000    21M / 1864M INFO    General                 (gap_closer.cpp            : 101)   Total edges in tip neighborhood: 935 out of 6006, length: 79994
  0:00:09.000    21M / 1864M INFO    General                 (edge_index.hpp            : 167)   Using small index (max_id = 45109)
  0:00:09.001    21M / 1864M INFO   K-mer Index Building     (kmer_index_builder.hpp    : 395)   Building perfect hash indices
  0:00:09.011    21M / 1864M INFO   K-mer Index Building     (kmer_index_builder.hpp    : 431)   Index built. Total 59512 kmers, 43728 bytes occupied (5.87821 bits per kmer).
  0:00:09.011    22M / 1864M INFO    General                 (edge_index_builders.hpp   : 265)   Collecting edge information from graph, this takes a while.
  0:00:10.787    22M / 1864M INFO    General                 (sequence_mapper_notifier.h:  95)   Total 433109 reads processed
  0:00:10.796    21M / 1864M INFO    General                 (gap_closer.cpp            : 452)   Initializing gap closer
  0:00:10.797    21M / 1864M INFO   GapCloser                (gap_closer.cpp            : 359)   Closing short gaps
  0:00:10.801    21M / 1864M INFO   GapCloser                (gap_closer.cpp            : 391)   Closing short gaps complete: filled 0 gaps after checking 2 candidates
  0:00:10.802    21M / 1864M INFO    General                 (gap_closer.cpp            : 456)   Gap closer done
  0:00:10.803    12M / 1864M INFO   StageManager             (stage.cpp                 : 185)   STAGE == Simplification Cleanup (id: simplification_cleanup)
  0:00:10.803    12M / 1864M INFO    General                 (simplification.cpp        : 176)   PROCEDURE == Post simplification
  0:00:10.803    12M / 1864M INFO    General                 (graph_simplification.hpp  : 448)   Disconnection of relatively low covered edges disabled
  0:00:10.804    12M / 1864M INFO    General                 (graph_simplification.hpp  : 485)   Complex tip clipping disabled
  0:00:10.804    12M / 1864M INFO    General                 (graph_simplification.hpp  : 634)   Creating parallel br instance
  0:00:10.804    12M / 1864M INFO   Simplification           (parallel_processing.hpp   : 167)   Running Tip clipper
  0:00:10.804    12M / 1864M INFO   Simplification           (parallel_processing.hpp   : 170)   Tip clipper triggered 0 times
  0:00:10.804    12M / 1864M INFO   Simplification           (parallel_processing.hpp   : 167)   Running Bulge remover
  0:00:10.809    12M / 1864M INFO   Simplification           (parallel_processing.hpp   : 170)   Bulge remover triggered 0 times
  0:00:10.809    12M / 1864M INFO   Simplification           (parallel_processing.hpp   : 167)   Running Tip clipper
  0:00:10.809    12M / 1864M INFO   Simplification           (parallel_processing.hpp   : 170)   Tip clipper triggered 0 times
  0:00:10.809    12M / 1864M INFO   Simplification           (parallel_processing.hpp   : 167)   Running Bulge remover
  0:00:10.813    12M / 1864M INFO   Simplification           (parallel_processing.hpp   : 170)   Bulge remover triggered 0 times
  0:00:10.813    12M / 1864M INFO    General                 (simplification.cpp        : 327)   Disrupting self-conjugate edges
  0:00:10.814    12M / 1864M INFO   Simplification           (parallel_processing.hpp   : 167)   Running Removing isolated edges
  0:00:10.815    12M / 1864M INFO   Simplification           (parallel_processing.hpp   : 170)   Removing isolated edges triggered 461 times
  0:00:10.815    12M / 1864M INFO    General                 (simplification.cpp        : 495)   After simplification:
  0:00:10.815    12M / 1864M INFO    General                 (simplification.cpp        : 496)     Average coverage = 27.058
  0:00:10.815    12M / 1864M INFO    General                 (simplification.cpp        : 497)     Total length = 3919352
  0:00:10.816    12M / 1864M INFO    General                 (simplification.cpp        : 498)     Median edge length: 21770
  0:00:10.816    12M / 1864M INFO    General                 (simplification.cpp        : 499)     Edges: 5084
  0:00:10.816    12M / 1864M INFO    General                 (simplification.cpp        : 500)     Vertices: 3296
  0:00:10.816    12M / 1864M INFO   StageManager             (stage.cpp                 : 185)   STAGE == Contig Output (id: contig_output)
  0:00:10.816    12M / 1864M INFO    General                 (read_converter.cpp        : 107)   Outputting contigs to /data/djs217/PROJECTS/10_X_fragariae_feb_2024/04_spades/NCPPB_2473.spades/K55/simplified_contigs
  0:00:10.823    15M / 1864M INFO    General                 (binary_converter.cpp      : 111)   2542 reads written
  0:00:10.829    12M / 1864M INFO    General                 (pipeline.cpp              : 287)   SPAdes finished
  0:00:10.847     1M / 1864M INFO    General                 (main.cpp                  : 136)   Assembling time: 0 hours 0 minutes 10 seconds

===== K55 finished. 


===== K77 started. 


== Running: /data/djs217/anaconda3/envs/spades-env/bin/spades-core /data/djs217/PROJECTS/10_X_fragariae_feb_2024/04_spades/NCPPB_2473.spades/K77/configs/config.info /data/djs217/PROJECTS/10_X_fragariae_feb_2024/04_spades/NCPPB_2473.spades/K77/configs/careful_mode.info

  0:00:00.000     1M / 19M   INFO    General                 (main.cpp                  :  99)   Loaded config from /data/djs217/PROJECTS/10_X_fragariae_feb_2024/04_spades/NCPPB_2473.spades/K77/configs/config.info
  0:00:00.003     1M / 19M   INFO    General                 (main.cpp                  :  99)   Loaded config from /data/djs217/PROJECTS/10_X_fragariae_feb_2024/04_spades/NCPPB_2473.spades/K77/configs/careful_mode.info
  0:00:00.003     1M / 19M   INFO    General                 (memory_limit.cpp          :  54)   Memory limit set to 62 Gb
  0:00:00.003     1M / 19M   INFO    General                 (main.cpp                  : 107)   Starting SPAdes, built from N/A, git revision N/A
  0:00:00.003     1M / 19M   INFO    General                 (main.cpp                  : 108)   Maximum k-mer length: 128
  0:00:00.003     1M / 19M   INFO    General                 (main.cpp                  : 109)   Assembling dataset (/data/djs217/PROJECTS/10_X_fragariae_feb_2024/04_spades/NCPPB_2473.spades/dataset.info) with K=77
  0:00:00.003     1M / 19M   INFO    General                 (main.cpp                  : 110)   Maximum # of threads to use (adjusted due to OMP capabilities): 16
  0:00:00.003     1M / 19M   INFO    General                 (pipeline.cpp              : 212)   SPAdes started
  0:00:00.003     1M / 19M   INFO    General                 (pipeline.cpp              : 225)   Starting from stage: read_conversion
  0:00:00.003     1M / 19M   INFO    General                 (pipeline.cpp              : 231)   Two-step repeat resolution disabled
  0:00:00.003     1M / 19M   INFO   GraphCore                (graph_core.hpp            : 672)   Graph created, vertex min_id: 3, edge min_id: 3
  0:00:00.003     1M / 19M   INFO   GraphCore                (graph_core.hpp            : 673)   Vertex size: 48, edge size: 40
  0:00:00.003     1M / 19M   INFO    General                 (edge_index.hpp            : 113)   Size of edge index entries: 12/8
  0:00:00.004     1M / 19M   INFO    General                 (pipeline.cpp              : 242)   Will need read mapping, kmer mapper will be attached
  0:00:00.004     1M / 19M   INFO   StageManager             (stage.cpp                 : 185)   STAGE == Binary Read Conversion (id: read_conversion)
  0:00:00.005     1M / 19M   INFO    General                 (read_converter.cpp        :  53)   Binary reads detected
  0:00:00.010     1M / 19M   INFO   StageManager             (stage.cpp                 : 185)   STAGE == de Bruijn graph construction (id: construction)
  0:00:00.010     1M / 19M   INFO    General                 (construction.cpp          : 118)   Contigs from previous K will be used: /data/djs217/PROJECTS/10_X_fragariae_feb_2024/04_spades/NCPPB_2473.spades/K55/simplified_contigs
  0:00:00.056     1M / 19M   INFO    General                 (construction.cpp          : 153)   Max read length 301
  0:00:00.056     1M / 19M   INFO    General                 (construction.cpp          : 159)   Average read length 177.068
  0:00:00.056     1M / 19M   INFO    General                 (stage.cpp                 : 117)   PROCEDURE == k+1-mer counting (id: construction:kpomer_counting)
  0:00:00.056     1M / 19M   INFO    General                 (kmer_index_builder.hpp    : 243)   Splitting kmer instances into 160 files using 16 threads. This might take a while.
  0:00:00.057     1M / 19M   INFO    General                 (file_limit.hpp            :  42)   Open file limit set to 1024
  0:00:00.057     1M / 19M   INFO    General                 (kmer_splitter.hpp         :  93)   Memory available for splitting buffers: 1.29165 Gb
  0:00:00.057     1M / 19M   INFO    General                 (kmer_splitter.hpp         : 101)   Using cell size of 139810
  0:00:01.491  9601M / 9601M INFO    General                 (kmer_splitters.hpp        : 125)   Processed 1740018 reads
  0:00:01.500     2M / 2385M INFO    General                 (kmer_splitters.hpp        : 131)   Used 1740018 reads
  0:00:01.685     2M / 2385M INFO    General                 (kmer_index_builder.hpp    : 249)   Starting k-mer counting.
  0:00:01.785     1M / 2385M INFO    General                 (kmer_index_builder.hpp    : 260)   K-mer counting done. There are 4170957 kmers in total.
  0:00:01.786     1M / 2385M INFO    General                 (stage.cpp                 : 117)   PROCEDURE == Extension index construction (id: construction:extension_index_construction)
  0:00:01.788     1M / 2385M INFO   K-mer Index Building     (kmer_index_builder.hpp    : 438)   Building kmer index
  0:00:01.788     1M / 2385M INFO    General                 (kmer_index_builder.hpp    : 243)   Splitting kmer instances into 160 files using 16 threads. This might take a while.
  0:00:01.788     1M / 2385M INFO    General                 (file_limit.hpp            :  42)   Open file limit set to 1024
  0:00:01.788     1M / 2385M INFO    General                 (kmer_splitter.hpp         :  93)   Memory available for splitting buffers: 1.29165 Gb
  0:00:01.788     1M / 2385M INFO    General                 (kmer_splitter.hpp         : 101)   Using cell size of 139810
  0:00:02.017  9602M / 9602M INFO    General                 (kmer_splitters.hpp        : 194)   Processed 4170957 kmers
  0:00:02.017  9602M / 9602M INFO    General                 (kmer_splitters.hpp        : 199)   Used 4170957 kmers.
  0:00:02.019     2M / 2385M INFO    General                 (kmer_index_builder.hpp    : 249)   Starting k-mer counting.
  0:00:02.139     2M / 2385M INFO    General                 (kmer_index_builder.hpp    : 260)   K-mer counting done. There are 4169553 kmers in total.
  0:00:02.139     2M / 2385M INFO   K-mer Index Building     (kmer_index_builder.hpp    : 395)   Building perfect hash indices
  0:00:02.444     5M / 2385M INFO   K-mer Index Building     (kmer_index_builder.hpp    : 431)   Index built. Total 4169553 kmers, 3132144 bytes occupied (6.00955 bits per kmer).
  0:00:02.444     5M / 2385M INFO    General                 (kmer_index_builder.hpp    : 169)   Merging final buckets.
  0:00:03.048     9M / 2385M INFO   DeBruijnExtensionIndexBu (kmer_extension_index_build: 100)   Building k-mer extensions from k+1-mers
  0:00:03.287     9M / 2385M INFO   DeBruijnExtensionIndexBu (kmer_extension_index_build: 105)   Building k-mer extensions from k+1-mers finished.
  0:00:03.301     9M / 2385M INFO    General                 (stage.cpp                 : 117)   PROCEDURE == Condensing graph (id: construction:graph_condensing)
  0:00:03.302     9M / 2385M INFO   UnbranchingPathExtractor (debruijn_graph_constructor: 354)   Extracting unbranching paths
  0:00:03.456    11M / 2385M INFO   UnbranchingPathExtractor (debruijn_graph_constructor: 373)   Extracting unbranching paths finished. 20642 sequences extracted
  0:00:03.598    11M / 2385M INFO   UnbranchingPathExtractor (debruijn_graph_constructor: 309)   Collecting perfect loops
  0:00:03.633    11M / 2385M INFO   UnbranchingPathExtractor (debruijn_graph_constructor: 342)   Collecting perfect loops finished. 0 loops collected
  0:00:03.646    11M / 2385M INFO    General                 (debruijn_graph_constructor: 487)   Total 41284 edges to create
  0:00:03.646    13M / 2385M INFO    General                 (debruijn_graph_constructor: 489)   Collecting link records
  0:00:03.695    13M / 2385M INFO    General                 (debruijn_graph_constructor: 491)   Ordering link records
  0:00:03.696    13M / 2385M INFO    General                 (debruijn_graph_constructor: 493)   Sorting done
  0:00:03.697    14M / 2385M INFO    General                 (debruijn_graph_constructor: 503)   Total 19238 vertices to create
  0:00:03.697    16M / 2385M INFO    General                 (debruijn_graph_constructor: 506)   Connecting the graph
  0:00:03.741    14M / 2385M INFO    General                 (stage.cpp                 : 117)   PROCEDURE == Filling coverage indices (PHM) (id: construction:coverage_filling_phm)
  0:00:03.741    14M / 2385M INFO   K-mer Index Building     (kmer_index_builder.hpp    : 395)   Building perfect hash indices
  0:00:04.001    18M / 2385M INFO   K-mer Index Building     (kmer_index_builder.hpp    : 431)   Index built. Total 4170957 kmers, 3133240 bytes occupied (6.00963 bits per kmer).
  0:00:04.014    34M / 2385M INFO    General                 (coverage_hash_map_builder.:  47)   Collecting k-mer coverage information from reads, this takes a while.
  0:00:05.502    34M / 2385M INFO    General                 (construction.cpp          : 430)   Filling coverage and flanking coverage from PHM
  0:00:05.618    34M / 2385M INFO    General                 (coverage_filling.hpp      :  82)   Processed 41282 edges
  0:00:05.664     6M / 2385M INFO   StageManager             (stage.cpp                 : 185)   STAGE == EC Threshold Finding (id: ec_threshold_finder)
  0:00:05.664     6M / 2385M INFO    General                 (kmer_coverage_model.cpp   : 181)   Kmer coverage valley at: 0
  0:00:05.664     6M / 2385M INFO    General                 (kmer_coverage_model.cpp   : 201)   K-mer histogram maximum: 18
  0:00:05.664     6M / 2385M INFO    General                 (kmer_coverage_model.cpp   : 237)   Estimated median coverage: 20. Coverage mad: 8.8956
  0:00:05.664     6M / 2385M INFO    General                 (kmer_coverage_model.cpp   : 259)   Fitting coverage model
  0:00:05.684     6M / 2385M INFO    General                 (kmer_coverage_model.cpp   : 295)   ... iteration 2
  0:00:05.744     6M / 2385M INFO    General                 (kmer_coverage_model.cpp   : 295)   ... iteration 4
  0:00:05.936     6M / 2385M INFO    General                 (kmer_coverage_model.cpp   : 295)   ... iteration 8
  0:00:06.477     6M / 2385M INFO    General                 (kmer_coverage_model.cpp   : 295)   ... iteration 16
  0:00:07.401     6M / 2385M INFO    General                 (kmer_coverage_model.cpp   : 295)   ... iteration 32
  0:00:07.516     6M / 2385M INFO    General                 (kmer_coverage_model.cpp   : 309)   Fitted mean coverage: 19.9131. Fitted coverage std. dev: 6.16777
  0:00:07.518     6M / 2385M INFO    General                 (kmer_coverage_model.cpp   : 334)   Probability of erroneous kmer at valley: 0.99717
  0:00:07.518     6M / 2385M INFO    General                 (kmer_coverage_model.cpp   : 358)   Preliminary threshold calculated as: 9
  0:00:07.518     6M / 2385M INFO    General                 (kmer_coverage_model.cpp   : 362)   Threshold adjusted to: 9
  0:00:07.518     6M / 2385M INFO    General                 (kmer_coverage_model.cpp   : 375)   Estimated genome size (ignoring repeats): 3872995
  0:00:07.518     6M / 2385M INFO    General                 (genomic_info_filler.cpp   :  55)   Mean coverage was calculated as 19.9131
  0:00:07.518     6M / 2385M INFO    General                 (genomic_info_filler.cpp   :  70)   EC coverage threshold value was calculated as 9
  0:00:07.518     6M / 2385M INFO    General                 (genomic_info_filler.cpp   :  71)   Trusted kmer low bound: 0
  0:00:07.519     6M / 2385M INFO   StageManager             (stage.cpp                 : 185)   STAGE == Gap Closer (id: early_gapcloser)
  0:00:07.526    15M / 2385M INFO    General                 (edge_index.hpp            : 113)   Size of edge index entries: 12/8
  0:00:07.532    15M / 2385M INFO    General                 (gap_closer.cpp            : 101)   Total edges in tip neighborhood: 8441 out of 41282, length: 182748
  0:00:07.533    16M / 2385M INFO    General                 (edge_index.hpp            : 167)   Using small index (max_id = 41493)
  0:00:07.535    16M / 2385M INFO   K-mer Index Building     (kmer_index_builder.hpp    : 395)   Building perfect hash indices
  0:00:07.548    16M / 2385M INFO   K-mer Index Building     (kmer_index_builder.hpp    : 431)   Index built. Total 160532 kmers, 116704 bytes occupied (5.81586 bits per kmer).
  0:00:07.548    17M / 2385M INFO    General                 (edge_index_builders.hpp   : 265)   Collecting edge information from graph, this takes a while.
  0:00:08.398    17M / 2385M INFO    General                 (sequence_mapper_notifier.h:  95)   Total 433109 reads processed
  0:00:08.407    15M / 2385M INFO    General                 (gap_closer.cpp            : 452)   Initializing gap closer
  0:00:08.407    15M / 2385M INFO   GapCloser                (gap_closer.cpp            : 359)   Closing short gaps
  0:00:08.428    15M / 2385M INFO   GapCloser                (gap_closer.cpp            : 391)   Closing short gaps complete: filled 0 gaps after checking 20 candidates
  0:00:08.429    15M / 2385M INFO    General                 (gap_closer.cpp            : 456)   Gap closer done
  0:00:08.430     6M / 2385M INFO   StageManager             (stage.cpp                 : 185)   STAGE == Raw Simplification (id: raw_simplification)
  0:00:08.430     6M / 2385M INFO    General                 (simplification.cpp        : 127)   PROCEDURE == Initial cleaning
  0:00:08.430     6M / 2385M INFO    General                 (graph_simplification.hpp  : 662)   Flanking coverage based disconnection disabled
  0:00:08.430     6M / 2385M INFO   Simplification           (parallel_processing.hpp   : 167)   Running Self conjugate edge remover
  0:00:08.431     6M / 2385M INFO   Simplification           (parallel_processing.hpp   : 170)   Self conjugate edge remover triggered 0 times
  0:00:08.431     6M / 2385M INFO   StageManager             (stage.cpp                 : 185)   STAGE == Simplification (id: simplification)
  0:00:08.431     6M / 2385M INFO    General                 (simplification.cpp        : 368)   Graph simplification started
  0:00:08.431     6M / 2385M INFO    General                 (graph_simplification.hpp  : 634)   Creating parallel br instance
  0:00:08.431     6M / 2385M INFO    General                 (simplification.cpp        : 373)   PROCEDURE == Simplification cycle, iteration 1
  0:00:08.431     6M / 2385M INFO   Simplification           (parallel_processing.hpp   : 167)   Running Tip clipper
  0:00:08.515     6M / 2385M INFO   Simplification           (parallel_processing.hpp   : 170)   Tip clipper triggered 7167 times
  0:00:08.516     6M / 2385M INFO   Simplification           (parallel_processing.hpp   : 167)   Running Bulge remover
  0:00:08.602    13M / 2385M INFO   Simplification           (parallel_processing.hpp   : 170)   Bulge remover triggered 619 times
  0:00:08.602    13M / 2385M INFO   Simplification           (parallel_processing.hpp   : 167)   Running Low coverage edge remover
  0:00:08.602    13M / 2385M INFO   Simplification           (parallel_processing.hpp   : 170)   Low coverage edge remover triggered 1 times
  0:00:08.602    13M / 2385M INFO    General                 (simplification.cpp        : 373)   PROCEDURE == Simplification cycle, iteration 2
  0:00:08.602    13M / 2385M INFO   Simplification           (parallel_processing.hpp   : 167)   Running Tip clipper
  0:00:08.603    13M / 2385M INFO   Simplification           (parallel_processing.hpp   : 170)   Tip clipper triggered 0 times
  0:00:08.603    13M / 2385M INFO   Simplification           (parallel_processing.hpp   : 167)   Running Bulge remover
  0:00:08.603    13M / 2385M INFO   Simplification           (parallel_processing.hpp   : 170)   Bulge remover triggered 0 times
  0:00:08.603    13M / 2385M INFO   Simplification           (parallel_processing.hpp   : 167)   Running Low coverage edge remover
  0:00:08.614    13M / 2385M INFO   Simplification           (parallel_processing.hpp   : 170)   Low coverage edge remover triggered 366 times
  0:00:08.614    13M / 2385M INFO    General                 (simplification.cpp        : 373)   PROCEDURE == Simplification cycle, iteration 3
  0:00:08.614    13M / 2385M INFO   Simplification           (parallel_processing.hpp   : 167)   Running Tip clipper
  0:00:08.614    13M / 2385M INFO   Simplification           (parallel_processing.hpp   : 170)   Tip clipper triggered 15 times
  0:00:08.614    13M / 2385M INFO   Simplification           (parallel_processing.hpp   : 167)   Running Bulge remover
  0:00:08.628    14M / 2385M INFO   Simplification           (parallel_processing.hpp   : 170)   Bulge remover triggered 100 times
  0:00:08.628    14M / 2385M INFO   Simplification           (parallel_processing.hpp   : 167)   Running Low coverage edge remover
  0:00:08.631    14M / 2385M INFO   Simplification           (parallel_processing.hpp   : 170)   Low coverage edge remover triggered 48 times
  0:00:08.631    14M / 2385M INFO    General                 (simplification.cpp        : 373)   PROCEDURE == Simplification cycle, iteration 4
  0:00:08.631    14M / 2385M INFO   Simplification           (parallel_processing.hpp   : 167)   Running Tip clipper
  0:00:08.631    14M / 2385M INFO   Simplification           (parallel_processing.hpp   : 170)   Tip clipper triggered 0 times
  0:00:08.631    14M / 2385M INFO   Simplification           (parallel_processing.hpp   : 167)   Running Bulge remover
  0:00:08.633    14M / 2385M INFO   Simplification           (parallel_processing.hpp   : 170)   Bulge remover triggered 11 times
  0:00:08.633    14M / 2385M INFO   Simplification           (parallel_processing.hpp   : 167)   Running Low coverage edge remover
  0:00:08.633    14M / 2385M INFO   Simplification           (parallel_processing.hpp   : 170)   Low coverage edge remover triggered 13 times
  0:00:08.633    14M / 2385M INFO    General                 (simplification.cpp        : 373)   PROCEDURE == Simplification cycle, iteration 5
  0:00:08.633    14M / 2385M INFO   Simplification           (parallel_processing.hpp   : 167)   Running Tip clipper
  0:00:08.633    14M / 2385M INFO   Simplification           (parallel_processing.hpp   : 170)   Tip clipper triggered 0 times
  0:00:08.633    14M / 2385M INFO   Simplification           (parallel_processing.hpp   : 167)   Running Bulge remover
  0:00:08.634    14M / 2385M INFO   Simplification           (parallel_processing.hpp   : 170)   Bulge remover triggered 5 times
  0:00:08.634    14M / 2385M INFO   Simplification           (parallel_processing.hpp   : 167)   Running Low coverage edge remover
  0:00:08.634    14M / 2385M INFO   Simplification           (parallel_processing.hpp   : 170)   Low coverage edge remover triggered 3 times
  0:00:08.634    14M / 2385M INFO    General                 (simplification.cpp        : 373)   PROCEDURE == Simplification cycle, iteration 6
  0:00:08.634    14M / 2385M INFO   Simplification           (parallel_processing.hpp   : 167)   Running Tip clipper
  0:00:08.634    14M / 2385M INFO   Simplification           (parallel_processing.hpp   : 170)   Tip clipper triggered 0 times
  0:00:08.634    14M / 2385M INFO   Simplification           (parallel_processing.hpp   : 167)   Running Bulge remover
  0:00:08.634    14M / 2385M INFO   Simplification           (parallel_processing.hpp   : 170)   Bulge remover triggered 1 times
  0:00:08.634    14M / 2385M INFO   Simplification           (parallel_processing.hpp   : 167)   Running Low coverage edge remover
  0:00:08.634    14M / 2385M INFO   Simplification           (parallel_processing.hpp   : 170)   Low coverage edge remover triggered 1 times
  0:00:08.634    14M / 2385M INFO    General                 (simplification.cpp        : 373)   PROCEDURE == Simplification cycle, iteration 7
  0:00:08.634    14M / 2385M INFO   Simplification           (parallel_processing.hpp   : 167)   Running Tip clipper
  0:00:08.634    14M / 2385M INFO   Simplification           (parallel_processing.hpp   : 170)   Tip clipper triggered 0 times
  0:00:08.634    14M / 2385M INFO   Simplification           (parallel_processing.hpp   : 167)   Running Bulge remover
  0:00:08.634    14M / 2385M INFO   Simplification           (parallel_processing.hpp   : 170)   Bulge remover triggered 0 times
  0:00:08.634    14M / 2385M INFO   Simplification           (parallel_processing.hpp   : 167)   Running Low coverage edge remover
  0:00:08.634    14M / 2385M INFO   Simplification           (parallel_processing.hpp   : 170)   Low coverage edge remover triggered 1 times
  0:00:08.634    14M / 2385M INFO    General                 (simplification.cpp        : 373)   PROCEDURE == Simplification cycle, iteration 8
  0:00:08.634    14M / 2385M INFO   Simplification           (parallel_processing.hpp   : 167)   Running Tip clipper
  0:00:08.634    14M / 2385M INFO   Simplification           (parallel_processing.hpp   : 170)   Tip clipper triggered 0 times
  0:00:08.634    14M / 2385M INFO   Simplification           (parallel_processing.hpp   : 167)   Running Bulge remover
  0:00:08.634    14M / 2385M INFO   Simplification           (parallel_processing.hpp   : 170)   Bulge remover triggered 0 times
  0:00:08.634    14M / 2385M INFO   Simplification           (parallel_processing.hpp   : 167)   Running Low coverage edge remover
  0:00:08.634    14M / 2385M INFO   Simplification           (parallel_processing.hpp   : 170)   Low coverage edge remover triggered 0 times
  0:00:08.634    14M / 2385M INFO    General                 (simplification.cpp        : 373)   PROCEDURE == Simplification cycle, iteration 9
  0:00:08.634    14M / 2385M INFO   Simplification           (parallel_processing.hpp   : 167)   Running Tip clipper
  0:00:08.634    14M / 2385M INFO   Simplification           (parallel_processing.hpp   : 170)   Tip clipper triggered 0 times
  0:00:08.634    14M / 2385M INFO   Simplification           (parallel_processing.hpp   : 167)   Running Bulge remover
  0:00:08.634    14M / 2385M INFO   Simplification           (parallel_processing.hpp   : 170)   Bulge remover triggered 0 times
  0:00:08.634    14M / 2385M INFO   Simplification           (parallel_processing.hpp   : 167)   Running Low coverage edge remover
  0:00:08.634    14M / 2385M INFO   Simplification           (parallel_processing.hpp   : 170)   Low coverage edge remover triggered 2 times
  0:00:08.634    14M / 2385M INFO    General                 (simplification.cpp        : 373)   PROCEDURE == Simplification cycle, iteration 10
  0:00:08.634    14M / 2385M INFO   Simplification           (parallel_processing.hpp   : 167)   Running Tip clipper
  0:00:08.634    14M / 2385M INFO   Simplification           (parallel_processing.hpp   : 170)   Tip clipper triggered 0 times
  0:00:08.634    14M / 2385M INFO   Simplification           (parallel_processing.hpp   : 167)   Running Bulge remover
  0:00:08.634    14M / 2385M INFO   Simplification           (parallel_processing.hpp   : 170)   Bulge remover triggered 0 times
  0:00:08.634    14M / 2385M INFO   Simplification           (parallel_processing.hpp   : 167)   Running Low coverage edge remover
  0:00:08.635    14M / 2385M INFO   Simplification           (parallel_processing.hpp   : 170)   Low coverage edge remover triggered 4 times
  0:00:08.635    14M / 2385M INFO    General                 (simplification.cpp        : 373)   PROCEDURE == Simplification cycle, iteration 11
  0:00:08.635    14M / 2385M INFO   Simplification           (parallel_processing.hpp   : 167)   Running Tip clipper
  0:00:08.636    14M / 2385M INFO   Simplification           (parallel_processing.hpp   : 170)   Tip clipper triggered 1 times
  0:00:08.636    14M / 2385M INFO   Simplification           (parallel_processing.hpp   : 167)   Running Bulge remover
  0:00:08.638    14M / 2385M INFO   Simplification           (parallel_processing.hpp   : 170)   Bulge remover triggered 2 times
  0:00:08.638    14M / 2385M INFO   Simplification           (parallel_processing.hpp   : 167)   Running Low coverage edge remover
  0:00:08.638    14M / 2385M INFO   Simplification           (parallel_processing.hpp   : 170)   Low coverage edge remover triggered 0 times
  0:00:08.638    14M / 2385M INFO    General                 (simplification.cpp        : 373)   PROCEDURE == Simplification cycle, iteration 12
  0:00:08.638    14M / 2385M INFO   Simplification           (parallel_processing.hpp   : 167)   Running Tip clipper
  0:00:08.638    14M / 2385M INFO   Simplification           (parallel_processing.hpp   : 170)   Tip clipper triggered 0 times
  0:00:08.638    14M / 2385M INFO   Simplification           (parallel_processing.hpp   : 167)   Running Bulge remover
  0:00:08.638    14M / 2385M INFO   Simplification           (parallel_processing.hpp   : 170)   Bulge remover triggered 0 times
  0:00:08.638    14M / 2385M INFO   Simplification           (parallel_processing.hpp   : 167)   Running Low coverage edge remover
  0:00:08.638    14M / 2385M INFO   Simplification           (parallel_processing.hpp   : 170)   Low coverage edge remover triggered 0 times
  0:00:08.638    14M / 2385M INFO   StageManager             (stage.cpp                 : 185)   STAGE == Gap Closer (id: late_gapcloser)
  0:00:08.642    23M / 2385M INFO    General                 (edge_index.hpp            : 113)   Size of edge index entries: 12/8
  0:00:08.642    23M / 2385M INFO    General                 (gap_closer.cpp            : 101)   Total edges in tip neighborhood: 1201 out of 5862, length: 86496
  0:00:08.642    23M / 2385M INFO    General                 (edge_index.hpp            : 167)   Using small index (max_id = 41493)
  0:00:08.643    23M / 2385M INFO   K-mer Index Building     (kmer_index_builder.hpp    : 395)   Building perfect hash indices
  0:00:08.651    23M / 2385M INFO   K-mer Index Building     (kmer_index_builder.hpp    : 431)   Index built. Total 63821 kmers, 46856 bytes occupied (5.87343 bits per kmer).
  0:00:08.651    24M / 2385M INFO    General                 (edge_index_builders.hpp   : 265)   Collecting edge information from graph, this takes a while.
  0:00:10.074    24M / 2385M INFO    General                 (sequence_mapper_notifier.h:  95)   Total 433109 reads processed
  0:00:10.084    23M / 2385M INFO    General                 (gap_closer.cpp            : 452)   Initializing gap closer
  0:00:10.084    23M / 2385M INFO   GapCloser                (gap_closer.cpp            : 359)   Closing short gaps
  0:00:10.089    23M / 2385M INFO   GapCloser                (gap_closer.cpp            : 391)   Closing short gaps complete: filled 0 gaps after checking 2 candidates
  0:00:10.090    23M / 2385M INFO    General                 (gap_closer.cpp            : 456)   Gap closer done
  0:00:10.091    14M / 2385M INFO   StageManager             (stage.cpp                 : 185)   STAGE == Simplification Cleanup (id: simplification_cleanup)
  0:00:10.092    14M / 2385M INFO    General                 (simplification.cpp        : 176)   PROCEDURE == Post simplification
  0:00:10.092    14M / 2385M INFO    General                 (graph_simplification.hpp  : 448)   Disconnection of relatively low covered edges disabled
  0:00:10.092    14M / 2385M INFO    General                 (graph_simplification.hpp  : 485)   Complex tip clipping disabled
  0:00:10.092    14M / 2385M INFO    General                 (graph_simplification.hpp  : 634)   Creating parallel br instance
  0:00:10.092    14M / 2385M INFO   Simplification           (parallel_processing.hpp   : 167)   Running Tip clipper
  0:00:10.092    14M / 2385M INFO   Simplification           (parallel_processing.hpp   : 170)   Tip clipper triggered 0 times
  0:00:10.092    14M / 2385M INFO   Simplification           (parallel_processing.hpp   : 167)   Running Bulge remover
  0:00:10.097    14M / 2385M INFO   Simplification           (parallel_processing.hpp   : 170)   Bulge remover triggered 0 times
  0:00:10.097    14M / 2385M INFO   Simplification           (parallel_processing.hpp   : 167)   Running Tip clipper
  0:00:10.097    14M / 2385M INFO   Simplification           (parallel_processing.hpp   : 170)   Tip clipper triggered 0 times
  0:00:10.098    14M / 2385M INFO   Simplification           (parallel_processing.hpp   : 167)   Running Bulge remover
  0:00:10.101    14M / 2385M INFO   Simplification           (parallel_processing.hpp   : 170)   Bulge remover triggered 0 times
  0:00:10.101    14M / 2385M INFO    General                 (simplification.cpp        : 327)   Disrupting self-conjugate edges
  0:00:10.102    14M / 2385M INFO   Simplification           (parallel_processing.hpp   : 167)   Running Removing isolated edges
  0:00:10.104    14M / 2385M INFO   Simplification           (parallel_processing.hpp   : 170)   Removing isolated edges triggered 594 times
  0:00:10.104    14M / 2385M INFO    General                 (simplification.cpp        : 495)   After simplification:
  0:00:10.104    14M / 2385M INFO    General                 (simplification.cpp        : 496)     Average coverage = 22.2961
  0:00:10.104    14M / 2385M INFO    General                 (simplification.cpp        : 497)     Total length = 3942315
  0:00:10.105    14M / 2385M INFO    General                 (simplification.cpp        : 498)     Median edge length: 23956
  0:00:10.105    14M / 2385M INFO    General                 (simplification.cpp        : 499)     Edges: 4674
  0:00:10.105    14M / 2385M INFO    General                 (simplification.cpp        : 500)     Vertices: 3032
  0:00:10.105    14M / 2385M INFO   StageManager             (stage.cpp                 : 185)   STAGE == Contig Output (id: contig_output)
  0:00:10.105    14M / 2385M INFO    General                 (read_converter.cpp        : 107)   Outputting contigs to /data/djs217/PROJECTS/10_X_fragariae_feb_2024/04_spades/NCPPB_2473.spades/K77/simplified_contigs
  0:00:10.112    17M / 2385M INFO    General                 (binary_converter.cpp      : 111)   2337 reads written
  0:00:10.118    14M / 2385M INFO    General                 (pipeline.cpp              : 287)   SPAdes finished
  0:00:10.137     1M / 2385M INFO    General                 (main.cpp                  : 136)   Assembling time: 0 hours 0 minutes 10 seconds

===== K77 finished. 


===== K99 started. 


== Running: /data/djs217/anaconda3/envs/spades-env/bin/spades-core /data/djs217/PROJECTS/10_X_fragariae_feb_2024/04_spades/NCPPB_2473.spades/K99/configs/config.info /data/djs217/PROJECTS/10_X_fragariae_feb_2024/04_spades/NCPPB_2473.spades/K99/configs/careful_mode.info

  0:00:00.000     1M / 19M   INFO    General                 (main.cpp                  :  99)   Loaded config from /data/djs217/PROJECTS/10_X_fragariae_feb_2024/04_spades/NCPPB_2473.spades/K99/configs/config.info
  0:00:00.001     1M / 19M   INFO    General                 (main.cpp                  :  99)   Loaded config from /data/djs217/PROJECTS/10_X_fragariae_feb_2024/04_spades/NCPPB_2473.spades/K99/configs/careful_mode.info
  0:00:00.002     1M / 19M   INFO    General                 (memory_limit.cpp          :  54)   Memory limit set to 62 Gb
  0:00:00.002     1M / 19M   INFO    General                 (main.cpp                  : 107)   Starting SPAdes, built from N/A, git revision N/A
  0:00:00.002     1M / 19M   INFO    General                 (main.cpp                  : 108)   Maximum k-mer length: 128
  0:00:00.002     1M / 19M   INFO    General                 (main.cpp                  : 109)   Assembling dataset (/data/djs217/PROJECTS/10_X_fragariae_feb_2024/04_spades/NCPPB_2473.spades/dataset.info) with K=99
  0:00:00.002     1M / 19M   INFO    General                 (main.cpp                  : 110)   Maximum # of threads to use (adjusted due to OMP capabilities): 16
  0:00:00.002     1M / 19M   INFO    General                 (pipeline.cpp              : 212)   SPAdes started
  0:00:00.002     1M / 19M   INFO    General                 (pipeline.cpp              : 225)   Starting from stage: read_conversion
  0:00:00.002     1M / 19M   INFO    General                 (pipeline.cpp              : 231)   Two-step repeat resolution disabled
  0:00:00.002     1M / 19M   INFO   GraphCore                (graph_core.hpp            : 672)   Graph created, vertex min_id: 3, edge min_id: 3
  0:00:00.002     1M / 19M   INFO   GraphCore                (graph_core.hpp            : 673)   Vertex size: 48, edge size: 40
  0:00:00.002     1M / 19M   INFO    General                 (edge_index.hpp            : 113)   Size of edge index entries: 12/8
  0:00:00.002     1M / 19M   INFO    General                 (pipeline.cpp              : 242)   Will need read mapping, kmer mapper will be attached
  0:00:00.002     1M / 19M   INFO   StageManager             (stage.cpp                 : 185)   STAGE == Binary Read Conversion (id: read_conversion)
  0:00:00.003     1M / 19M   INFO    General                 (read_converter.cpp        :  53)   Binary reads detected
  0:00:00.008     1M / 19M   INFO   StageManager             (stage.cpp                 : 185)   STAGE == de Bruijn graph construction (id: construction)
  0:00:00.009     1M / 19M   INFO    General                 (construction.cpp          : 118)   Contigs from previous K will be used: /data/djs217/PROJECTS/10_X_fragariae_feb_2024/04_spades/NCPPB_2473.spades/K77/simplified_contigs
  0:00:00.046     1M / 19M   INFO    General                 (construction.cpp          : 153)   Max read length 301
  0:00:00.047     1M / 19M   INFO    General                 (construction.cpp          : 159)   Average read length 177.068
  0:00:00.047     1M / 19M   INFO    General                 (stage.cpp                 : 117)   PROCEDURE == k+1-mer counting (id: construction:kpomer_counting)
  0:00:00.047     1M / 19M   INFO    General                 (kmer_index_builder.hpp    : 243)   Splitting kmer instances into 160 files using 16 threads. This might take a while.
  0:00:00.047     1M / 19M   INFO    General                 (file_limit.hpp            :  42)   Open file limit set to 1024
  0:00:00.047     1M / 19M   INFO    General                 (kmer_splitter.hpp         :  93)   Memory available for splitting buffers: 1.29165 Gb
  0:00:00.047     1M / 19M   INFO    General                 (kmer_splitter.hpp         : 101)   Using cell size of 104857
  0:00:01.336  9601M / 9601M INFO    General                 (kmer_splitters.hpp        : 125)   Processed 1739608 reads
  0:00:01.345     1M / 2588M INFO    General                 (kmer_splitters.hpp        : 131)   Used 1739608 reads
  0:00:01.572     1M / 2588M INFO    General                 (kmer_index_builder.hpp    : 249)   Starting k-mer counting.
  0:00:01.686     1M / 2588M INFO    General                 (kmer_index_builder.hpp    : 260)   K-mer counting done. There are 4192848 kmers in total.
  0:00:01.686     1M / 2588M INFO    General                 (stage.cpp                 : 117)   PROCEDURE == Extension index construction (id: construction:extension_index_construction)
  0:00:01.689     1M / 2588M INFO   K-mer Index Building     (kmer_index_builder.hpp    : 438)   Building kmer index
  0:00:01.689     1M / 2588M INFO    General                 (kmer_index_builder.hpp    : 243)   Splitting kmer instances into 160 files using 16 threads. This might take a while.
  0:00:01.689     1M / 2588M INFO    General                 (file_limit.hpp            :  42)   Open file limit set to 1024
  0:00:01.689     1M / 2588M INFO    General                 (kmer_splitter.hpp         :  93)   Memory available for splitting buffers: 1.29165 Gb
  0:00:01.689     1M / 2588M INFO    General                 (kmer_splitter.hpp         : 101)   Using cell size of 104857
  0:00:01.988  9602M / 9602M INFO    General                 (kmer_splitters.hpp        : 194)   Processed 4192848 kmers
  0:00:01.988  9602M / 9602M INFO    General                 (kmer_splitters.hpp        : 199)   Used 4192848 kmers.
  0:00:01.991     2M / 2588M INFO    General                 (kmer_index_builder.hpp    : 249)   Starting k-mer counting.
  0:00:02.152     2M / 2588M INFO    General                 (kmer_index_builder.hpp    : 260)   K-mer counting done. There are 4192123 kmers in total.
  0:00:02.152     2M / 2588M INFO   K-mer Index Building     (kmer_index_builder.hpp    : 395)   Building perfect hash indices
  0:00:02.489     5M / 2588M INFO   K-mer Index Building     (kmer_index_builder.hpp    : 431)   Index built. Total 4192123 kmers, 3148184 bytes occupied (6.00781 bits per kmer).
  0:00:02.489     5M / 2588M INFO    General                 (kmer_index_builder.hpp    : 169)   Merging final buckets.
  0:00:02.968     9M / 2588M INFO   DeBruijnExtensionIndexBu (kmer_extension_index_build: 100)   Building k-mer extensions from k+1-mers
  0:00:03.208     9M / 2588M INFO   DeBruijnExtensionIndexBu (kmer_extension_index_build: 105)   Building k-mer extensions from k+1-mers finished.
  0:00:03.224     9M / 2588M INFO    General                 (stage.cpp                 : 117)   PROCEDURE == Condensing graph (id: construction:graph_condensing)
  0:00:03.225     9M / 2588M INFO   UnbranchingPathExtractor (debruijn_graph_constructor: 354)   Extracting unbranching paths
  0:00:03.383    11M / 2588M INFO   UnbranchingPathExtractor (debruijn_graph_constructor: 373)   Extracting unbranching paths finished. 18815 sequences extracted
  0:00:03.531    11M / 2588M INFO   UnbranchingPathExtractor (debruijn_graph_constructor: 309)   Collecting perfect loops
  0:00:03.569    11M / 2588M INFO   UnbranchingPathExtractor (debruijn_graph_constructor: 342)   Collecting perfect loops finished. 0 loops collected
  0:00:03.584    11M / 2588M INFO    General                 (debruijn_graph_constructor: 487)   Total 37630 edges to create
  0:00:03.584    12M / 2588M INFO    General                 (debruijn_graph_constructor: 489)   Collecting link records
  0:00:03.619    13M / 2588M INFO    General                 (debruijn_graph_constructor: 491)   Ordering link records
  0:00:03.619    13M / 2588M INFO    General                 (debruijn_graph_constructor: 493)   Sorting done
  0:00:03.620    13M / 2588M INFO    General                 (debruijn_graph_constructor: 503)   Total 18090 vertices to create
  0:00:03.620    15M / 2588M INFO    General                 (debruijn_graph_constructor: 506)   Connecting the graph
  0:00:03.649    14M / 2588M INFO    General                 (stage.cpp                 : 117)   PROCEDURE == Filling coverage indices (PHM) (id: construction:coverage_filling_phm)
  0:00:03.649    14M / 2588M INFO   K-mer Index Building     (kmer_index_builder.hpp    : 395)   Building perfect hash indices
  0:00:03.926    17M / 2588M INFO   K-mer Index Building     (kmer_index_builder.hpp    : 431)   Index built. Total 4192848 kmers, 3148776 bytes occupied (6.0079 bits per kmer).
  0:00:03.941    33M / 2588M INFO    General                 (coverage_hash_map_builder.:  47)   Collecting k-mer coverage information from reads, this takes a while.
  0:00:05.176    33M / 2588M INFO    General                 (construction.cpp          : 430)   Filling coverage and flanking coverage from PHM
  0:00:05.296    33M / 2588M INFO    General                 (coverage_filling.hpp      :  82)   Processed 37629 edges
  0:00:05.351     6M / 2588M INFO   StageManager             (stage.cpp                 : 185)   STAGE == EC Threshold Finding (id: ec_threshold_finder)
  0:00:05.352     6M / 2588M INFO    General                 (kmer_coverage_model.cpp   : 181)   Kmer coverage valley at: 0
  0:00:05.352     6M / 2588M INFO    General                 (kmer_coverage_model.cpp   : 201)   K-mer histogram maximum: 14
  0:00:05.352     6M / 2588M INFO    General                 (kmer_coverage_model.cpp   : 237)   Estimated median coverage: 16. Coverage mad: 7.413
  0:00:05.352     6M / 2588M INFO    General                 (kmer_coverage_model.cpp   : 259)   Fitting coverage model
  0:00:05.368     6M / 2588M INFO    General                 (kmer_coverage_model.cpp   : 295)   ... iteration 2
  0:00:05.410     6M / 2588M INFO    General                 (kmer_coverage_model.cpp   : 295)   ... iteration 4
  0:00:05.565     6M / 2588M INFO    General                 (kmer_coverage_model.cpp   : 295)   ... iteration 8
  0:00:05.955     6M / 2588M INFO    General                 (kmer_coverage_model.cpp   : 295)   ... iteration 16
  0:00:06.715     6M / 2588M INFO    General                 (kmer_coverage_model.cpp   : 295)   ... iteration 32
  0:00:06.996     6M / 2588M INFO    General                 (kmer_coverage_model.cpp   : 309)   Fitted mean coverage: 15.9624. Fitted coverage std. dev: 5.39944
  0:00:06.998     6M / 2588M INFO    General                 (kmer_coverage_model.cpp   : 334)   Probability of erroneous kmer at valley: 0.990317
  0:00:06.998     6M / 2588M INFO    General                 (kmer_coverage_model.cpp   : 358)   Preliminary threshold calculated as: 7
  0:00:06.998     6M / 2588M INFO    General                 (kmer_coverage_model.cpp   : 362)   Threshold adjusted to: 7
  0:00:06.998     6M / 2588M INFO    General                 (kmer_coverage_model.cpp   : 375)   Estimated genome size (ignoring repeats): 3873499
  0:00:06.998     6M / 2588M INFO    General                 (genomic_info_filler.cpp   :  55)   Mean coverage was calculated as 15.9624
  0:00:06.998     6M / 2588M INFO    General                 (genomic_info_filler.cpp   :  70)   EC coverage threshold value was calculated as 7
  0:00:06.998     6M / 2588M INFO    General                 (genomic_info_filler.cpp   :  71)   Trusted kmer low bound: 0
  0:00:06.998     6M / 2588M INFO   StageManager             (stage.cpp                 : 185)   STAGE == Gap Closer (id: early_gapcloser)
  0:00:07.005    15M / 2588M INFO    General                 (edge_index.hpp            : 113)   Size of edge index entries: 12/8
  0:00:07.013    15M / 2588M INFO    General                 (gap_closer.cpp            : 101)   Total edges in tip neighborhood: 8502 out of 37629, length: 203294
  0:00:07.014    15M / 2588M INFO    General                 (edge_index.hpp            : 167)   Using small index (max_id = 37821)
  0:00:07.017    15M / 2588M INFO   K-mer Index Building     (kmer_index_builder.hpp    : 395)   Building perfect hash indices
  0:00:07.030    15M / 2588M INFO   K-mer Index Building     (kmer_index_builder.hpp    : 431)   Index built. Total 176708 kmers, 128376 bytes occupied (5.81189 bits per kmer).
  0:00:07.031    17M / 2588M INFO    General                 (edge_index_builders.hpp   : 265)   Collecting edge information from graph, this takes a while.
  0:00:07.784    17M / 2588M INFO    General                 (sequence_mapper_notifier.h:  95)   Total 433109 reads processed
  0:00:07.793    15M / 2588M INFO    General                 (gap_closer.cpp            : 452)   Initializing gap closer
  0:00:07.793    15M / 2588M INFO   GapCloser                (gap_closer.cpp            : 359)   Closing short gaps
  0:00:07.810    15M / 2588M INFO   GapCloser                (gap_closer.cpp            : 391)   Closing short gaps complete: filled 0 gaps after checking 14 candidates
  0:00:07.811    15M / 2588M INFO    General                 (gap_closer.cpp            : 456)   Gap closer done
  0:00:07.812     6M / 2588M INFO   StageManager             (stage.cpp                 : 185)   STAGE == Raw Simplification (id: raw_simplification)
  0:00:07.812     6M / 2588M INFO    General                 (simplification.cpp        : 127)   PROCEDURE == Initial cleaning
  0:00:07.812     6M / 2588M INFO    General                 (graph_simplification.hpp  : 662)   Flanking coverage based disconnection disabled
  0:00:07.812     6M / 2588M INFO   Simplification           (parallel_processing.hpp   : 167)   Running Self conjugate edge remover
  0:00:07.813     6M / 2588M INFO   Simplification           (parallel_processing.hpp   : 170)   Self conjugate edge remover triggered 0 times
  0:00:07.813     6M / 2588M INFO   StageManager             (stage.cpp                 : 185)   STAGE == Simplification (id: simplification)
  0:00:07.813     6M / 2588M INFO    General                 (simplification.cpp        : 368)   Graph simplification started
  0:00:07.813     6M / 2588M INFO    General                 (graph_simplification.hpp  : 634)   Creating parallel br instance
  0:00:07.813     6M / 2588M INFO    General                 (simplification.cpp        : 373)   PROCEDURE == Simplification cycle, iteration 1
  0:00:07.813     6M / 2588M INFO   Simplification           (parallel_processing.hpp   : 167)   Running Tip clipper
  0:00:07.933     5M / 2588M INFO   Simplification           (parallel_processing.hpp   : 170)   Tip clipper triggered 6874 times
  0:00:07.934     5M / 2588M INFO   Simplification           (parallel_processing.hpp   : 167)   Running Bulge remover
  0:00:08.041    12M / 2588M INFO   Simplification           (parallel_processing.hpp   : 170)   Bulge remover triggered 384 times
  0:00:08.042    12M / 2588M INFO   Simplification           (parallel_processing.hpp   : 167)   Running Low coverage edge remover
  0:00:08.043    12M / 2588M INFO   Simplification           (parallel_processing.hpp   : 170)   Low coverage edge remover triggered 1 times
  0:00:08.043    12M / 2588M INFO    General                 (simplification.cpp        : 373)   PROCEDURE == Simplification cycle, iteration 2
  0:00:08.043    12M / 2588M INFO   Simplification           (parallel_processing.hpp   : 167)   Running Tip clipper
  0:00:08.043    11M / 2588M INFO   Simplification           (parallel_processing.hpp   : 170)   Tip clipper triggered 0 times
  0:00:08.044    11M / 2588M INFO   Simplification           (parallel_processing.hpp   : 167)   Running Bulge remover
  0:00:08.044    11M / 2588M INFO   Simplification           (parallel_processing.hpp   : 170)   Bulge remover triggered 0 times
  0:00:08.044    11M / 2588M INFO   Simplification           (parallel_processing.hpp   : 167)   Running Low coverage edge remover
  0:00:08.052    11M / 2588M INFO   Simplification           (parallel_processing.hpp   : 170)   Low coverage edge remover triggered 202 times
  0:00:08.052    11M / 2588M INFO    General                 (simplification.cpp        : 373)   PROCEDURE == Simplification cycle, iteration 3
  0:00:08.052    11M / 2588M INFO   Simplification           (parallel_processing.hpp   : 167)   Running Tip clipper
  0:00:08.053    11M / 2588M INFO   Simplification           (parallel_processing.hpp   : 170)   Tip clipper triggered 18 times
  0:00:08.053    11M / 2588M INFO   Simplification           (parallel_processing.hpp   : 167)   Running Bulge remover
  0:00:08.068    12M / 2588M INFO   Simplification           (parallel_processing.hpp   : 170)   Bulge remover triggered 53 times
  0:00:08.068    12M / 2588M INFO   Simplification           (parallel_processing.hpp   : 167)   Running Low coverage edge remover
  0:00:08.071    12M / 2588M INFO   Simplification           (parallel_processing.hpp   : 170)   Low coverage edge remover triggered 34 times
  0:00:08.071    12M / 2588M INFO    General                 (simplification.cpp        : 373)   PROCEDURE == Simplification cycle, iteration 4
  0:00:08.071    12M / 2588M INFO   Simplification           (parallel_processing.hpp   : 167)   Running Tip clipper
  0:00:08.071    12M / 2588M INFO   Simplification           (parallel_processing.hpp   : 170)   Tip clipper triggered 0 times
  0:00:08.071    12M / 2588M INFO   Simplification           (parallel_processing.hpp   : 167)   Running Bulge remover
  0:00:08.074    13M / 2588M INFO   Simplification           (parallel_processing.hpp   : 170)   Bulge remover triggered 8 times
  0:00:08.074    13M / 2588M INFO   Simplification           (parallel_processing.hpp   : 167)   Running Low coverage edge remover
  0:00:08.074    13M / 2588M INFO   Simplification           (parallel_processing.hpp   : 170)   Low coverage edge remover triggered 6 times
  0:00:08.074    13M / 2588M INFO    General                 (simplification.cpp        : 373)   PROCEDURE == Simplification cycle, iteration 5
  0:00:08.074    13M / 2588M INFO   Simplification           (parallel_processing.hpp   : 167)   Running Tip clipper
  0:00:08.074    13M / 2588M INFO   Simplification           (parallel_processing.hpp   : 170)   Tip clipper triggered 1 times
  0:00:08.074    13M / 2588M INFO   Simplification           (parallel_processing.hpp   : 167)   Running Bulge remover
  0:00:08.074    13M / 2588M INFO   Simplification           (parallel_processing.hpp   : 170)   Bulge remover triggered 1 times
  0:00:08.074    13M / 2588M INFO   Simplification           (parallel_processing.hpp   : 167)   Running Low coverage edge remover
  0:00:08.075    13M / 2588M INFO   Simplification           (parallel_processing.hpp   : 170)   Low coverage edge remover triggered 3 times
  0:00:08.075    13M / 2588M INFO    General                 (simplification.cpp        : 373)   PROCEDURE == Simplification cycle, iteration 6
  0:00:08.075    13M / 2588M INFO   Simplification           (parallel_processing.hpp   : 167)   Running Tip clipper
  0:00:08.075    13M / 2588M INFO   Simplification           (parallel_processing.hpp   : 170)   Tip clipper triggered 0 times
  0:00:08.075    13M / 2588M INFO   Simplification           (parallel_processing.hpp   : 167)   Running Bulge remover
  0:00:08.075    13M / 2588M INFO   Simplification           (parallel_processing.hpp   : 170)   Bulge remover triggered 0 times
  0:00:08.075    13M / 2588M INFO   Simplification           (parallel_processing.hpp   : 167)   Running Low coverage edge remover
  0:00:08.075    13M / 2588M INFO   Simplification           (parallel_processing.hpp   : 170)   Low coverage edge remover triggered 1 times
  0:00:08.075    13M / 2588M INFO    General                 (simplification.cpp        : 373)   PROCEDURE == Simplification cycle, iteration 7
  0:00:08.075    13M / 2588M INFO   Simplification           (parallel_processing.hpp   : 167)   Running Tip clipper
  0:00:08.075    13M / 2588M INFO   Simplification           (parallel_processing.hpp   : 170)   Tip clipper triggered 0 times
  0:00:08.075    13M / 2588M INFO   Simplification           (parallel_processing.hpp   : 167)   Running Bulge remover
  0:00:08.075    13M / 2588M INFO   Simplification           (parallel_processing.hpp   : 170)   Bulge remover triggered 1 times
  0:00:08.075    13M / 2588M INFO   Simplification           (parallel_processing.hpp   : 167)   Running Low coverage edge remover
  0:00:08.075    13M / 2588M INFO   Simplification           (parallel_processing.hpp   : 170)   Low coverage edge remover triggered 0 times
  0:00:08.075    13M / 2588M INFO    General                 (simplification.cpp        : 373)   PROCEDURE == Simplification cycle, iteration 8
  0:00:08.075    13M / 2588M INFO   Simplification           (parallel_processing.hpp   : 167)   Running Tip clipper
  0:00:08.075    13M / 2588M INFO   Simplification           (parallel_processing.hpp   : 170)   Tip clipper triggered 0 times
  0:00:08.075    13M / 2588M INFO   Simplification           (parallel_processing.hpp   : 167)   Running Bulge remover
  0:00:08.075    13M / 2588M INFO   Simplification           (parallel_processing.hpp   : 170)   Bulge remover triggered 0 times
  0:00:08.075    13M / 2588M INFO   Simplification           (parallel_processing.hpp   : 167)   Running Low coverage edge remover
  0:00:08.075    13M / 2588M INFO   Simplification           (parallel_processing.hpp   : 170)   Low coverage edge remover triggered 1 times
  0:00:08.075    13M / 2588M INFO    General                 (simplification.cpp        : 373)   PROCEDURE == Simplification cycle, iteration 9
  0:00:08.075    13M / 2588M INFO   Simplification           (parallel_processing.hpp   : 167)   Running Tip clipper
  0:00:08.076    13M / 2588M INFO   Simplification           (parallel_processing.hpp   : 170)   Tip clipper triggered 0 times
  0:00:08.076    13M / 2588M INFO   Simplification           (parallel_processing.hpp   : 167)   Running Bulge remover
  0:00:08.076    13M / 2588M INFO   Simplification           (parallel_processing.hpp   : 170)   Bulge remover triggered 0 times
  0:00:08.076    13M / 2588M INFO   Simplification           (parallel_processing.hpp   : 167)   Running Low coverage edge remover
  0:00:08.076    13M / 2588M INFO   Simplification           (parallel_processing.hpp   : 170)   Low coverage edge remover triggered 3 times
  0:00:08.076    13M / 2588M INFO    General                 (simplification.cpp        : 373)   PROCEDURE == Simplification cycle, iteration 10
  0:00:08.076    13M / 2588M INFO   Simplification           (parallel_processing.hpp   : 167)   Running Tip clipper
  0:00:08.076    13M / 2588M INFO   Simplification           (parallel_processing.hpp   : 170)   Tip clipper triggered 0 times
  0:00:08.076    13M / 2588M INFO   Simplification           (parallel_processing.hpp   : 167)   Running Bulge remover
  0:00:08.076    13M / 2588M INFO   Simplification           (parallel_processing.hpp   : 170)   Bulge remover triggered 0 times
  0:00:08.076    13M / 2588M INFO   Simplification           (parallel_processing.hpp   : 167)   Running Low coverage edge remover
  0:00:08.076    13M / 2588M INFO   Simplification           (parallel_processing.hpp   : 170)   Low coverage edge remover triggered 7 times
  0:00:08.076    13M / 2588M INFO    General                 (simplification.cpp        : 373)   PROCEDURE == Simplification cycle, iteration 11
  0:00:08.076    13M / 2588M INFO   Simplification           (parallel_processing.hpp   : 167)   Running Tip clipper
  0:00:08.076    13M / 2588M INFO   Simplification           (parallel_processing.hpp   : 170)   Tip clipper triggered 0 times
  0:00:08.076    13M / 2588M INFO   Simplification           (parallel_processing.hpp   : 167)   Running Bulge remover
  0:00:08.079    13M / 2588M INFO   Simplification           (parallel_processing.hpp   : 170)   Bulge remover triggered 0 times
  0:00:08.079    13M / 2588M INFO   Simplification           (parallel_processing.hpp   : 167)   Running Low coverage edge remover
  0:00:08.079    13M / 2588M INFO   Simplification           (parallel_processing.hpp   : 170)   Low coverage edge remover triggered 0 times
  0:00:08.079    13M / 2588M INFO   StageManager             (stage.cpp                 : 185)   STAGE == Gap Closer (id: late_gapcloser)
  0:00:08.085    22M / 2588M INFO    General                 (edge_index.hpp            : 113)   Size of edge index entries: 12/8
  0:00:08.086    22M / 2588M INFO    General                 (gap_closer.cpp            : 101)   Total edges in tip neighborhood: 1561 out of 6086, length: 94690
  0:00:08.086    22M / 2588M INFO    General                 (edge_index.hpp            : 167)   Using small index (max_id = 37821)
  0:00:08.087    22M / 2588M INFO   K-mer Index Building     (kmer_index_builder.hpp    : 395)   Building perfect hash indices
  0:00:08.100    22M / 2588M INFO   K-mer Index Building     (kmer_index_builder.hpp    : 431)   Index built. Total 67962 kmers, 49840 bytes occupied (5.86681 bits per kmer).
  0:00:08.100    22M / 2588M INFO    General                 (edge_index_builders.hpp   : 265)   Collecting edge information from graph, this takes a while.
  0:00:09.497    22M / 2588M INFO    General                 (sequence_mapper_notifier.h:  95)   Total 433109 reads processed
  0:00:09.506    22M / 2588M INFO    General                 (gap_closer.cpp            : 452)   Initializing gap closer
  0:00:09.507    22M / 2588M INFO   GapCloser                (gap_closer.cpp            : 359)   Closing short gaps
  0:00:09.512    22M / 2588M INFO   GapCloser                (gap_closer.cpp            : 391)   Closing short gaps complete: filled 0 gaps after checking 2 candidates
  0:00:09.512    22M / 2588M INFO    General                 (gap_closer.cpp            : 456)   Gap closer done
  0:00:09.514    13M / 2588M INFO   StageManager             (stage.cpp                 : 185)   STAGE == Simplification Cleanup (id: simplification_cleanup)
  0:00:09.514    13M / 2588M INFO    General                 (simplification.cpp        : 176)   PROCEDURE == Post simplification
  0:00:09.514    13M / 2588M INFO    General                 (graph_simplification.hpp  : 448)   Disconnection of relatively low covered edges disabled
  0:00:09.514    13M / 2588M INFO    General                 (graph_simplification.hpp  : 485)   Complex tip clipping disabled
  0:00:09.514    13M / 2588M INFO    General                 (graph_simplification.hpp  : 634)   Creating parallel br instance
  0:00:09.514    13M / 2588M INFO   Simplification           (parallel_processing.hpp   : 167)   Running Tip clipper
  0:00:09.514    13M / 2588M INFO   Simplification           (parallel_processing.hpp   : 170)   Tip clipper triggered 0 times
  0:00:09.514    13M / 2588M INFO   Simplification           (parallel_processing.hpp   : 167)   Running Bulge remover
  0:00:09.519    13M / 2588M INFO   Simplification           (parallel_processing.hpp   : 170)   Bulge remover triggered 0 times
  0:00:09.519    13M / 2588M INFO   Simplification           (parallel_processing.hpp   : 167)   Running Tip clipper
  0:00:09.520    13M / 2588M INFO   Simplification           (parallel_processing.hpp   : 170)   Tip clipper triggered 0 times
  0:00:09.520    13M / 2588M INFO   Simplification           (parallel_processing.hpp   : 167)   Running Bulge remover
  0:00:09.524    13M / 2588M INFO   Simplification           (parallel_processing.hpp   : 170)   Bulge remover triggered 0 times
  0:00:09.524    13M / 2588M INFO    General                 (simplification.cpp        : 327)   Disrupting self-conjugate edges
  0:00:09.525    13M / 2588M INFO   Simplification           (parallel_processing.hpp   : 167)   Running Removing isolated edges
  0:00:09.526    13M / 2588M INFO   Simplification           (parallel_processing.hpp   : 170)   Removing isolated edges triggered 777 times
  0:00:09.527    12M / 2588M INFO    General                 (simplification.cpp        : 495)   After simplification:
  0:00:09.527    12M / 2588M INFO    General                 (simplification.cpp        : 496)     Average coverage = 17.8469
  0:00:09.527    12M / 2588M INFO    General                 (simplification.cpp        : 497)     Total length = 3964974
  0:00:09.527    12M / 2588M INFO    General                 (simplification.cpp        : 498)     Median edge length: 24883
  0:00:09.527    12M / 2588M INFO    General                 (simplification.cpp        : 499)     Edges: 4532
  0:00:09.527    12M / 2588M INFO    General                 (simplification.cpp        : 500)     Vertices: 2938
  0:00:09.527    12M / 2588M INFO   StageManager             (stage.cpp                 : 185)   STAGE == Contig Output (id: contig_output)
  0:00:09.527    12M / 2588M INFO    General                 (read_converter.cpp        : 107)   Outputting contigs to /data/djs217/PROJECTS/10_X_fragariae_feb_2024/04_spades/NCPPB_2473.spades/K99/simplified_contigs
  0:00:09.534    15M / 2588M INFO    General                 (binary_converter.cpp      : 111)   2266 reads written
  0:00:09.541    12M / 2588M INFO    General                 (pipeline.cpp              : 287)   SPAdes finished
  0:00:09.555     1M / 2588M INFO    General                 (main.cpp                  : 136)   Assembling time: 0 hours 0 minutes 9 seconds

===== K99 finished. 


===== K127 started. 


== Running: /data/djs217/anaconda3/envs/spades-env/bin/spades-core /data/djs217/PROJECTS/10_X_fragariae_feb_2024/04_spades/NCPPB_2473.spades/K127/configs/config.info /data/djs217/PROJECTS/10_X_fragariae_feb_2024/04_spades/NCPPB_2473.spades/K127/configs/careful_mode.info

  0:00:00.000     1M / 19M   INFO    General                 (main.cpp                  :  99)   Loaded config from /data/djs217/PROJECTS/10_X_fragariae_feb_2024/04_spades/NCPPB_2473.spades/K127/configs/config.info
  0:00:00.002     1M / 19M   INFO    General                 (main.cpp                  :  99)   Loaded config from /data/djs217/PROJECTS/10_X_fragariae_feb_2024/04_spades/NCPPB_2473.spades/K127/configs/careful_mode.info
  0:00:00.002     1M / 19M   INFO    General                 (memory_limit.cpp          :  54)   Memory limit set to 62 Gb
  0:00:00.002     1M / 19M   INFO    General                 (main.cpp                  : 107)   Starting SPAdes, built from N/A, git revision N/A
  0:00:00.002     1M / 19M   INFO    General                 (main.cpp                  : 108)   Maximum k-mer length: 128
  0:00:00.002     1M / 19M   INFO    General                 (main.cpp                  : 109)   Assembling dataset (/data/djs217/PROJECTS/10_X_fragariae_feb_2024/04_spades/NCPPB_2473.spades/dataset.info) with K=127
  0:00:00.002     1M / 19M   INFO    General                 (main.cpp                  : 110)   Maximum # of threads to use (adjusted due to OMP capabilities): 16
  0:00:00.002     1M / 19M   INFO    General                 (pipeline.cpp              : 212)   SPAdes started
  0:00:00.002     1M / 19M   INFO    General                 (pipeline.cpp              : 225)   Starting from stage: read_conversion
  0:00:00.002     1M / 19M   INFO    General                 (pipeline.cpp              : 231)   Two-step repeat resolution disabled
  0:00:00.003     1M / 19M   INFO   GraphCore                (graph_core.hpp            : 672)   Graph created, vertex min_id: 3, edge min_id: 3
  0:00:00.003     1M / 19M   INFO   GraphCore                (graph_core.hpp            : 673)   Vertex size: 48, edge size: 40
  0:00:00.003     1M / 19M   INFO    General                 (edge_index.hpp            : 113)   Size of edge index entries: 12/8
  0:00:00.003     1M / 19M   INFO    General                 (pipeline.cpp              : 242)   Will need read mapping, kmer mapper will be attached
  0:00:00.003     1M / 19M   INFO   StageManager             (stage.cpp                 : 185)   STAGE == Binary Read Conversion (id: read_conversion)
  0:00:00.004     1M / 19M   INFO    General                 (read_converter.cpp        :  53)   Binary reads detected
  0:00:00.010     1M / 19M   INFO   StageManager             (stage.cpp                 : 185)   STAGE == de Bruijn graph construction (id: construction)
  0:00:00.010     1M / 19M   INFO    General                 (construction.cpp          : 118)   Contigs from previous K will be used: /data/djs217/PROJECTS/10_X_fragariae_feb_2024/04_spades/NCPPB_2473.spades/K99/simplified_contigs
  0:00:00.057     1M / 19M   INFO    General                 (construction.cpp          : 153)   Max read length 301
  0:00:00.057     1M / 19M   INFO    General                 (construction.cpp          : 159)   Average read length 177.068
  0:00:00.057     1M / 19M   INFO    General                 (stage.cpp                 : 117)   PROCEDURE == k+1-mer counting (id: construction:kpomer_counting)
  0:00:00.057     1M / 19M   INFO    General                 (kmer_index_builder.hpp    : 243)   Splitting kmer instances into 160 files using 16 threads. This might take a while.
  0:00:00.058     1M / 19M   INFO    General                 (file_limit.hpp            :  42)   Open file limit set to 1024
  0:00:00.058     1M / 19M   INFO    General                 (kmer_splitter.hpp         :  93)   Memory available for splitting buffers: 1.29165 Gb
  0:00:00.058     1M / 19M   INFO    General                 (kmer_splitter.hpp         : 101)   Using cell size of 104857
  0:00:01.105  9601M / 9601M INFO    General                 (kmer_splitters.hpp        : 125)   Processed 1739466 reads
  0:00:01.109     2M / 1869M INFO    General                 (kmer_splitters.hpp        : 131)   Used 1739466 reads
  0:00:01.263     2M / 1869M INFO    General                 (kmer_index_builder.hpp    : 249)   Starting k-mer counting.
  0:00:01.379     1M / 1869M INFO    General                 (kmer_index_builder.hpp    : 260)   K-mer counting done. There are 4202397 kmers in total.
  0:00:01.379     1M / 1869M INFO    General                 (stage.cpp                 : 117)   PROCEDURE == Extension index construction (id: construction:extension_index_construction)
  0:00:01.381     1M / 1869M INFO   K-mer Index Building     (kmer_index_builder.hpp    : 438)   Building kmer index
  0:00:01.381     1M / 1869M INFO    General                 (kmer_index_builder.hpp    : 243)   Splitting kmer instances into 160 files using 16 threads. This might take a while.
  0:00:01.382     1M / 1869M INFO    General                 (file_limit.hpp            :  42)   Open file limit set to 1024
  0:00:01.382     1M / 1869M INFO    General                 (kmer_splitter.hpp         :  93)   Memory available for splitting buffers: 1.29165 Gb
  0:00:01.382     1M / 1869M INFO    General                 (kmer_splitter.hpp         : 101)   Using cell size of 104857
  0:00:01.718  9602M / 9602M INFO    General                 (kmer_splitters.hpp        : 194)   Processed 4202397 kmers
  0:00:01.719  9602M / 9602M INFO    General                 (kmer_splitters.hpp        : 199)   Used 4202397 kmers.
  0:00:01.723     2M / 1869M INFO    General                 (kmer_index_builder.hpp    : 249)   Starting k-mer counting.
  0:00:01.876     2M / 1869M INFO    General                 (kmer_index_builder.hpp    : 260)   K-mer counting done. There are 4202327 kmers in total.
  0:00:01.876     2M / 1869M INFO   K-mer Index Building     (kmer_index_builder.hpp    : 395)   Building perfect hash indices
  0:00:02.250     5M / 1869M INFO   K-mer Index Building     (kmer_index_builder.hpp    : 431)   Index built. Total 4202327 kmers, 3155464 bytes occupied (6.00708 bits per kmer).
  0:00:02.250     5M / 1869M INFO    General                 (kmer_index_builder.hpp    : 169)   Merging final buckets.
  0:00:02.767     9M / 1869M INFO   DeBruijnExtensionIndexBu (kmer_extension_index_build: 100)   Building k-mer extensions from k+1-mers
  0:00:03.009     9M / 1869M INFO   DeBruijnExtensionIndexBu (kmer_extension_index_build: 105)   Building k-mer extensions from k+1-mers finished.
  0:00:03.024     9M / 1869M INFO    General                 (stage.cpp                 : 117)   PROCEDURE == Condensing graph (id: construction:graph_condensing)
  0:00:03.025     9M / 1869M INFO   UnbranchingPathExtractor (debruijn_graph_constructor: 354)   Extracting unbranching paths
  0:00:03.196    11M / 1869M INFO   UnbranchingPathExtractor (debruijn_graph_constructor: 373)   Extracting unbranching paths finished. 16063 sequences extracted
  0:00:03.350    11M / 1869M INFO   UnbranchingPathExtractor (debruijn_graph_constructor: 309)   Collecting perfect loops
  0:00:03.394    11M / 1869M INFO   UnbranchingPathExtractor (debruijn_graph_constructor: 342)   Collecting perfect loops finished. 0 loops collected
  0:00:03.410    11M / 1869M INFO    General                 (debruijn_graph_constructor: 487)   Total 32126 edges to create
  0:00:03.410    12M / 1869M INFO    General                 (debruijn_graph_constructor: 489)   Collecting link records
  0:00:03.443    13M / 1869M INFO    General                 (debruijn_graph_constructor: 491)   Ordering link records
  0:00:03.444    13M / 1869M INFO    General                 (debruijn_graph_constructor: 493)   Sorting done
  0:00:03.444    13M / 1869M INFO    General                 (debruijn_graph_constructor: 503)   Total 15993 vertices to create
  0:00:03.444    14M / 1869M INFO    General                 (debruijn_graph_constructor: 506)   Connecting the graph
  0:00:03.473    14M / 1869M INFO    General                 (stage.cpp                 : 117)   PROCEDURE == Filling coverage indices (PHM) (id: construction:coverage_filling_phm)
  0:00:03.473    14M / 1869M INFO   K-mer Index Building     (kmer_index_builder.hpp    : 395)   Building perfect hash indices
  0:00:03.746    17M / 1869M INFO   K-mer Index Building     (kmer_index_builder.hpp    : 431)   Index built. Total 4202397 kmers, 3155504 bytes occupied (6.00706 bits per kmer).
  0:00:03.752    34M / 1869M INFO    General                 (coverage_hash_map_builder.:  47)   Collecting k-mer coverage information from reads, this takes a while.
  0:00:04.746    34M / 1869M INFO    General                 (construction.cpp          : 430)   Filling coverage and flanking coverage from PHM
  0:00:04.867    34M / 1869M INFO    General                 (coverage_filling.hpp      :  82)   Processed 32125 edges
  0:00:04.924     5M / 1869M INFO   StageManager             (stage.cpp                 : 185)   STAGE == EC Threshold Finding (id: ec_threshold_finder)
  0:00:04.925     5M / 1869M INFO    General                 (kmer_coverage_model.cpp   : 181)   Kmer coverage valley at: 0
  0:00:04.925     5M / 1869M INFO    General                 (kmer_coverage_model.cpp   : 201)   K-mer histogram maximum: 9
  0:00:04.925     5M / 1869M INFO    General                 (kmer_coverage_model.cpp   : 237)   Estimated median coverage: 11. Coverage mad: 5.9304
  0:00:04.925     5M / 1869M INFO    General                 (kmer_coverage_model.cpp   : 259)   Fitting coverage model
  0:00:04.936     5M / 1869M INFO    General                 (kmer_coverage_model.cpp   : 295)   ... iteration 2
  0:00:04.970     5M / 1869M INFO    General                 (kmer_coverage_model.cpp   : 295)   ... iteration 4
  0:00:05.104     5M / 1869M INFO    General                 (kmer_coverage_model.cpp   : 295)   ... iteration 8
  0:00:05.383     5M / 1869M INFO    General                 (kmer_coverage_model.cpp   : 295)   ... iteration 16
  0:00:05.895     5M / 1869M INFO    General                 (kmer_coverage_model.cpp   : 295)   ... iteration 32
  0:00:06.869     5M / 1869M INFO    General                 (kmer_coverage_model.cpp   : 309)   Fitted mean coverage: 11.5188. Fitted coverage std. dev: 4.40916
  0:00:06.870     5M / 1869M INFO    General                 (kmer_coverage_model.cpp   : 334)   Probability of erroneous kmer at valley: 0.961369
  0:00:06.870     5M / 1869M INFO    General                 (kmer_coverage_model.cpp   : 358)   Preliminary threshold calculated as: 6
  0:00:06.870     5M / 1869M INFO    General                 (kmer_coverage_model.cpp   : 362)   Threshold adjusted to: 5
  0:00:06.870     5M / 1869M INFO    General                 (kmer_coverage_model.cpp   : 375)   Estimated genome size (ignoring repeats): 3841326
  0:00:06.870     5M / 1869M INFO    General                 (genomic_info_filler.cpp   :  55)   Mean coverage was calculated as 11.5188
  0:00:06.870     5M / 1869M INFO    General                 (genomic_info_filler.cpp   :  70)   EC coverage threshold value was calculated as 5
  0:00:06.870     5M / 1869M INFO    General                 (genomic_info_filler.cpp   :  71)   Trusted kmer low bound: 0
  0:00:06.871     5M / 1869M INFO   StageManager             (stage.cpp                 : 185)   STAGE == Gap Closer (id: early_gapcloser)
  0:00:06.880    14M / 1869M INFO    General                 (edge_index.hpp            : 113)   Size of edge index entries: 12/8
  0:00:06.888    14M / 1869M INFO    General                 (gap_closer.cpp            : 101)   Total edges in tip neighborhood: 8071 out of 32125, length: 216123
  0:00:06.889    15M / 1869M INFO    General                 (edge_index.hpp            : 167)   Using small index (max_id = 32289)
  0:00:06.892    15M / 1869M INFO   K-mer Index Building     (kmer_index_builder.hpp    : 395)   Building perfect hash indices
  0:00:06.906    15M / 1869M INFO   K-mer Index Building     (kmer_index_builder.hpp    : 431)   Index built. Total 182277 kmers, 132408 bytes occupied (5.81129 bits per kmer).
  0:00:06.906    16M / 1869M INFO    General                 (edge_index_builders.hpp   : 265)   Collecting edge information from graph, this takes a while.
  0:00:07.468    16M / 1869M INFO    General                 (sequence_mapper_notifier.h:  95)   Total 433109 reads processed
  0:00:07.477    14M / 1869M INFO    General                 (gap_closer.cpp            : 452)   Initializing gap closer
  0:00:07.477    14M / 1869M INFO   GapCloser                (gap_closer.cpp            : 359)   Closing short gaps
  0:00:07.493    14M / 1869M INFO   GapCloser                (gap_closer.cpp            : 391)   Closing short gaps complete: filled 0 gaps after checking 12 candidates
  0:00:07.494    14M / 1869M INFO    General                 (gap_closer.cpp            : 456)   Gap closer done
  0:00:07.495     5M / 1869M INFO   StageManager             (stage.cpp                 : 185)   STAGE == Raw Simplification (id: raw_simplification)
  0:00:07.495     5M / 1869M INFO    General                 (simplification.cpp        : 127)   PROCEDURE == Initial cleaning
  0:00:07.495     5M / 1869M INFO    General                 (simplification.cpp        :  61)   Most init cleaning disabled on main iteration
  0:00:07.495     5M / 1869M INFO   Simplification           (parallel_processing.hpp   : 167)   Running Self conjugate edge remover
  0:00:07.496     5M / 1869M INFO   Simplification           (parallel_processing.hpp   : 170)   Self conjugate edge remover triggered 0 times
  0:00:07.496     5M / 1869M INFO   StageManager             (stage.cpp                 : 185)   STAGE == Simplification (id: simplification)
  0:00:07.496     5M / 1869M INFO    General                 (simplification.cpp        : 368)   Graph simplification started
  0:00:07.496     5M / 1869M INFO    General                 (graph_simplification.hpp  : 634)   Creating parallel br instance
  0:00:07.496     5M / 1869M INFO    General                 (simplification.cpp        : 373)   PROCEDURE == Simplification cycle, iteration 1
  0:00:07.496     5M / 1869M INFO   Simplification           (parallel_processing.hpp   : 167)   Running Tip clipper
  0:00:07.623     5M / 1869M INFO   Simplification           (parallel_processing.hpp   : 170)   Tip clipper triggered 6024 times
  0:00:07.623     5M / 1869M INFO   Simplification           (parallel_processing.hpp   : 167)   Running Bulge remover
  0:00:07.696     9M / 1869M INFO   Simplification           (parallel_processing.hpp   : 170)   Bulge remover triggered 196 times
  0:00:07.696     9M / 1869M INFO   Simplification           (parallel_processing.hpp   : 167)   Running Low coverage edge remover
  0:00:07.697     9M / 1869M INFO   Simplification           (parallel_processing.hpp   : 170)   Low coverage edge remover triggered 1 times
  0:00:07.697     9M / 1869M INFO    General                 (simplification.cpp        : 373)   PROCEDURE == Simplification cycle, iteration 2
  0:00:07.697     9M / 1869M INFO   Simplification           (parallel_processing.hpp   : 167)   Running Tip clipper
  0:00:07.697     9M / 1869M INFO   Simplification           (parallel_processing.hpp   : 170)   Tip clipper triggered 0 times
  0:00:07.697     9M / 1869M INFO   Simplification           (parallel_processing.hpp   : 167)   Running Bulge remover
  0:00:07.697     9M / 1869M INFO   Simplification           (parallel_processing.hpp   : 170)   Bulge remover triggered 0 times
  0:00:07.697     9M / 1869M INFO   Simplification           (parallel_processing.hpp   : 167)   Running Low coverage edge remover
  0:00:07.701     9M / 1869M INFO   Simplification           (parallel_processing.hpp   : 170)   Low coverage edge remover triggered 76 times
  0:00:07.701     9M / 1869M INFO    General                 (simplification.cpp        : 373)   PROCEDURE == Simplification cycle, iteration 3
  0:00:07.701     9M / 1869M INFO   Simplification           (parallel_processing.hpp   : 167)   Running Tip clipper
  0:00:07.701     9M / 1869M INFO   Simplification           (parallel_processing.hpp   : 170)   Tip clipper triggered 10 times
  0:00:07.701     9M / 1869M INFO   Simplification           (parallel_processing.hpp   : 167)   Running Bulge remover
  0:00:07.715    10M / 1869M INFO   Simplification           (parallel_processing.hpp   : 170)   Bulge remover triggered 33 times
  0:00:07.715    10M / 1869M INFO   Simplification           (parallel_processing.hpp   : 167)   Running Low coverage edge remover
  0:00:07.717    10M / 1869M INFO   Simplification           (parallel_processing.hpp   : 170)   Low coverage edge remover triggered 13 times
  0:00:07.717    10M / 1869M INFO    General                 (simplification.cpp        : 373)   PROCEDURE == Simplification cycle, iteration 4
  0:00:07.717    10M / 1869M INFO   Simplification           (parallel_processing.hpp   : 167)   Running Tip clipper
  0:00:07.717    10M / 1869M INFO   Simplification           (parallel_processing.hpp   : 170)   Tip clipper triggered 1 times
  0:00:07.717    10M / 1869M INFO   Simplification           (parallel_processing.hpp   : 167)   Running Bulge remover
  0:00:07.718    10M / 1869M INFO   Simplification           (parallel_processing.hpp   : 170)   Bulge remover triggered 3 times
  0:00:07.718    10M / 1869M INFO   Simplification           (parallel_processing.hpp   : 167)   Running Low coverage edge remover
  0:00:07.719    10M / 1869M INFO   Simplification           (parallel_processing.hpp   : 170)   Low coverage edge remover triggered 10 times
  0:00:07.719    10M / 1869M INFO    General                 (simplification.cpp        : 373)   PROCEDURE == Simplification cycle, iteration 5
  0:00:07.719    10M / 1869M INFO   Simplification           (parallel_processing.hpp   : 167)   Running Tip clipper
  0:00:07.719    10M / 1869M INFO   Simplification           (parallel_processing.hpp   : 170)   Tip clipper triggered 1 times
  0:00:07.719    10M / 1869M INFO   Simplification           (parallel_processing.hpp   : 167)   Running Bulge remover
  0:00:07.720    10M / 1869M INFO   Simplification           (parallel_processing.hpp   : 170)   Bulge remover triggered 2 times
  0:00:07.720    10M / 1869M INFO   Simplification           (parallel_processing.hpp   : 167)   Running Low coverage edge remover
  0:00:07.720    10M / 1869M INFO   Simplification           (parallel_processing.hpp   : 170)   Low coverage edge remover triggered 1 times
  0:00:07.720    10M / 1869M INFO    General                 (simplification.cpp        : 373)   PROCEDURE == Simplification cycle, iteration 6
  0:00:07.720    10M / 1869M INFO   Simplification           (parallel_processing.hpp   : 167)   Running Tip clipper
  0:00:07.720    10M / 1869M INFO   Simplification           (parallel_processing.hpp   : 170)   Tip clipper triggered 0 times
  0:00:07.720    10M / 1869M INFO   Simplification           (parallel_processing.hpp   : 167)   Running Bulge remover
  0:00:07.720    10M / 1869M INFO   Simplification           (parallel_processing.hpp   : 170)   Bulge remover triggered 0 times
  0:00:07.720    10M / 1869M INFO   Simplification           (parallel_processing.hpp   : 167)   Running Low coverage edge remover
  0:00:07.720    10M / 1869M INFO   Simplification           (parallel_processing.hpp   : 170)   Low coverage edge remover triggered 3 times
  0:00:07.720    10M / 1869M INFO    General                 (simplification.cpp        : 373)   PROCEDURE == Simplification cycle, iteration 7
  0:00:07.720    10M / 1869M INFO   Simplification           (parallel_processing.hpp   : 167)   Running Tip clipper
  0:00:07.720    10M / 1869M INFO   Simplification           (parallel_processing.hpp   : 170)   Tip clipper triggered 0 times
  0:00:07.720    10M / 1869M INFO   Simplification           (parallel_processing.hpp   : 167)   Running Bulge remover
  0:00:07.721    10M / 1869M INFO   Simplification           (parallel_processing.hpp   : 170)   Bulge remover triggered 0 times
  0:00:07.721    10M / 1869M INFO   Simplification           (parallel_processing.hpp   : 167)   Running Low coverage edge remover
  0:00:07.721    10M / 1869M INFO   Simplification           (parallel_processing.hpp   : 170)   Low coverage edge remover triggered 1 times
  0:00:07.721    10M / 1869M INFO    General                 (simplification.cpp        : 373)   PROCEDURE == Simplification cycle, iteration 8
  0:00:07.721    10M / 1869M INFO   Simplification           (parallel_processing.hpp   : 167)   Running Tip clipper
  0:00:07.721    10M / 1869M INFO   Simplification           (parallel_processing.hpp   : 170)   Tip clipper triggered 0 times
  0:00:07.721    10M / 1869M INFO   Simplification           (parallel_processing.hpp   : 167)   Running Bulge remover
  0:00:07.721    10M / 1869M INFO   Simplification           (parallel_processing.hpp   : 170)   Bulge remover triggered 0 times
  0:00:07.721    10M / 1869M INFO   Simplification           (parallel_processing.hpp   : 167)   Running Low coverage edge remover
  0:00:07.721    10M / 1869M INFO   Simplification           (parallel_processing.hpp   : 170)   Low coverage edge remover triggered 2 times
  0:00:07.721    10M / 1869M INFO    General                 (simplification.cpp        : 373)   PROCEDURE == Simplification cycle, iteration 9
  0:00:07.721    10M / 1869M INFO   Simplification           (parallel_processing.hpp   : 167)   Running Tip clipper
  0:00:07.721    10M / 1869M INFO   Simplification           (parallel_processing.hpp   : 170)   Tip clipper triggered 0 times
  0:00:07.721    10M / 1869M INFO   Simplification           (parallel_processing.hpp   : 167)   Running Bulge remover
  0:00:07.721    10M / 1869M INFO   Simplification           (parallel_processing.hpp   : 170)   Bulge remover triggered 0 times
  0:00:07.721    10M / 1869M INFO   Simplification           (parallel_processing.hpp   : 167)   Running Low coverage edge remover
  0:00:07.721    10M / 1869M INFO   Simplification           (parallel_processing.hpp   : 170)   Low coverage edge remover triggered 0 times
  0:00:07.721    10M / 1869M INFO    General                 (simplification.cpp        : 373)   PROCEDURE == Simplification cycle, iteration 10
  0:00:07.721    10M / 1869M INFO   Simplification           (parallel_processing.hpp   : 167)   Running Tip clipper
  0:00:07.721    10M / 1869M INFO   Simplification           (parallel_processing.hpp   : 170)   Tip clipper triggered 0 times
  0:00:07.721    10M / 1869M INFO   Simplification           (parallel_processing.hpp   : 167)   Running Bulge remover
  0:00:07.721    10M / 1869M INFO   Simplification           (parallel_processing.hpp   : 170)   Bulge remover triggered 0 times
  0:00:07.721    10M / 1869M INFO   Simplification           (parallel_processing.hpp   : 167)   Running Low coverage edge remover
  0:00:07.721    10M / 1869M INFO   Simplification           (parallel_processing.hpp   : 170)   Low coverage edge remover triggered 7 times
  0:00:07.721    10M / 1869M INFO    General                 (simplification.cpp        : 373)   PROCEDURE == Simplification cycle, iteration 11
  0:00:07.721    10M / 1869M INFO   Simplification           (parallel_processing.hpp   : 167)   Running Tip clipper
  0:00:07.722    10M / 1869M INFO   Simplification           (parallel_processing.hpp   : 170)   Tip clipper triggered 0 times
  0:00:07.722    10M / 1869M INFO   Simplification           (parallel_processing.hpp   : 167)   Running Bulge remover
  0:00:07.724    10M / 1869M INFO   Simplification           (parallel_processing.hpp   : 170)   Bulge remover triggered 1 times
  0:00:07.725    10M / 1869M INFO   Simplification           (parallel_processing.hpp   : 167)   Running Low coverage edge remover
  0:00:07.725    10M / 1869M INFO   Simplification           (parallel_processing.hpp   : 170)   Low coverage edge remover triggered 0 times
  0:00:07.725    10M / 1869M INFO    General                 (simplification.cpp        : 373)   PROCEDURE == Simplification cycle, iteration 12
  0:00:07.725    10M / 1869M INFO   Simplification           (parallel_processing.hpp   : 167)   Running Tip clipper
  0:00:07.725    10M / 1869M INFO   Simplification           (parallel_processing.hpp   : 170)   Tip clipper triggered 0 times
  0:00:07.725    10M / 1869M INFO   Simplification           (parallel_processing.hpp   : 167)   Running Bulge remover
  0:00:07.725    10M / 1869M INFO   Simplification           (parallel_processing.hpp   : 170)   Bulge remover triggered 0 times
  0:00:07.726    10M / 1869M INFO   Simplification           (parallel_processing.hpp   : 167)   Running Low coverage edge remover
  0:00:07.726    10M / 1869M INFO   Simplification           (parallel_processing.hpp   : 170)   Low coverage edge remover triggered 0 times
  0:00:07.726    10M / 1869M INFO   StageManager             (stage.cpp                 : 185)   STAGE == Gap Closer (id: late_gapcloser)
  0:00:07.731    19M / 1869M INFO    General                 (edge_index.hpp            : 113)   Size of edge index entries: 12/8
  0:00:07.732    19M / 1869M INFO    General                 (gap_closer.cpp            : 101)   Total edges in tip neighborhood: 1987 out of 6078, length: 108826
  0:00:07.732    19M / 1869M INFO    General                 (edge_index.hpp            : 167)   Using small index (max_id = 32289)
  0:00:07.734    19M / 1869M INFO   K-mer Index Building     (kmer_index_builder.hpp    : 395)   Building perfect hash indices
  0:00:07.745    19M / 1869M INFO   K-mer Index Building     (kmer_index_builder.hpp    : 431)   Index built. Total 75030 kmers, 54944 bytes occupied (5.85835 bits per kmer).
  0:00:07.746    20M / 1869M INFO    General                 (edge_index_builders.hpp   : 265)   Collecting edge information from graph, this takes a while.
  0:00:08.735    20M / 1869M INFO    General                 (sequence_mapper_notifier.h:  95)   Total 433109 reads processed
  0:00:08.743    19M / 1869M INFO    General                 (gap_closer.cpp            : 452)   Initializing gap closer
  0:00:08.744    19M / 1869M INFO   GapCloser                (gap_closer.cpp            : 359)   Closing short gaps
  0:00:08.748    19M / 1869M INFO   GapCloser                (gap_closer.cpp            : 391)   Closing short gaps complete: filled 0 gaps after checking 2 candidates
  0:00:08.749    19M / 1869M INFO    General                 (gap_closer.cpp            : 456)   Gap closer done
  0:00:08.751    10M / 1869M INFO   StageManager             (stage.cpp                 : 185)   STAGE == Simplification Cleanup (id: simplification_cleanup)
  0:00:08.751    10M / 1869M INFO    General                 (simplification.cpp        : 176)   PROCEDURE == Post simplification
  0:00:08.751    10M / 1869M INFO    General                 (graph_simplification.hpp  : 448)   Disconnection of relatively low covered edges disabled
  0:00:08.751    10M / 1869M INFO    General                 (graph_simplification.hpp  : 485)   Complex tip clipping disabled
  0:00:08.751    10M / 1869M INFO    General                 (graph_simplification.hpp  : 634)   Creating parallel br instance
  0:00:08.751    10M / 1869M INFO   Simplification           (parallel_processing.hpp   : 167)   Running Tip clipper
  0:00:08.751    10M / 1869M INFO   Simplification           (parallel_processing.hpp   : 170)   Tip clipper triggered 0 times
  0:00:08.752    10M / 1869M INFO   Simplification           (parallel_processing.hpp   : 167)   Running Bulge remover
  0:00:08.756    10M / 1869M INFO   Simplification           (parallel_processing.hpp   : 170)   Bulge remover triggered 0 times
  0:00:08.756    10M / 1869M INFO   Simplification           (parallel_processing.hpp   : 167)   Running Tip clipper
  0:00:08.756    10M / 1869M INFO   Simplification           (parallel_processing.hpp   : 170)   Tip clipper triggered 0 times
  0:00:08.756    10M / 1869M INFO   Simplification           (parallel_processing.hpp   : 167)   Running Bulge remover
  0:00:08.760    10M / 1869M INFO   Simplification           (parallel_processing.hpp   : 170)   Bulge remover triggered 0 times
  0:00:08.760    10M / 1869M INFO    General                 (simplification.cpp        : 327)   Disrupting self-conjugate edges
  0:00:08.761    10M / 1869M INFO   Simplification           (parallel_processing.hpp   : 167)   Running Removing isolated edges
  0:00:08.764    10M / 1869M INFO   Simplification           (parallel_processing.hpp   : 170)   Removing isolated edges triggered 990 times
  0:00:08.764    10M / 1869M INFO    General                 (simplification.cpp        : 495)   After simplification:
  0:00:08.764    10M / 1869M INFO    General                 (simplification.cpp        : 496)     Average coverage = 12.8051
  0:00:08.764    10M / 1869M INFO    General                 (simplification.cpp        : 497)     Total length = 3989372
  0:00:08.764    10M / 1869M INFO    General                 (simplification.cpp        : 498)     Median edge length: 25118
  0:00:08.764    10M / 1869M INFO    General                 (simplification.cpp        : 499)     Edges: 4098
  0:00:08.764    10M / 1869M INFO    General                 (simplification.cpp        : 500)     Vertices: 2676
  0:00:08.764    10M / 1869M INFO   StageManager             (stage.cpp                 : 185)   STAGE == Mismatch Correction (id: mismatch_correction)
  0:00:08.764    10M / 1869M INFO    General                 (graph_pack.cpp            :  67)   Index refill
  0:00:08.764    10M / 1869M INFO    General                 (edge_index.hpp            : 156)   Using small index (max_id = 32289)
  0:00:08.786    10M / 1869M INFO   K-mer Index Building     (kmer_index_builder.hpp    : 395)   Building perfect hash indices
  0:00:09.010    13M / 1869M INFO   K-mer Index Building     (kmer_index_builder.hpp    : 431)   Index built. Total 3989372 kmers, 2882112 bytes occupied (5.77958 bits per kmer).
  0:00:09.018    44M / 1869M INFO    General                 (edge_index_builders.hpp   : 252)   Collecting edge information from graph, this takes a while.
  0:00:09.161    44M / 1869M INFO    General                 (graph_pack.cpp            :  77)   Normalizing k-mer map. Total 65360 kmers to process
  0:00:09.176    44M / 1869M INFO    General                 (graph_pack.cpp            :  79)   Normalizing done
  0:00:09.176    44M / 1869M INFO    General                 (mismatch_correction.cpp   : 400)   Collect potential mismatches
  0:00:09.195    44M / 1869M INFO    General                 (mismatch_correction.cpp   : 192)   Total 1154 edges (out of 4098) with 10116 potential mismatch positions (8.76603 positions per edge)
  0:00:09.195    44M / 1869M INFO    General                 (mismatch_correction.cpp   : 402)   Potential mismatches collected
  0:00:09.609    50M / 1869M INFO    General                 (sequence_mapper_notifier.h:  95)   Total 1734934 reads processed
  0:00:09.621    44M / 1869M INFO    General                 (mismatch_correction.cpp   : 395)   All edges processed
  0:00:09.622    44M / 1869M INFO    General                 (mismatch_correction.cpp   : 450)   Corrected 0 nucleotides
  0:00:09.622    44M / 1869M INFO   StageManager             (stage.cpp                 : 185)   STAGE == Contig Output (id: contig_output)
  0:00:09.622    44M / 1869M INFO    General                 (contig_output.hpp         :  16)   Outputting contigs to /data/djs217/PROJECTS/10_X_fragariae_feb_2024/04_spades/NCPPB_2473.spades/K127/before_rr.fasta
  0:00:09.646    44M / 1869M INFO    General                 (contig_output_stage.cpp   : 151)   Writing GFA graph to /data/djs217/PROJECTS/10_X_fragariae_feb_2024/04_spades/NCPPB_2473.spades/K127/assembly_graph_after_simplification.gfa
  0:00:09.663    44M / 1869M INFO   StageManager             (stage.cpp                 : 185)   STAGE == Paired Information Counting (id: late_pair_info_count)
  0:00:09.667    44M / 1869M INFO    General                 (graph_pack.cpp            :  77)   Normalizing k-mer map. Total 65360 kmers to process
  0:00:09.667    44M / 1869M INFO    General                 (graph_pack.cpp            :  79)   Normalizing done
  0:00:09.667    44M / 1869M INFO    General                 (pair_info_count.cpp       : 339)   Min edge length for estimation: 25118
  0:00:09.667    44M / 1869M INFO    General                 (pair_info_count.cpp       : 350)   Estimating insert size for library #0
  0:00:09.667    44M / 1869M INFO    General                 (pair_info_count.cpp       : 202)   Estimating insert size (takes a while)
  0:00:09.809   317M / 1869M INFO    General                 (pair_info_count.cpp       :  48)   Selecting usual mapper
  0:00:10.376   317M / 1869M INFO    General                 (sequence_mapper_notifier.h:  95)   Total 433109 reads processed
  0:00:10.476   317M / 1869M INFO    General                 (pair_info_count.cpp       : 220)   Edge pairs: 103197
  0:00:10.476   317M / 1869M INFO    General                 (pair_info_count.cpp       : 222)   136945 paired reads (31.6191% of all) aligned to long edges
  0:00:10.477    44M / 1869M INFO    General                 (pair_info_count.cpp       : 369)     Insert size = 285.495, deviation = 129.538, left quantile = 151, right quantile = 468, read length = 301
  0:00:10.477    44M / 1869M WARN    General                 (pair_info_count.cpp       : 376)   Estimated mean insert size 285.495 is very small compared to read length 301
  0:00:10.477    45M / 1869M INFO    General                 (pair_info_count.cpp       : 390)   Filtering data for library #0
  0:00:10.477    45M / 1869M INFO    General                 (pair_info_count.cpp       :  48)   Selecting usual mapper
  0:00:10.682    45M / 1869M INFO    General                 (sequence_mapper_notifier.h:  95)   Total 433109 reads processed
  0:00:10.682    45M / 1869M INFO    General                 (pair_info_count.cpp       : 402)   Mapping library #0
  0:00:10.682    45M / 1869M INFO    General                 (pair_info_count.cpp       : 404)   Mapping paired reads (takes a while)
  0:00:10.682    45M / 1869M INFO    General                 (pair_info_count.cpp       : 299)   Left insert size quantile 151, right insert size quantile 468, filtering threshold 2, rounding threshold 0
  0:00:10.689    54M / 1869M INFO    General                 (pair_info_count.cpp       :  48)   Selecting usual mapper
  0:00:11.055    63M / 1869M INFO    General                 (sequence_mapper_notifier.h:  95)   Total 433109 reads processed
  0:00:11.063    53M / 1869M INFO   StageManager             (stage.cpp                 : 185)   STAGE == Distance Estimation (id: distance_estimation)
  0:00:11.063    53M / 1869M INFO    General                 (distance_estimation.cpp   : 179)   Processing library #0
  0:00:11.064    53M / 1869M INFO    General                 (distance_estimation.cpp   : 150)   Weight Filter Done
  0:00:11.064    53M / 1869M INFO   DistanceEstimator        (distance_estimation.hpp   : 116)   Using SIMPLE distance estimator
  0:00:11.104    56M / 1869M INFO    General                 (distance_estimation.cpp   :  37)   Filtering info
  0:00:11.105    56M / 1869M INFO    General                 (pair_info_filters.hpp     : 242)   Start filtering; library index size: 58652
  0:00:11.120    57M / 1869M INFO    General                 (pair_info_filters.hpp     : 263)   Done filtering; library index size: 54714
  0:00:11.121    56M / 1869M INFO    General                 (distance_estimation.cpp   : 156)   Refining clustered pair information
  0:00:11.132    56M / 1869M INFO    General                 (distance_estimation.cpp   : 158)   The refining of clustered pair information has been finished
  0:00:11.133    56M / 1869M INFO    General                 (distance_estimation.cpp   : 160)   Improving paired information
  0:00:11.197    57M / 1869M INFO   PairInfoImprover         (pair_info_improver.hpp    : 104)   Paired info stats: missing = 4179; contradictional = 24
  0:00:11.266    57M / 1869M INFO   PairInfoImprover         (pair_info_improver.hpp    : 104)   Paired info stats: missing = 381; contradictional = 0
  0:00:11.267    57M / 1869M INFO    General                 (distance_estimation.cpp   : 104)   Filling scaffolding index
  0:00:11.267    57M / 1869M INFO   DistanceEstimator        (distance_estimation.hpp   : 116)   Using SMOOTHING distance estimator
  0:00:11.394    57M / 1869M INFO    General                 (distance_estimation.cpp   :  37)   Filtering info
  0:00:11.395    57M / 1869M INFO    General                 (pair_info_filters.hpp     : 242)   Start filtering; library index size: 12898
  0:00:11.401    57M / 1869M INFO    General                 (pair_info_filters.hpp     : 263)   Done filtering; library index size: 12898
  0:00:11.401    57M / 1869M INFO    General                 (distance_estimation.cpp   : 186)   Clearing raw paired index
  0:00:11.420    49M / 1869M INFO   StageManager             (stage.cpp                 : 185)   STAGE == Repeat Resolving (id: repeat_resolving)
  0:00:11.421    49M / 1869M INFO    General                 (repeat_resolving.cpp      :  87)   Using Path-Extend repeat resolving
  0:00:11.422    49M / 1869M INFO    General                 (launcher.cpp              : 600)   ExSPAnder repeat resolving tool started
  0:00:11.422    49M / 1869M INFO    General                 (coverage_uniformity_analyz:  25)   genomic coverage is 11.6343 calculated of length 3864967
  0:00:11.426    57M / 1869M INFO    General                 (launcher.cpp              : 418)   Creating main extenders, unique edge length = 2000
  0:00:11.426    57M / 1869M INFO    General                 (extenders_logic.cpp       : 334)   Estimated coverage of library #0 is 12.8051
  0:00:11.426    57M / 1869M INFO    General                 (extenders_logic.cpp       : 345)   Creating extender; library index size: 63810
  0:00:11.426    57M / 1869M INFO    General                 (extenders_logic.cpp       : 334)   Estimated coverage of library #0 is 12.8051
  0:00:11.426    57M / 1869M INFO    General                 (extenders_logic.cpp       : 345)   Creating extender; library index size: 63810
  0:00:11.426    58M / 1869M INFO    General                 (extenders_logic.cpp       : 543)   Using 1 paired-end library
  0:00:11.426    58M / 1869M INFO    General                 (extenders_logic.cpp       : 544)   Using 1 paired-end scaffolding library
  0:00:11.426    58M / 1869M INFO    General                 (extenders_logic.cpp       : 545)   Using 0 single read libraries
  0:00:11.426    58M / 1869M INFO    General                 (launcher.cpp              : 447)   Total number of extenders is 3
  0:00:11.426    58M / 1869M INFO    General                 (path_extenders.cpp        :  36)   Processed 0 paths from 2034 (0%)
  0:00:11.601    63M / 1869M INFO    General                 (path_extenders.cpp        :  34)   Processed 128 paths from 2034 (6%)
  0:00:11.676    65M / 1869M INFO    General                 (path_extenders.cpp        :  36)   Processed 204 paths from 2034 (10%)
  0:00:11.720    66M / 1869M INFO    General                 (path_extenders.cpp        :  34)   Processed 256 paths from 2034 (12%)
  0:00:11.796    68M / 1869M INFO    General                 (path_extenders.cpp        :  36)   Processed 408 paths from 2034 (20%)
  0:00:11.819    68M / 1869M INFO    General                 (path_extenders.cpp        :  34)   Processed 512 paths from 2034 (25%)
  0:00:11.868    70M / 1869M INFO    General                 (path_extenders.cpp        :  36)   Processed 612 paths from 2034 (30%)
  0:00:11.909    70M / 1869M INFO    General                 (path_extenders.cpp        :  36)   Processed 816 paths from 2034 (40%)
  0:00:11.935    71M / 1869M INFO    General                 (path_extenders.cpp        :  36)   Processed 1020 paths from 2034 (50%)
  0:00:11.936    71M / 1869M INFO    General                 (path_extenders.cpp        :  34)   Processed 1024 paths from 2034 (50%)
  0:00:11.945    71M / 1869M INFO    General                 (path_extenders.cpp        :  36)   Processed 1224 paths from 2034 (60%)
  0:00:11.953    71M / 1869M INFO    General                 (path_extenders.cpp        :  36)   Processed 1428 paths from 2034 (70%)
  0:00:11.965    72M / 1869M INFO    General                 (path_extenders.cpp        :  36)   Processed 1632 paths from 2034 (80%)
  0:00:11.967    72M / 1869M INFO    General                 (path_extenders.cpp        :  36)   Processed 1836 paths from 2034 (90%)
  0:00:11.972    72M / 1869M INFO    General                 (launcher.cpp              : 250)   Finalizing paths
  0:00:11.972    72M / 1869M INFO    General                 (launcher.cpp              : 252)   Deduplicating paths
  0:00:12.150    70M / 1869M INFO    General                 (launcher.cpp              : 256)   Paths deduplicated
  0:00:12.151    70M / 1869M INFO   PEResolver               (pe_resolver.cpp           :  60)   Removing overlaps
  0:00:12.151    70M / 1869M INFO   PEResolver               (pe_resolver.cpp           :  63)   Sorting paths
  0:00:12.151    70M / 1869M INFO   PEResolver               (pe_resolver.cpp           :  70)   Marking overlaps
  0:00:12.151    70M / 1869M INFO   OverlapRemover           (overlap_remover.hpp       : 116)   Marking start/end overlaps
  0:00:12.371    70M / 1869M INFO   OverlapRemover           (overlap_remover.hpp       : 119)   Marking remaining overlaps
  0:00:12.593    70M / 1869M INFO   PEResolver               (pe_resolver.cpp           :  73)   Splitting paths
  0:00:12.601    80M / 1869M INFO   PEResolver               (pe_resolver.cpp           :  78)   Deduplicating paths
  0:00:12.615    70M / 1869M INFO   PEResolver               (pe_resolver.cpp           :  80)   Overlaps removed
  0:00:12.616    72M / 1869M INFO    General                 (launcher.cpp              : 273)   Paths finalized
  0:00:12.616    72M / 1869M INFO    General                 (launcher.cpp              : 454)   Closing gaps in paths
  0:00:12.619    77M / 1869M INFO    General                 (launcher.cpp              : 484)   Gap closing completed
  0:00:12.619    77M / 1869M INFO    General                 (launcher.cpp              : 302)   Traversing tandem repeats
  0:00:12.624    77M / 1869M INFO    General                 (launcher.cpp              : 312)   Traversed 2 loops
  0:00:12.624    77M / 1869M INFO    General                 (launcher.cpp              : 250)   Finalizing paths
  0:00:12.624    77M / 1869M INFO    General                 (launcher.cpp              : 252)   Deduplicating paths
  0:00:12.625    77M / 1869M INFO    General                 (launcher.cpp              : 256)   Paths deduplicated
  0:00:12.625    77M / 1869M INFO   PEResolver               (pe_resolver.cpp           :  60)   Removing overlaps
  0:00:12.625    77M / 1869M INFO   PEResolver               (pe_resolver.cpp           :  63)   Sorting paths
  0:00:12.625    77M / 1869M INFO   PEResolver               (pe_resolver.cpp           :  70)   Marking overlaps
  0:00:12.625    77M / 1869M INFO   OverlapRemover           (overlap_remover.hpp       : 116)   Marking start/end overlaps
  0:00:12.626    77M / 1869M INFO   OverlapRemover           (overlap_remover.hpp       : 119)   Marking remaining overlaps
  0:00:12.628    77M / 1869M INFO   PEResolver               (pe_resolver.cpp           :  73)   Splitting paths
  0:00:12.628    77M / 1869M INFO   PEResolver               (pe_resolver.cpp           :  78)   Deduplicating paths
  0:00:12.628    77M / 1869M INFO   PEResolver               (pe_resolver.cpp           :  80)   Overlaps removed
  0:00:12.629    77M / 1869M INFO    General                 (launcher.cpp              : 273)   Paths finalized
  0:00:12.629    77M / 1869M INFO    General                 (launcher.cpp              : 664)   ExSPAnder repeat resolving tool finished
  0:00:12.640    53M / 1869M INFO   StageManager             (stage.cpp                 : 185)   STAGE == Contig Output (id: contig_output)
  0:00:12.642    53M / 1869M INFO    General                 (contig_output.hpp         :  16)   Outputting contigs to /data/djs217/PROJECTS/10_X_fragariae_feb_2024/04_spades/NCPPB_2473.spades/K127/before_rr.fasta
  0:00:12.673    53M / 1869M INFO    General                 (contig_output_stage.cpp   : 151)   Writing GFA graph to /data/djs217/PROJECTS/10_X_fragariae_feb_2024/04_spades/NCPPB_2473.spades/K127/assembly_graph_with_scaffolds.gfa
  0:00:12.689    53M / 1869M INFO    General                 (contig_output_stage.cpp   : 165)   Outputting FastG graph to /data/djs217/PROJECTS/10_X_fragariae_feb_2024/04_spades/NCPPB_2473.spades/K127/assembly_graph.fastg
  0:00:12.755    53M / 1869M INFO    General                 (contig_output_stage.cpp   : 196)   Breaking scaffolds
  0:00:12.771    63M / 1869M INFO    General                 (contig_output_stage.cpp   :  98)   Outputting contigs to /data/djs217/PROJECTS/10_X_fragariae_feb_2024/04_spades/NCPPB_2473.spades/K127/final_contigs.fasta
  0:00:12.788    63M / 1869M INFO    General                 (contig_output_stage.cpp   : 104)   Outputting FastG paths to /data/djs217/PROJECTS/10_X_fragariae_feb_2024/04_spades/NCPPB_2473.spades/K127/final_contigs.paths
  0:00:12.802    58M / 1869M INFO    General                 (contig_output_stage.cpp   :  98)   Outputting contigs to /data/djs217/PROJECTS/10_X_fragariae_feb_2024/04_spades/NCPPB_2473.spades/K127/scaffolds.fasta
  0:00:12.819    58M / 1869M INFO    General                 (contig_output_stage.cpp   : 104)   Outputting FastG paths to /data/djs217/PROJECTS/10_X_fragariae_feb_2024/04_spades/NCPPB_2473.spades/K127/scaffolds.paths
  0:00:12.821    58M / 1869M INFO    General                 (contig_output_stage.cpp   : 111)   Populating GFA with scaffold paths
  0:00:12.823    53M / 1869M INFO    General                 (pipeline.cpp              : 287)   SPAdes finished
  0:00:12.844     1M / 1869M INFO    General                 (main.cpp                  : 136)   Assembling time: 0 hours 0 minutes 12 seconds

===== K127 finished. 


===== Copy files started. 


== Running: /data/djs217/anaconda3/envs/spades-env/bin/python /data/djs217/anaconda3/envs/spades-env/share/spades/spades_pipeline/scripts/copy_files.py /data/djs217/PROJECTS/10_X_fragariae_feb_2024/04_spades/NCPPB_2473.spades/K127/before_rr.fasta /data/djs217/PROJECTS/10_X_fragariae_feb_2024/04_spades/NCPPB_2473.spades/before_rr.fasta /data/djs217/PROJECTS/10_X_fragariae_feb_2024/04_spades/NCPPB_2473.spades/K127/assembly_graph_after_simplification.gfa /data/djs217/PROJECTS/10_X_fragariae_feb_2024/04_spades/NCPPB_2473.spades/assembly_graph_after_simplification.gfa /data/djs217/PROJECTS/10_X_fragariae_feb_2024/04_spades/NCPPB_2473.spades/K127/final_contigs.fasta /data/djs217/PROJECTS/10_X_fragariae_feb_2024/04_spades/NCPPB_2473.spades/contigs.fasta /data/djs217/PROJECTS/10_X_fragariae_feb_2024/04_spades/NCPPB_2473.spades/K127/first_pe_contigs.fasta /data/djs217/PROJECTS/10_X_fragariae_feb_2024/04_spades/NCPPB_2473.spades/first_pe_contigs.fasta /data/djs217/PROJECTS/10_X_fragariae_feb_2024/04_spades/NCPPB_2473.spades/K127/strain_graph.gfa /data/djs217/PROJECTS/10_X_fragariae_feb_2024/04_spades/NCPPB_2473.spades/strain_graph.gfa /data/djs217/PROJECTS/10_X_fragariae_feb_2024/04_spades/NCPPB_2473.spades/K127/scaffolds.fasta /data/djs217/PROJECTS/10_X_fragariae_feb_2024/04_spades/NCPPB_2473.spades/scaffolds.fasta /data/djs217/PROJECTS/10_X_fragariae_feb_2024/04_spades/NCPPB_2473.spades/K127/scaffolds.paths /data/djs217/PROJECTS/10_X_fragariae_feb_2024/04_spades/NCPPB_2473.spades/scaffolds.paths /data/djs217/PROJECTS/10_X_fragariae_feb_2024/04_spades/NCPPB_2473.spades/K127/assembly_graph_with_scaffolds.gfa /data/djs217/PROJECTS/10_X_fragariae_feb_2024/04_spades/NCPPB_2473.spades/assembly_graph_with_scaffolds.gfa /data/djs217/PROJECTS/10_X_fragariae_feb_2024/04_spades/NCPPB_2473.spades/K127/assembly_graph.fastg /data/djs217/PROJECTS/10_X_fragariae_feb_2024/04_spades/NCPPB_2473.spades/assembly_graph.fastg /data/djs217/PROJECTS/10_X_fragariae_feb_2024/04_spades/NCPPB_2473.spades/K127/final_contigs.paths /data/djs217/PROJECTS/10_X_fragariae_feb_2024/04_spades/NCPPB_2473.spades/contigs.paths


===== Copy files finished. 


===== Assembling finished. 


===== Mismatch correction started. 


===== Mismatch correction contigs started. 


== Running: /data/djs217/anaconda3/envs/spades-env/bin/python /data/djs217/anaconda3/envs/spades-env/share/spades/spades_pipeline/scripts/correction_iteration_script.py --corrected /data/djs217/PROJECTS/10_X_fragariae_feb_2024/04_spades/NCPPB_2473.spades/contigs.fasta --assembled /data/djs217/PROJECTS/10_X_fragariae_feb_2024/04_spades/NCPPB_2473.spades/misc/assembled_contigs.fasta --assembly_type contigs --output_dir /data/djs217/PROJECTS/10_X_fragariae_feb_2024/04_spades/NCPPB_2473.spades --bin_home /data/djs217/anaconda3/envs/spades-env/bin

== Processing of contigs
== Running contig polishing tool: /data/djs217/anaconda3/envs/spades-env/bin/spades-corrector-core /data/djs217/PROJECTS/10_X_fragariae_feb_2024/04_spades/NCPPB_2473.spades/mismatch_corrector/contigs/configs/corrector.info /data/djs217/PROJECTS/10_X_fragariae_feb_2024/04_spades/NCPPB_2473.spades/misc/assembled_contigs.fasta
== Dataset description file was created: /data/djs217/PROJECTS/10_X_fragariae_feb_2024/04_spades/NCPPB_2473.spades/mismatch_corrector/contigs/configs/corrector.info
Run: /data/djs217/anaconda3/envs/spades-env/bin/spades-corrector-core /data/djs217/PROJECTS/10_X_fragariae_feb_2024/04_spades/NCPPB_2473.spades/mismatch_corrector/contigs/configs/corrector.info /data/djs217/PROJECTS/10_X_fragariae_feb_2024/04_spades/NCPPB_2473.spades/misc/assembled_contigs.fasta
/data/djs217/PROJECTS/10_X_fragariae_feb_2024/04_spades/NCPPB_2473.spades/mismatch_corrector/contigs/configs/log.properties  0:00:00.000     1M / 16M   INFO    General                 (main.cpp                  :  58)   Starting mismatch corrector, built from N/A, git revision N/A
  0:00:00.003     1M / 16M   INFO    General                 (main.cpp                  :  59)   Maximum # of threads to use (adjusted due to OMP capabilities): 16
  0:00:00.003     1M / 16M   INFO   DatasetProcessor         (dataset_processor.cpp     : 175)   Splitting assembly...
  0:00:00.003     1M / 16M   INFO   DatasetProcessor         (dataset_processor.cpp     : 176)   Assembly file: /data/djs217/PROJECTS/10_X_fragariae_feb_2024/04_spades/NCPPB_2473.spades/misc/assembled_contigs.fasta
  0:00:00.074     2M / 16M   INFO   DatasetProcessor         (dataset_processor.cpp     : 128)   Running bwa index ...: /data/djs217/anaconda3/envs/spades-env/bin/spades-bwa index /data/djs217/PROJECTS/10_X_fragariae_feb_2024/04_spades/NCPPB_2473.spades/misc/assembled_contigs.fasta
[bwa_index] Pack FASTA... 0.05 sec
[bwa_index] Construct BWT for the packed sequence...
[bwa_index] 1.06 seconds elapse.
[bwa_index] Update BWT... 0.04 sec
[bwa_index] Pack forward-only FASTA... 0.04 sec
[bwa_index] Construct SA from BWT and Occ... 0.58 sec
[main] Version: 0.7.16a-r1181
[main] CMD: /data/djs217/anaconda3/envs/spades-env/bin/spades-bwa index /data/djs217/PROJECTS/10_X_fragariae_feb_2024/04_spades/NCPPB_2473.spades/misc/assembled_contigs.fasta
[main] Real time: 2.199 sec; CPU: 1.780 sec
  0:00:02.279     2M / 16M   INFO   DatasetProcessor         (dataset_processor.cpp     : 190)   Processing paired sublib of number 0
  0:00:02.279     2M / 16M   INFO   DatasetProcessor         (dataset_processor.cpp     : 191)   /data/djs217/PROJECTS/10_X_fragariae_feb_2024/04_spades/NCPPB_2473.1_val_1.fq.gz /data/djs217/PROJECTS/10_X_fragariae_feb_2024/04_spades/NCPPB_2473.2_val_2.fq.gz
  0:00:02.280     2M / 16M   INFO   DatasetProcessor         (dataset_processor.cpp     : 153)   Running bwa mem ...:/data/djs217/anaconda3/envs/spades-env/bin/spades-bwa mem  -v 1 -t 16  /data/djs217/PROJECTS/10_X_fragariae_feb_2024/04_spades/NCPPB_2473.spades/misc/assembled_contigs.fasta /data/djs217/PROJECTS/10_X_fragariae_feb_2024/04_spades/NCPPB_2473.1_val_1.fq.gz /data/djs217/PROJECTS/10_X_fragariae_feb_2024/04_spades/NCPPB_2473.2_val_2.fq.gz   > /data/djs217/PROJECTS/10_X_fragariae_feb_2024/04_spades/NCPPB_2473.spades/tmp/corrector_hfpurs11/lib0_tPIxkw/tmp.sam
[main] Version: 0.7.16a-r1181
[main] CMD: /data/djs217/anaconda3/envs/spades-env/bin/spades-bwa mem -v 1 -t 16 /data/djs217/PROJECTS/10_X_fragariae_feb_2024/04_spades/NCPPB_2473.spades/misc/assembled_contigs.fasta /data/djs217/PROJECTS/10_X_fragariae_feb_2024/04_spades/NCPPB_2473.1_val_1.fq.gz /data/djs217/PROJECTS/10_X_fragariae_feb_2024/04_spades/NCPPB_2473.2_val_2.fq.gz
[main] Real time: 8.860 sec; CPU: 71.522 sec
  0:00:11.195     2M / 16M   INFO   DatasetProcessor         (dataset_processor.cpp     : 199)   Adding samfile /data/djs217/PROJECTS/10_X_fragariae_feb_2024/04_spades/NCPPB_2473.spades/tmp/corrector_hfpurs11/lib0_tPIxkw/tmp.sam
  0:00:13.431    60M / 68M   INFO   DatasetProcessor         (dataset_processor.cpp     : 118)   processed 1000000reads, flushing
  0:00:14.144     7M / 68M   INFO   DatasetProcessor         (dataset_processor.cpp     : 227)   Processing contigs
  0:00:14.404    13M / 182M  INFO   DatasetProcessor         (dataset_processor.cpp     : 243)   Contig NODE_16_length_49792_cov_10.050035 processed with 0 changes in thread 2
  0:00:14.475    18M / 188M  INFO   DatasetProcessor         (dataset_processor.cpp     : 243)   Contig NODE_13_length_52383_cov_12.540244 processed with 0 changes in thread 4
  0:00:14.501    24M / 192M  INFO   DatasetProcessor         (dataset_processor.cpp     : 243)   Contig NODE_15_length_50134_cov_10.483092 processed with 2 changes in thread 15
  0:00:14.536    31M / 195M  INFO   DatasetProcessor         (dataset_processor.cpp     : 243)   Contig NODE_8_length_58496_cov_13.179839 processed with 8 changes in thread 3
  0:00:14.578    37M / 201M  INFO   DatasetProcessor         (dataset_processor.cpp     : 243)   Contig NODE_14_length_50592_cov_13.294541 processed with 0 changes in thread 12
  0:00:14.592    43M / 205M  INFO   DatasetProcessor         (dataset_processor.cpp     : 243)   Contig NODE_10_length_57211_cov_12.295407 processed with 1 changes in thread 11
  0:00:14.615    49M / 210M  INFO   DatasetProcessor         (dataset_processor.cpp     : 243)   Contig NODE_12_length_54173_cov_11.903897 processed with 8 changes in thread 7
  0:00:14.621    56M / 214M  INFO   DatasetProcessor         (dataset_processor.cpp     : 243)   Contig NODE_5_length_61382_cov_11.749833 processed with 0 changes in thread 6
  0:00:14.637    63M / 216M  INFO   DatasetProcessor         (dataset_processor.cpp     : 243)   Contig NODE_9_length_57701_cov_13.443672 processed with 0 changes in thread 8
  0:00:14.638    71M / 216M  INFO   DatasetProcessor         (dataset_processor.cpp     : 243)   Contig NODE_4_length_67811_cov_11.140388 processed with 0 changes in thread 14
  0:00:14.656    77M / 225M  INFO   DatasetProcessor         (dataset_processor.cpp     : 243)   Contig NODE_11_length_56821_cov_13.745511 processed with 0 changes in thread 10
  0:00:14.669    86M / 227M  INFO   DatasetProcessor         (dataset_processor.cpp     : 243)   Contig NODE_3_length_78043_cov_10.339494 processed with 3 changes in thread 5
  0:00:14.680    86M / 228M  INFO   DatasetProcessor         (dataset_processor.cpp     : 243)   Contig NODE_17_length_47870_cov_12.763798 processed with 0 changes in thread 2
  0:00:14.695    86M / 229M  INFO   DatasetProcessor         (dataset_processor.cpp     : 243)   Contig NODE_18_length_44063_cov_10.973985 processed with 2 changes in thread 4
  0:00:14.741    93M / 229M  INFO   DatasetProcessor         (dataset_processor.cpp     : 243)   Contig NODE_6_length_60424_cov_12.544521 processed with 0 changes in thread 1
  0:00:14.744    99M / 232M  INFO   DatasetProcessor         (dataset_processor.cpp     : 243)   Contig NODE_7_length_58795_cov_13.288812 processed with 0 changes in thread 13
  0:00:14.760    97M / 234M  INFO   DatasetProcessor         (dataset_processor.cpp     : 243)   Contig NODE_20_length_43546_cov_11.458117 processed with 0 changes in thread 3
  0:00:14.773    97M / 234M  INFO   DatasetProcessor         (dataset_processor.cpp     : 243)   Contig NODE_19_length_43848_cov_10.057066 processed with 0 changes in thread 15
  0:00:14.837    95M / 234M  INFO   DatasetProcessor         (dataset_processor.cpp     : 243)   Contig NODE_23_length_41667_cov_12.489624 processed with 0 changes in thread 7
  0:00:14.867    94M / 234M  INFO   DatasetProcessor         (dataset_processor.cpp     : 243)   Contig NODE_21_length_43353_cov_11.189539 processed with 0 changes in thread 12
  0:00:14.867    93M / 234M  INFO   DatasetProcessor         (dataset_processor.cpp     : 243)   Contig NODE_30_length_35349_cov_11.004997 processed with 0 changes in thread 4
  0:00:14.876    92M / 234M  INFO   DatasetProcessor         (dataset_processor.cpp     : 243)   Contig NODE_29_length_36088_cov_12.225884 processed with 0 changes in thread 2
  0:00:14.885    87M / 234M  INFO   DatasetProcessor         (dataset_processor.cpp     : 243)   Contig NODE_28_length_36270_cov_10.071632 processed with 0 changes in thread 5
  0:00:14.887    84M / 234M  INFO   DatasetProcessor         (dataset_processor.cpp     : 243)   Contig NODE_26_length_37336_cov_11.156790 processed with 0 changes in thread 14
  0:00:14.900    82M / 234M  INFO   DatasetProcessor         (dataset_processor.cpp     : 243)   Contig NODE_25_length_38963_cov_11.359615 processed with 0 changes in thread 8
  0:00:14.903    80M / 235M  INFO   DatasetProcessor         (dataset_processor.cpp     : 243)   Contig NODE_22_length_42836_cov_12.092252 processed with 0 changes in thread 11
  0:00:14.905    78M / 235M  INFO   DatasetProcessor         (dataset_processor.cpp     : 243)   Contig NODE_33_length_32314_cov_10.301985 processed with 0 changes in thread 3
  0:00:14.913    76M / 235M  INFO   DatasetProcessor         (dataset_processor.cpp     : 243)   Contig NODE_27_length_36873_cov_11.694144 processed with 0 changes in thread 10
  0:00:14.921    89M / 235M  INFO   DatasetProcessor         (dataset_processor.cpp     : 243)   Contig NODE_1_length_113137_cov_12.905345 processed with 4 changes in thread 0
  0:00:14.932    87M / 236M  INFO   DatasetProcessor         (dataset_processor.cpp     : 243)   Contig NODE_24_length_41536_cov_12.408051 processed with 0 changes in thread 6
  0:00:14.959    84M / 236M  INFO   DatasetProcessor         (dataset_processor.cpp     : 243)   Contig NODE_31_length_35187_cov_10.409298 processed with 0 changes in thread 1
  0:00:14.963    93M / 236M  INFO   DatasetProcessor         (dataset_processor.cpp     : 243)   Contig NODE_2_length_80498_cov_14.247838 processed with 5 changes in thread 9
  0:00:15.000    92M / 236M  INFO   DatasetProcessor         (dataset_processor.cpp     : 243)   Contig NODE_34_length_32043_cov_12.024408 processed with 0 changes in thread 15
  0:00:15.001    91M / 236M  INFO   DatasetProcessor         (dataset_processor.cpp     : 243)   Contig NODE_35_length_31956_cov_11.584404 processed with 1 changes in thread 7
  0:00:15.008    88M / 236M  INFO   DatasetProcessor         (dataset_processor.cpp     : 243)   Contig NODE_32_length_33696_cov_13.218237 processed with 0 changes in thread 13
  0:00:15.016    88M / 236M  INFO   DatasetProcessor         (dataset_processor.cpp     : 243)   Contig NODE_37_length_31903_cov_10.506798 processed with 0 changes in thread 4
  0:00:15.050    87M / 237M  INFO   DatasetProcessor         (dataset_processor.cpp     : 243)   Contig NODE_43_length_28363_cov_11.581102 processed with 0 changes in thread 3
  0:00:15.058    87M / 237M  INFO   DatasetProcessor         (dataset_processor.cpp     : 243)   Contig NODE_38_length_31794_cov_12.732403 processed with 0 changes in thread 2
  0:00:15.080    86M / 237M  INFO   DatasetProcessor         (dataset_processor.cpp     : 243)   Contig NODE_39_length_31329_cov_10.525543 processed with 0 changes in thread 5
  0:00:15.087    85M / 237M  INFO   DatasetProcessor         (dataset_processor.cpp     : 243)   Contig NODE_44_length_27848_cov_10.479528 processed with 0 changes in thread 10
  0:00:15.088    84M / 237M  INFO   DatasetProcessor         (dataset_processor.cpp     : 243)   Contig NODE_42_length_28405_cov_10.831212 processed with 1 changes in thread 11
  0:00:15.094    83M / 237M  INFO   DatasetProcessor         (dataset_processor.cpp     : 243)   Contig NODE_41_length_30073_cov_10.776765 processed with 0 changes in thread 8
  0:00:15.104    81M / 237M  INFO   DatasetProcessor         (dataset_processor.cpp     : 243)   Contig NODE_36_length_31914_cov_12.673105 processed with 0 changes in thread 12
  0:00:15.120    80M / 237M  INFO   DatasetProcessor         (dataset_processor.cpp     : 243)   Contig NODE_47_length_25890_cov_10.738501 processed with 0 changes in thread 1
  0:00:15.121    70M / 237M  INFO   DatasetProcessor         (dataset_processor.cpp     : 243)   Contig NODE_45_length_27600_cov_12.115350 processed with 0 changes in thread 0
  0:00:15.123    69M / 237M  INFO   DatasetProcessor         (dataset_processor.cpp     : 243)   Contig NODE_46_length_25908_cov_12.278810 processed with 0 changes in thread 6
  0:00:15.134    68M / 238M  INFO   DatasetProcessor         (dataset_processor.cpp     : 243)   Contig NODE_40_length_30393_cov_13.895758 processed with 0 changes in thread 14
  0:00:15.135    68M / 238M  INFO   DatasetProcessor         (dataset_processor.cpp     : 243)   Contig NODE_50_length_25039_cov_12.201991 processed with 0 changes in thread 7
  0:00:15.142    61M / 238M  INFO   DatasetProcessor         (dataset_processor.cpp     : 243)   Contig NODE_48_length_25245_cov_11.996497 processed with 0 changes in thread 9
  0:00:15.147    60M / 238M  INFO   DatasetProcessor         (dataset_processor.cpp     : 243)   Contig NODE_52_length_24438_cov_12.539180 processed with 0 changes in thread 4
  0:00:15.160    60M / 238M  INFO   DatasetProcessor         (dataset_processor.cpp     : 243)   Contig NODE_49_length_25076_cov_10.784160 processed with 0 changes in thread 15
  0:00:15.179    59M / 238M  INFO   DatasetProcessor         (dataset_processor.cpp     : 243)   Contig NODE_54_length_24169_cov_11.294651 processed with 0 changes in thread 2
  0:00:15.180    59M / 238M  INFO   DatasetProcessor         (dataset_processor.cpp     : 243)   Contig NODE_53_length_24193_cov_12.133300 processed with 0 changes in thread 3
  0:00:15.200    58M / 238M  INFO   DatasetProcessor         (dataset_processor.cpp     : 243)   Contig NODE_51_length_24977_cov_12.999235 processed with 0 changes in thread 13
  0:00:15.228    57M / 238M  INFO   DatasetProcessor         (dataset_processor.cpp     : 243)   Contig NODE_57_length_23506_cov_10.057915 processed with 0 changes in thread 11
  0:00:15.236    57M / 238M  INFO   DatasetProcessor         (dataset_processor.cpp     : 243)   Contig NODE_64_length_21994_cov_10.454521 processed with 0 changes in thread 7
  0:00:15.248    56M / 238M  INFO   DatasetProcessor         (dataset_processor.cpp     : 243)   Contig NODE_55_length_24138_cov_11.605972 processed with 0 changes in thread 5
  0:00:15.248    56M / 238M  INFO   DatasetProcessor         (dataset_processor.cpp     : 243)   Contig NODE_56_length_24119_cov_11.083278 processed with 0 changes in thread 10
  0:00:15.251    55M / 238M  INFO   DatasetProcessor         (dataset_processor.cpp     : 243)   Contig NODE_58_length_23416_cov_11.150629 processed with 3 changes in thread 8
  0:00:15.265    55M / 238M  INFO   DatasetProcessor         (dataset_processor.cpp     : 243)   Contig NODE_60_length_22661_cov_11.172628 processed with 0 changes in thread 1
  0:00:15.270    54M / 238M  INFO   DatasetProcessor         (dataset_processor.cpp     : 243)   Contig NODE_66_length_21675_cov_12.662567 processed with 1 changes in thread 4
  0:00:15.275    54M / 238M  INFO   DatasetProcessor         (dataset_processor.cpp     : 243)   Contig NODE_59_length_22677_cov_12.465588 processed with 0 changes in thread 12
  0:00:15.275    53M / 238M  INFO   DatasetProcessor         (dataset_processor.cpp     : 243)   Contig NODE_69_length_20913_cov_10.242327 processed with 0 changes in thread 3
  0:00:15.282    52M / 238M  INFO   DatasetProcessor         (dataset_processor.cpp     : 243)   Contig NODE_63_length_22006_cov_11.087573 processed with 0 changes in thread 14
  0:00:15.300    52M / 238M  INFO   DatasetProcessor         (dataset_processor.cpp     : 243)   Contig NODE_61_length_22408_cov_13.719268 processed with 0 changes in thread 0
  0:00:15.300    51M / 238M  INFO   DatasetProcessor         (dataset_processor.cpp     : 243)   Contig NODE_62_length_22319_cov_12.696963 processed with 4 changes in thread 6
  0:00:15.300    51M / 238M  INFO   DatasetProcessor         (dataset_processor.cpp     : 243)   Contig NODE_67_length_21667_cov_10.797168 processed with 2 changes in thread 15
  0:00:15.302    51M / 238M  INFO   DatasetProcessor         (dataset_processor.cpp     : 243)   Contig NODE_68_length_21261_cov_12.956516 processed with 0 changes in thread 2
  0:00:15.312    50M / 238M  INFO   DatasetProcessor         (dataset_processor.cpp     : 243)   Contig NODE_65_length_21764_cov_13.286130 processed with 0 changes in thread 9
  0:00:15.351    50M / 239M  INFO   DatasetProcessor         (dataset_processor.cpp     : 243)   Contig NODE_70_length_20569_cov_12.329175 processed with 0 changes in thread 13
  0:00:15.352    49M / 239M  INFO   DatasetProcessor         (dataset_processor.cpp     : 243)   Contig NODE_71_length_20512_cov_10.026049 processed with 0 changes in thread 11
  0:00:15.356    49M / 239M  INFO   DatasetProcessor         (dataset_processor.cpp     : 243)   Contig NODE_72_length_20169_cov_13.421914 processed with 0 changes in thread 7
  0:00:15.990     7M / 243M  INFO   DatasetProcessor         (dataset_processor.cpp     : 247)   Gluing processed contigs
  0:00:16.015     1M / 243M  INFO    General                 (main.cpp                  :  72)   Correcting time: 0 hours 0 minutes 16 seconds

===== Mismatch correction contigs finished. 


===== Mismatch correction scaffolds started. 


== Running: /data/djs217/anaconda3/envs/spades-env/bin/python /data/djs217/anaconda3/envs/spades-env/share/spades/spades_pipeline/scripts/correction_iteration_script.py --corrected /data/djs217/PROJECTS/10_X_fragariae_feb_2024/04_spades/NCPPB_2473.spades/scaffolds.fasta --assembled /data/djs217/PROJECTS/10_X_fragariae_feb_2024/04_spades/NCPPB_2473.spades/misc/assembled_scaffolds.fasta --assembly_type scaffolds --output_dir /data/djs217/PROJECTS/10_X_fragariae_feb_2024/04_spades/NCPPB_2473.spades --bin_home /data/djs217/anaconda3/envs/spades-env/bin

== Processing of scaffolds
== Running contig polishing tool: /data/djs217/anaconda3/envs/spades-env/bin/spades-corrector-core /data/djs217/PROJECTS/10_X_fragariae_feb_2024/04_spades/NCPPB_2473.spades/mismatch_corrector/scaffolds/configs/corrector.info /data/djs217/PROJECTS/10_X_fragariae_feb_2024/04_spades/NCPPB_2473.spades/misc/assembled_scaffolds.fasta
== Dataset description file was created: /data/djs217/PROJECTS/10_X_fragariae_feb_2024/04_spades/NCPPB_2473.spades/mismatch_corrector/scaffolds/configs/corrector.info
Run: /data/djs217/anaconda3/envs/spades-env/bin/spades-corrector-core /data/djs217/PROJECTS/10_X_fragariae_feb_2024/04_spades/NCPPB_2473.spades/mismatch_corrector/scaffolds/configs/corrector.info /data/djs217/PROJECTS/10_X_fragariae_feb_2024/04_spades/NCPPB_2473.spades/misc/assembled_scaffolds.fasta
/data/djs217/PROJECTS/10_X_fragariae_feb_2024/04_spades/NCPPB_2473.spades/mismatch_corrector/scaffolds/configs/log.properties  0:00:00.000     1M / 16M   INFO    General                 (main.cpp                  :  58)   Starting mismatch corrector, built from N/A, git revision N/A
  0:00:00.001     1M / 16M   INFO    General                 (main.cpp                  :  59)   Maximum # of threads to use (adjusted due to OMP capabilities): 16
  0:00:00.001     1M / 16M   INFO   DatasetProcessor         (dataset_processor.cpp     : 175)   Splitting assembly...
  0:00:00.001     1M / 16M   INFO   DatasetProcessor         (dataset_processor.cpp     : 176)   Assembly file: /data/djs217/PROJECTS/10_X_fragariae_feb_2024/04_spades/NCPPB_2473.spades/misc/assembled_scaffolds.fasta
  0:00:00.070     2M / 16M   INFO   DatasetProcessor         (dataset_processor.cpp     : 128)   Running bwa index ...: /data/djs217/anaconda3/envs/spades-env/bin/spades-bwa index /data/djs217/PROJECTS/10_X_fragariae_feb_2024/04_spades/NCPPB_2473.spades/misc/assembled_scaffolds.fasta
[bwa_index] Pack FASTA... 0.05 sec
[bwa_index] Construct BWT for the packed sequence...
[bwa_index] 0.99 seconds elapse.
[bwa_index] Update BWT... 0.04 sec
[bwa_index] Pack forward-only FASTA... 0.04 sec
[bwa_index] Construct SA from BWT and Occ... 0.44 sec
[main] Version: 0.7.16a-r1181
[main] CMD: /data/djs217/anaconda3/envs/spades-env/bin/spades-bwa index /data/djs217/PROJECTS/10_X_fragariae_feb_2024/04_spades/NCPPB_2473.spades/misc/assembled_scaffolds.fasta
[main] Real time: 1.937 sec; CPU: 1.568 sec
  0:00:02.013     2M / 16M   INFO   DatasetProcessor         (dataset_processor.cpp     : 190)   Processing paired sublib of number 0
  0:00:02.013     2M / 16M   INFO   DatasetProcessor         (dataset_processor.cpp     : 191)   /data/djs217/PROJECTS/10_X_fragariae_feb_2024/04_spades/NCPPB_2473.1_val_1.fq.gz /data/djs217/PROJECTS/10_X_fragariae_feb_2024/04_spades/NCPPB_2473.2_val_2.fq.gz
  0:00:02.014     2M / 16M   INFO   DatasetProcessor         (dataset_processor.cpp     : 153)   Running bwa mem ...:/data/djs217/anaconda3/envs/spades-env/bin/spades-bwa mem  -v 1 -t 16  /data/djs217/PROJECTS/10_X_fragariae_feb_2024/04_spades/NCPPB_2473.spades/misc/assembled_scaffolds.fasta /data/djs217/PROJECTS/10_X_fragariae_feb_2024/04_spades/NCPPB_2473.1_val_1.fq.gz /data/djs217/PROJECTS/10_X_fragariae_feb_2024/04_spades/NCPPB_2473.2_val_2.fq.gz   > /data/djs217/PROJECTS/10_X_fragariae_feb_2024/04_spades/NCPPB_2473.spades/tmp/corrector_8yrs8s5y/lib0_v8hGWd/tmp.sam
[main] Version: 0.7.16a-r1181
[main] CMD: /data/djs217/anaconda3/envs/spades-env/bin/spades-bwa mem -v 1 -t 16 /data/djs217/PROJECTS/10_X_fragariae_feb_2024/04_spades/NCPPB_2473.spades/misc/assembled_scaffolds.fasta /data/djs217/PROJECTS/10_X_fragariae_feb_2024/04_spades/NCPPB_2473.1_val_1.fq.gz /data/djs217/PROJECTS/10_X_fragariae_feb_2024/04_spades/NCPPB_2473.2_val_2.fq.gz
[main] Real time: 8.346 sec; CPU: 70.173 sec
  0:00:10.415     2M / 16M   INFO   DatasetProcessor         (dataset_processor.cpp     : 199)   Adding samfile /data/djs217/PROJECTS/10_X_fragariae_feb_2024/04_spades/NCPPB_2473.spades/tmp/corrector_8yrs8s5y/lib0_v8hGWd/tmp.sam
  0:00:13.058    60M / 68M   INFO   DatasetProcessor         (dataset_processor.cpp     : 118)   processed 1000000reads, flushing
  0:00:13.786     7M / 68M   INFO   DatasetProcessor         (dataset_processor.cpp     : 227)   Processing contigs
  0:00:14.205    13M / 183M  INFO   DatasetProcessor         (dataset_processor.cpp     : 243)   Contig NODE_12_length_54173_cov_11.903897 processed with 0 changes in thread 7
  0:00:14.236    20M / 189M  INFO   DatasetProcessor         (dataset_processor.cpp     : 243)   Contig NODE_10_length_57211_cov_12.295407 processed with 1 changes in thread 4
  0:00:14.238    25M / 191M  INFO   DatasetProcessor         (dataset_processor.cpp     : 243)   Contig NODE_16_length_49792_cov_10.050035 processed with 0 changes in thread 5
  0:00:14.247    32M / 197M  INFO   DatasetProcessor         (dataset_processor.cpp     : 243)   Contig NODE_5_length_61382_cov_11.749833 processed with 0 changes in thread 6
  0:00:14.248    38M / 197M  INFO   DatasetProcessor         (dataset_processor.cpp     : 243)   Contig NODE_15_length_50134_cov_10.483092 processed with 2 changes in thread 12
  0:00:14.266    45M / 203M  INFO   DatasetProcessor         (dataset_processor.cpp     : 243)   Contig NODE_6_length_60424_cov_12.544521 processed with 0 changes in thread 13
  0:00:14.266    53M / 203M  INFO   DatasetProcessor         (dataset_processor.cpp     : 243)   Contig NODE_4_length_67811_cov_11.140388 processed with 0 changes in thread 3
  0:00:14.284    58M / 210M  INFO   DatasetProcessor         (dataset_processor.cpp     : 243)   Contig NODE_14_length_50592_cov_13.294541 processed with 0 changes in thread 15
  0:00:14.285    65M / 210M  INFO   DatasetProcessor         (dataset_processor.cpp     : 243)   Contig NODE_8_length_58496_cov_13.179839 processed with 7 changes in thread 11
  0:00:14.288    72M / 216M  INFO   DatasetProcessor         (dataset_processor.cpp     : 243)   Contig NODE_7_length_58795_cov_13.288812 processed with 0 changes in thread 8
  0:00:14.293    78M / 221M  INFO   DatasetProcessor         (dataset_processor.cpp     : 243)   Contig NODE_9_length_57701_cov_13.443672 processed with 0 changes in thread 2
  0:00:14.294    85M / 221M  INFO   DatasetProcessor         (dataset_processor.cpp     : 243)   Contig NODE_11_length_56821_cov_13.745511 processed with 0 changes in thread 9
  0:00:14.297    91M / 226M  INFO   DatasetProcessor         (dataset_processor.cpp     : 243)   Contig NODE_13_length_52383_cov_12.540244 processed with 0 changes in thread 10
  0:00:14.300   100M / 230M  INFO   DatasetProcessor         (dataset_processor.cpp     : 243)   Contig NODE_3_length_78043_cov_10.339494 processed with 0 changes in thread 14
  0:00:14.474   113M / 233M  INFO   DatasetProcessor         (dataset_processor.cpp     : 243)   Contig NODE_1_length_113137_cov_12.905345 processed with 4 changes in thread 0
  0:00:14.504   123M / 235M  INFO   DatasetProcessor         (dataset_processor.cpp     : 243)   Contig NODE_2_length_80498_cov_14.247838 processed with 7 changes in thread 1
  0:00:14.504   122M / 235M  INFO   DatasetProcessor         (dataset_processor.cpp     : 243)   Contig NODE_19_length_43848_cov_10.057066 processed with 0 changes in thread 5
  0:00:14.510   120M / 238M  INFO   DatasetProcessor         (dataset_processor.cpp     : 243)   Contig NODE_29_length_36270_cov_10.071632 processed with 0 changes in thread 10
  0:00:14.520   118M / 238M  INFO   DatasetProcessor         (dataset_processor.cpp     : 243)   Contig NODE_28_length_36831_cov_10.422134 processed with 100 changes in thread 9
  0:00:14.521   116M / 238M  INFO   DatasetProcessor         (dataset_processor.cpp     : 243)   Contig NODE_18_length_44063_cov_10.973985 processed with 0 changes in thread 4
  0:00:14.533   116M / 238M  INFO   DatasetProcessor         (dataset_processor.cpp     : 243)   Contig NODE_21_length_43353_cov_11.189539 processed with 0 changes in thread 12
  0:00:14.536   113M / 238M  INFO   DatasetProcessor         (dataset_processor.cpp     : 243)   Contig NODE_26_length_37336_cov_11.156790 processed with 0 changes in thread 8
  0:00:14.545   111M / 238M  INFO   DatasetProcessor         (dataset_processor.cpp     : 243)   Contig NODE_25_length_38963_cov_11.359615 processed with 0 changes in thread 11
  0:00:14.545   109M / 238M  INFO   DatasetProcessor         (dataset_processor.cpp     : 243)   Contig NODE_20_length_43546_cov_11.458117 processed with 0 changes in thread 6
  0:00:14.552   106M / 238M  INFO   DatasetProcessor         (dataset_processor.cpp     : 243)   Contig NODE_27_length_36873_cov_11.694144 processed with 0 changes in thread 2
  0:00:14.556   103M / 238M  INFO   DatasetProcessor         (dataset_processor.cpp     : 243)   Contig NODE_23_length_41667_cov_12.489624 processed with 1 changes in thread 3
  0:00:14.559    99M / 238M  INFO   DatasetProcessor         (dataset_processor.cpp     : 243)   Contig NODE_30_length_36088_cov_12.225884 processed with 0 changes in thread 14
  0:00:14.560    98M / 238M  INFO   DatasetProcessor         (dataset_processor.cpp     : 243)   Contig NODE_17_length_47870_cov_12.763798 processed with 0 changes in thread 7
  0:00:14.573    96M / 239M  INFO   DatasetProcessor         (dataset_processor.cpp     : 243)   Contig NODE_22_length_42836_cov_12.092252 processed with 0 changes in thread 13
  0:00:14.583    95M / 240M  INFO   DatasetProcessor         (dataset_processor.cpp     : 243)   Contig NODE_24_length_41536_cov_12.408051 processed with 0 changes in thread 15
  0:00:14.650    86M / 242M  INFO   DatasetProcessor         (dataset_processor.cpp     : 243)   Contig NODE_31_length_35349_cov_11.004997 processed with 0 changes in thread 0
  0:00:14.698    80M / 242M  INFO   DatasetProcessor         (dataset_processor.cpp     : 243)   Contig NODE_33_length_32314_cov_10.301985 processed with 0 changes in thread 1
  0:00:14.727    79M / 242M  INFO   DatasetProcessor         (dataset_processor.cpp     : 243)   Contig NODE_37_length_31903_cov_10.506798 processed with 0 changes in thread 12
  0:00:14.733    78M / 242M  INFO   DatasetProcessor         (dataset_processor.cpp     : 243)   Contig NODE_34_length_32043_cov_12.024408 processed with 0 changes in thread 10
  0:00:14.737    77M / 242M  INFO   DatasetProcessor         (dataset_processor.cpp     : 243)   Contig NODE_35_length_31956_cov_11.584404 processed with 1 changes in thread 9
  0:00:14.737    76M / 242M  INFO   DatasetProcessor         (dataset_processor.cpp     : 243)   Contig NODE_39_length_31329_cov_10.525543 processed with 0 changes in thread 11
  0:00:14.741    76M / 243M  INFO   DatasetProcessor         (dataset_processor.cpp     : 243)   Contig NODE_43_length_28405_cov_10.831212 processed with 1 changes in thread 14
  0:00:14.744    74M / 243M  INFO   DatasetProcessor         (dataset_processor.cpp     : 243)   Contig NODE_45_length_27848_cov_10.479528 processed with 0 changes in thread 13
  0:00:14.747    73M / 243M  INFO   DatasetProcessor         (dataset_processor.cpp     : 243)   Contig NODE_41_length_30073_cov_10.776765 processed with 0 changes in thread 2
  0:00:14.750    71M / 243M  INFO   DatasetProcessor         (dataset_processor.cpp     : 243)   Contig NODE_44_length_28363_cov_11.581102 processed with 0 changes in thread 7
  0:00:14.758    69M / 243M  INFO   DatasetProcessor         (dataset_processor.cpp     : 243)   Contig NODE_36_length_31914_cov_12.673105 processed with 0 changes in thread 4
  0:00:14.767    68M / 243M  INFO   DatasetProcessor         (dataset_processor.cpp     : 243)   Contig NODE_32_length_33696_cov_13.218237 processed with 0 changes in thread 5
  0:00:14.771    67M / 243M  INFO   DatasetProcessor         (dataset_processor.cpp     : 243)   Contig NODE_42_length_28743_cov_12.560001 processed with 6 changes in thread 3
  0:00:14.773    66M / 243M  INFO   DatasetProcessor         (dataset_processor.cpp     : 243)   Contig NODE_38_length_31794_cov_12.732403 processed with 0 changes in thread 8
  0:00:14.778    65M / 243M  INFO   DatasetProcessor         (dataset_processor.cpp     : 243)   Contig NODE_46_length_27600_cov_12.115350 processed with 0 changes in thread 15
  0:00:14.795    64M / 243M  INFO   DatasetProcessor         (dataset_processor.cpp     : 243)   Contig NODE_40_length_30393_cov_13.895758 processed with 0 changes in thread 6
  0:00:14.811    63M / 243M  INFO   DatasetProcessor         (dataset_processor.cpp     : 243)   Contig NODE_47_length_27316_cov_13.478760 processed with 1 changes in thread 0
  0:00:14.882    63M / 243M  INFO   DatasetProcessor         (dataset_processor.cpp     : 243)   Contig NODE_48_length_25908_cov_12.278810 processed with 0 changes in thread 1
  0:00:14.884    62M / 243M  INFO   DatasetProcessor         (dataset_processor.cpp     : 243)   Contig NODE_49_length_25890_cov_10.738501 processed with 0 changes in thread 12
  0:00:14.889    61M / 243M  INFO   DatasetProcessor         (dataset_processor.cpp     : 243)   Contig NODE_58_length_24119_cov_11.083278 processed with 0 changes in thread 5
  0:00:14.896    60M / 243M  INFO   DatasetProcessor         (dataset_processor.cpp     : 243)   Contig NODE_51_length_25076_cov_10.784160 processed with 0 changes in thread 9
  0:00:14.908    60M / 243M  INFO   DatasetProcessor         (dataset_processor.cpp     : 243)   Contig NODE_56_length_24169_cov_11.294651 processed with 0 changes in thread 7
  0:00:14.908    59M / 243M  INFO   DatasetProcessor         (dataset_processor.cpp     : 243)   Contig NODE_59_length_23506_cov_10.057915 processed with 0 changes in thread 3
  0:00:14.911    59M / 244M  INFO   DatasetProcessor         (dataset_processor.cpp     : 243)   Contig NODE_50_length_25245_cov_11.996497 processed with 0 changes in thread 10
  0:00:14.914    58M / 244M  INFO   DatasetProcessor         (dataset_processor.cpp     : 243)   Contig NODE_52_length_25039_cov_12.201991 processed with 0 changes in thread 11
  0:00:14.916    58M / 244M  INFO   DatasetProcessor         (dataset_processor.cpp     : 243)   Contig NODE_54_length_24438_cov_12.539180 processed with 0 changes in thread 13
  0:00:14.921    57M / 244M  INFO   DatasetProcessor         (dataset_processor.cpp     : 243)   Contig NODE_55_length_24193_cov_12.133300 processed with 0 changes in thread 2
  0:00:14.923    56M / 244M  INFO   DatasetProcessor         (dataset_processor.cpp     : 243)   Contig NODE_63_length_22006_cov_11.087573 processed with 0 changes in thread 0
  0:00:14.924    56M / 244M  INFO   DatasetProcessor         (dataset_processor.cpp     : 243)   Contig NODE_57_length_24138_cov_11.605972 processed with 0 changes in thread 4
  0:00:14.929    55M / 244M  INFO   DatasetProcessor         (dataset_processor.cpp     : 243)   Contig NODE_60_length_23416_cov_11.150629 processed with 2 changes in thread 8
  0:00:14.930    54M / 244M  INFO   DatasetProcessor         (dataset_processor.cpp     : 243)   Contig NODE_53_length_24977_cov_12.999235 processed with 0 changes in thread 14
  0:00:14.939    53M / 244M  INFO   DatasetProcessor         (dataset_processor.cpp     : 243)   Contig NODE_62_length_22661_cov_11.172628 processed with 0 changes in thread 6
  0:00:14.945    53M / 244M  INFO   DatasetProcessor         (dataset_processor.cpp     : 243)   Contig NODE_61_length_22677_cov_12.465588 processed with 0 changes in thread 15
  0:00:15.015    53M / 244M  INFO   DatasetProcessor         (dataset_processor.cpp     : 243)   Contig NODE_64_length_21994_cov_10.454521 processed with 0 changes in thread 1
  0:00:15.015    52M / 244M  INFO   DatasetProcessor         (dataset_processor.cpp     : 243)   Contig NODE_66_length_21675_cov_12.662567 processed with 1 changes in thread 5
  0:00:15.035    52M / 244M  INFO   DatasetProcessor         (dataset_processor.cpp     : 243)   Contig NODE_67_length_21667_cov_10.797168 processed with 0 changes in thread 9
  0:00:15.037    51M / 244M  INFO   DatasetProcessor         (dataset_processor.cpp     : 243)   Contig NODE_70_length_20913_cov_10.242327 processed with 0 changes in thread 10
  0:00:15.039    51M / 244M  INFO   DatasetProcessor         (dataset_processor.cpp     : 243)   Contig NODE_72_length_20512_cov_10.026049 processed with 0 changes in thread 13
  0:00:15.051    50M / 244M  INFO   DatasetProcessor         (dataset_processor.cpp     : 243)   Contig NODE_65_length_21764_cov_13.286130 processed with 0 changes in thread 12
  0:00:15.064    50M / 244M  INFO   DatasetProcessor         (dataset_processor.cpp     : 243)   Contig NODE_71_length_20569_cov_12.329175 processed with 0 changes in thread 11
  0:00:15.068    49M / 245M  INFO   DatasetProcessor         (dataset_processor.cpp     : 243)   Contig NODE_68_length_21261_cov_12.956516 processed with 0 changes in thread 7
  0:00:15.082    49M / 245M  INFO   DatasetProcessor         (dataset_processor.cpp     : 243)   Contig NODE_73_length_20169_cov_13.421914 processed with 0 changes in thread 2
  0:00:15.596    49M / 249M  INFO   DatasetProcessor         (dataset_processor.cpp     : 243)   Contig NODE_69_length_21115_cov_58.699209 processed with 100 changes in thread 3
  0:00:15.720     7M / 250M  INFO   DatasetProcessor         (dataset_processor.cpp     : 247)   Gluing processed contigs
  0:00:15.738     1M / 250M  INFO    General                 (main.cpp                  :  72)   Correcting time: 0 hours 0 minutes 15 seconds

===== Mismatch correction scaffolds finished. 


===== Mismatch correction finished. 


===== Breaking scaffolds started. 


== Running: /data/djs217/anaconda3/envs/spades-env/bin/python /data/djs217/anaconda3/envs/spades-env/share/spades/spades_pipeline/scripts/breaking_scaffolds_script.py --result_scaffolds_filename /data/djs217/PROJECTS/10_X_fragariae_feb_2024/04_spades/NCPPB_2473.spades/scaffolds.fasta --misc_dir /data/djs217/PROJECTS/10_X_fragariae_feb_2024/04_spades/NCPPB_2473.spades/misc --threshold_for_breaking_scaffolds 3


===== Breaking scaffolds finished. 


===== Terminate started. 


===== Terminate finished. 

 * Corrected reads are in /data/djs217/PROJECTS/10_X_fragariae_feb_2024/04_spades/NCPPB_2473.spades/corrected/
 * Assembled contigs are in /data/djs217/PROJECTS/10_X_fragariae_feb_2024/04_spades/NCPPB_2473.spades/contigs.fasta
 * Assembled scaffolds are in /data/djs217/PROJECTS/10_X_fragariae_feb_2024/04_spades/NCPPB_2473.spades/scaffolds.fasta
 * Paths in the assembly graph corresponding to the contigs are in /data/djs217/PROJECTS/10_X_fragariae_feb_2024/04_spades/NCPPB_2473.spades/contigs.paths
 * Paths in the assembly graph corresponding to the scaffolds are in /data/djs217/PROJECTS/10_X_fragariae_feb_2024/04_spades/NCPPB_2473.spades/scaffolds.paths
 * Assembly graph is in /data/djs217/PROJECTS/10_X_fragariae_feb_2024/04_spades/NCPPB_2473.spades/assembly_graph.fastg
 * Assembly graph in GFA format is in /data/djs217/PROJECTS/10_X_fragariae_feb_2024/04_spades/NCPPB_2473.spades/assembly_graph_with_scaffolds.gfa

======= SPAdes pipeline finished WITH WARNINGS!

=== Error correction and assembling warnings:
 * 0:00:10.477    44M / 1869M WARN    General                 (pair_info_count.cpp       : 376)   Estimated mean insert size 285.495 is very small compared to read length 301
======= Warnings saved to /data/djs217/PROJECTS/10_X_fragariae_feb_2024/04_spades/NCPPB_2473.spades/warnings.log

SPAdes log can be found here: /data/djs217/PROJECTS/10_X_fragariae_feb_2024/04_spades/NCPPB_2473.spades/spades.log

Thank you for using SPAdes!
