Command line: /data/djs217/anaconda3/envs/spades-env/bin/spades.py	--careful	-o	/data/djs217/PROJECTS/10_X_fragariae_feb_2024/04_spades/NCPPB_2949.spades	-1	/data/djs217/PROJECTS/10_X_fragariae_feb_2024/04_spades/NCPPB_2949.1_val_1.fq.gz	-2	/data/djs217/PROJECTS/10_X_fragariae_feb_2024/04_spades/NCPPB_2949.2_val_2.fq.gz	

System information:
  SPAdes version: 3.15.5
  Python version: 3.12.0
  OS: Linux-5.15.0-91-generic-x86_64-with-glibc2.35

Output dir: /data/djs217/PROJECTS/10_X_fragariae_feb_2024/04_spades/NCPPB_2949.spades
Mode: read error correction and assembling
Debug mode is turned OFF

Dataset parameters:
  Standard mode
  For multi-cell/isolate data we recommend to use '--isolate' option; for single-cell MDA data use '--sc'; for metagenomic data use '--meta'; for RNA-Seq use '--rna'.
  Reads:
    Library number: 1, library type: paired-end
      orientation: fr
      left reads: ['/data/djs217/PROJECTS/10_X_fragariae_feb_2024/04_spades/NCPPB_2949.1_val_1.fq.gz']
      right reads: ['/data/djs217/PROJECTS/10_X_fragariae_feb_2024/04_spades/NCPPB_2949.2_val_2.fq.gz']
      interlaced reads: not specified
      single reads: not specified
      merged reads: not specified
Read error correction parameters:
  Iterations: 1
  PHRED offset will be auto-detected
  Corrected reads will be compressed
Assembly parameters:
  k: automatic selection based on read length
  Repeat resolution is enabled
  Mismatch careful mode is turned ON
  MismatchCorrector will be used
  Coverage cutoff is turned OFF
Other parameters:
  Dir for temp files: /data/djs217/PROJECTS/10_X_fragariae_feb_2024/04_spades/NCPPB_2949.spades/tmp
  Threads: 16
  Memory limit (in Gb): 62


======= SPAdes pipeline started. Log can be found here: /data/djs217/PROJECTS/10_X_fragariae_feb_2024/04_spades/NCPPB_2949.spades/spades.log

/data/djs217/PROJECTS/10_X_fragariae_feb_2024/04_spades/NCPPB_2949.1_val_1.fq.gz: max reads length: 301
/data/djs217/PROJECTS/10_X_fragariae_feb_2024/04_spades/NCPPB_2949.2_val_2.fq.gz: max reads length: 301

Reads length: 301

Default k-mer sizes were set to [21, 33, 55, 77, 99, 127] because estimated read length (301) is equal to or greater than 250

===== Before start started. 


===== Read error correction started. 


===== Read error correction started. 


== Running: /data/djs217/anaconda3/envs/spades-env/bin/spades-hammer /data/djs217/PROJECTS/10_X_fragariae_feb_2024/04_spades/NCPPB_2949.spades/corrected/configs/config.info

  0:00:00.000     1M / 19M   INFO    General                 (main.cpp                  :  75)   Starting BayesHammer, built from N/A, git revision N/A
  0:00:00.006     1M / 19M   INFO    General                 (main.cpp                  :  76)   Loading config from /data/djs217/PROJECTS/10_X_fragariae_feb_2024/04_spades/NCPPB_2949.spades/corrected/configs/config.info
  0:00:00.007     1M / 19M   INFO    General                 (main.cpp                  :  78)   Maximum # of threads to use (adjusted due to OMP capabilities): 16
  0:00:00.007     1M / 19M   INFO    General                 (memory_limit.cpp          :  54)   Memory limit set to 62 Gb
  0:00:00.007     1M / 19M   INFO    General                 (main.cpp                  :  86)   Trying to determine PHRED offset
  0:00:00.010     1M / 19M   INFO    General                 (main.cpp                  :  92)   Determined value is 33
  0:00:00.010     1M / 19M   INFO    General                 (hammer_tools.cpp          :  38)   Hamming graph threshold tau=1, k=21, subkmer positions = [ 0 10 ]
  0:00:00.010     1M / 19M   INFO    General                 (main.cpp                  : 113)   Size of aux. kmer data 24 bytes
     === ITERATION 0 begins ===
  0:00:00.011     1M / 19M   INFO    General                 (kmer_index_builder.hpp    : 243)   Splitting kmer instances into 16 files using 16 threads. This might take a while.
  0:00:00.011     1M / 19M   INFO    General                 (file_limit.hpp            :  42)   Open file limit set to 1024
  0:00:00.011     1M / 19M   INFO    General                 (kmer_splitter.hpp         :  93)   Memory available for splitting buffers: 1.29166 Gb
  0:00:00.011     1M / 19M   INFO    General                 (kmer_splitter.hpp         : 101)   Using cell size of 4194304
  0:00:00.014  9217M / 9217M INFO   K-mer Splitting          (kmer_data.cpp             :  97)   Processing /data/djs217/PROJECTS/10_X_fragariae_feb_2024/04_spades/NCPPB_2949.1_val_1.fq.gz
  0:00:04.095  9217M / 9217M INFO   K-mer Splitting          (kmer_data.cpp             : 107)   Processed 502198 reads
  0:00:04.095  9217M / 9217M INFO   K-mer Splitting          (kmer_data.cpp             :  97)   Processing /data/djs217/PROJECTS/10_X_fragariae_feb_2024/04_spades/NCPPB_2949.2_val_2.fq.gz
  0:00:07.122  9217M / 9217M INFO   K-mer Splitting          (kmer_data.cpp             : 107)   Processed 1004396 reads
  0:00:07.122  9217M / 9217M INFO   K-mer Splitting          (kmer_data.cpp             : 112)   Total 1004396 reads processed
  0:00:07.123     1M / 3113M INFO    General                 (kmer_index_builder.hpp    : 249)   Starting k-mer counting.
  0:00:07.299     1M / 3113M INFO    General                 (kmer_index_builder.hpp    : 260)   K-mer counting done. There are 19848430 kmers in total.
  0:00:07.300     1M / 3113M INFO   K-mer Index Building     (kmer_index_builder.hpp    : 395)   Building perfect hash indices
  0:00:07.467    15M / 3113M INFO   K-mer Index Building     (kmer_index_builder.hpp    : 431)   Index built. Total 19848430 kmers, 14347768 bytes occupied (5.78293 bits per kmer).
  0:00:07.467    15M / 3113M INFO   K-mer Counting           (kmer_data.cpp             : 354)   Arranging kmers in hash map order
  0:00:07.914   320M / 3113M INFO    General                 (main.cpp                  : 148)   Clustering Hamming graph.
  0:00:13.183   320M / 3113M INFO    General                 (main.cpp                  : 155)   Extracting clusters:
  0:00:13.183   320M / 3113M INFO    General                 (concurrent_dsu.cpp        :  18)   Connecting to root
  0:00:13.216   320M / 3113M INFO    General                 (concurrent_dsu.cpp        :  34)   Calculating counts
  0:00:14.312   592M / 3113M INFO    General                 (concurrent_dsu.cpp        :  63)   Writing down entries
  0:00:16.032   320M / 3113M INFO    General                 (main.cpp                  : 167)   Clustering done. Total clusters: 8403682
  0:00:16.040   168M / 3113M INFO   K-mer Counting           (kmer_data.cpp             : 371)   Collecting K-mer information, this takes a while.
  0:00:16.209   624M / 3113M INFO   K-mer Counting           (kmer_data.cpp             : 377)   Processing /data/djs217/PROJECTS/10_X_fragariae_feb_2024/04_spades/NCPPB_2949.1_val_1.fq.gz
  0:00:21.892   624M / 3113M INFO   K-mer Counting           (kmer_data.cpp             : 377)   Processing /data/djs217/PROJECTS/10_X_fragariae_feb_2024/04_spades/NCPPB_2949.2_val_2.fq.gz
  0:00:26.280   624M / 3113M INFO   K-mer Counting           (kmer_data.cpp             : 384)   Collection done, postprocessing.
  0:00:26.349   624M / 3113M INFO   K-mer Counting           (kmer_data.cpp             : 397)   There are 19848430 kmers in total. Among them 11256604 (56.7128%) are singletons.
  0:00:26.350   624M / 3113M INFO    General                 (main.cpp                  : 173)   Subclustering Hamming graph
  0:00:28.188   624M / 3113M INFO   Hamming Subclustering    (kmer_cluster.cpp          : 650)   Subclustering done. Total 21 non-read kmers were generated.
  0:00:28.188   624M / 3113M INFO   Hamming Subclustering    (kmer_cluster.cpp          : 651)   Subclustering statistics:
  0:00:28.189   624M / 3113M INFO   Hamming Subclustering    (kmer_cluster.cpp          : 652)     Total singleton hamming clusters: 2791012. Among them 2070454 (74.1829%) are good
  0:00:28.189   624M / 3113M INFO   Hamming Subclustering    (kmer_cluster.cpp          : 653)     Total singleton subclusters: 41278. Among them 40944 (99.1909%) are good
  0:00:28.189   624M / 3113M INFO   Hamming Subclustering    (kmer_cluster.cpp          : 654)     Total non-singleton subcluster centers: 5720684. Among them 4043803 (70.6874%) are good
  0:00:28.189   624M / 3113M INFO   Hamming Subclustering    (kmer_cluster.cpp          : 655)     Average size of non-trivial subcluster: 2.98171 kmers
  0:00:28.189   624M / 3113M INFO   Hamming Subclustering    (kmer_cluster.cpp          : 656)     Average number of sub-clusters per non-singleton cluster: 1.0266
  0:00:28.189   624M / 3113M INFO   Hamming Subclustering    (kmer_cluster.cpp          : 657)     Total solid k-mers: 6155201
  0:00:28.189   624M / 3113M INFO   Hamming Subclustering    (kmer_cluster.cpp          : 658)     Substitution probabilities: [4,4]((0.937282,0.0336382,0.0178024,0.0112772),(0.0184082,0.960887,0.0080699,0.0126352),(0.0126199,0.00806526,0.96089,0.0184247),(0.0112664,0.0177818,0.0336121,0.93734))
  0:00:28.200   624M / 3113M INFO    General                 (main.cpp                  : 178)   Finished clustering.
  0:00:28.201   624M / 3113M INFO    General                 (main.cpp                  : 197)   Starting solid k-mers expansion in 16 threads.
  0:00:31.750   624M / 3113M INFO    General                 (main.cpp                  : 218)   Solid k-mers iteration 0 produced 37142 new k-mers.
  0:00:35.294   624M / 3113M INFO    General                 (main.cpp                  : 218)   Solid k-mers iteration 1 produced 888 new k-mers.
  0:00:38.838   624M / 3113M INFO    General                 (main.cpp                  : 218)   Solid k-mers iteration 2 produced 20 new k-mers.
  0:00:42.384   624M / 3113M INFO    General                 (main.cpp                  : 218)   Solid k-mers iteration 3 produced 0 new k-mers.
  0:00:42.385   624M / 3113M INFO    General                 (main.cpp                  : 222)   Solid k-mers finalized
  0:00:42.385   624M / 3113M INFO    General                 (hammer_tools.cpp          : 222)   Starting read correction in 16 threads.
  0:00:42.385   624M / 3113M INFO    General                 (hammer_tools.cpp          : 235)   Correcting pair of reads: /data/djs217/PROJECTS/10_X_fragariae_feb_2024/04_spades/NCPPB_2949.1_val_1.fq.gz and /data/djs217/PROJECTS/10_X_fragariae_feb_2024/04_spades/NCPPB_2949.2_val_2.fq.gz
  0:00:45.557  1452M / 3113M INFO    General                 (hammer_tools.cpp          : 170)   Prepared batch 0 of 502198 reads.
  0:00:48.945  1498M / 3113M INFO    General                 (hammer_tools.cpp          : 177)   Processed batch 0
  0:00:49.699  1498M / 3113M INFO    General                 (hammer_tools.cpp          : 187)   Written batch 0
  0:00:49.884   624M / 3113M INFO    General                 (hammer_tools.cpp          : 276)   Correction done. Changed 352010 bases in 259795 reads.
  0:00:49.894   624M / 3113M INFO    General                 (hammer_tools.cpp          : 277)   Failed to correct 279 bases out of 201494041.
  0:00:49.928     1M / 3113M INFO    General                 (main.cpp                  : 255)   Saving corrected dataset description to /data/djs217/PROJECTS/10_X_fragariae_feb_2024/04_spades/NCPPB_2949.spades/corrected/corrected.yaml
  0:00:49.928     1M / 3113M INFO    General                 (main.cpp                  : 262)   All done. Exiting.

===== Read error correction finished. 


===== corrected reads compression started. 


== Running: /data/djs217/anaconda3/envs/spades-env/bin/python /data/djs217/anaconda3/envs/spades-env/share/spades/spades_pipeline/scripts/compress_all.py --input_file /data/djs217/PROJECTS/10_X_fragariae_feb_2024/04_spades/NCPPB_2949.spades/corrected/corrected.yaml --ext_python_modules_home /data/djs217/anaconda3/envs/spades-env/share/spades --max_threads 16 --output_dir /data/djs217/PROJECTS/10_X_fragariae_feb_2024/04_spades/NCPPB_2949.spades/corrected --gzip_output

== Compressing corrected reads (with pigz)
== Files to compress: ['/data/djs217/PROJECTS/10_X_fragariae_feb_2024/04_spades/NCPPB_2949.spades/corrected/NCPPB_2949.1_val_1.fq.00.0_0.cor.fastq', '/data/djs217/PROJECTS/10_X_fragariae_feb_2024/04_spades/NCPPB_2949.spades/corrected/NCPPB_2949.2_val_2.fq.00.0_0.cor.fastq', '/data/djs217/PROJECTS/10_X_fragariae_feb_2024/04_spades/NCPPB_2949.spades/corrected/NCPPB_2949._unpaired.00.0_0.cor.fastq']
== Files compression is finished
== Dataset yaml file is updated

===== corrected reads compression finished. 


===== Read error correction finished. 


===== Assembling started. 


===== K21 started. 


== Running: /data/djs217/anaconda3/envs/spades-env/bin/spades-core /data/djs217/PROJECTS/10_X_fragariae_feb_2024/04_spades/NCPPB_2949.spades/K21/configs/config.info /data/djs217/PROJECTS/10_X_fragariae_feb_2024/04_spades/NCPPB_2949.spades/K21/configs/careful_mode.info

  0:00:00.000     1M / 19M   INFO    General                 (main.cpp                  :  99)   Loaded config from /data/djs217/PROJECTS/10_X_fragariae_feb_2024/04_spades/NCPPB_2949.spades/K21/configs/config.info
  0:00:00.002     1M / 19M   INFO    General                 (main.cpp                  :  99)   Loaded config from /data/djs217/PROJECTS/10_X_fragariae_feb_2024/04_spades/NCPPB_2949.spades/K21/configs/careful_mode.info
  0:00:00.002     1M / 19M   INFO    General                 (memory_limit.cpp          :  54)   Memory limit set to 62 Gb
  0:00:00.002     1M / 19M   INFO    General                 (main.cpp                  : 107)   Starting SPAdes, built from N/A, git revision N/A
  0:00:00.002     1M / 19M   INFO    General                 (main.cpp                  : 108)   Maximum k-mer length: 128
  0:00:00.002     1M / 19M   INFO    General                 (main.cpp                  : 109)   Assembling dataset (/data/djs217/PROJECTS/10_X_fragariae_feb_2024/04_spades/NCPPB_2949.spades/dataset.info) with K=21
  0:00:00.002     1M / 19M   INFO    General                 (main.cpp                  : 110)   Maximum # of threads to use (adjusted due to OMP capabilities): 16
  0:00:00.002     1M / 19M   INFO    General                 (pipeline.cpp              : 212)   SPAdes started
  0:00:00.002     1M / 19M   INFO    General                 (pipeline.cpp              : 225)   Starting from stage: read_conversion
  0:00:00.002     1M / 19M   INFO    General                 (pipeline.cpp              : 231)   Two-step repeat resolution disabled
  0:00:00.002     1M / 19M   INFO   GraphCore                (graph_core.hpp            : 672)   Graph created, vertex min_id: 3, edge min_id: 3
  0:00:00.002     1M / 19M   INFO   GraphCore                (graph_core.hpp            : 673)   Vertex size: 48, edge size: 40
  0:00:00.002     1M / 19M   INFO    General                 (edge_index.hpp            : 113)   Size of edge index entries: 12/8
  0:00:00.002     1M / 19M   INFO   StageManager             (stage.cpp                 : 185)   STAGE == Binary Read Conversion (id: read_conversion)
  0:00:00.004     1M / 19M   INFO    General                 (read_converter.cpp        :  72)   Converting reads to binary format for library #0 (takes a while)
  0:00:00.004     1M / 19M   INFO    General                 (read_converter.cpp        :  73)   Converting paired reads
  0:00:00.747    69M / 107M  INFO    General                 (binary_converter.cpp      :  96)   16384 reads processed
  0:00:00.767    76M / 121M  INFO    General                 (binary_converter.cpp      :  96)   32768 reads processed
  0:00:00.806    91M / 148M  INFO    General                 (binary_converter.cpp      :  96)   65536 reads processed
  0:00:01.149    76M / 201M  INFO    General                 (binary_converter.cpp      :  96)   131072 reads processed
  0:00:01.761    89M / 263M  INFO    General                 (binary_converter.cpp      :  96)   262144 reads processed
  0:00:03.018    63M / 302M  INFO    General                 (binary_converter.cpp      : 111)   501142 reads written
  0:00:03.018    41M / 302M  INFO    General                 (read_converter.cpp        :  86)   Converting single reads
  0:00:03.055    71M / 302M  INFO    General                 (binary_converter.cpp      : 111)   1043 reads written
  0:00:03.056    61M / 302M  INFO    General                 (read_converter.cpp        :  92)   Converting merged reads
  0:00:03.056    71M / 302M  INFO    General                 (binary_converter.cpp      : 111)   0 reads written
  0:00:03.096     1M / 304M  INFO   StageManager             (stage.cpp                 : 185)   STAGE == de Bruijn graph construction (id: construction)
  0:00:03.107     1M / 304M  INFO    General                 (construction.cpp          : 153)   Max read length 301
  0:00:03.107     1M / 304M  INFO    General                 (construction.cpp          : 159)   Average read length 200.803
  0:00:03.107     1M / 304M  INFO    General                 (stage.cpp                 : 117)   PROCEDURE == k+1-mer counting (id: construction:kpomer_counting)
  0:00:03.107     1M / 304M  INFO    General                 (kmer_index_builder.hpp    : 243)   Splitting kmer instances into 160 files using 16 threads. This might take a while.
  0:00:03.107     1M / 304M  INFO    General                 (file_limit.hpp            :  42)   Open file limit set to 1024
  0:00:03.107     1M / 304M  INFO    General                 (kmer_splitter.hpp         :  93)   Memory available for splitting buffers: 1.29165 Gb
  0:00:03.107     1M / 304M  INFO    General                 (kmer_splitter.hpp         : 101)   Using cell size of 419430
  0:00:04.931  9601M / 9601M INFO    General                 (kmer_splitters.hpp        : 125)   Processed 2006654 reads
  0:00:04.935     1M / 1727M INFO    General                 (kmer_splitters.hpp        : 131)   Used 2006654 reads
  0:00:05.063     1M / 1727M INFO    General                 (kmer_index_builder.hpp    : 249)   Starting k-mer counting.
  0:00:05.118     1M / 1727M INFO    General                 (kmer_index_builder.hpp    : 260)   K-mer counting done. There are 4038158 kmers in total.
  0:00:05.118     1M / 1727M INFO    General                 (stage.cpp                 : 117)   PROCEDURE == Extension index construction (id: construction:extension_index_construction)
  0:00:05.120     1M / 1727M INFO   K-mer Index Building     (kmer_index_builder.hpp    : 438)   Building kmer index
  0:00:05.120     1M / 1727M INFO    General                 (kmer_index_builder.hpp    : 243)   Splitting kmer instances into 160 files using 16 threads. This might take a while.
  0:00:05.121     1M / 1727M INFO    General                 (file_limit.hpp            :  42)   Open file limit set to 1024
  0:00:05.121     1M / 1727M INFO    General                 (kmer_splitter.hpp         :  93)   Memory available for splitting buffers: 1.29165 Gb
  0:00:05.121     1M / 1727M INFO    General                 (kmer_splitter.hpp         : 101)   Using cell size of 419430
  0:00:05.307  9601M / 9601M INFO    General                 (kmer_splitters.hpp        : 194)   Processed 4038158 kmers
  0:00:05.307  9601M / 9601M INFO    General                 (kmer_splitters.hpp        : 199)   Used 4038158 kmers.
  0:00:05.310     1M / 1727M INFO    General                 (kmer_index_builder.hpp    : 249)   Starting k-mer counting.
  0:00:05.346     1M / 1727M INFO    General                 (kmer_index_builder.hpp    : 260)   K-mer counting done. There are 4031285 kmers in total.
  0:00:05.346     1M / 1727M INFO   K-mer Index Building     (kmer_index_builder.hpp    : 395)   Building perfect hash indices
  0:00:05.396     5M / 1727M INFO   K-mer Index Building     (kmer_index_builder.hpp    : 431)   Index built. Total 4031285 kmers, 3031808 bytes occupied (6.01656 bits per kmer).
  0:00:05.396     5M / 1727M INFO    General                 (kmer_index_builder.hpp    : 169)   Merging final buckets.
  0:00:05.502     9M / 1727M INFO   DeBruijnExtensionIndexBu (kmer_extension_index_build: 100)   Building k-mer extensions from k+1-mers
  0:00:05.635     9M / 1727M INFO   DeBruijnExtensionIndexBu (kmer_extension_index_build: 105)   Building k-mer extensions from k+1-mers finished.
  0:00:05.641     9M / 1727M INFO    General                 (stage.cpp                 : 117)   PROCEDURE == Early tip clipping (id: construction:early_tip_clipper)
  0:00:05.641     9M / 1727M INFO    General                 (construction.cpp          : 301)   Early tip clipper length bound set as (RL - K)
  0:00:05.641     9M / 1727M INFO   Early tip clipping       (early_simplification.hpp  :  47)   Early tip clipping
  0:00:05.705     9M / 1727M INFO   Early tip clipping       (early_simplification.hpp  :  82)   #tipped junctions: 6422
  0:00:05.705     9M / 1727M INFO   Early tip clipping       (early_simplification.hpp  :  93)   Clipped tips: 6433
  0:00:05.710     9M / 1727M INFO   Early tip clipping       (early_simplification.hpp  :  49)   56464 22-mers were removed by early tip clipper
  0:00:05.710     9M / 1727M INFO    General                 (stage.cpp                 : 117)   PROCEDURE == Condensing graph (id: construction:graph_condensing)
  0:00:05.711     9M / 1727M INFO   UnbranchingPathExtractor (debruijn_graph_constructor: 354)   Extracting unbranching paths
  0:00:05.807    10M / 1727M INFO   UnbranchingPathExtractor (debruijn_graph_constructor: 373)   Extracting unbranching paths finished. 19929 sequences extracted
  0:00:05.896    10M / 1727M INFO   UnbranchingPathExtractor (debruijn_graph_constructor: 309)   Collecting perfect loops
  0:00:05.921    10M / 1727M INFO   UnbranchingPathExtractor (debruijn_graph_constructor: 342)   Collecting perfect loops finished. 2 loops collected
  0:00:05.930    10M / 1727M INFO    General                 (debruijn_graph_constructor: 487)   Total 39862 edges to create
  0:00:05.930    12M / 1727M INFO    General                 (debruijn_graph_constructor: 489)   Collecting link records
  0:00:05.954    13M / 1727M INFO    General                 (debruijn_graph_constructor: 491)   Ordering link records
  0:00:05.954    13M / 1727M INFO    General                 (debruijn_graph_constructor: 493)   Sorting done
  0:00:05.955    13M / 1727M INFO    General                 (debruijn_graph_constructor: 503)   Total 13058 vertices to create
  0:00:05.955    14M / 1727M INFO    General                 (debruijn_graph_constructor: 506)   Connecting the graph
  0:00:05.971    13M / 1727M INFO    General                 (stage.cpp                 : 117)   PROCEDURE == Filling coverage indices (PHM) (id: construction:coverage_filling_phm)
  0:00:05.971    13M / 1727M INFO   K-mer Index Building     (kmer_index_builder.hpp    : 395)   Building perfect hash indices
  0:00:06.014    17M / 1727M INFO   K-mer Index Building     (kmer_index_builder.hpp    : 431)   Index built. Total 4038158 kmers, 3036872 bytes occupied (6.01635 bits per kmer).
  0:00:06.017    33M / 1727M INFO    General                 (coverage_hash_map_builder.:  47)   Collecting k-mer coverage information from reads, this takes a while.
  0:00:07.644    33M / 1727M INFO    General                 (construction.cpp          : 430)   Filling coverage and flanking coverage from PHM
  0:00:07.721    33M / 1727M INFO    General                 (coverage_filling.hpp      :  82)   Processed 39802 edges
  0:00:07.735     5M / 1727M INFO   StageManager             (stage.cpp                 : 185)   STAGE == EC Threshold Finding (id: ec_threshold_finder)
  0:00:07.735     5M / 1727M INFO    General                 (kmer_coverage_model.cpp   : 181)   Kmer coverage valley at: 7
  0:00:07.735     5M / 1727M INFO    General                 (kmer_coverage_model.cpp   : 201)   K-mer histogram maximum: 41
  0:00:07.735     5M / 1727M INFO    General                 (kmer_coverage_model.cpp   : 237)   Estimated median coverage: 41. Coverage mad: 11.8608
  0:00:07.735     5M / 1727M INFO    General                 (kmer_coverage_model.cpp   : 259)   Fitting coverage model
  0:00:07.759     5M / 1727M INFO    General                 (kmer_coverage_model.cpp   : 295)   ... iteration 2
  0:00:07.817     5M / 1727M INFO    General                 (kmer_coverage_model.cpp   : 295)   ... iteration 4
  0:00:08.088     5M / 1727M INFO    General                 (kmer_coverage_model.cpp   : 295)   ... iteration 8
  0:00:08.253     5M / 1727M INFO    General                 (kmer_coverage_model.cpp   : 309)   Fitted mean coverage: 41.5523. Fitted coverage std. dev: 9.72359
  0:00:08.254     5M / 1727M INFO    General                 (kmer_coverage_model.cpp   : 334)   Probability of erroneous kmer at valley: 0.00635059
  0:00:08.254     5M / 1727M INFO    General                 (kmer_coverage_model.cpp   : 358)   Preliminary threshold calculated as: 7
  0:00:08.254     5M / 1727M INFO    General                 (kmer_coverage_model.cpp   : 362)   Threshold adjusted to: 7
  0:00:08.254     5M / 1727M INFO    General                 (kmer_coverage_model.cpp   : 375)   Estimated genome size (ignoring repeats): 3873449
  0:00:08.254     5M / 1727M INFO    General                 (genomic_info_filler.cpp   :  55)   Mean coverage was calculated as 41.5523
  0:00:08.254     5M / 1727M INFO    General                 (genomic_info_filler.cpp   :  70)   EC coverage threshold value was calculated as 7
  0:00:08.254     5M / 1727M INFO    General                 (genomic_info_filler.cpp   :  71)   Trusted kmer low bound: 0
  0:00:08.254     5M / 1727M INFO   StageManager             (stage.cpp                 : 185)   STAGE == Raw Simplification (id: raw_simplification)
  0:00:08.254     5M / 1727M INFO    General                 (simplification.cpp        : 127)   PROCEDURE == Initial cleaning
  0:00:08.254     5M / 1727M INFO    General                 (graph_simplification.hpp  : 662)   Flanking coverage based disconnection disabled
  0:00:08.254     5M / 1727M INFO   Simplification           (parallel_processing.hpp   : 167)   Running Self conjugate edge remover
  0:00:08.256     5M / 1727M INFO   Simplification           (parallel_processing.hpp   : 170)   Self conjugate edge remover triggered 0 times
  0:00:08.256     5M / 1727M INFO   StageManager             (stage.cpp                 : 185)   STAGE == Simplification (id: simplification)
  0:00:08.256     5M / 1727M INFO    General                 (simplification.cpp        : 368)   Graph simplification started
  0:00:08.256     5M / 1727M INFO    General                 (graph_simplification.hpp  : 634)   Creating parallel br instance
  0:00:08.256     5M / 1727M INFO    General                 (simplification.cpp        : 373)   PROCEDURE == Simplification cycle, iteration 1
  0:00:08.256     5M / 1727M INFO   Simplification           (parallel_processing.hpp   : 167)   Running Tip clipper
  0:00:08.257     5M / 1727M INFO   Simplification           (parallel_processing.hpp   : 170)   Tip clipper triggered 29 times
  0:00:08.257     5M / 1727M INFO   Simplification           (parallel_processing.hpp   : 167)   Running Bulge remover
  0:00:08.312     5M / 1727M INFO   Simplification           (parallel_processing.hpp   : 170)   Bulge remover triggered 2217 times
  0:00:08.312     5M / 1727M INFO   Simplification           (parallel_processing.hpp   : 167)   Running Low coverage edge remover
  0:00:08.313     5M / 1727M INFO   Simplification           (parallel_processing.hpp   : 170)   Low coverage edge remover triggered 0 times
  0:00:08.313     5M / 1727M INFO    General                 (simplification.cpp        : 373)   PROCEDURE == Simplification cycle, iteration 2
  0:00:08.313     5M / 1727M INFO   Simplification           (parallel_processing.hpp   : 167)   Running Tip clipper
  0:00:08.314     5M / 1727M INFO   Simplification           (parallel_processing.hpp   : 170)   Tip clipper triggered 2 times
  0:00:08.314     5M / 1727M INFO   Simplification           (parallel_processing.hpp   : 167)   Running Bulge remover
  0:00:08.314     5M / 1727M INFO   Simplification           (parallel_processing.hpp   : 170)   Bulge remover triggered 0 times
  0:00:08.314     5M / 1727M INFO   Simplification           (parallel_processing.hpp   : 167)   Running Low coverage edge remover
  0:00:08.338     5M / 1727M INFO   Simplification           (parallel_processing.hpp   : 170)   Low coverage edge remover triggered 1656 times
  0:00:08.338     5M / 1727M INFO    General                 (simplification.cpp        : 373)   PROCEDURE == Simplification cycle, iteration 3
  0:00:08.338     5M / 1727M INFO   Simplification           (parallel_processing.hpp   : 167)   Running Tip clipper
  0:00:08.339     5M / 1727M INFO   Simplification           (parallel_processing.hpp   : 170)   Tip clipper triggered 7 times
  0:00:08.339     5M / 1727M INFO   Simplification           (parallel_processing.hpp   : 167)   Running Bulge remover
  0:00:08.346     5M / 1727M INFO   Simplification           (parallel_processing.hpp   : 170)   Bulge remover triggered 191 times
  0:00:08.346     5M / 1727M INFO   Simplification           (parallel_processing.hpp   : 167)   Running Low coverage edge remover
  0:00:08.355     5M / 1727M INFO   Simplification           (parallel_processing.hpp   : 170)   Low coverage edge remover triggered 396 times
  0:00:08.355     5M / 1727M INFO    General                 (simplification.cpp        : 373)   PROCEDURE == Simplification cycle, iteration 4
  0:00:08.355     5M / 1727M INFO   Simplification           (parallel_processing.hpp   : 167)   Running Tip clipper
  0:00:08.356     5M / 1727M INFO   Simplification           (parallel_processing.hpp   : 170)   Tip clipper triggered 0 times
  0:00:08.356     5M / 1727M INFO   Simplification           (parallel_processing.hpp   : 167)   Running Bulge remover
  0:00:08.357     5M / 1727M INFO   Simplification           (parallel_processing.hpp   : 170)   Bulge remover triggered 61 times
  0:00:08.357     5M / 1727M INFO   Simplification           (parallel_processing.hpp   : 167)   Running Low coverage edge remover
  0:00:08.358     5M / 1727M INFO   Simplification           (parallel_processing.hpp   : 170)   Low coverage edge remover triggered 34 times
  0:00:08.358     5M / 1727M INFO    General                 (simplification.cpp        : 373)   PROCEDURE == Simplification cycle, iteration 5
  0:00:08.358     5M / 1727M INFO   Simplification           (parallel_processing.hpp   : 167)   Running Tip clipper
  0:00:08.358     5M / 1727M INFO   Simplification           (parallel_processing.hpp   : 170)   Tip clipper triggered 1 times
  0:00:08.358     5M / 1727M INFO   Simplification           (parallel_processing.hpp   : 167)   Running Bulge remover
  0:00:08.358     5M / 1727M INFO   Simplification           (parallel_processing.hpp   : 170)   Bulge remover triggered 8 times
  0:00:08.358     5M / 1727M INFO   Simplification           (parallel_processing.hpp   : 167)   Running Low coverage edge remover
  0:00:08.359     5M / 1727M INFO   Simplification           (parallel_processing.hpp   : 170)   Low coverage edge remover triggered 43 times
  0:00:08.359     5M / 1727M INFO    General                 (simplification.cpp        : 373)   PROCEDURE == Simplification cycle, iteration 6
  0:00:08.359     5M / 1727M INFO   Simplification           (parallel_processing.hpp   : 167)   Running Tip clipper
  0:00:08.359     5M / 1727M INFO   Simplification           (parallel_processing.hpp   : 170)   Tip clipper triggered 0 times
  0:00:08.359     5M / 1727M INFO   Simplification           (parallel_processing.hpp   : 167)   Running Bulge remover
  0:00:08.359     5M / 1727M INFO   Simplification           (parallel_processing.hpp   : 170)   Bulge remover triggered 9 times
  0:00:08.359     5M / 1727M INFO   Simplification           (parallel_processing.hpp   : 167)   Running Low coverage edge remover
  0:00:08.360     5M / 1727M INFO   Simplification           (parallel_processing.hpp   : 170)   Low coverage edge remover triggered 47 times
  0:00:08.360     5M / 1727M INFO    General                 (simplification.cpp        : 373)   PROCEDURE == Simplification cycle, iteration 7
  0:00:08.360     5M / 1727M INFO   Simplification           (parallel_processing.hpp   : 167)   Running Tip clipper
  0:00:08.360     5M / 1727M INFO   Simplification           (parallel_processing.hpp   : 170)   Tip clipper triggered 0 times
  0:00:08.360     5M / 1727M INFO   Simplification           (parallel_processing.hpp   : 167)   Running Bulge remover
  0:00:08.360     5M / 1727M INFO   Simplification           (parallel_processing.hpp   : 170)   Bulge remover triggered 6 times
  0:00:08.360     5M / 1727M INFO   Simplification           (parallel_processing.hpp   : 167)   Running Low coverage edge remover
  0:00:08.360     5M / 1727M INFO   Simplification           (parallel_processing.hpp   : 170)   Low coverage edge remover triggered 7 times
  0:00:08.360     5M / 1727M INFO    General                 (simplification.cpp        : 373)   PROCEDURE == Simplification cycle, iteration 8
  0:00:08.360     5M / 1727M INFO   Simplification           (parallel_processing.hpp   : 167)   Running Tip clipper
  0:00:08.360     5M / 1727M INFO   Simplification           (parallel_processing.hpp   : 170)   Tip clipper triggered 0 times
  0:00:08.360     5M / 1727M INFO   Simplification           (parallel_processing.hpp   : 167)   Running Bulge remover
  0:00:08.360     5M / 1727M INFO   Simplification           (parallel_processing.hpp   : 170)   Bulge remover triggered 2 times
  0:00:08.360     5M / 1727M INFO   Simplification           (parallel_processing.hpp   : 167)   Running Low coverage edge remover
  0:00:08.360     5M / 1727M INFO   Simplification           (parallel_processing.hpp   : 170)   Low coverage edge remover triggered 10 times
  0:00:08.360     5M / 1727M INFO    General                 (simplification.cpp        : 373)   PROCEDURE == Simplification cycle, iteration 9
  0:00:08.360     5M / 1727M INFO   Simplification           (parallel_processing.hpp   : 167)   Running Tip clipper
  0:00:08.360     5M / 1727M INFO   Simplification           (parallel_processing.hpp   : 170)   Tip clipper triggered 0 times
  0:00:08.360     5M / 1727M INFO   Simplification           (parallel_processing.hpp   : 167)   Running Bulge remover
  0:00:08.360     5M / 1727M INFO   Simplification           (parallel_processing.hpp   : 170)   Bulge remover triggered 6 times
  0:00:08.360     5M / 1727M INFO   Simplification           (parallel_processing.hpp   : 167)   Running Low coverage edge remover
  0:00:08.361     5M / 1727M INFO   Simplification           (parallel_processing.hpp   : 170)   Low coverage edge remover triggered 7 times
  0:00:08.361     5M / 1727M INFO    General                 (simplification.cpp        : 373)   PROCEDURE == Simplification cycle, iteration 10
  0:00:08.361     5M / 1727M INFO   Simplification           (parallel_processing.hpp   : 167)   Running Tip clipper
  0:00:08.361     5M / 1727M INFO   Simplification           (parallel_processing.hpp   : 170)   Tip clipper triggered 0 times
  0:00:08.361     5M / 1727M INFO   Simplification           (parallel_processing.hpp   : 167)   Running Bulge remover
  0:00:08.361     5M / 1727M INFO   Simplification           (parallel_processing.hpp   : 170)   Bulge remover triggered 0 times
  0:00:08.361     5M / 1727M INFO   Simplification           (parallel_processing.hpp   : 167)   Running Low coverage edge remover
  0:00:08.361     5M / 1727M INFO   Simplification           (parallel_processing.hpp   : 170)   Low coverage edge remover triggered 4 times
  0:00:08.361     5M / 1727M INFO    General                 (simplification.cpp        : 373)   PROCEDURE == Simplification cycle, iteration 11
  0:00:08.361     5M / 1727M INFO   Simplification           (parallel_processing.hpp   : 167)   Running Tip clipper
  0:00:08.361     5M / 1727M INFO   Simplification           (parallel_processing.hpp   : 170)   Tip clipper triggered 0 times
  0:00:08.361     5M / 1727M INFO   Simplification           (parallel_processing.hpp   : 167)   Running Bulge remover
  0:00:08.366     5M / 1727M INFO   Simplification           (parallel_processing.hpp   : 170)   Bulge remover triggered 19 times
  0:00:08.366     5M / 1727M INFO   Simplification           (parallel_processing.hpp   : 167)   Running Low coverage edge remover
  0:00:08.367     5M / 1727M INFO   Simplification           (parallel_processing.hpp   : 170)   Low coverage edge remover triggered 0 times
  0:00:08.367     5M / 1727M INFO    General                 (simplification.cpp        : 373)   PROCEDURE == Simplification cycle, iteration 12
  0:00:08.367     5M / 1727M INFO   Simplification           (parallel_processing.hpp   : 167)   Running Tip clipper
  0:00:08.367     5M / 1727M INFO   Simplification           (parallel_processing.hpp   : 170)   Tip clipper triggered 0 times
  0:00:08.367     5M / 1727M INFO   Simplification           (parallel_processing.hpp   : 167)   Running Bulge remover
  0:00:08.367     5M / 1727M INFO   Simplification           (parallel_processing.hpp   : 170)   Bulge remover triggered 0 times
  0:00:08.367     5M / 1727M INFO   Simplification           (parallel_processing.hpp   : 167)   Running Low coverage edge remover
  0:00:08.367     5M / 1727M INFO   Simplification           (parallel_processing.hpp   : 170)   Low coverage edge remover triggered 0 times
  0:00:08.367     5M / 1727M INFO   StageManager             (stage.cpp                 : 185)   STAGE == Simplification Cleanup (id: simplification_cleanup)
  0:00:08.367     5M / 1727M INFO    General                 (simplification.cpp        : 176)   PROCEDURE == Post simplification
  0:00:08.367     5M / 1727M INFO    General                 (graph_simplification.hpp  : 448)   Disconnection of relatively low covered edges disabled
  0:00:08.367     5M / 1727M INFO    General                 (graph_simplification.hpp  : 485)   Complex tip clipping disabled
  0:00:08.367     5M / 1727M INFO    General                 (graph_simplification.hpp  : 634)   Creating parallel br instance
  0:00:08.367     5M / 1727M INFO   Simplification           (parallel_processing.hpp   : 167)   Running Tip clipper
  0:00:08.367     5M / 1727M INFO   Simplification           (parallel_processing.hpp   : 170)   Tip clipper triggered 0 times
  0:00:08.367     5M / 1727M INFO   Simplification           (parallel_processing.hpp   : 167)   Running Bulge remover
  0:00:08.372     5M / 1727M INFO   Simplification           (parallel_processing.hpp   : 170)   Bulge remover triggered 0 times
  0:00:08.372     5M / 1727M INFO   Simplification           (parallel_processing.hpp   : 167)   Running Tip clipper
  0:00:08.372     5M / 1727M INFO   Simplification           (parallel_processing.hpp   : 170)   Tip clipper triggered 0 times
  0:00:08.372     5M / 1727M INFO   Simplification           (parallel_processing.hpp   : 167)   Running Bulge remover
  0:00:08.377     5M / 1727M INFO   Simplification           (parallel_processing.hpp   : 170)   Bulge remover triggered 0 times
  0:00:08.377     5M / 1727M INFO    General                 (simplification.cpp        : 327)   Disrupting self-conjugate edges
  0:00:08.378     5M / 1727M INFO   Simplification           (parallel_processing.hpp   : 167)   Running Removing isolated edges
  0:00:08.379     5M / 1727M INFO   Simplification           (parallel_processing.hpp   : 170)   Removing isolated edges triggered 162 times
  0:00:08.379     5M / 1727M INFO    General                 (simplification.cpp        : 495)   After simplification:
  0:00:08.379     5M / 1727M INFO    General                 (simplification.cpp        : 496)     Average coverage = 46.6947
  0:00:08.379     5M / 1727M INFO    General                 (simplification.cpp        : 497)     Total length = 3860399
  0:00:08.380     5M / 1727M INFO    General                 (simplification.cpp        : 498)     Median edge length: 6885
  0:00:08.380     5M / 1727M INFO    General                 (simplification.cpp        : 499)     Edges: 12610
  0:00:08.380     5M / 1727M INFO    General                 (simplification.cpp        : 500)     Vertices: 8012
  0:00:08.380     5M / 1727M INFO   StageManager             (stage.cpp                 : 185)   STAGE == Contig Output (id: contig_output)
  0:00:08.380     5M / 1727M INFO    General                 (read_converter.cpp        : 107)   Outputting contigs to /data/djs217/PROJECTS/10_X_fragariae_feb_2024/04_spades/NCPPB_2949.spades/K21/simplified_contigs
  0:00:08.386     7M / 1727M INFO    General                 (binary_converter.cpp      : 111)   6318 reads written
  0:00:08.391     5M / 1727M INFO    General                 (pipeline.cpp              : 287)   SPAdes finished
  0:00:08.393     1M / 1727M INFO    General                 (main.cpp                  : 136)   Assembling time: 0 hours 0 minutes 8 seconds

===== K21 finished. 


===== K33 started. 


== Running: /data/djs217/anaconda3/envs/spades-env/bin/spades-core /data/djs217/PROJECTS/10_X_fragariae_feb_2024/04_spades/NCPPB_2949.spades/K33/configs/config.info /data/djs217/PROJECTS/10_X_fragariae_feb_2024/04_spades/NCPPB_2949.spades/K33/configs/careful_mode.info

  0:00:00.000     1M / 19M   INFO    General                 (main.cpp                  :  99)   Loaded config from /data/djs217/PROJECTS/10_X_fragariae_feb_2024/04_spades/NCPPB_2949.spades/K33/configs/config.info
  0:00:00.001     1M / 19M   INFO    General                 (main.cpp                  :  99)   Loaded config from /data/djs217/PROJECTS/10_X_fragariae_feb_2024/04_spades/NCPPB_2949.spades/K33/configs/careful_mode.info
  0:00:00.001     1M / 19M   INFO    General                 (memory_limit.cpp          :  54)   Memory limit set to 62 Gb
  0:00:00.001     1M / 19M   INFO    General                 (main.cpp                  : 107)   Starting SPAdes, built from N/A, git revision N/A
  0:00:00.001     1M / 19M   INFO    General                 (main.cpp                  : 108)   Maximum k-mer length: 128
  0:00:00.001     1M / 19M   INFO    General                 (main.cpp                  : 109)   Assembling dataset (/data/djs217/PROJECTS/10_X_fragariae_feb_2024/04_spades/NCPPB_2949.spades/dataset.info) with K=33
  0:00:00.001     1M / 19M   INFO    General                 (main.cpp                  : 110)   Maximum # of threads to use (adjusted due to OMP capabilities): 16
  0:00:00.001     1M / 19M   INFO    General                 (pipeline.cpp              : 212)   SPAdes started
  0:00:00.001     1M / 19M   INFO    General                 (pipeline.cpp              : 225)   Starting from stage: read_conversion
  0:00:00.001     1M / 19M   INFO    General                 (pipeline.cpp              : 231)   Two-step repeat resolution disabled
  0:00:00.001     1M / 19M   INFO   GraphCore                (graph_core.hpp            : 672)   Graph created, vertex min_id: 3, edge min_id: 3
  0:00:00.001     1M / 19M   INFO   GraphCore                (graph_core.hpp            : 673)   Vertex size: 48, edge size: 40
  0:00:00.001     1M / 19M   INFO    General                 (edge_index.hpp            : 113)   Size of edge index entries: 12/8
  0:00:00.002     1M / 19M   INFO   StageManager             (stage.cpp                 : 185)   STAGE == Binary Read Conversion (id: read_conversion)
  0:00:00.002     1M / 19M   INFO    General                 (read_converter.cpp        :  53)   Binary reads detected
  0:00:00.005     1M / 19M   INFO   StageManager             (stage.cpp                 : 185)   STAGE == de Bruijn graph construction (id: construction)
  0:00:00.005     1M / 19M   INFO    General                 (construction.cpp          : 118)   Contigs from previous K will be used: /data/djs217/PROJECTS/10_X_fragariae_feb_2024/04_spades/NCPPB_2949.spades/K21/simplified_contigs
  0:00:00.045     1M / 19M   INFO    General                 (construction.cpp          : 153)   Max read length 301
  0:00:00.045     1M / 19M   INFO    General                 (construction.cpp          : 159)   Average read length 200.803
  0:00:00.045     1M / 19M   INFO    General                 (stage.cpp                 : 117)   PROCEDURE == k+1-mer counting (id: construction:kpomer_counting)
  0:00:00.045     1M / 19M   INFO    General                 (kmer_index_builder.hpp    : 243)   Splitting kmer instances into 160 files using 16 threads. This might take a while.
  0:00:00.046     1M / 19M   INFO    General                 (file_limit.hpp            :  42)   Open file limit set to 1024
  0:00:00.046     1M / 19M   INFO    General                 (kmer_splitter.hpp         :  93)   Memory available for splitting buffers: 1.29165 Gb
  0:00:00.046     1M / 19M   INFO    General                 (kmer_splitter.hpp         : 101)   Using cell size of 209715
  0:00:02.043  9601M / 9601M INFO    General                 (kmer_splitters.hpp        : 125)   Processed 2019290 reads
  0:00:02.059     1M / 3007M INFO    General                 (kmer_splitters.hpp        : 131)   Used 2019290 reads
  0:00:02.259     1M / 3007M INFO    General                 (kmer_index_builder.hpp    : 249)   Starting k-mer counting.
  0:00:02.310     1M / 3007M INFO    General                 (kmer_index_builder.hpp    : 260)   K-mer counting done. There are 4099601 kmers in total.
  0:00:02.310     1M / 3007M INFO    General                 (stage.cpp                 : 117)   PROCEDURE == Extension index construction (id: construction:extension_index_construction)
  0:00:02.311     1M / 3007M INFO   K-mer Index Building     (kmer_index_builder.hpp    : 438)   Building kmer index
  0:00:02.311     1M / 3007M INFO    General                 (kmer_index_builder.hpp    : 243)   Splitting kmer instances into 160 files using 16 threads. This might take a while.
  0:00:02.312     1M / 3007M INFO    General                 (file_limit.hpp            :  42)   Open file limit set to 1024
  0:00:02.312     1M / 3007M INFO    General                 (kmer_splitter.hpp         :  93)   Memory available for splitting buffers: 1.29165 Gb
  0:00:02.312     1M / 3007M INFO    General                 (kmer_splitter.hpp         : 101)   Using cell size of 209715
  0:00:02.466  9602M / 9602M INFO    General                 (kmer_splitters.hpp        : 194)   Processed 4099601 kmers
  0:00:02.466  9602M / 9602M INFO    General                 (kmer_splitters.hpp        : 199)   Used 4099601 kmers.
  0:00:02.468     2M / 3007M INFO    General                 (kmer_index_builder.hpp    : 249)   Starting k-mer counting.
  0:00:02.514     2M / 3007M INFO    General                 (kmer_index_builder.hpp    : 260)   K-mer counting done. There are 4095412 kmers in total.
  0:00:02.514     2M / 3007M INFO   K-mer Index Building     (kmer_index_builder.hpp    : 395)   Building perfect hash indices
  0:00:02.582     5M / 3007M INFO   K-mer Index Building     (kmer_index_builder.hpp    : 431)   Index built. Total 4095412 kmers, 3078200 bytes occupied (6.01297 bits per kmer).
  0:00:02.582     5M / 3007M INFO    General                 (kmer_index_builder.hpp    : 169)   Merging final buckets.
  0:00:02.803     9M / 3007M INFO   DeBruijnExtensionIndexBu (kmer_extension_index_build: 100)   Building k-mer extensions from k+1-mers
  0:00:02.947     9M / 3007M INFO   DeBruijnExtensionIndexBu (kmer_extension_index_build: 105)   Building k-mer extensions from k+1-mers finished.
  0:00:02.955     9M / 3007M INFO    General                 (stage.cpp                 : 117)   PROCEDURE == Early tip clipping (id: construction:early_tip_clipper)
  0:00:02.955     9M / 3007M INFO    General                 (construction.cpp          : 301)   Early tip clipper length bound set as (RL - K)
  0:00:02.955     9M / 3007M INFO   Early tip clipping       (early_simplification.hpp  :  47)   Early tip clipping
  0:00:03.026     9M / 3007M INFO   Early tip clipping       (early_simplification.hpp  :  82)   #tipped junctions: 7464
  0:00:03.027     9M / 3007M INFO   Early tip clipping       (early_simplification.hpp  :  93)   Clipped tips: 7474
  0:00:03.033     9M / 3007M INFO   Early tip clipping       (early_simplification.hpp  :  49)   85692 34-mers were removed by early tip clipper
  0:00:03.033     9M / 3007M INFO    General                 (stage.cpp                 : 117)   PROCEDURE == Condensing graph (id: construction:graph_condensing)
  0:00:03.034     9M / 3007M INFO   UnbranchingPathExtractor (debruijn_graph_constructor: 354)   Extracting unbranching paths
  0:00:03.151    10M / 3007M INFO   UnbranchingPathExtractor (debruijn_graph_constructor: 373)   Extracting unbranching paths finished. 13105 sequences extracted
  0:00:03.257    10M / 3007M INFO   UnbranchingPathExtractor (debruijn_graph_constructor: 309)   Collecting perfect loops
  0:00:03.284    10M / 3007M INFO   UnbranchingPathExtractor (debruijn_graph_constructor: 342)   Collecting perfect loops finished. 2 loops collected
  0:00:03.292    10M / 3007M INFO    General                 (debruijn_graph_constructor: 487)   Total 26214 edges to create
  0:00:03.292    12M / 3007M INFO    General                 (debruijn_graph_constructor: 489)   Collecting link records
  0:00:03.309    12M / 3007M INFO    General                 (debruijn_graph_constructor: 491)   Ordering link records
  0:00:03.309    12M / 3007M INFO    General                 (debruijn_graph_constructor: 493)   Sorting done
  0:00:03.309    12M / 3007M INFO    General                 (debruijn_graph_constructor: 503)   Total 8918 vertices to create
  0:00:03.309    13M / 3007M INFO    General                 (debruijn_graph_constructor: 506)   Connecting the graph
  0:00:03.322    12M / 3007M INFO    General                 (stage.cpp                 : 117)   PROCEDURE == Filling coverage indices (PHM) (id: construction:coverage_filling_phm)
  0:00:03.322    12M / 3007M INFO   K-mer Index Building     (kmer_index_builder.hpp    : 395)   Building perfect hash indices
  0:00:03.370    16M / 3007M INFO   K-mer Index Building     (kmer_index_builder.hpp    : 431)   Index built. Total 4099601 kmers, 3081240 bytes occupied (6.01276 bits per kmer).
  0:00:03.376    32M / 3007M INFO    General                 (coverage_hash_map_builder.:  47)   Collecting k-mer coverage information from reads, this takes a while.
  0:00:04.943    32M / 3007M INFO    General                 (construction.cpp          : 430)   Filling coverage and flanking coverage from PHM
  0:00:05.027    32M / 3007M INFO    General                 (coverage_filling.hpp      :  82)   Processed 26191 edges
  0:00:05.054     4M / 3007M INFO   StageManager             (stage.cpp                 : 185)   STAGE == EC Threshold Finding (id: ec_threshold_finder)
  0:00:05.055     4M / 3007M INFO    General                 (kmer_coverage_model.cpp   : 181)   Kmer coverage valley at: 5
  0:00:05.055     4M / 3007M INFO    General                 (kmer_coverage_model.cpp   : 201)   K-mer histogram maximum: 37
  0:00:05.055     4M / 3007M INFO    General                 (kmer_coverage_model.cpp   : 237)   Estimated median coverage: 39. Coverage mad: 11.8608
  0:00:05.055     4M / 3007M INFO    General                 (kmer_coverage_model.cpp   : 259)   Fitting coverage model
  0:00:05.090     4M / 3007M INFO    General                 (kmer_coverage_model.cpp   : 295)   ... iteration 2
  0:00:05.193     4M / 3007M INFO    General                 (kmer_coverage_model.cpp   : 295)   ... iteration 4
  0:00:05.551     4M / 3007M INFO    General                 (kmer_coverage_model.cpp   : 295)   ... iteration 8
  0:00:06.504     4M / 3007M INFO    General                 (kmer_coverage_model.cpp   : 295)   ... iteration 16
  0:00:06.861     4M / 3007M INFO    General                 (kmer_coverage_model.cpp   : 309)   Fitted mean coverage: 38.7413. Fitted coverage std. dev: 9.36069
  0:00:06.863     4M / 3007M INFO    General                 (kmer_coverage_model.cpp   : 334)   Probability of erroneous kmer at valley: 0.381464
  0:00:06.863     4M / 3007M INFO    General                 (kmer_coverage_model.cpp   : 358)   Preliminary threshold calculated as: 8
  0:00:06.863     4M / 3007M INFO    General                 (kmer_coverage_model.cpp   : 362)   Threshold adjusted to: 8
  0:00:06.863     4M / 3007M INFO    General                 (kmer_coverage_model.cpp   : 375)   Estimated genome size (ignoring repeats): 3899014
  0:00:06.863     4M / 3007M INFO    General                 (genomic_info_filler.cpp   :  55)   Mean coverage was calculated as 38.7413
  0:00:06.863     4M / 3007M INFO    General                 (genomic_info_filler.cpp   :  70)   EC coverage threshold value was calculated as 8
  0:00:06.863     4M / 3007M INFO    General                 (genomic_info_filler.cpp   :  71)   Trusted kmer low bound: 0
  0:00:06.863     4M / 3007M INFO   StageManager             (stage.cpp                 : 185)   STAGE == Raw Simplification (id: raw_simplification)
  0:00:06.863     4M / 3007M INFO    General                 (simplification.cpp        : 127)   PROCEDURE == Initial cleaning
  0:00:06.863     4M / 3007M INFO    General                 (graph_simplification.hpp  : 662)   Flanking coverage based disconnection disabled
  0:00:06.863     4M / 3007M INFO   Simplification           (parallel_processing.hpp   : 167)   Running Self conjugate edge remover
  0:00:06.865     4M / 3007M INFO   Simplification           (parallel_processing.hpp   : 170)   Self conjugate edge remover triggered 0 times
  0:00:06.865     4M / 3007M INFO   StageManager             (stage.cpp                 : 185)   STAGE == Simplification (id: simplification)
  0:00:06.865     4M / 3007M INFO    General                 (simplification.cpp        : 368)   Graph simplification started
  0:00:06.865     4M / 3007M INFO    General                 (graph_simplification.hpp  : 634)   Creating parallel br instance
  0:00:06.865     4M / 3007M INFO    General                 (simplification.cpp        : 373)   PROCEDURE == Simplification cycle, iteration 1
  0:00:06.865     4M / 3007M INFO   Simplification           (parallel_processing.hpp   : 167)   Running Tip clipper
  0:00:06.867     4M / 3007M INFO   Simplification           (parallel_processing.hpp   : 170)   Tip clipper triggered 56 times
  0:00:06.867     4M / 3007M INFO   Simplification           (parallel_processing.hpp   : 167)   Running Bulge remover
  0:00:06.939     4M / 3007M INFO   Simplification           (parallel_processing.hpp   : 170)   Bulge remover triggered 1727 times
  0:00:06.939     4M / 3007M INFO   Simplification           (parallel_processing.hpp   : 167)   Running Low coverage edge remover
  0:00:06.940     4M / 3007M INFO   Simplification           (parallel_processing.hpp   : 170)   Low coverage edge remover triggered 3 times
  0:00:06.940     4M / 3007M INFO    General                 (simplification.cpp        : 373)   PROCEDURE == Simplification cycle, iteration 2
  0:00:06.940     4M / 3007M INFO   Simplification           (parallel_processing.hpp   : 167)   Running Tip clipper
  0:00:06.941     4M / 3007M INFO   Simplification           (parallel_processing.hpp   : 170)   Tip clipper triggered 1 times
  0:00:06.941     4M / 3007M INFO   Simplification           (parallel_processing.hpp   : 167)   Running Bulge remover
  0:00:06.941     4M / 3007M INFO   Simplification           (parallel_processing.hpp   : 170)   Bulge remover triggered 1 times
  0:00:06.941     4M / 3007M INFO   Simplification           (parallel_processing.hpp   : 167)   Running Low coverage edge remover
  0:00:06.971     4M / 3007M INFO   Simplification           (parallel_processing.hpp   : 170)   Low coverage edge remover triggered 920 times
  0:00:06.971     4M / 3007M INFO    General                 (simplification.cpp        : 373)   PROCEDURE == Simplification cycle, iteration 3
  0:00:06.971     4M / 3007M INFO   Simplification           (parallel_processing.hpp   : 167)   Running Tip clipper
  0:00:06.972     4M / 3007M INFO   Simplification           (parallel_processing.hpp   : 170)   Tip clipper triggered 13 times
  0:00:06.972     4M / 3007M INFO   Simplification           (parallel_processing.hpp   : 167)   Running Bulge remover
  0:00:06.978     4M / 3007M INFO   Simplification           (parallel_processing.hpp   : 170)   Bulge remover triggered 146 times
  0:00:06.978     4M / 3007M INFO   Simplification           (parallel_processing.hpp   : 167)   Running Low coverage edge remover
  0:00:06.987     4M / 3007M INFO   Simplification           (parallel_processing.hpp   : 170)   Low coverage edge remover triggered 206 times
  0:00:06.987     4M / 3007M INFO    General                 (simplification.cpp        : 373)   PROCEDURE == Simplification cycle, iteration 4
  0:00:06.987     4M / 3007M INFO   Simplification           (parallel_processing.hpp   : 167)   Running Tip clipper
  0:00:06.988     4M / 3007M INFO   Simplification           (parallel_processing.hpp   : 170)   Tip clipper triggered 1 times
  0:00:06.988     4M / 3007M INFO   Simplification           (parallel_processing.hpp   : 167)   Running Bulge remover
  0:00:06.990     4M / 3007M INFO   Simplification           (parallel_processing.hpp   : 170)   Bulge remover triggered 63 times
  0:00:06.990     4M / 3007M INFO   Simplification           (parallel_processing.hpp   : 167)   Running Low coverage edge remover
  0:00:06.991     4M / 3007M INFO   Simplification           (parallel_processing.hpp   : 170)   Low coverage edge remover triggered 48 times
  0:00:06.991     4M / 3007M INFO    General                 (simplification.cpp        : 373)   PROCEDURE == Simplification cycle, iteration 5
  0:00:06.991     4M / 3007M INFO   Simplification           (parallel_processing.hpp   : 167)   Running Tip clipper
  0:00:06.991     4M / 3007M INFO   Simplification           (parallel_processing.hpp   : 170)   Tip clipper triggered 0 times
  0:00:06.991     4M / 3007M INFO   Simplification           (parallel_processing.hpp   : 167)   Running Bulge remover
  0:00:06.991     4M / 3007M INFO   Simplification           (parallel_processing.hpp   : 170)   Bulge remover triggered 12 times
  0:00:06.991     4M / 3007M INFO   Simplification           (parallel_processing.hpp   : 167)   Running Low coverage edge remover
  0:00:06.991     4M / 3007M INFO   Simplification           (parallel_processing.hpp   : 170)   Low coverage edge remover triggered 24 times
  0:00:06.991     4M / 3007M INFO    General                 (simplification.cpp        : 373)   PROCEDURE == Simplification cycle, iteration 6
  0:00:06.991     4M / 3007M INFO   Simplification           (parallel_processing.hpp   : 167)   Running Tip clipper
  0:00:06.991     4M / 3007M INFO   Simplification           (parallel_processing.hpp   : 170)   Tip clipper triggered 0 times
  0:00:06.991     4M / 3007M INFO   Simplification           (parallel_processing.hpp   : 167)   Running Bulge remover
  0:00:06.992     4M / 3007M INFO   Simplification           (parallel_processing.hpp   : 170)   Bulge remover triggered 7 times
  0:00:06.992     4M / 3007M INFO   Simplification           (parallel_processing.hpp   : 167)   Running Low coverage edge remover
  0:00:06.992     4M / 3007M INFO   Simplification           (parallel_processing.hpp   : 170)   Low coverage edge remover triggered 9 times
  0:00:06.992     4M / 3007M INFO    General                 (simplification.cpp        : 373)   PROCEDURE == Simplification cycle, iteration 7
  0:00:06.992     4M / 3007M INFO   Simplification           (parallel_processing.hpp   : 167)   Running Tip clipper
  0:00:06.992     4M / 3007M INFO   Simplification           (parallel_processing.hpp   : 170)   Tip clipper triggered 0 times
  0:00:06.992     4M / 3007M INFO   Simplification           (parallel_processing.hpp   : 167)   Running Bulge remover
  0:00:06.992     4M / 3007M INFO   Simplification           (parallel_processing.hpp   : 170)   Bulge remover triggered 5 times
  0:00:06.992     4M / 3007M INFO   Simplification           (parallel_processing.hpp   : 167)   Running Low coverage edge remover
  0:00:06.992     4M / 3007M INFO   Simplification           (parallel_processing.hpp   : 170)   Low coverage edge remover triggered 6 times
  0:00:06.992     4M / 3007M INFO    General                 (simplification.cpp        : 373)   PROCEDURE == Simplification cycle, iteration 8
  0:00:06.992     4M / 3007M INFO   Simplification           (parallel_processing.hpp   : 167)   Running Tip clipper
  0:00:06.992     4M / 3007M INFO   Simplification           (parallel_processing.hpp   : 170)   Tip clipper triggered 0 times
  0:00:06.992     4M / 3007M INFO   Simplification           (parallel_processing.hpp   : 167)   Running Bulge remover
  0:00:06.993     4M / 3007M INFO   Simplification           (parallel_processing.hpp   : 170)   Bulge remover triggered 5 times
  0:00:06.993     4M / 3007M INFO   Simplification           (parallel_processing.hpp   : 167)   Running Low coverage edge remover
  0:00:06.993     4M / 3007M INFO   Simplification           (parallel_processing.hpp   : 170)   Low coverage edge remover triggered 4 times
  0:00:06.993     4M / 3007M INFO    General                 (simplification.cpp        : 373)   PROCEDURE == Simplification cycle, iteration 9
  0:00:06.993     4M / 3007M INFO   Simplification           (parallel_processing.hpp   : 167)   Running Tip clipper
  0:00:06.993     4M / 3007M INFO   Simplification           (parallel_processing.hpp   : 170)   Tip clipper triggered 0 times
  0:00:06.993     4M / 3007M INFO   Simplification           (parallel_processing.hpp   : 167)   Running Bulge remover
  0:00:06.993     4M / 3007M INFO   Simplification           (parallel_processing.hpp   : 170)   Bulge remover triggered 1 times
  0:00:06.993     4M / 3007M INFO   Simplification           (parallel_processing.hpp   : 167)   Running Low coverage edge remover
  0:00:06.993     4M / 3007M INFO   Simplification           (parallel_processing.hpp   : 170)   Low coverage edge remover triggered 1 times
  0:00:06.994     4M / 3007M INFO    General                 (simplification.cpp        : 373)   PROCEDURE == Simplification cycle, iteration 10
  0:00:06.994     4M / 3007M INFO   Simplification           (parallel_processing.hpp   : 167)   Running Tip clipper
  0:00:06.994     4M / 3007M INFO   Simplification           (parallel_processing.hpp   : 170)   Tip clipper triggered 0 times
  0:00:06.994     4M / 3007M INFO   Simplification           (parallel_processing.hpp   : 167)   Running Bulge remover
  0:00:06.994     4M / 3007M INFO   Simplification           (parallel_processing.hpp   : 170)   Bulge remover triggered 0 times
  0:00:06.994     4M / 3007M INFO   Simplification           (parallel_processing.hpp   : 167)   Running Low coverage edge remover
  0:00:06.994     4M / 3007M INFO   Simplification           (parallel_processing.hpp   : 170)   Low coverage edge remover triggered 0 times
  0:00:06.994     4M / 3007M INFO    General                 (simplification.cpp        : 373)   PROCEDURE == Simplification cycle, iteration 11
  0:00:06.994     4M / 3007M INFO   Simplification           (parallel_processing.hpp   : 167)   Running Tip clipper
  0:00:06.994     4M / 3007M INFO   Simplification           (parallel_processing.hpp   : 170)   Tip clipper triggered 4 times
  0:00:06.994     4M / 3007M INFO   Simplification           (parallel_processing.hpp   : 167)   Running Bulge remover
  0:00:06.997     4M / 3007M INFO   Simplification           (parallel_processing.hpp   : 170)   Bulge remover triggered 4 times
  0:00:06.997     4M / 3007M INFO   Simplification           (parallel_processing.hpp   : 167)   Running Low coverage edge remover
  0:00:06.998     4M / 3007M INFO   Simplification           (parallel_processing.hpp   : 170)   Low coverage edge remover triggered 0 times
  0:00:06.998     4M / 3007M INFO    General                 (simplification.cpp        : 373)   PROCEDURE == Simplification cycle, iteration 12
  0:00:06.998     4M / 3007M INFO   Simplification           (parallel_processing.hpp   : 167)   Running Tip clipper
  0:00:06.998     4M / 3007M INFO   Simplification           (parallel_processing.hpp   : 170)   Tip clipper triggered 0 times
  0:00:06.998     4M / 3007M INFO   Simplification           (parallel_processing.hpp   : 167)   Running Bulge remover
  0:00:06.998     4M / 3007M INFO   Simplification           (parallel_processing.hpp   : 170)   Bulge remover triggered 0 times
  0:00:06.998     4M / 3007M INFO   Simplification           (parallel_processing.hpp   : 167)   Running Low coverage edge remover
  0:00:06.998     4M / 3007M INFO   Simplification           (parallel_processing.hpp   : 170)   Low coverage edge remover triggered 0 times
  0:00:06.998     4M / 3007M INFO   StageManager             (stage.cpp                 : 185)   STAGE == Simplification Cleanup (id: simplification_cleanup)
  0:00:06.998     4M / 3007M INFO    General                 (simplification.cpp        : 176)   PROCEDURE == Post simplification
  0:00:06.998     4M / 3007M INFO    General                 (graph_simplification.hpp  : 448)   Disconnection of relatively low covered edges disabled
  0:00:06.998     4M / 3007M INFO    General                 (graph_simplification.hpp  : 485)   Complex tip clipping disabled
  0:00:06.998     4M / 3007M INFO    General                 (graph_simplification.hpp  : 634)   Creating parallel br instance
  0:00:06.998     4M / 3007M INFO   Simplification           (parallel_processing.hpp   : 167)   Running Tip clipper
  0:00:06.998     4M / 3007M INFO   Simplification           (parallel_processing.hpp   : 170)   Tip clipper triggered 0 times
  0:00:06.998     4M / 3007M INFO   Simplification           (parallel_processing.hpp   : 167)   Running Bulge remover
  0:00:07.001     4M / 3007M INFO   Simplification           (parallel_processing.hpp   : 170)   Bulge remover triggered 1 times
  0:00:07.001     4M / 3007M INFO   Simplification           (parallel_processing.hpp   : 167)   Running Tip clipper
  0:00:07.001     4M / 3007M INFO   Simplification           (parallel_processing.hpp   : 170)   Tip clipper triggered 0 times
  0:00:07.001     4M / 3007M INFO   Simplification           (parallel_processing.hpp   : 167)   Running Bulge remover
  0:00:07.004     4M / 3007M INFO   Simplification           (parallel_processing.hpp   : 170)   Bulge remover triggered 0 times
  0:00:07.004     4M / 3007M INFO    General                 (simplification.cpp        : 327)   Disrupting self-conjugate edges
  0:00:07.005     4M / 3007M INFO   Simplification           (parallel_processing.hpp   : 167)   Running Removing isolated edges
  0:00:07.005     4M / 3007M INFO   Simplification           (parallel_processing.hpp   : 170)   Removing isolated edges triggered 239 times
  0:00:07.005     4M / 3007M INFO    General                 (simplification.cpp        : 495)   After simplification:
  0:00:07.005     4M / 3007M INFO    General                 (simplification.cpp        : 496)     Average coverage = 43.257
  0:00:07.005     4M / 3007M INFO    General                 (simplification.cpp        : 497)     Total length = 3888689
  0:00:07.006     4M / 3007M INFO    General                 (simplification.cpp        : 498)     Median edge length: 17771
  0:00:07.006     4M / 3007M INFO    General                 (simplification.cpp        : 499)     Edges: 6982
  0:00:07.006     4M / 3007M INFO    General                 (simplification.cpp        : 500)     Vertices: 4514
  0:00:07.006     4M / 3007M INFO   StageManager             (stage.cpp                 : 185)   STAGE == Contig Output (id: contig_output)
  0:00:07.006     4M / 3007M INFO    General                 (read_converter.cpp        : 107)   Outputting contigs to /data/djs217/PROJECTS/10_X_fragariae_feb_2024/04_spades/NCPPB_2949.spades/K33/simplified_contigs
  0:00:07.010     6M / 3007M INFO    General                 (binary_converter.cpp      : 111)   3492 reads written
  0:00:07.013     4M / 3007M INFO    General                 (pipeline.cpp              : 287)   SPAdes finished
  0:00:07.014     1M / 3007M INFO    General                 (main.cpp                  : 136)   Assembling time: 0 hours 0 minutes 7 seconds

===== K33 finished. 


===== K55 started. 


== Running: /data/djs217/anaconda3/envs/spades-env/bin/spades-core /data/djs217/PROJECTS/10_X_fragariae_feb_2024/04_spades/NCPPB_2949.spades/K55/configs/config.info /data/djs217/PROJECTS/10_X_fragariae_feb_2024/04_spades/NCPPB_2949.spades/K55/configs/careful_mode.info

  0:00:00.000     1M / 19M   INFO    General                 (main.cpp                  :  99)   Loaded config from /data/djs217/PROJECTS/10_X_fragariae_feb_2024/04_spades/NCPPB_2949.spades/K55/configs/config.info
  0:00:00.001     1M / 19M   INFO    General                 (main.cpp                  :  99)   Loaded config from /data/djs217/PROJECTS/10_X_fragariae_feb_2024/04_spades/NCPPB_2949.spades/K55/configs/careful_mode.info
  0:00:00.001     1M / 19M   INFO    General                 (memory_limit.cpp          :  54)   Memory limit set to 62 Gb
  0:00:00.001     1M / 19M   INFO    General                 (main.cpp                  : 107)   Starting SPAdes, built from N/A, git revision N/A
  0:00:00.001     1M / 19M   INFO    General                 (main.cpp                  : 108)   Maximum k-mer length: 128
  0:00:00.001     1M / 19M   INFO    General                 (main.cpp                  : 109)   Assembling dataset (/data/djs217/PROJECTS/10_X_fragariae_feb_2024/04_spades/NCPPB_2949.spades/dataset.info) with K=55
  0:00:00.001     1M / 19M   INFO    General                 (main.cpp                  : 110)   Maximum # of threads to use (adjusted due to OMP capabilities): 16
  0:00:00.001     1M / 19M   INFO    General                 (pipeline.cpp              : 212)   SPAdes started
  0:00:00.001     1M / 19M   INFO    General                 (pipeline.cpp              : 225)   Starting from stage: read_conversion
  0:00:00.001     1M / 19M   INFO    General                 (pipeline.cpp              : 231)   Two-step repeat resolution disabled
  0:00:00.001     1M / 19M   INFO   GraphCore                (graph_core.hpp            : 672)   Graph created, vertex min_id: 3, edge min_id: 3
  0:00:00.001     1M / 19M   INFO   GraphCore                (graph_core.hpp            : 673)   Vertex size: 48, edge size: 40
  0:00:00.001     1M / 19M   INFO    General                 (edge_index.hpp            : 113)   Size of edge index entries: 12/8
  0:00:00.002     1M / 19M   INFO    General                 (pipeline.cpp              : 242)   Will need read mapping, kmer mapper will be attached
  0:00:00.002     1M / 19M   INFO   StageManager             (stage.cpp                 : 185)   STAGE == Binary Read Conversion (id: read_conversion)
  0:00:00.003     1M / 19M   INFO    General                 (read_converter.cpp        :  53)   Binary reads detected
  0:00:00.006     1M / 19M   INFO   StageManager             (stage.cpp                 : 185)   STAGE == de Bruijn graph construction (id: construction)
  0:00:00.006     1M / 19M   INFO    General                 (construction.cpp          : 118)   Contigs from previous K will be used: /data/djs217/PROJECTS/10_X_fragariae_feb_2024/04_spades/NCPPB_2949.spades/K33/simplified_contigs
  0:00:00.041     1M / 19M   INFO    General                 (construction.cpp          : 153)   Max read length 301
  0:00:00.042     1M / 19M   INFO    General                 (construction.cpp          : 159)   Average read length 200.803
  0:00:00.042     1M / 19M   INFO    General                 (stage.cpp                 : 117)   PROCEDURE == k+1-mer counting (id: construction:kpomer_counting)
  0:00:00.042     1M / 19M   INFO    General                 (kmer_index_builder.hpp    : 243)   Splitting kmer instances into 160 files using 16 threads. This might take a while.
  0:00:00.042     1M / 19M   INFO    General                 (file_limit.hpp            :  42)   Open file limit set to 1024
  0:00:00.042     1M / 19M   INFO    General                 (kmer_splitter.hpp         :  93)   Memory available for splitting buffers: 1.29165 Gb
  0:00:00.042     1M / 19M   INFO    General                 (kmer_splitter.hpp         : 101)   Using cell size of 209715
  0:00:01.859  9601M / 9601M INFO    General                 (kmer_splitters.hpp        : 125)   Processed 2013638 reads
  0:00:01.872     1M / 2599M INFO    General                 (kmer_splitters.hpp        : 131)   Used 2013638 reads
  0:00:02.073     1M / 2599M INFO    General                 (kmer_index_builder.hpp    : 249)   Starting k-mer counting.
  0:00:02.137     1M / 2599M INFO    General                 (kmer_index_builder.hpp    : 260)   K-mer counting done. There are 4173594 kmers in total.
  0:00:02.137     1M / 2599M INFO    General                 (stage.cpp                 : 117)   PROCEDURE == Extension index construction (id: construction:extension_index_construction)
  0:00:02.139     1M / 2599M INFO   K-mer Index Building     (kmer_index_builder.hpp    : 438)   Building kmer index
  0:00:02.139     1M / 2599M INFO    General                 (kmer_index_builder.hpp    : 243)   Splitting kmer instances into 160 files using 16 threads. This might take a while.
  0:00:02.139     1M / 2599M INFO    General                 (file_limit.hpp            :  42)   Open file limit set to 1024
  0:00:02.139     1M / 2599M INFO    General                 (kmer_splitter.hpp         :  93)   Memory available for splitting buffers: 1.29165 Gb
  0:00:02.140     1M / 2599M INFO    General                 (kmer_splitter.hpp         : 101)   Using cell size of 209715
  0:00:02.355  9602M / 9602M INFO    General                 (kmer_splitters.hpp        : 194)   Processed 4173594 kmers
  0:00:02.355  9602M / 9602M INFO    General                 (kmer_splitters.hpp        : 199)   Used 4173594 kmers.
  0:00:02.358     2M / 2599M INFO    General                 (kmer_index_builder.hpp    : 249)   Starting k-mer counting.
  0:00:02.414     2M / 2599M INFO    General                 (kmer_index_builder.hpp    : 260)   K-mer counting done. There are 4170734 kmers in total.
  0:00:02.414     2M / 2599M INFO   K-mer Index Building     (kmer_index_builder.hpp    : 395)   Building perfect hash indices
  0:00:02.479     5M / 2599M INFO   K-mer Index Building     (kmer_index_builder.hpp    : 431)   Index built. Total 4170734 kmers, 3133008 bytes occupied (6.00951 bits per kmer).
  0:00:02.479     5M / 2599M INFO    General                 (kmer_index_builder.hpp    : 169)   Merging final buckets.
  0:00:02.747     9M / 2599M INFO   DeBruijnExtensionIndexBu (kmer_extension_index_build: 100)   Building k-mer extensions from k+1-mers
  0:00:02.892     9M / 2599M INFO   DeBruijnExtensionIndexBu (kmer_extension_index_build: 105)   Building k-mer extensions from k+1-mers finished.
  0:00:02.900     9M / 2599M INFO    General                 (stage.cpp                 : 117)   PROCEDURE == Condensing graph (id: construction:graph_condensing)
  0:00:02.901     9M / 2599M INFO   UnbranchingPathExtractor (debruijn_graph_constructor: 354)   Extracting unbranching paths
  0:00:03.015    11M / 2599M INFO   UnbranchingPathExtractor (debruijn_graph_constructor: 373)   Extracting unbranching paths finished. 25752 sequences extracted
  0:00:03.108    11M / 2599M INFO   UnbranchingPathExtractor (debruijn_graph_constructor: 309)   Collecting perfect loops
  0:00:03.137    11M / 2599M INFO   UnbranchingPathExtractor (debruijn_graph_constructor: 342)   Collecting perfect loops finished. 0 loops collected
  0:00:03.146    11M / 2599M INFO    General                 (debruijn_graph_constructor: 487)   Total 51504 edges to create
  0:00:03.147    13M / 2599M INFO    General                 (debruijn_graph_constructor: 489)   Collecting link records
  0:00:03.172    14M / 2599M INFO    General                 (debruijn_graph_constructor: 491)   Ordering link records
  0:00:03.173    14M / 2599M INFO    General                 (debruijn_graph_constructor: 493)   Sorting done
  0:00:03.173    14M / 2599M INFO    General                 (debruijn_graph_constructor: 503)   Total 22892 vertices to create
  0:00:03.173    16M / 2599M INFO    General                 (debruijn_graph_constructor: 506)   Connecting the graph
  0:00:03.195    15M / 2599M INFO    General                 (stage.cpp                 : 117)   PROCEDURE == Filling coverage indices (PHM) (id: construction:coverage_filling_phm)
  0:00:03.195    15M / 2599M INFO   K-mer Index Building     (kmer_index_builder.hpp    : 395)   Building perfect hash indices
  0:00:03.246    18M / 2599M INFO   K-mer Index Building     (kmer_index_builder.hpp    : 431)   Index built. Total 4173594 kmers, 3135064 bytes occupied (6.00933 bits per kmer).
  0:00:03.252    34M / 2599M INFO    General                 (coverage_hash_map_builder.:  47)   Collecting k-mer coverage information from reads, this takes a while.
  0:00:04.734    34M / 2599M INFO    General                 (construction.cpp          : 430)   Filling coverage and flanking coverage from PHM
  0:00:04.831    34M / 2599M INFO    General                 (coverage_filling.hpp      :  82)   Processed 51497 edges
  0:00:04.859     7M / 2599M INFO   StageManager             (stage.cpp                 : 185)   STAGE == EC Threshold Finding (id: ec_threshold_finder)
  0:00:04.859     7M / 2599M INFO    General                 (kmer_coverage_model.cpp   : 181)   Kmer coverage valley at: 4
  0:00:04.859     7M / 2599M INFO    General                 (kmer_coverage_model.cpp   : 201)   K-mer histogram maximum: 30
  0:00:04.859     7M / 2599M INFO    General                 (kmer_coverage_model.cpp   : 237)   Estimated median coverage: 33. Coverage mad: 10.3782
  0:00:04.859     7M / 2599M INFO    General                 (kmer_coverage_model.cpp   : 259)   Fitting coverage model
  0:00:04.899     7M / 2599M INFO    General                 (kmer_coverage_model.cpp   : 295)   ... iteration 2
  0:00:05.002     7M / 2599M INFO    General                 (kmer_coverage_model.cpp   : 295)   ... iteration 4
  0:00:05.365     7M / 2599M INFO    General                 (kmer_coverage_model.cpp   : 295)   ... iteration 8
  0:00:06.290     7M / 2599M INFO    General                 (kmer_coverage_model.cpp   : 295)   ... iteration 16
  0:00:06.595     7M / 2599M INFO    General                 (kmer_coverage_model.cpp   : 309)   Fitted mean coverage: 33.6094. Fitted coverage std. dev: 8.644
  0:00:06.598     7M / 2599M INFO    General                 (kmer_coverage_model.cpp   : 334)   Probability of erroneous kmer at valley: 0.568773
  0:00:06.598     7M / 2599M INFO    General                 (kmer_coverage_model.cpp   : 358)   Preliminary threshold calculated as: 7
  0:00:06.598     7M / 2599M INFO    General                 (kmer_coverage_model.cpp   : 362)   Threshold adjusted to: 7
  0:00:06.599     7M / 2599M INFO    General                 (kmer_coverage_model.cpp   : 375)   Estimated genome size (ignoring repeats): 3929876
  0:00:06.599     7M / 2599M INFO    General                 (genomic_info_filler.cpp   :  55)   Mean coverage was calculated as 33.6094
  0:00:06.599     7M / 2599M INFO    General                 (genomic_info_filler.cpp   :  70)   EC coverage threshold value was calculated as 7
  0:00:06.599     7M / 2599M INFO    General                 (genomic_info_filler.cpp   :  71)   Trusted kmer low bound: 0
  0:00:06.599     7M / 2599M INFO   StageManager             (stage.cpp                 : 185)   STAGE == Gap Closer (id: early_gapcloser)
  0:00:06.606    16M / 2599M INFO    General                 (edge_index.hpp            : 113)   Size of edge index entries: 12/8
  0:00:06.611    16M / 2599M INFO    General                 (gap_closer.cpp            : 101)   Total edges in tip neighborhood: 8941 out of 51497, length: 175375
  0:00:06.612    16M / 2599M INFO    General                 (edge_index.hpp            : 167)   Using small index (max_id = 51764)
  0:00:06.614    16M / 2599M INFO   K-mer Index Building     (kmer_index_builder.hpp    : 395)   Building perfect hash indices
  0:00:06.625    16M / 2599M INFO   K-mer Index Building     (kmer_index_builder.hpp    : 431)   Index built. Total 150357 kmers, 109328 bytes occupied (5.81698 bits per kmer).
  0:00:06.625    18M / 2599M INFO    General                 (edge_index_builders.hpp   : 265)   Collecting edge information from graph, this takes a while.
  0:00:07.915    18M / 2599M INFO    General                 (sequence_mapper_notifier.h:  95)   Total 501142 reads processed
  0:00:07.923    16M / 2599M INFO    General                 (gap_closer.cpp            : 452)   Initializing gap closer
  0:00:07.924    16M / 2599M INFO   GapCloser                (gap_closer.cpp            : 359)   Closing short gaps
  0:00:07.948    16M / 2599M INFO   GapCloser                (gap_closer.cpp            : 391)   Closing short gaps complete: filled 0 gaps after checking 58 candidates
  0:00:07.949    16M / 2599M INFO    General                 (gap_closer.cpp            : 456)   Gap closer done
  0:00:07.950     7M / 2599M INFO   StageManager             (stage.cpp                 : 185)   STAGE == Raw Simplification (id: raw_simplification)
  0:00:07.950     7M / 2599M INFO    General                 (simplification.cpp        : 127)   PROCEDURE == Initial cleaning
  0:00:07.951     7M / 2599M INFO    General                 (graph_simplification.hpp  : 662)   Flanking coverage based disconnection disabled
  0:00:07.951     7M / 2599M INFO   Simplification           (parallel_processing.hpp   : 167)   Running Self conjugate edge remover
  0:00:07.951     7M / 2599M INFO   Simplification           (parallel_processing.hpp   : 170)   Self conjugate edge remover triggered 0 times
  0:00:07.951     7M / 2599M INFO   StageManager             (stage.cpp                 : 185)   STAGE == Simplification (id: simplification)
  0:00:07.951     7M / 2599M INFO    General                 (simplification.cpp        : 368)   Graph simplification started
  0:00:07.951     7M / 2599M INFO    General                 (graph_simplification.hpp  : 634)   Creating parallel br instance
  0:00:07.951     7M / 2599M INFO    General                 (simplification.cpp        : 373)   PROCEDURE == Simplification cycle, iteration 1
  0:00:07.951     7M / 2599M INFO   Simplification           (parallel_processing.hpp   : 167)   Running Tip clipper
  0:00:08.028     6M / 2599M INFO   Simplification           (parallel_processing.hpp   : 170)   Tip clipper triggered 8164 times
  0:00:08.029     6M / 2599M INFO   Simplification           (parallel_processing.hpp   : 167)   Running Bulge remover
  0:00:08.143    13M / 2599M INFO   Simplification           (parallel_processing.hpp   : 170)   Bulge remover triggered 1185 times
  0:00:08.144    13M / 2599M INFO   Simplification           (parallel_processing.hpp   : 167)   Running Low coverage edge remover
  0:00:08.144    13M / 2599M INFO   Simplification           (parallel_processing.hpp   : 170)   Low coverage edge remover triggered 1 times
  0:00:08.144    13M / 2599M INFO    General                 (simplification.cpp        : 373)   PROCEDURE == Simplification cycle, iteration 2
  0:00:08.145    13M / 2599M INFO   Simplification           (parallel_processing.hpp   : 167)   Running Tip clipper
  0:00:08.145    13M / 2599M INFO   Simplification           (parallel_processing.hpp   : 170)   Tip clipper triggered 1 times
  0:00:08.145    13M / 2599M INFO   Simplification           (parallel_processing.hpp   : 167)   Running Bulge remover
  0:00:08.145    13M / 2599M INFO   Simplification           (parallel_processing.hpp   : 170)   Bulge remover triggered 1 times
  0:00:08.145    13M / 2599M INFO   Simplification           (parallel_processing.hpp   : 167)   Running Low coverage edge remover
  0:00:08.161    13M / 2599M INFO   Simplification           (parallel_processing.hpp   : 170)   Low coverage edge remover triggered 612 times
  0:00:08.161    13M / 2599M INFO    General                 (simplification.cpp        : 373)   PROCEDURE == Simplification cycle, iteration 3
  0:00:08.161    13M / 2599M INFO   Simplification           (parallel_processing.hpp   : 167)   Running Tip clipper
  0:00:08.162    13M / 2599M INFO   Simplification           (parallel_processing.hpp   : 170)   Tip clipper triggered 11 times
  0:00:08.162    13M / 2599M INFO   Simplification           (parallel_processing.hpp   : 167)   Running Bulge remover
  0:00:08.177    14M / 2599M INFO   Simplification           (parallel_processing.hpp   : 170)   Bulge remover triggered 152 times
  0:00:08.177    14M / 2599M INFO   Simplification           (parallel_processing.hpp   : 167)   Running Low coverage edge remover
  0:00:08.183    14M / 2599M INFO   Simplification           (parallel_processing.hpp   : 170)   Low coverage edge remover triggered 165 times
  0:00:08.183    14M / 2599M INFO    General                 (simplification.cpp        : 373)   PROCEDURE == Simplification cycle, iteration 4
  0:00:08.183    14M / 2599M INFO   Simplification           (parallel_processing.hpp   : 167)   Running Tip clipper
  0:00:08.183    14M / 2599M INFO   Simplification           (parallel_processing.hpp   : 170)   Tip clipper triggered 2 times
  0:00:08.183    14M / 2599M INFO   Simplification           (parallel_processing.hpp   : 167)   Running Bulge remover
  0:00:08.187    14M / 2599M INFO   Simplification           (parallel_processing.hpp   : 170)   Bulge remover triggered 53 times
  0:00:08.187    14M / 2599M INFO   Simplification           (parallel_processing.hpp   : 167)   Running Low coverage edge remover
  0:00:08.188    14M / 2599M INFO   Simplification           (parallel_processing.hpp   : 170)   Low coverage edge remover triggered 23 times
  0:00:08.188    14M / 2599M INFO    General                 (simplification.cpp        : 373)   PROCEDURE == Simplification cycle, iteration 5
  0:00:08.188    14M / 2599M INFO   Simplification           (parallel_processing.hpp   : 167)   Running Tip clipper
  0:00:08.188    14M / 2599M INFO   Simplification           (parallel_processing.hpp   : 170)   Tip clipper triggered 0 times
  0:00:08.188    14M / 2599M INFO   Simplification           (parallel_processing.hpp   : 167)   Running Bulge remover
  0:00:08.189    14M / 2599M INFO   Simplification           (parallel_processing.hpp   : 170)   Bulge remover triggered 10 times
  0:00:08.189    14M / 2599M INFO   Simplification           (parallel_processing.hpp   : 167)   Running Low coverage edge remover
  0:00:08.189    14M / 2599M INFO   Simplification           (parallel_processing.hpp   : 170)   Low coverage edge remover triggered 20 times
  0:00:08.189    14M / 2599M INFO    General                 (simplification.cpp        : 373)   PROCEDURE == Simplification cycle, iteration 6
  0:00:08.189    14M / 2599M INFO   Simplification           (parallel_processing.hpp   : 167)   Running Tip clipper
  0:00:08.189    14M / 2599M INFO   Simplification           (parallel_processing.hpp   : 170)   Tip clipper triggered 0 times
  0:00:08.189    14M / 2599M INFO   Simplification           (parallel_processing.hpp   : 167)   Running Bulge remover
  0:00:08.190    14M / 2599M INFO   Simplification           (parallel_processing.hpp   : 170)   Bulge remover triggered 7 times
  0:00:08.190    14M / 2599M INFO   Simplification           (parallel_processing.hpp   : 167)   Running Low coverage edge remover
  0:00:08.190    14M / 2599M INFO   Simplification           (parallel_processing.hpp   : 170)   Low coverage edge remover triggered 7 times
  0:00:08.190    14M / 2599M INFO    General                 (simplification.cpp        : 373)   PROCEDURE == Simplification cycle, iteration 7
  0:00:08.190    14M / 2599M INFO   Simplification           (parallel_processing.hpp   : 167)   Running Tip clipper
  0:00:08.190    14M / 2599M INFO   Simplification           (parallel_processing.hpp   : 170)   Tip clipper triggered 0 times
  0:00:08.190    14M / 2599M INFO   Simplification           (parallel_processing.hpp   : 167)   Running Bulge remover
  0:00:08.190    14M / 2599M INFO   Simplification           (parallel_processing.hpp   : 170)   Bulge remover triggered 3 times
  0:00:08.190    14M / 2599M INFO   Simplification           (parallel_processing.hpp   : 167)   Running Low coverage edge remover
  0:00:08.190    14M / 2599M INFO   Simplification           (parallel_processing.hpp   : 170)   Low coverage edge remover triggered 4 times
  0:00:08.190    14M / 2599M INFO    General                 (simplification.cpp        : 373)   PROCEDURE == Simplification cycle, iteration 8
  0:00:08.190    14M / 2599M INFO   Simplification           (parallel_processing.hpp   : 167)   Running Tip clipper
  0:00:08.190    14M / 2599M INFO   Simplification           (parallel_processing.hpp   : 170)   Tip clipper triggered 0 times
  0:00:08.190    14M / 2599M INFO   Simplification           (parallel_processing.hpp   : 167)   Running Bulge remover
  0:00:08.191    14M / 2599M INFO   Simplification           (parallel_processing.hpp   : 170)   Bulge remover triggered 6 times
  0:00:08.191    14M / 2599M INFO   Simplification           (parallel_processing.hpp   : 167)   Running Low coverage edge remover
  0:00:08.191    14M / 2599M INFO   Simplification           (parallel_processing.hpp   : 170)   Low coverage edge remover triggered 3 times
  0:00:08.191    14M / 2599M INFO    General                 (simplification.cpp        : 373)   PROCEDURE == Simplification cycle, iteration 9
  0:00:08.191    14M / 2599M INFO   Simplification           (parallel_processing.hpp   : 167)   Running Tip clipper
  0:00:08.191    14M / 2599M INFO   Simplification           (parallel_processing.hpp   : 170)   Tip clipper triggered 0 times
  0:00:08.191    14M / 2599M INFO   Simplification           (parallel_processing.hpp   : 167)   Running Bulge remover
  0:00:08.191    14M / 2599M INFO   Simplification           (parallel_processing.hpp   : 170)   Bulge remover triggered 2 times
  0:00:08.191    14M / 2599M INFO   Simplification           (parallel_processing.hpp   : 167)   Running Low coverage edge remover
  0:00:08.191    14M / 2599M INFO   Simplification           (parallel_processing.hpp   : 170)   Low coverage edge remover triggered 1 times
  0:00:08.191    14M / 2599M INFO    General                 (simplification.cpp        : 373)   PROCEDURE == Simplification cycle, iteration 10
  0:00:08.191    14M / 2599M INFO   Simplification           (parallel_processing.hpp   : 167)   Running Tip clipper
  0:00:08.191    14M / 2599M INFO   Simplification           (parallel_processing.hpp   : 170)   Tip clipper triggered 0 times
  0:00:08.191    14M / 2599M INFO   Simplification           (parallel_processing.hpp   : 167)   Running Bulge remover
  0:00:08.191    14M / 2599M INFO   Simplification           (parallel_processing.hpp   : 170)   Bulge remover triggered 0 times
  0:00:08.191    14M / 2599M INFO   Simplification           (parallel_processing.hpp   : 167)   Running Low coverage edge remover
  0:00:08.191    14M / 2599M INFO   Simplification           (parallel_processing.hpp   : 170)   Low coverage edge remover triggered 1 times
  0:00:08.191    14M / 2599M INFO    General                 (simplification.cpp        : 373)   PROCEDURE == Simplification cycle, iteration 11
  0:00:08.191    14M / 2599M INFO   Simplification           (parallel_processing.hpp   : 167)   Running Tip clipper
  0:00:08.192    14M / 2599M INFO   Simplification           (parallel_processing.hpp   : 170)   Tip clipper triggered 0 times
  0:00:08.192    14M / 2599M INFO   Simplification           (parallel_processing.hpp   : 167)   Running Bulge remover
  0:00:08.194    14M / 2599M INFO   Simplification           (parallel_processing.hpp   : 170)   Bulge remover triggered 5 times
  0:00:08.194    14M / 2599M INFO   Simplification           (parallel_processing.hpp   : 167)   Running Low coverage edge remover
  0:00:08.194    14M / 2599M INFO   Simplification           (parallel_processing.hpp   : 170)   Low coverage edge remover triggered 0 times
  0:00:08.194    14M / 2599M INFO    General                 (simplification.cpp        : 373)   PROCEDURE == Simplification cycle, iteration 12
  0:00:08.194    14M / 2599M INFO   Simplification           (parallel_processing.hpp   : 167)   Running Tip clipper
  0:00:08.194    14M / 2599M INFO   Simplification           (parallel_processing.hpp   : 170)   Tip clipper triggered 0 times
  0:00:08.194    14M / 2599M INFO   Simplification           (parallel_processing.hpp   : 167)   Running Bulge remover
  0:00:08.194    14M / 2599M INFO   Simplification           (parallel_processing.hpp   : 170)   Bulge remover triggered 0 times
  0:00:08.194    14M / 2599M INFO   Simplification           (parallel_processing.hpp   : 167)   Running Low coverage edge remover
  0:00:08.194    14M / 2599M INFO   Simplification           (parallel_processing.hpp   : 170)   Low coverage edge remover triggered 0 times
  0:00:08.194    14M / 2599M INFO   StageManager             (stage.cpp                 : 185)   STAGE == Gap Closer (id: late_gapcloser)
  0:00:08.197    23M / 2599M INFO    General                 (edge_index.hpp            : 113)   Size of edge index entries: 12/8
  0:00:08.197    23M / 2599M INFO    General                 (gap_closer.cpp            : 101)   Total edges in tip neighborhood: 652 out of 5858, length: 66101
  0:00:08.197    23M / 2599M INFO    General                 (edge_index.hpp            : 167)   Using small index (max_id = 51764)
  0:00:08.198    23M / 2599M INFO   K-mer Index Building     (kmer_index_builder.hpp    : 395)   Building perfect hash indices
  0:00:08.202    23M / 2599M INFO   K-mer Index Building     (kmer_index_builder.hpp    : 431)   Index built. Total 40202 kmers, 29784 bytes occupied (5.92687 bits per kmer).
  0:00:08.202    23M / 2599M INFO    General                 (edge_index_builders.hpp   : 265)   Collecting edge information from graph, this takes a while.
  0:00:10.248    24M / 2599M INFO    General                 (sequence_mapper_notifier.h:  95)   Total 501142 reads processed
  0:00:10.258    23M / 2599M INFO    General                 (gap_closer.cpp            : 452)   Initializing gap closer
  0:00:10.259    23M / 2599M INFO   GapCloser                (gap_closer.cpp            : 359)   Closing short gaps
  0:00:10.263    23M / 2599M INFO   GapCloser                (gap_closer.cpp            : 391)   Closing short gaps complete: filled 0 gaps after checking 0 candidates
  0:00:10.264    23M / 2599M INFO    General                 (gap_closer.cpp            : 456)   Gap closer done
  0:00:10.265    14M / 2599M INFO   StageManager             (stage.cpp                 : 185)   STAGE == Simplification Cleanup (id: simplification_cleanup)
  0:00:10.265    14M / 2599M INFO    General                 (simplification.cpp        : 176)   PROCEDURE == Post simplification
  0:00:10.266    14M / 2599M INFO    General                 (graph_simplification.hpp  : 448)   Disconnection of relatively low covered edges disabled
  0:00:10.266    14M / 2599M INFO    General                 (graph_simplification.hpp  : 485)   Complex tip clipping disabled
  0:00:10.266    14M / 2599M INFO    General                 (graph_simplification.hpp  : 634)   Creating parallel br instance
  0:00:10.266    14M / 2599M INFO   Simplification           (parallel_processing.hpp   : 167)   Running Tip clipper
  0:00:10.266    14M / 2599M INFO   Simplification           (parallel_processing.hpp   : 170)   Tip clipper triggered 0 times
  0:00:10.266    14M / 2599M INFO   Simplification           (parallel_processing.hpp   : 167)   Running Bulge remover
  0:00:10.271    14M / 2599M INFO   Simplification           (parallel_processing.hpp   : 170)   Bulge remover triggered 0 times
  0:00:10.271    14M / 2599M INFO   Simplification           (parallel_processing.hpp   : 167)   Running Tip clipper
  0:00:10.271    14M / 2599M INFO   Simplification           (parallel_processing.hpp   : 170)   Tip clipper triggered 0 times
  0:00:10.272    14M / 2599M INFO   Simplification           (parallel_processing.hpp   : 167)   Running Bulge remover
  0:00:10.276    14M / 2599M INFO   Simplification           (parallel_processing.hpp   : 170)   Bulge remover triggered 0 times
  0:00:10.276    14M / 2599M INFO    General                 (simplification.cpp        : 327)   Disrupting self-conjugate edges
  0:00:10.277    14M / 2599M INFO   Simplification           (parallel_processing.hpp   : 167)   Running Removing isolated edges
  0:00:10.278    14M / 2599M INFO   Simplification           (parallel_processing.hpp   : 170)   Removing isolated edges triggered 321 times
  0:00:10.278    14M / 2599M INFO    General                 (simplification.cpp        : 495)   After simplification:
  0:00:10.278    14M / 2599M INFO    General                 (simplification.cpp        : 496)     Average coverage = 37.3363
  0:00:10.279    14M / 2599M INFO    General                 (simplification.cpp        : 497)     Total length = 3919203
  0:00:10.279    14M / 2599M INFO    General                 (simplification.cpp        : 498)     Median edge length: 22239
  0:00:10.279    14M / 2599M INFO    General                 (simplification.cpp        : 499)     Edges: 5216
  0:00:10.279    14M / 2599M INFO    General                 (simplification.cpp        : 500)     Vertices: 3376
  0:00:10.279    14M / 2599M INFO   StageManager             (stage.cpp                 : 185)   STAGE == Contig Output (id: contig_output)
  0:00:10.279    14M / 2599M INFO    General                 (read_converter.cpp        : 107)   Outputting contigs to /data/djs217/PROJECTS/10_X_fragariae_feb_2024/04_spades/NCPPB_2949.spades/K55/simplified_contigs
  0:00:10.286    17M / 2599M INFO    General                 (binary_converter.cpp      : 111)   2608 reads written
  0:00:10.290    14M / 2599M INFO    General                 (pipeline.cpp              : 287)   SPAdes finished
  0:00:10.307     1M / 2599M INFO    General                 (main.cpp                  : 136)   Assembling time: 0 hours 0 minutes 10 seconds

===== K55 finished. 


===== K77 started. 


== Running: /data/djs217/anaconda3/envs/spades-env/bin/spades-core /data/djs217/PROJECTS/10_X_fragariae_feb_2024/04_spades/NCPPB_2949.spades/K77/configs/config.info /data/djs217/PROJECTS/10_X_fragariae_feb_2024/04_spades/NCPPB_2949.spades/K77/configs/careful_mode.info

  0:00:00.000     1M / 19M   INFO    General                 (main.cpp                  :  99)   Loaded config from /data/djs217/PROJECTS/10_X_fragariae_feb_2024/04_spades/NCPPB_2949.spades/K77/configs/config.info
  0:00:00.001     1M / 19M   INFO    General                 (main.cpp                  :  99)   Loaded config from /data/djs217/PROJECTS/10_X_fragariae_feb_2024/04_spades/NCPPB_2949.spades/K77/configs/careful_mode.info
  0:00:00.001     1M / 19M   INFO    General                 (memory_limit.cpp          :  54)   Memory limit set to 62 Gb
  0:00:00.002     1M / 19M   INFO    General                 (main.cpp                  : 107)   Starting SPAdes, built from N/A, git revision N/A
  0:00:00.002     1M / 19M   INFO    General                 (main.cpp                  : 108)   Maximum k-mer length: 128
  0:00:00.002     1M / 19M   INFO    General                 (main.cpp                  : 109)   Assembling dataset (/data/djs217/PROJECTS/10_X_fragariae_feb_2024/04_spades/NCPPB_2949.spades/dataset.info) with K=77
  0:00:00.002     1M / 19M   INFO    General                 (main.cpp                  : 110)   Maximum # of threads to use (adjusted due to OMP capabilities): 16
  0:00:00.002     1M / 19M   INFO    General                 (pipeline.cpp              : 212)   SPAdes started
  0:00:00.002     1M / 19M   INFO    General                 (pipeline.cpp              : 225)   Starting from stage: read_conversion
  0:00:00.002     1M / 19M   INFO    General                 (pipeline.cpp              : 231)   Two-step repeat resolution disabled
  0:00:00.002     1M / 19M   INFO   GraphCore                (graph_core.hpp            : 672)   Graph created, vertex min_id: 3, edge min_id: 3
  0:00:00.002     1M / 19M   INFO   GraphCore                (graph_core.hpp            : 673)   Vertex size: 48, edge size: 40
  0:00:00.002     1M / 19M   INFO    General                 (edge_index.hpp            : 113)   Size of edge index entries: 12/8
  0:00:00.002     1M / 19M   INFO    General                 (pipeline.cpp              : 242)   Will need read mapping, kmer mapper will be attached
  0:00:00.002     1M / 19M   INFO   StageManager             (stage.cpp                 : 185)   STAGE == Binary Read Conversion (id: read_conversion)
  0:00:00.003     1M / 19M   INFO    General                 (read_converter.cpp        :  53)   Binary reads detected
  0:00:00.007     1M / 19M   INFO   StageManager             (stage.cpp                 : 185)   STAGE == de Bruijn graph construction (id: construction)
  0:00:00.007     1M / 19M   INFO    General                 (construction.cpp          : 118)   Contigs from previous K will be used: /data/djs217/PROJECTS/10_X_fragariae_feb_2024/04_spades/NCPPB_2949.spades/K55/simplified_contigs
  0:00:00.049     1M / 19M   INFO    General                 (construction.cpp          : 153)   Max read length 301
  0:00:00.050     1M / 19M   INFO    General                 (construction.cpp          : 159)   Average read length 200.803
  0:00:00.050     1M / 19M   INFO    General                 (stage.cpp                 : 117)   PROCEDURE == k+1-mer counting (id: construction:kpomer_counting)
  0:00:00.050     1M / 19M   INFO    General                 (kmer_index_builder.hpp    : 243)   Splitting kmer instances into 160 files using 16 threads. This might take a while.
  0:00:00.050     1M / 19M   INFO    General                 (file_limit.hpp            :  42)   Open file limit set to 1024
  0:00:00.050     1M / 19M   INFO    General                 (kmer_splitter.hpp         :  93)   Memory available for splitting buffers: 1.29165 Gb
  0:00:00.050     1M / 19M   INFO    General                 (kmer_splitter.hpp         : 101)   Using cell size of 139810
  0:00:01.794  9601M / 9601M INFO    General                 (kmer_splitters.hpp        : 125)   Processed 2011870 reads
  0:00:01.812     1M / 3373M INFO    General                 (kmer_splitters.hpp        : 131)   Used 2011870 reads
  0:00:02.065     1M / 3373M INFO    General                 (kmer_index_builder.hpp    : 249)   Starting k-mer counting.
  0:00:02.137     1M / 3373M INFO    General                 (kmer_index_builder.hpp    : 260)   K-mer counting done. There are 4225033 kmers in total.
  0:00:02.138     1M / 3373M INFO    General                 (stage.cpp                 : 117)   PROCEDURE == Extension index construction (id: construction:extension_index_construction)
  0:00:02.140     1M / 3373M INFO   K-mer Index Building     (kmer_index_builder.hpp    : 438)   Building kmer index
  0:00:02.140     1M / 3373M INFO    General                 (kmer_index_builder.hpp    : 243)   Splitting kmer instances into 160 files using 16 threads. This might take a while.
  0:00:02.140     1M / 3373M INFO    General                 (file_limit.hpp            :  42)   Open file limit set to 1024
  0:00:02.140     1M / 3373M INFO    General                 (kmer_splitter.hpp         :  93)   Memory available for splitting buffers: 1.29165 Gb
  0:00:02.140     1M / 3373M INFO    General                 (kmer_splitter.hpp         : 101)   Using cell size of 139810
  0:00:02.335  9602M / 9602M INFO    General                 (kmer_splitters.hpp        : 194)   Processed 4225033 kmers
  0:00:02.335  9602M / 9602M INFO    General                 (kmer_splitters.hpp        : 199)   Used 4225033 kmers.
  0:00:02.337     2M / 3373M INFO    General                 (kmer_index_builder.hpp    : 249)   Starting k-mer counting.
  0:00:02.396     2M / 3373M INFO    General                 (kmer_index_builder.hpp    : 260)   K-mer counting done. There are 4223110 kmers in total.
  0:00:02.396     2M / 3373M INFO   K-mer Index Building     (kmer_index_builder.hpp    : 395)   Building perfect hash indices
  0:00:02.464     5M / 3373M INFO   K-mer Index Building     (kmer_index_builder.hpp    : 431)   Index built. Total 4223110 kmers, 3170296 bytes occupied (6.00561 bits per kmer).
  0:00:02.464     5M / 3373M INFO    General                 (kmer_index_builder.hpp    : 169)   Merging final buckets.
  0:00:02.763     9M / 3373M INFO   DeBruijnExtensionIndexBu (kmer_extension_index_build: 100)   Building k-mer extensions from k+1-mers
  0:00:02.920     9M / 3373M INFO   DeBruijnExtensionIndexBu (kmer_extension_index_build: 105)   Building k-mer extensions from k+1-mers finished.
  0:00:02.929     9M / 3373M INFO    General                 (stage.cpp                 : 117)   PROCEDURE == Condensing graph (id: construction:graph_condensing)
  0:00:02.929     9M / 3373M INFO   UnbranchingPathExtractor (debruijn_graph_constructor: 354)   Extracting unbranching paths
  0:00:03.047    11M / 3373M INFO   UnbranchingPathExtractor (debruijn_graph_constructor: 373)   Extracting unbranching paths finished. 24351 sequences extracted
  0:00:03.143    11M / 3373M INFO   UnbranchingPathExtractor (debruijn_graph_constructor: 309)   Collecting perfect loops
  0:00:03.175    11M / 3373M INFO   UnbranchingPathExtractor (debruijn_graph_constructor: 342)   Collecting perfect loops finished. 0 loops collected
  0:00:03.185    11M / 3373M INFO    General                 (debruijn_graph_constructor: 487)   Total 48702 edges to create
  0:00:03.186    13M / 3373M INFO    General                 (debruijn_graph_constructor: 489)   Collecting link records
  0:00:03.209    14M / 3373M INFO    General                 (debruijn_graph_constructor: 491)   Ordering link records
  0:00:03.210    14M / 3373M INFO    General                 (debruijn_graph_constructor: 493)   Sorting done
  0:00:03.211    14M / 3373M INFO    General                 (debruijn_graph_constructor: 503)   Total 22428 vertices to create
  0:00:03.211    17M / 3373M INFO    General                 (debruijn_graph_constructor: 506)   Connecting the graph
  0:00:03.233    15M / 3373M INFO    General                 (stage.cpp                 : 117)   PROCEDURE == Filling coverage indices (PHM) (id: construction:coverage_filling_phm)
  0:00:03.233    15M / 3373M INFO   K-mer Index Building     (kmer_index_builder.hpp    : 395)   Building perfect hash indices
  0:00:03.289    19M / 3373M INFO   K-mer Index Building     (kmer_index_builder.hpp    : 431)   Index built. Total 4225033 kmers, 3171632 bytes occupied (6.00541 bits per kmer).
  0:00:03.296    36M / 3373M INFO    General                 (coverage_hash_map_builder.:  47)   Collecting k-mer coverage information from reads, this takes a while.
  0:00:04.764    36M / 3373M INFO    General                 (construction.cpp          : 430)   Filling coverage and flanking coverage from PHM
  0:00:04.869    36M / 3373M INFO    General                 (coverage_filling.hpp      :  82)   Processed 48699 edges
  0:00:04.908     7M / 3373M INFO   StageManager             (stage.cpp                 : 185)   STAGE == EC Threshold Finding (id: ec_threshold_finder)
  0:00:04.908     7M / 3373M INFO    General                 (kmer_coverage_model.cpp   : 181)   Kmer coverage valley at: 4
  0:00:04.908     7M / 3373M INFO    General                 (kmer_coverage_model.cpp   : 201)   K-mer histogram maximum: 27
  0:00:04.908     7M / 3373M INFO    General                 (kmer_coverage_model.cpp   : 237)   Estimated median coverage: 28. Coverage mad: 8.8956
  0:00:04.908     7M / 3373M INFO    General                 (kmer_coverage_model.cpp   : 259)   Fitting coverage model
  0:00:04.942     7M / 3373M INFO    General                 (kmer_coverage_model.cpp   : 295)   ... iteration 2
  0:00:05.030     7M / 3373M INFO    General                 (kmer_coverage_model.cpp   : 295)   ... iteration 4
  0:00:05.327     7M / 3373M INFO    General                 (kmer_coverage_model.cpp   : 295)   ... iteration 8
  0:00:06.033     7M / 3373M INFO    General                 (kmer_coverage_model.cpp   : 295)   ... iteration 16
  0:00:07.030     7M / 3373M INFO    General                 (kmer_coverage_model.cpp   : 309)   Fitted mean coverage: 28.5549. Fitted coverage std. dev: 7.85885
  0:00:07.032     7M / 3373M INFO    General                 (kmer_coverage_model.cpp   : 334)   Probability of erroneous kmer at valley: 0.229779
  0:00:07.032     7M / 3373M INFO    General                 (kmer_coverage_model.cpp   : 358)   Preliminary threshold calculated as: 6
  0:00:07.032     7M / 3373M INFO    General                 (kmer_coverage_model.cpp   : 362)   Threshold adjusted to: 6
  0:00:07.032     7M / 3373M INFO    General                 (kmer_coverage_model.cpp   : 375)   Estimated genome size (ignoring repeats): 3955104
  0:00:07.032     7M / 3373M INFO    General                 (genomic_info_filler.cpp   :  55)   Mean coverage was calculated as 28.5549
  0:00:07.032     7M / 3373M INFO    General                 (genomic_info_filler.cpp   :  70)   EC coverage threshold value was calculated as 6
  0:00:07.032     7M / 3373M INFO    General                 (genomic_info_filler.cpp   :  71)   Trusted kmer low bound: 0
  0:00:07.032     7M / 3373M INFO   StageManager             (stage.cpp                 : 185)   STAGE == Gap Closer (id: early_gapcloser)
  0:00:07.037    16M / 3373M INFO    General                 (edge_index.hpp            : 113)   Size of edge index entries: 12/8
  0:00:07.042    16M / 3373M INFO    General                 (gap_closer.cpp            : 101)   Total edges in tip neighborhood: 9574 out of 48699, length: 212407
  0:00:07.042    16M / 3373M INFO    General                 (edge_index.hpp            : 167)   Using small index (max_id = 48948)
  0:00:07.046    16M / 3373M INFO   K-mer Index Building     (kmer_index_builder.hpp    : 395)   Building perfect hash indices
  0:00:07.058    16M / 3373M INFO   K-mer Index Building     (kmer_index_builder.hpp    : 431)   Index built. Total 185313 kmers, 134584 bytes occupied (5.81002 bits per kmer).
  0:00:07.058    18M / 3373M INFO    General                 (edge_index_builders.hpp   : 265)   Collecting edge information from graph, this takes a while.
  0:00:08.277    18M / 3373M INFO    General                 (sequence_mapper_notifier.h:  95)   Total 501142 reads processed
  0:00:08.286    16M / 3373M INFO    General                 (gap_closer.cpp            : 452)   Initializing gap closer
  0:00:08.286    16M / 3373M INFO   GapCloser                (gap_closer.cpp            : 359)   Closing short gaps
  0:00:08.309    16M / 3373M INFO   GapCloser                (gap_closer.cpp            : 391)   Closing short gaps complete: filled 1 gaps after checking 51 candidates
  0:00:08.311    16M / 3373M INFO    General                 (gap_closer.cpp            : 456)   Gap closer done
  0:00:08.312     7M / 3373M INFO   StageManager             (stage.cpp                 : 185)   STAGE == Raw Simplification (id: raw_simplification)
  0:00:08.312     7M / 3373M INFO    General                 (simplification.cpp        : 127)   PROCEDURE == Initial cleaning
  0:00:08.312     7M / 3373M INFO    General                 (graph_simplification.hpp  : 662)   Flanking coverage based disconnection disabled
  0:00:08.312     7M / 3373M INFO   Simplification           (parallel_processing.hpp   : 167)   Running Self conjugate edge remover
  0:00:08.313     7M / 3373M INFO   Simplification           (parallel_processing.hpp   : 170)   Self conjugate edge remover triggered 0 times
  0:00:08.313     7M / 3373M INFO   StageManager             (stage.cpp                 : 185)   STAGE == Simplification (id: simplification)
  0:00:08.313     7M / 3373M INFO    General                 (simplification.cpp        : 368)   Graph simplification started
  0:00:08.313     7M / 3373M INFO    General                 (graph_simplification.hpp  : 634)   Creating parallel br instance
  0:00:08.313     7M / 3373M INFO    General                 (simplification.cpp        : 373)   PROCEDURE == Simplification cycle, iteration 1
  0:00:08.313     7M / 3373M INFO   Simplification           (parallel_processing.hpp   : 167)   Running Tip clipper
  0:00:08.400     6M / 3373M INFO   Simplification           (parallel_processing.hpp   : 170)   Tip clipper triggered 8545 times
  0:00:08.401     6M / 3373M INFO   Simplification           (parallel_processing.hpp   : 167)   Running Bulge remover
  0:00:08.518    16M / 3373M INFO   Simplification           (parallel_processing.hpp   : 170)   Bulge remover triggered 828 times
  0:00:08.519    16M / 3373M INFO   Simplification           (parallel_processing.hpp   : 167)   Running Low coverage edge remover
  0:00:08.519    16M / 3373M INFO   Simplification           (parallel_processing.hpp   : 170)   Low coverage edge remover triggered 0 times
  0:00:08.520    16M / 3373M INFO    General                 (simplification.cpp        : 373)   PROCEDURE == Simplification cycle, iteration 2
  0:00:08.520    16M / 3373M INFO   Simplification           (parallel_processing.hpp   : 167)   Running Tip clipper
  0:00:08.520    16M / 3373M INFO   Simplification           (parallel_processing.hpp   : 170)   Tip clipper triggered 0 times
  0:00:08.520    16M / 3373M INFO   Simplification           (parallel_processing.hpp   : 167)   Running Bulge remover
  0:00:08.520    16M / 3373M INFO   Simplification           (parallel_processing.hpp   : 170)   Bulge remover triggered 0 times
  0:00:08.520    16M / 3373M INFO   Simplification           (parallel_processing.hpp   : 167)   Running Low coverage edge remover
  0:00:08.529    16M / 3373M INFO   Simplification           (parallel_processing.hpp   : 170)   Low coverage edge remover triggered 387 times
  0:00:08.529    16M / 3373M INFO    General                 (simplification.cpp        : 373)   PROCEDURE == Simplification cycle, iteration 3
  0:00:08.529    16M / 3373M INFO   Simplification           (parallel_processing.hpp   : 167)   Running Tip clipper
  0:00:08.529    16M / 3373M INFO   Simplification           (parallel_processing.hpp   : 170)   Tip clipper triggered 20 times
  0:00:08.529    16M / 3373M INFO   Simplification           (parallel_processing.hpp   : 167)   Running Bulge remover
  0:00:08.544    17M / 3373M INFO   Simplification           (parallel_processing.hpp   : 170)   Bulge remover triggered 100 times
  0:00:08.544    17M / 3373M INFO   Simplification           (parallel_processing.hpp   : 167)   Running Low coverage edge remover
  0:00:08.546    17M / 3373M INFO   Simplification           (parallel_processing.hpp   : 170)   Low coverage edge remover triggered 60 times
  0:00:08.546    17M / 3373M INFO    General                 (simplification.cpp        : 373)   PROCEDURE == Simplification cycle, iteration 4
  0:00:08.546    17M / 3373M INFO   Simplification           (parallel_processing.hpp   : 167)   Running Tip clipper
  0:00:08.546    17M / 3373M INFO   Simplification           (parallel_processing.hpp   : 170)   Tip clipper triggered 1 times
  0:00:08.546    17M / 3373M INFO   Simplification           (parallel_processing.hpp   : 167)   Running Bulge remover
  0:00:08.549    17M / 3373M INFO   Simplification           (parallel_processing.hpp   : 170)   Bulge remover triggered 20 times
  0:00:08.549    17M / 3373M INFO   Simplification           (parallel_processing.hpp   : 167)   Running Low coverage edge remover
  0:00:08.551    17M / 3373M INFO   Simplification           (parallel_processing.hpp   : 170)   Low coverage edge remover triggered 58 times
  0:00:08.551    17M / 3373M INFO    General                 (simplification.cpp        : 373)   PROCEDURE == Simplification cycle, iteration 5
  0:00:08.551    17M / 3373M INFO   Simplification           (parallel_processing.hpp   : 167)   Running Tip clipper
  0:00:08.551    17M / 3373M INFO   Simplification           (parallel_processing.hpp   : 170)   Tip clipper triggered 1 times
  0:00:08.551    17M / 3373M INFO   Simplification           (parallel_processing.hpp   : 167)   Running Bulge remover
  0:00:08.555    17M / 3373M INFO   Simplification           (parallel_processing.hpp   : 170)   Bulge remover triggered 25 times
  0:00:08.555    17M / 3373M INFO   Simplification           (parallel_processing.hpp   : 167)   Running Low coverage edge remover
  0:00:08.555    17M / 3373M INFO   Simplification           (parallel_processing.hpp   : 170)   Low coverage edge remover triggered 9 times
  0:00:08.555    17M / 3373M INFO    General                 (simplification.cpp        : 373)   PROCEDURE == Simplification cycle, iteration 6
  0:00:08.555    17M / 3373M INFO   Simplification           (parallel_processing.hpp   : 167)   Running Tip clipper
  0:00:08.555    17M / 3373M INFO   Simplification           (parallel_processing.hpp   : 170)   Tip clipper triggered 0 times
  0:00:08.555    17M / 3373M INFO   Simplification           (parallel_processing.hpp   : 167)   Running Bulge remover
  0:00:08.555    17M / 3373M INFO   Simplification           (parallel_processing.hpp   : 170)   Bulge remover triggered 3 times
  0:00:08.555    17M / 3373M INFO   Simplification           (parallel_processing.hpp   : 167)   Running Low coverage edge remover
  0:00:08.556    17M / 3373M INFO   Simplification           (parallel_processing.hpp   : 170)   Low coverage edge remover triggered 5 times
  0:00:08.556    17M / 3373M INFO    General                 (simplification.cpp        : 373)   PROCEDURE == Simplification cycle, iteration 7
  0:00:08.556    17M / 3373M INFO   Simplification           (parallel_processing.hpp   : 167)   Running Tip clipper
  0:00:08.556    17M / 3373M INFO   Simplification           (parallel_processing.hpp   : 170)   Tip clipper triggered 0 times
  0:00:08.556    17M / 3373M INFO   Simplification           (parallel_processing.hpp   : 167)   Running Bulge remover
  0:00:08.556    17M / 3373M INFO   Simplification           (parallel_processing.hpp   : 170)   Bulge remover triggered 3 times
  0:00:08.556    17M / 3373M INFO   Simplification           (parallel_processing.hpp   : 167)   Running Low coverage edge remover
  0:00:08.556    17M / 3373M INFO   Simplification           (parallel_processing.hpp   : 170)   Low coverage edge remover triggered 4 times
  0:00:08.556    17M / 3373M INFO    General                 (simplification.cpp        : 373)   PROCEDURE == Simplification cycle, iteration 8
  0:00:08.556    17M / 3373M INFO   Simplification           (parallel_processing.hpp   : 167)   Running Tip clipper
  0:00:08.556    17M / 3373M INFO   Simplification           (parallel_processing.hpp   : 170)   Tip clipper triggered 0 times
  0:00:08.556    17M / 3373M INFO   Simplification           (parallel_processing.hpp   : 167)   Running Bulge remover
  0:00:08.556    17M / 3373M INFO   Simplification           (parallel_processing.hpp   : 170)   Bulge remover triggered 1 times
  0:00:08.556    17M / 3373M INFO   Simplification           (parallel_processing.hpp   : 167)   Running Low coverage edge remover
  0:00:08.556    17M / 3373M INFO   Simplification           (parallel_processing.hpp   : 170)   Low coverage edge remover triggered 8 times
  0:00:08.556    17M / 3373M INFO    General                 (simplification.cpp        : 373)   PROCEDURE == Simplification cycle, iteration 9
  0:00:08.556    17M / 3373M INFO   Simplification           (parallel_processing.hpp   : 167)   Running Tip clipper
  0:00:08.556    17M / 3373M INFO   Simplification           (parallel_processing.hpp   : 170)   Tip clipper triggered 0 times
  0:00:08.556    17M / 3373M INFO   Simplification           (parallel_processing.hpp   : 167)   Running Bulge remover
  0:00:08.557    18M / 3373M INFO   Simplification           (parallel_processing.hpp   : 170)   Bulge remover triggered 7 times
  0:00:08.558    18M / 3373M INFO   Simplification           (parallel_processing.hpp   : 167)   Running Low coverage edge remover
  0:00:08.558    18M / 3373M INFO   Simplification           (parallel_processing.hpp   : 170)   Low coverage edge remover triggered 1 times
  0:00:08.558    18M / 3373M INFO    General                 (simplification.cpp        : 373)   PROCEDURE == Simplification cycle, iteration 10
  0:00:08.558    18M / 3373M INFO   Simplification           (parallel_processing.hpp   : 167)   Running Tip clipper
  0:00:08.558    18M / 3373M INFO   Simplification           (parallel_processing.hpp   : 170)   Tip clipper triggered 0 times
  0:00:08.558    18M / 3373M INFO   Simplification           (parallel_processing.hpp   : 167)   Running Bulge remover
  0:00:08.558    18M / 3373M INFO   Simplification           (parallel_processing.hpp   : 170)   Bulge remover triggered 1 times
  0:00:08.558    18M / 3373M INFO   Simplification           (parallel_processing.hpp   : 167)   Running Low coverage edge remover
  0:00:08.558    18M / 3373M INFO   Simplification           (parallel_processing.hpp   : 170)   Low coverage edge remover triggered 1 times
  0:00:08.558    18M / 3373M INFO    General                 (simplification.cpp        : 373)   PROCEDURE == Simplification cycle, iteration 11
  0:00:08.558    18M / 3373M INFO   Simplification           (parallel_processing.hpp   : 167)   Running Tip clipper
  0:00:08.558    18M / 3373M INFO   Simplification           (parallel_processing.hpp   : 170)   Tip clipper triggered 0 times
  0:00:08.558    18M / 3373M INFO   Simplification           (parallel_processing.hpp   : 167)   Running Bulge remover
  0:00:08.560    18M / 3373M INFO   Simplification           (parallel_processing.hpp   : 170)   Bulge remover triggered 4 times
  0:00:08.560    18M / 3373M INFO   Simplification           (parallel_processing.hpp   : 167)   Running Low coverage edge remover
  0:00:08.560    18M / 3373M INFO   Simplification           (parallel_processing.hpp   : 170)   Low coverage edge remover triggered 0 times
  0:00:08.560    18M / 3373M INFO    General                 (simplification.cpp        : 373)   PROCEDURE == Simplification cycle, iteration 12
  0:00:08.560    18M / 3373M INFO   Simplification           (parallel_processing.hpp   : 167)   Running Tip clipper
  0:00:08.560    18M / 3373M INFO   Simplification           (parallel_processing.hpp   : 170)   Tip clipper triggered 0 times
  0:00:08.560    18M / 3373M INFO   Simplification           (parallel_processing.hpp   : 167)   Running Bulge remover
  0:00:08.560    18M / 3373M INFO   Simplification           (parallel_processing.hpp   : 170)   Bulge remover triggered 0 times
  0:00:08.560    18M / 3373M INFO   Simplification           (parallel_processing.hpp   : 167)   Running Low coverage edge remover
  0:00:08.560    18M / 3373M INFO   Simplification           (parallel_processing.hpp   : 170)   Low coverage edge remover triggered 0 times
  0:00:08.561    18M / 3373M INFO   StageManager             (stage.cpp                 : 185)   STAGE == Gap Closer (id: late_gapcloser)
  0:00:08.563    27M / 3373M INFO    General                 (edge_index.hpp            : 113)   Size of edge index entries: 12/8
  0:00:08.564    27M / 3373M INFO    General                 (gap_closer.cpp            : 101)   Total edges in tip neighborhood: 915 out of 5738, length: 72951
  0:00:08.564    27M / 3373M INFO    General                 (edge_index.hpp            : 167)   Using small index (max_id = 48948)
  0:00:08.564    27M / 3373M INFO   K-mer Index Building     (kmer_index_builder.hpp    : 395)   Building perfect hash indices
  0:00:08.569    27M / 3373M INFO   K-mer Index Building     (kmer_index_builder.hpp    : 431)   Index built. Total 44044 kmers, 32552 bytes occupied (5.91263 bits per kmer).
  0:00:08.569    27M / 3373M INFO    General                 (edge_index_builders.hpp   : 265)   Collecting edge information from graph, this takes a while.
  0:00:10.462    27M / 3373M INFO    General                 (sequence_mapper_notifier.h:  95)   Total 501142 reads processed
  0:00:10.471    27M / 3373M INFO    General                 (gap_closer.cpp            : 452)   Initializing gap closer
  0:00:10.472    27M / 3373M INFO   GapCloser                (gap_closer.cpp            : 359)   Closing short gaps
  0:00:10.475    27M / 3373M INFO   GapCloser                (gap_closer.cpp            : 391)   Closing short gaps complete: filled 0 gaps after checking 0 candidates
  0:00:10.476    27M / 3373M INFO    General                 (gap_closer.cpp            : 456)   Gap closer done
  0:00:10.478    18M / 3373M INFO   StageManager             (stage.cpp                 : 185)   STAGE == Simplification Cleanup (id: simplification_cleanup)
  0:00:10.478    18M / 3373M INFO    General                 (simplification.cpp        : 176)   PROCEDURE == Post simplification
  0:00:10.478    18M / 3373M INFO    General                 (graph_simplification.hpp  : 448)   Disconnection of relatively low covered edges disabled
  0:00:10.478    18M / 3373M INFO    General                 (graph_simplification.hpp  : 485)   Complex tip clipping disabled
  0:00:10.478    18M / 3373M INFO    General                 (graph_simplification.hpp  : 634)   Creating parallel br instance
  0:00:10.478    18M / 3373M INFO   Simplification           (parallel_processing.hpp   : 167)   Running Tip clipper
  0:00:10.478    18M / 3373M INFO   Simplification           (parallel_processing.hpp   : 170)   Tip clipper triggered 0 times
  0:00:10.478    18M / 3373M INFO   Simplification           (parallel_processing.hpp   : 167)   Running Bulge remover
  0:00:10.483    18M / 3373M INFO   Simplification           (parallel_processing.hpp   : 170)   Bulge remover triggered 1 times
  0:00:10.483    18M / 3373M INFO   Simplification           (parallel_processing.hpp   : 167)   Running Tip clipper
  0:00:10.484    18M / 3373M INFO   Simplification           (parallel_processing.hpp   : 170)   Tip clipper triggered 0 times
  0:00:10.484    18M / 3373M INFO   Simplification           (parallel_processing.hpp   : 167)   Running Bulge remover
  0:00:10.487    18M / 3373M INFO   Simplification           (parallel_processing.hpp   : 170)   Bulge remover triggered 0 times
  0:00:10.487    18M / 3373M INFO    General                 (simplification.cpp        : 327)   Disrupting self-conjugate edges
  0:00:10.488    18M / 3373M INFO   Simplification           (parallel_processing.hpp   : 167)   Running Removing isolated edges
  0:00:10.489    18M / 3373M INFO   Simplification           (parallel_processing.hpp   : 170)   Removing isolated edges triggered 453 times
  0:00:10.489    18M / 3373M INFO    General                 (simplification.cpp        : 495)   After simplification:
  0:00:10.489    18M / 3373M INFO    General                 (simplification.cpp        : 496)     Average coverage = 31.6446
  0:00:10.490    18M / 3373M INFO    General                 (simplification.cpp        : 497)     Total length = 3942238
  0:00:10.490    18M / 3373M INFO    General                 (simplification.cpp        : 498)     Median edge length: 24166
  0:00:10.490    18M / 3373M INFO    General                 (simplification.cpp        : 499)     Edges: 4826
  0:00:10.490    18M / 3373M INFO    General                 (simplification.cpp        : 500)     Vertices: 3124
  0:00:10.490    18M / 3373M INFO   StageManager             (stage.cpp                 : 185)   STAGE == Contig Output (id: contig_output)
  0:00:10.490    18M / 3373M INFO    General                 (read_converter.cpp        : 107)   Outputting contigs to /data/djs217/PROJECTS/10_X_fragariae_feb_2024/04_spades/NCPPB_2949.spades/K77/simplified_contigs
  0:00:10.495    20M / 3373M INFO    General                 (binary_converter.cpp      : 111)   2413 reads written
  0:00:10.499    18M / 3373M INFO    General                 (pipeline.cpp              : 287)   SPAdes finished
  0:00:10.519     1M / 3373M INFO    General                 (main.cpp                  : 136)   Assembling time: 0 hours 0 minutes 10 seconds

===== K77 finished. 


===== K99 started. 


== Running: /data/djs217/anaconda3/envs/spades-env/bin/spades-core /data/djs217/PROJECTS/10_X_fragariae_feb_2024/04_spades/NCPPB_2949.spades/K99/configs/config.info /data/djs217/PROJECTS/10_X_fragariae_feb_2024/04_spades/NCPPB_2949.spades/K99/configs/careful_mode.info

  0:00:00.000     1M / 19M   INFO    General                 (main.cpp                  :  99)   Loaded config from /data/djs217/PROJECTS/10_X_fragariae_feb_2024/04_spades/NCPPB_2949.spades/K99/configs/config.info
  0:00:00.001     1M / 19M   INFO    General                 (main.cpp                  :  99)   Loaded config from /data/djs217/PROJECTS/10_X_fragariae_feb_2024/04_spades/NCPPB_2949.spades/K99/configs/careful_mode.info
  0:00:00.001     1M / 19M   INFO    General                 (memory_limit.cpp          :  54)   Memory limit set to 62 Gb
  0:00:00.001     1M / 19M   INFO    General                 (main.cpp                  : 107)   Starting SPAdes, built from N/A, git revision N/A
  0:00:00.001     1M / 19M   INFO    General                 (main.cpp                  : 108)   Maximum k-mer length: 128
  0:00:00.001     1M / 19M   INFO    General                 (main.cpp                  : 109)   Assembling dataset (/data/djs217/PROJECTS/10_X_fragariae_feb_2024/04_spades/NCPPB_2949.spades/dataset.info) with K=99
  0:00:00.001     1M / 19M   INFO    General                 (main.cpp                  : 110)   Maximum # of threads to use (adjusted due to OMP capabilities): 16
  0:00:00.002     1M / 19M   INFO    General                 (pipeline.cpp              : 212)   SPAdes started
  0:00:00.002     1M / 19M   INFO    General                 (pipeline.cpp              : 225)   Starting from stage: read_conversion
  0:00:00.002     1M / 19M   INFO    General                 (pipeline.cpp              : 231)   Two-step repeat resolution disabled
  0:00:00.002     1M / 19M   INFO   GraphCore                (graph_core.hpp            : 672)   Graph created, vertex min_id: 3, edge min_id: 3
  0:00:00.002     1M / 19M   INFO   GraphCore                (graph_core.hpp            : 673)   Vertex size: 48, edge size: 40
  0:00:00.002     1M / 19M   INFO    General                 (edge_index.hpp            : 113)   Size of edge index entries: 12/8
  0:00:00.002     1M / 19M   INFO    General                 (pipeline.cpp              : 242)   Will need read mapping, kmer mapper will be attached
  0:00:00.002     1M / 19M   INFO   StageManager             (stage.cpp                 : 185)   STAGE == Binary Read Conversion (id: read_conversion)
  0:00:00.003     1M / 19M   INFO    General                 (read_converter.cpp        :  53)   Binary reads detected
  0:00:00.008     1M / 19M   INFO   StageManager             (stage.cpp                 : 185)   STAGE == de Bruijn graph construction (id: construction)
  0:00:00.008     1M / 19M   INFO    General                 (construction.cpp          : 118)   Contigs from previous K will be used: /data/djs217/PROJECTS/10_X_fragariae_feb_2024/04_spades/NCPPB_2949.spades/K77/simplified_contigs
  0:00:00.036     1M / 19M   INFO    General                 (construction.cpp          : 153)   Max read length 301
  0:00:00.036     1M / 19M   INFO    General                 (construction.cpp          : 159)   Average read length 200.803
  0:00:00.036     1M / 19M   INFO    General                 (stage.cpp                 : 117)   PROCEDURE == k+1-mer counting (id: construction:kpomer_counting)
  0:00:00.036     1M / 19M   INFO    General                 (kmer_index_builder.hpp    : 243)   Splitting kmer instances into 160 files using 16 threads. This might take a while.
  0:00:00.037     1M / 19M   INFO    General                 (file_limit.hpp            :  42)   Open file limit set to 1024
  0:00:00.037     1M / 19M   INFO    General                 (kmer_splitter.hpp         :  93)   Memory available for splitting buffers: 1.29165 Gb
  0:00:00.037     1M / 19M   INFO    General                 (kmer_splitter.hpp         : 101)   Using cell size of 104857
  0:00:01.701  9601M / 9601M INFO    General                 (kmer_splitters.hpp        : 125)   Processed 2011480 reads
  0:00:01.723     1M / 3802M INFO    General                 (kmer_splitters.hpp        : 131)   Used 2011480 reads
  0:00:02.034     1M / 3802M INFO    General                 (kmer_index_builder.hpp    : 249)   Starting k-mer counting.
  0:00:02.142     1M / 3802M INFO    General                 (kmer_index_builder.hpp    : 260)   K-mer counting done. There are 4257515 kmers in total.
  0:00:02.143     1M / 3802M INFO    General                 (stage.cpp                 : 117)   PROCEDURE == Extension index construction (id: construction:extension_index_construction)
  0:00:02.146     1M / 3802M INFO   K-mer Index Building     (kmer_index_builder.hpp    : 438)   Building kmer index
  0:00:02.146     1M / 3802M INFO    General                 (kmer_index_builder.hpp    : 243)   Splitting kmer instances into 160 files using 16 threads. This might take a while.
  0:00:02.146     1M / 3802M INFO    General                 (file_limit.hpp            :  42)   Open file limit set to 1024
  0:00:02.146     1M / 3802M INFO    General                 (kmer_splitter.hpp         :  93)   Memory available for splitting buffers: 1.29165 Gb
  0:00:02.146     1M / 3802M INFO    General                 (kmer_splitter.hpp         : 101)   Using cell size of 104857
  0:00:02.406  9602M / 9602M INFO    General                 (kmer_splitters.hpp        : 194)   Processed 4257515 kmers
  0:00:02.406  9602M / 9602M INFO    General                 (kmer_splitters.hpp        : 199)   Used 4257515 kmers.
  0:00:02.408     2M / 3802M INFO    General                 (kmer_index_builder.hpp    : 249)   Starting k-mer counting.
  0:00:02.519     2M / 3802M INFO    General                 (kmer_index_builder.hpp    : 260)   K-mer counting done. There are 4256399 kmers in total.
  0:00:02.519     2M / 3802M INFO   K-mer Index Building     (kmer_index_builder.hpp    : 395)   Building perfect hash indices
  0:00:02.758     5M / 3802M INFO   K-mer Index Building     (kmer_index_builder.hpp    : 431)   Index built. Total 4256399 kmers, 3194480 bytes occupied (6.0041 bits per kmer).
  0:00:02.758     5M / 3802M INFO    General                 (kmer_index_builder.hpp    : 169)   Merging final buckets.
  0:00:03.302     9M / 3802M INFO   DeBruijnExtensionIndexBu (kmer_extension_index_build: 100)   Building k-mer extensions from k+1-mers
  0:00:03.478     9M / 3802M INFO   DeBruijnExtensionIndexBu (kmer_extension_index_build: 105)   Building k-mer extensions from k+1-mers finished.
  0:00:03.489     9M / 3802M INFO    General                 (stage.cpp                 : 117)   PROCEDURE == Condensing graph (id: construction:graph_condensing)
  0:00:03.490     9M / 3802M INFO   UnbranchingPathExtractor (debruijn_graph_constructor: 354)   Extracting unbranching paths
  0:00:03.608    11M / 3802M INFO   UnbranchingPathExtractor (debruijn_graph_constructor: 373)   Extracting unbranching paths finished. 22962 sequences extracted
  0:00:03.710    11M / 3802M INFO   UnbranchingPathExtractor (debruijn_graph_constructor: 309)   Collecting perfect loops
  0:00:03.743    11M / 3802M INFO   UnbranchingPathExtractor (debruijn_graph_constructor: 342)   Collecting perfect loops finished. 0 loops collected
  0:00:03.755    11M / 3802M INFO    General                 (debruijn_graph_constructor: 487)   Total 45924 edges to create
  0:00:03.755    13M / 3802M INFO    General                 (debruijn_graph_constructor: 489)   Collecting link records
  0:00:03.787    14M / 3802M INFO    General                 (debruijn_graph_constructor: 491)   Ordering link records
  0:00:03.788    14M / 3802M INFO    General                 (debruijn_graph_constructor: 493)   Sorting done
  0:00:03.788    14M / 3802M INFO    General                 (debruijn_graph_constructor: 503)   Total 21846 vertices to create
  0:00:03.788    17M / 3802M INFO    General                 (debruijn_graph_constructor: 506)   Connecting the graph
  0:00:03.819    15M / 3802M INFO    General                 (stage.cpp                 : 117)   PROCEDURE == Filling coverage indices (PHM) (id: construction:coverage_filling_phm)
  0:00:03.819    15M / 3802M INFO   K-mer Index Building     (kmer_index_builder.hpp    : 395)   Building perfect hash indices
  0:00:03.893    19M / 3802M INFO   K-mer Index Building     (kmer_index_builder.hpp    : 431)   Index built. Total 4257515 kmers, 3195432 bytes occupied (6.00431 bits per kmer).
  0:00:03.896    36M / 3802M INFO    General                 (coverage_hash_map_builder.:  47)   Collecting k-mer coverage information from reads, this takes a while.
  0:00:05.155    36M / 3802M INFO    General                 (construction.cpp          : 430)   Filling coverage and flanking coverage from PHM
  0:00:05.258    36M / 3802M INFO    General                 (coverage_filling.hpp      :  82)   Processed 45924 edges
  0:00:05.307     7M / 3802M INFO   StageManager             (stage.cpp                 : 185)   STAGE == EC Threshold Finding (id: ec_threshold_finder)
  0:00:05.307     7M / 3802M INFO    General                 (kmer_coverage_model.cpp   : 181)   Kmer coverage valley at: 2
  0:00:05.308     7M / 3802M INFO    General                 (kmer_coverage_model.cpp   : 201)   K-mer histogram maximum: 21
  0:00:05.308     7M / 3802M INFO    General                 (kmer_coverage_model.cpp   : 237)   Estimated median coverage: 23. Coverage mad: 8.8956
  0:00:05.308     7M / 3802M INFO    General                 (kmer_coverage_model.cpp   : 259)   Fitting coverage model
  0:00:05.334     7M / 3802M INFO    General                 (kmer_coverage_model.cpp   : 295)   ... iteration 2
  0:00:05.404     7M / 3802M INFO    General                 (kmer_coverage_model.cpp   : 295)   ... iteration 4
  0:00:05.629     7M / 3802M INFO    General                 (kmer_coverage_model.cpp   : 295)   ... iteration 8
  0:00:06.174     7M / 3802M INFO    General                 (kmer_coverage_model.cpp   : 295)   ... iteration 16
  0:00:07.222     7M / 3802M INFO    General                 (kmer_coverage_model.cpp   : 295)   ... iteration 32
  0:00:07.753     7M / 3802M INFO    General                 (kmer_coverage_model.cpp   : 309)   Fitted mean coverage: 23.6913. Fitted coverage std. dev: 7.01254
  0:00:07.756     7M / 3802M INFO    General                 (kmer_coverage_model.cpp   : 334)   Probability of erroneous kmer at valley: 0.937807
  0:00:07.756     7M / 3802M INFO    General                 (kmer_coverage_model.cpp   : 358)   Preliminary threshold calculated as: 10
  0:00:07.756     7M / 3802M INFO    General                 (kmer_coverage_model.cpp   : 362)   Threshold adjusted to: 10
  0:00:07.756     7M / 3802M INFO    General                 (kmer_coverage_model.cpp   : 375)   Estimated genome size (ignoring repeats): 3933367
  0:00:07.756     7M / 3802M INFO    General                 (genomic_info_filler.cpp   :  55)   Mean coverage was calculated as 23.6913
  0:00:07.756     7M / 3802M INFO    General                 (genomic_info_filler.cpp   :  70)   EC coverage threshold value was calculated as 10
  0:00:07.756     7M / 3802M INFO    General                 (genomic_info_filler.cpp   :  71)   Trusted kmer low bound: 0
  0:00:07.756     7M / 3802M INFO   StageManager             (stage.cpp                 : 185)   STAGE == Gap Closer (id: early_gapcloser)
  0:00:07.763    16M / 3802M INFO    General                 (edge_index.hpp            : 113)   Size of edge index entries: 12/8
  0:00:07.769    16M / 3802M INFO    General                 (gap_closer.cpp            : 101)   Total edges in tip neighborhood: 10077 out of 45924, length: 249788
  0:00:07.770    16M / 3802M INFO    General                 (edge_index.hpp            : 167)   Using small index (max_id = 46156)
  0:00:07.773    16M / 3802M INFO   K-mer Index Building     (kmer_index_builder.hpp    : 395)   Building perfect hash indices
  0:00:07.788    17M / 3802M INFO   K-mer Index Building     (kmer_index_builder.hpp    : 431)   Index built. Total 216517 kmers, 157144 bytes occupied (5.80625 bits per kmer).
  0:00:07.788    18M / 3802M INFO    General                 (edge_index_builders.hpp   : 265)   Collecting edge information from graph, this takes a while.
  0:00:08.845    18M / 3802M INFO    General                 (sequence_mapper_notifier.h:  95)   Total 501142 reads processed
  0:00:08.855    16M / 3802M INFO    General                 (gap_closer.cpp            : 452)   Initializing gap closer
  0:00:08.855    16M / 3802M INFO   GapCloser                (gap_closer.cpp            : 359)   Closing short gaps
  0:00:08.876    16M / 3802M INFO   GapCloser                (gap_closer.cpp            : 391)   Closing short gaps complete: filled 1 gaps after checking 47 candidates
  0:00:08.878    16M / 3802M INFO    General                 (gap_closer.cpp            : 456)   Gap closer done
  0:00:08.879     7M / 3802M INFO   StageManager             (stage.cpp                 : 185)   STAGE == Raw Simplification (id: raw_simplification)
  0:00:08.879     7M / 3802M INFO    General                 (simplification.cpp        : 127)   PROCEDURE == Initial cleaning
  0:00:08.879     7M / 3802M INFO    General                 (graph_simplification.hpp  : 662)   Flanking coverage based disconnection disabled
  0:00:08.879     7M / 3802M INFO   Simplification           (parallel_processing.hpp   : 167)   Running Self conjugate edge remover
  0:00:08.880     7M / 3802M INFO   Simplification           (parallel_processing.hpp   : 170)   Self conjugate edge remover triggered 0 times
  0:00:08.880     7M / 3802M INFO   StageManager             (stage.cpp                 : 185)   STAGE == Simplification (id: simplification)
  0:00:08.880     7M / 3802M INFO    General                 (simplification.cpp        : 368)   Graph simplification started
  0:00:08.880     7M / 3802M INFO    General                 (graph_simplification.hpp  : 634)   Creating parallel br instance
  0:00:08.880     7M / 3802M INFO    General                 (simplification.cpp        : 373)   PROCEDURE == Simplification cycle, iteration 1
  0:00:08.880     7M / 3802M INFO   Simplification           (parallel_processing.hpp   : 167)   Running Tip clipper
  0:00:08.976     6M / 3802M INFO   Simplification           (parallel_processing.hpp   : 170)   Tip clipper triggered 8625 times
  0:00:08.977     6M / 3802M INFO   Simplification           (parallel_processing.hpp   : 167)   Running Bulge remover
  0:00:09.072    14M / 3802M INFO   Simplification           (parallel_processing.hpp   : 170)   Bulge remover triggered 482 times
  0:00:09.072    14M / 3802M INFO   Simplification           (parallel_processing.hpp   : 167)   Running Low coverage edge remover
  0:00:09.077    14M / 3802M INFO   Simplification           (parallel_processing.hpp   : 170)   Low coverage edge remover triggered 255 times
  0:00:09.078    14M / 3802M INFO    General                 (simplification.cpp        : 373)   PROCEDURE == Simplification cycle, iteration 2
  0:00:09.079    14M / 3802M INFO   Simplification           (parallel_processing.hpp   : 167)   Running Tip clipper
  0:00:09.079    14M / 3802M INFO   Simplification           (parallel_processing.hpp   : 170)   Tip clipper triggered 24 times
  0:00:09.079    14M / 3802M INFO   Simplification           (parallel_processing.hpp   : 167)   Running Bulge remover
  0:00:09.094    15M / 3802M INFO   Simplification           (parallel_processing.hpp   : 170)   Bulge remover triggered 75 times
  0:00:09.094    15M / 3802M INFO   Simplification           (parallel_processing.hpp   : 167)   Running Low coverage edge remover
  0:00:09.097    15M / 3802M INFO   Simplification           (parallel_processing.hpp   : 170)   Low coverage edge remover triggered 80 times
  0:00:09.097    15M / 3802M INFO    General                 (simplification.cpp        : 373)   PROCEDURE == Simplification cycle, iteration 3
  0:00:09.097    15M / 3802M INFO   Simplification           (parallel_processing.hpp   : 167)   Running Tip clipper
  0:00:09.097    15M / 3802M INFO   Simplification           (parallel_processing.hpp   : 170)   Tip clipper triggered 2 times
  0:00:09.098    15M / 3802M INFO   Simplification           (parallel_processing.hpp   : 167)   Running Bulge remover
  0:00:09.102    16M / 3802M INFO   Simplification           (parallel_processing.hpp   : 170)   Bulge remover triggered 23 times
  0:00:09.102    16M / 3802M INFO   Simplification           (parallel_processing.hpp   : 167)   Running Low coverage edge remover
  0:00:09.103    16M / 3802M INFO   Simplification           (parallel_processing.hpp   : 170)   Low coverage edge remover triggered 14 times
  0:00:09.103    16M / 3802M INFO    General                 (simplification.cpp        : 373)   PROCEDURE == Simplification cycle, iteration 4
  0:00:09.103    16M / 3802M INFO   Simplification           (parallel_processing.hpp   : 167)   Running Tip clipper
  0:00:09.103    16M / 3802M INFO   Simplification           (parallel_processing.hpp   : 170)   Tip clipper triggered 3 times
  0:00:09.103    16M / 3802M INFO   Simplification           (parallel_processing.hpp   : 167)   Running Bulge remover
  0:00:09.104    16M / 3802M INFO   Simplification           (parallel_processing.hpp   : 170)   Bulge remover triggered 5 times
  0:00:09.104    16M / 3802M INFO   Simplification           (parallel_processing.hpp   : 167)   Running Low coverage edge remover
  0:00:09.104    16M / 3802M INFO   Simplification           (parallel_processing.hpp   : 170)   Low coverage edge remover triggered 9 times
  0:00:09.104    16M / 3802M INFO    General                 (simplification.cpp        : 373)   PROCEDURE == Simplification cycle, iteration 5
  0:00:09.104    16M / 3802M INFO   Simplification           (parallel_processing.hpp   : 167)   Running Tip clipper
  0:00:09.104    16M / 3802M INFO   Simplification           (parallel_processing.hpp   : 170)   Tip clipper triggered 0 times
  0:00:09.104    16M / 3802M INFO   Simplification           (parallel_processing.hpp   : 167)   Running Bulge remover
  0:00:09.105    16M / 3802M INFO   Simplification           (parallel_processing.hpp   : 170)   Bulge remover triggered 3 times
  0:00:09.105    16M / 3802M INFO   Simplification           (parallel_processing.hpp   : 167)   Running Low coverage edge remover
  0:00:09.105    16M / 3802M INFO   Simplification           (parallel_processing.hpp   : 170)   Low coverage edge remover triggered 1 times
  0:00:09.105    16M / 3802M INFO    General                 (simplification.cpp        : 373)   PROCEDURE == Simplification cycle, iteration 6
  0:00:09.105    16M / 3802M INFO   Simplification           (parallel_processing.hpp   : 167)   Running Tip clipper
  0:00:09.105    16M / 3802M INFO   Simplification           (parallel_processing.hpp   : 170)   Tip clipper triggered 0 times
  0:00:09.105    16M / 3802M INFO   Simplification           (parallel_processing.hpp   : 167)   Running Bulge remover
  0:00:09.106    16M / 3802M INFO   Simplification           (parallel_processing.hpp   : 170)   Bulge remover triggered 1 times
  0:00:09.106    16M / 3802M INFO   Simplification           (parallel_processing.hpp   : 167)   Running Low coverage edge remover
  0:00:09.106    16M / 3802M INFO   Simplification           (parallel_processing.hpp   : 170)   Low coverage edge remover triggered 1 times
  0:00:09.106    16M / 3802M INFO    General                 (simplification.cpp        : 373)   PROCEDURE == Simplification cycle, iteration 7
  0:00:09.106    16M / 3802M INFO   Simplification           (parallel_processing.hpp   : 167)   Running Tip clipper
  0:00:09.106    16M / 3802M INFO   Simplification           (parallel_processing.hpp   : 170)   Tip clipper triggered 0 times
  0:00:09.106    16M / 3802M INFO   Simplification           (parallel_processing.hpp   : 167)   Running Bulge remover
  0:00:09.106    16M / 3802M INFO   Simplification           (parallel_processing.hpp   : 170)   Bulge remover triggered 0 times
  0:00:09.106    16M / 3802M INFO   Simplification           (parallel_processing.hpp   : 167)   Running Low coverage edge remover
  0:00:09.106    16M / 3802M INFO   Simplification           (parallel_processing.hpp   : 170)   Low coverage edge remover triggered 0 times
  0:00:09.106    16M / 3802M INFO    General                 (simplification.cpp        : 373)   PROCEDURE == Simplification cycle, iteration 8
  0:00:09.106    16M / 3802M INFO   Simplification           (parallel_processing.hpp   : 167)   Running Tip clipper
  0:00:09.106    16M / 3802M INFO   Simplification           (parallel_processing.hpp   : 170)   Tip clipper triggered 0 times
  0:00:09.106    16M / 3802M INFO   Simplification           (parallel_processing.hpp   : 167)   Running Bulge remover
  0:00:09.106    16M / 3802M INFO   Simplification           (parallel_processing.hpp   : 170)   Bulge remover triggered 0 times
  0:00:09.106    16M / 3802M INFO   Simplification           (parallel_processing.hpp   : 167)   Running Low coverage edge remover
  0:00:09.106    16M / 3802M INFO   Simplification           (parallel_processing.hpp   : 170)   Low coverage edge remover triggered 0 times
  0:00:09.106    16M / 3802M INFO    General                 (simplification.cpp        : 373)   PROCEDURE == Simplification cycle, iteration 9
  0:00:09.107    16M / 3802M INFO   Simplification           (parallel_processing.hpp   : 167)   Running Tip clipper
  0:00:09.107    16M / 3802M INFO   Simplification           (parallel_processing.hpp   : 170)   Tip clipper triggered 0 times
  0:00:09.107    16M / 3802M INFO   Simplification           (parallel_processing.hpp   : 167)   Running Bulge remover
  0:00:09.107    16M / 3802M INFO   Simplification           (parallel_processing.hpp   : 170)   Bulge remover triggered 0 times
  0:00:09.107    16M / 3802M INFO   Simplification           (parallel_processing.hpp   : 167)   Running Low coverage edge remover
  0:00:09.107    16M / 3802M INFO   Simplification           (parallel_processing.hpp   : 170)   Low coverage edge remover triggered 2 times
  0:00:09.107    16M / 3802M INFO    General                 (simplification.cpp        : 373)   PROCEDURE == Simplification cycle, iteration 10
  0:00:09.107    16M / 3802M INFO   Simplification           (parallel_processing.hpp   : 167)   Running Tip clipper
  0:00:09.107    16M / 3802M INFO   Simplification           (parallel_processing.hpp   : 170)   Tip clipper triggered 0 times
  0:00:09.107    16M / 3802M INFO   Simplification           (parallel_processing.hpp   : 167)   Running Bulge remover
  0:00:09.107    16M / 3802M INFO   Simplification           (parallel_processing.hpp   : 170)   Bulge remover triggered 0 times
  0:00:09.107    16M / 3802M INFO   Simplification           (parallel_processing.hpp   : 167)   Running Low coverage edge remover
  0:00:09.107    16M / 3802M INFO   Simplification           (parallel_processing.hpp   : 170)   Low coverage edge remover triggered 2 times
  0:00:09.107    16M / 3802M INFO    General                 (simplification.cpp        : 373)   PROCEDURE == Simplification cycle, iteration 11
  0:00:09.107    16M / 3802M INFO   Simplification           (parallel_processing.hpp   : 167)   Running Tip clipper
  0:00:09.107    16M / 3802M INFO   Simplification           (parallel_processing.hpp   : 170)   Tip clipper triggered 0 times
  0:00:09.107    16M / 3802M INFO   Simplification           (parallel_processing.hpp   : 167)   Running Bulge remover
  0:00:09.109    16M / 3802M INFO   Simplification           (parallel_processing.hpp   : 170)   Bulge remover triggered 1 times
  0:00:09.109    16M / 3802M INFO   Simplification           (parallel_processing.hpp   : 167)   Running Low coverage edge remover
  0:00:09.110    16M / 3802M INFO   Simplification           (parallel_processing.hpp   : 170)   Low coverage edge remover triggered 0 times
  0:00:09.110    16M / 3802M INFO    General                 (simplification.cpp        : 373)   PROCEDURE == Simplification cycle, iteration 12
  0:00:09.110    16M / 3802M INFO   Simplification           (parallel_processing.hpp   : 167)   Running Tip clipper
  0:00:09.110    16M / 3802M INFO   Simplification           (parallel_processing.hpp   : 170)   Tip clipper triggered 0 times
  0:00:09.110    16M / 3802M INFO   Simplification           (parallel_processing.hpp   : 167)   Running Bulge remover
  0:00:09.110    16M / 3802M INFO   Simplification           (parallel_processing.hpp   : 170)   Bulge remover triggered 0 times
  0:00:09.110    16M / 3802M INFO   Simplification           (parallel_processing.hpp   : 167)   Running Low coverage edge remover
  0:00:09.110    16M / 3802M INFO   Simplification           (parallel_processing.hpp   : 170)   Low coverage edge remover triggered 0 times
  0:00:09.110    16M / 3802M INFO   StageManager             (stage.cpp                 : 185)   STAGE == Gap Closer (id: late_gapcloser)
  0:00:09.113    25M / 3802M INFO    General                 (edge_index.hpp            : 113)   Size of edge index entries: 12/8
  0:00:09.114    25M / 3802M INFO    General                 (gap_closer.cpp            : 101)   Total edges in tip neighborhood: 1311 out of 5948, length: 83445
  0:00:09.114    25M / 3802M INFO    General                 (edge_index.hpp            : 167)   Using small index (max_id = 46156)
  0:00:09.115    25M / 3802M INFO   K-mer Index Building     (kmer_index_builder.hpp    : 395)   Building perfect hash indices
  0:00:09.120    25M / 3802M INFO   K-mer Index Building     (kmer_index_builder.hpp    : 431)   Index built. Total 49335 kmers, 36392 bytes occupied (5.90121 bits per kmer).
  0:00:09.120    25M / 3802M INFO    General                 (edge_index_builders.hpp   : 265)   Collecting edge information from graph, this takes a while.
  0:00:10.859    26M / 3802M INFO    General                 (sequence_mapper_notifier.h:  95)   Total 501142 reads processed
  0:00:10.867    25M / 3802M INFO    General                 (gap_closer.cpp            : 452)   Initializing gap closer
  0:00:10.867    25M / 3802M INFO   GapCloser                (gap_closer.cpp            : 359)   Closing short gaps
  0:00:10.872    25M / 3802M INFO   GapCloser                (gap_closer.cpp            : 391)   Closing short gaps complete: filled 0 gaps after checking 0 candidates
  0:00:10.873    25M / 3802M INFO    General                 (gap_closer.cpp            : 456)   Gap closer done
  0:00:10.875    16M / 3802M INFO   StageManager             (stage.cpp                 : 185)   STAGE == Simplification Cleanup (id: simplification_cleanup)
  0:00:10.875    16M / 3802M INFO    General                 (simplification.cpp        : 176)   PROCEDURE == Post simplification
  0:00:10.875    16M / 3802M INFO    General                 (graph_simplification.hpp  : 448)   Disconnection of relatively low covered edges disabled
  0:00:10.875    16M / 3802M INFO    General                 (graph_simplification.hpp  : 485)   Complex tip clipping disabled
  0:00:10.875    16M / 3802M INFO    General                 (graph_simplification.hpp  : 634)   Creating parallel br instance
  0:00:10.876    16M / 3802M INFO   Simplification           (parallel_processing.hpp   : 167)   Running Tip clipper
  0:00:10.876    16M / 3802M INFO   Simplification           (parallel_processing.hpp   : 170)   Tip clipper triggered 0 times
  0:00:10.876    16M / 3802M INFO   Simplification           (parallel_processing.hpp   : 167)   Running Bulge remover
  0:00:10.882    16M / 3802M INFO   Simplification           (parallel_processing.hpp   : 170)   Bulge remover triggered 1 times
  0:00:10.882    16M / 3802M INFO   Simplification           (parallel_processing.hpp   : 167)   Running Tip clipper
  0:00:10.882    16M / 3802M INFO   Simplification           (parallel_processing.hpp   : 170)   Tip clipper triggered 0 times
  0:00:10.882    16M / 3802M INFO   Simplification           (parallel_processing.hpp   : 167)   Running Bulge remover
  0:00:10.886    16M / 3802M INFO   Simplification           (parallel_processing.hpp   : 170)   Bulge remover triggered 0 times
  0:00:10.887    16M / 3802M INFO    General                 (simplification.cpp        : 327)   Disrupting self-conjugate edges
  0:00:10.888    16M / 3802M INFO   Simplification           (parallel_processing.hpp   : 167)   Running Removing isolated edges
  0:00:10.889    16M / 3802M INFO   Simplification           (parallel_processing.hpp   : 170)   Removing isolated edges triggered 652 times
  0:00:10.889    16M / 3802M INFO    General                 (simplification.cpp        : 495)   After simplification:
  0:00:10.889    16M / 3802M INFO    General                 (simplification.cpp        : 496)     Average coverage = 26.137
  0:00:10.890    16M / 3802M INFO    General                 (simplification.cpp        : 497)     Total length = 3964506
  0:00:10.890    16M / 3802M INFO    General                 (simplification.cpp        : 498)     Median edge length: 24915
  0:00:10.890    16M / 3802M INFO    General                 (simplification.cpp        : 499)     Edges: 4638
  0:00:10.890    16M / 3802M INFO    General                 (simplification.cpp        : 500)     Vertices: 3010
  0:00:10.890    16M / 3802M INFO   StageManager             (stage.cpp                 : 185)   STAGE == Contig Output (id: contig_output)
  0:00:10.890    16M / 3802M INFO    General                 (read_converter.cpp        : 107)   Outputting contigs to /data/djs217/PROJECTS/10_X_fragariae_feb_2024/04_spades/NCPPB_2949.spades/K99/simplified_contigs
  0:00:10.896    18M / 3802M INFO    General                 (binary_converter.cpp      : 111)   2319 reads written
  0:00:10.900    16M / 3802M INFO    General                 (pipeline.cpp              : 287)   SPAdes finished
  0:00:10.912     1M / 3802M INFO    General                 (main.cpp                  : 136)   Assembling time: 0 hours 0 minutes 10 seconds

===== K99 finished. 


===== K127 started. 


== Running: /data/djs217/anaconda3/envs/spades-env/bin/spades-core /data/djs217/PROJECTS/10_X_fragariae_feb_2024/04_spades/NCPPB_2949.spades/K127/configs/config.info /data/djs217/PROJECTS/10_X_fragariae_feb_2024/04_spades/NCPPB_2949.spades/K127/configs/careful_mode.info

  0:00:00.000     1M / 19M   INFO    General                 (main.cpp                  :  99)   Loaded config from /data/djs217/PROJECTS/10_X_fragariae_feb_2024/04_spades/NCPPB_2949.spades/K127/configs/config.info
  0:00:00.000     1M / 19M   INFO    General                 (main.cpp                  :  99)   Loaded config from /data/djs217/PROJECTS/10_X_fragariae_feb_2024/04_spades/NCPPB_2949.spades/K127/configs/careful_mode.info
  0:00:00.000     1M / 19M   INFO    General                 (memory_limit.cpp          :  54)   Memory limit set to 62 Gb
  0:00:00.001     1M / 19M   INFO    General                 (main.cpp                  : 107)   Starting SPAdes, built from N/A, git revision N/A
  0:00:00.001     1M / 19M   INFO    General                 (main.cpp                  : 108)   Maximum k-mer length: 128
  0:00:00.001     1M / 19M   INFO    General                 (main.cpp                  : 109)   Assembling dataset (/data/djs217/PROJECTS/10_X_fragariae_feb_2024/04_spades/NCPPB_2949.spades/dataset.info) with K=127
  0:00:00.001     1M / 19M   INFO    General                 (main.cpp                  : 110)   Maximum # of threads to use (adjusted due to OMP capabilities): 16
  0:00:00.001     1M / 19M   INFO    General                 (pipeline.cpp              : 212)   SPAdes started
  0:00:00.001     1M / 19M   INFO    General                 (pipeline.cpp              : 225)   Starting from stage: read_conversion
  0:00:00.001     1M / 19M   INFO    General                 (pipeline.cpp              : 231)   Two-step repeat resolution disabled
  0:00:00.001     1M / 19M   INFO   GraphCore                (graph_core.hpp            : 672)   Graph created, vertex min_id: 3, edge min_id: 3
  0:00:00.001     1M / 19M   INFO   GraphCore                (graph_core.hpp            : 673)   Vertex size: 48, edge size: 40
  0:00:00.001     1M / 19M   INFO    General                 (edge_index.hpp            : 113)   Size of edge index entries: 12/8
  0:00:00.001     1M / 19M   INFO    General                 (pipeline.cpp              : 242)   Will need read mapping, kmer mapper will be attached
  0:00:00.001     1M / 19M   INFO   StageManager             (stage.cpp                 : 185)   STAGE == Binary Read Conversion (id: read_conversion)
  0:00:00.002     1M / 19M   INFO    General                 (read_converter.cpp        :  53)   Binary reads detected
  0:00:00.006     1M / 19M   INFO   StageManager             (stage.cpp                 : 185)   STAGE == de Bruijn graph construction (id: construction)
  0:00:00.006     1M / 19M   INFO    General                 (construction.cpp          : 118)   Contigs from previous K will be used: /data/djs217/PROJECTS/10_X_fragariae_feb_2024/04_spades/NCPPB_2949.spades/K99/simplified_contigs
  0:00:00.054     1M / 19M   INFO    General                 (construction.cpp          : 153)   Max read length 301
  0:00:00.054     1M / 19M   INFO    General                 (construction.cpp          : 159)   Average read length 200.803
  0:00:00.054     1M / 19M   INFO    General                 (stage.cpp                 : 117)   PROCEDURE == k+1-mer counting (id: construction:kpomer_counting)
  0:00:00.054     1M / 19M   INFO    General                 (kmer_index_builder.hpp    : 243)   Splitting kmer instances into 160 files using 16 threads. This might take a while.
  0:00:00.054     1M / 19M   INFO    General                 (file_limit.hpp            :  42)   Open file limit set to 1024
  0:00:00.054     1M / 19M   INFO    General                 (kmer_splitter.hpp         :  93)   Memory available for splitting buffers: 1.29165 Gb
  0:00:00.055     1M / 19M   INFO    General                 (kmer_splitter.hpp         : 101)   Using cell size of 104857
  0:00:01.334  9601M / 9601M INFO    General                 (kmer_splitters.hpp        : 125)   Processed 2011292 reads
  0:00:01.347     1M / 2865M INFO    General                 (kmer_splitters.hpp        : 131)   Used 2011292 reads
  0:00:01.586     1M / 2865M INFO    General                 (kmer_index_builder.hpp    : 249)   Starting k-mer counting.
  0:00:01.669     1M / 2865M INFO    General                 (kmer_index_builder.hpp    : 260)   K-mer counting done. There are 4274198 kmers in total.
  0:00:01.669     1M / 2865M INFO    General                 (stage.cpp                 : 117)   PROCEDURE == Extension index construction (id: construction:extension_index_construction)
  0:00:01.671     1M / 2865M INFO   K-mer Index Building     (kmer_index_builder.hpp    : 438)   Building kmer index
  0:00:01.671     1M / 2865M INFO    General                 (kmer_index_builder.hpp    : 243)   Splitting kmer instances into 160 files using 16 threads. This might take a while.
  0:00:01.671     1M / 2865M INFO    General                 (file_limit.hpp            :  42)   Open file limit set to 1024
  0:00:01.671     1M / 2865M INFO    General                 (kmer_splitter.hpp         :  93)   Memory available for splitting buffers: 1.29165 Gb
  0:00:01.671     1M / 2865M INFO    General                 (kmer_splitter.hpp         : 101)   Using cell size of 104857
  0:00:01.911  9602M / 9602M INFO    General                 (kmer_splitters.hpp        : 194)   Processed 4274198 kmers
  0:00:01.912  9602M / 9602M INFO    General                 (kmer_splitters.hpp        : 199)   Used 4274198 kmers.
  0:00:01.915     2M / 2865M INFO    General                 (kmer_index_builder.hpp    : 249)   Starting k-mer counting.
  0:00:02.022     2M / 2865M INFO    General                 (kmer_index_builder.hpp    : 260)   K-mer counting done. There are 4274018 kmers in total.
  0:00:02.022     2M / 2865M INFO   K-mer Index Building     (kmer_index_builder.hpp    : 395)   Building perfect hash indices
  0:00:02.113     5M / 2865M INFO   K-mer Index Building     (kmer_index_builder.hpp    : 431)   Index built. Total 4274018 kmers, 3207744 bytes occupied (6.00417 bits per kmer).
  0:00:02.113     5M / 2865M INFO    General                 (kmer_index_builder.hpp    : 169)   Merging final buckets.
  0:00:02.648     9M / 2865M INFO   DeBruijnExtensionIndexBu (kmer_extension_index_build: 100)   Building k-mer extensions from k+1-mers
  0:00:02.823     9M / 2865M INFO   DeBruijnExtensionIndexBu (kmer_extension_index_build: 105)   Building k-mer extensions from k+1-mers finished.
  0:00:02.834     9M / 2865M INFO    General                 (stage.cpp                 : 117)   PROCEDURE == Condensing graph (id: construction:graph_condensing)
  0:00:02.835     9M / 2865M INFO   UnbranchingPathExtractor (debruijn_graph_constructor: 354)   Extracting unbranching paths
  0:00:02.960    11M / 2865M INFO   UnbranchingPathExtractor (debruijn_graph_constructor: 373)   Extracting unbranching paths finished. 20762 sequences extracted
  0:00:03.070    11M / 2865M INFO   UnbranchingPathExtractor (debruijn_graph_constructor: 309)   Collecting perfect loops
  0:00:03.103    11M / 2865M INFO   UnbranchingPathExtractor (debruijn_graph_constructor: 342)   Collecting perfect loops finished. 0 loops collected
  0:00:03.116    11M / 2865M INFO    General                 (debruijn_graph_constructor: 487)   Total 41524 edges to create
  0:00:03.116    13M / 2865M INFO    General                 (debruijn_graph_constructor: 489)   Collecting link records
  0:00:03.138    14M / 2865M INFO    General                 (debruijn_graph_constructor: 491)   Ordering link records
  0:00:03.139    14M / 2865M INFO    General                 (debruijn_graph_constructor: 493)   Sorting done
  0:00:03.139    14M / 2865M INFO    General                 (debruijn_graph_constructor: 503)   Total 20582 vertices to create
  0:00:03.139    16M / 2865M INFO    General                 (debruijn_graph_constructor: 506)   Connecting the graph
  0:00:03.160    15M / 2865M INFO    General                 (stage.cpp                 : 117)   PROCEDURE == Filling coverage indices (PHM) (id: construction:coverage_filling_phm)
  0:00:03.160    15M / 2865M INFO   K-mer Index Building     (kmer_index_builder.hpp    : 395)   Building perfect hash indices
  0:00:03.220    18M / 2865M INFO   K-mer Index Building     (kmer_index_builder.hpp    : 431)   Index built. Total 4274198 kmers, 3207792 bytes occupied (6.00401 bits per kmer).
  0:00:03.227    35M / 2865M INFO    General                 (coverage_hash_map_builder.:  47)   Collecting k-mer coverage information from reads, this takes a while.
  0:00:04.234    35M / 2865M INFO    General                 (construction.cpp          : 430)   Filling coverage and flanking coverage from PHM
  0:00:04.344    35M / 2865M INFO    General                 (coverage_filling.hpp      :  82)   Processed 41524 edges
  0:00:04.393     6M / 2865M INFO   StageManager             (stage.cpp                 : 185)   STAGE == EC Threshold Finding (id: ec_threshold_finder)
  0:00:04.394     6M / 2865M INFO    General                 (kmer_coverage_model.cpp   : 181)   Kmer coverage valley at: 0
  0:00:04.394     6M / 2865M INFO    General                 (kmer_coverage_model.cpp   : 201)   K-mer histogram maximum: 15
  0:00:04.394     6M / 2865M INFO    General                 (kmer_coverage_model.cpp   : 237)   Estimated median coverage: 17. Coverage mad: 7.413
  0:00:04.394     6M / 2865M INFO    General                 (kmer_coverage_model.cpp   : 259)   Fitting coverage model
  0:00:04.411     6M / 2865M INFO    General                 (kmer_coverage_model.cpp   : 295)   ... iteration 2
  0:00:04.465     6M / 2865M INFO    General                 (kmer_coverage_model.cpp   : 295)   ... iteration 4
  0:00:04.664     6M / 2865M INFO    General                 (kmer_coverage_model.cpp   : 295)   ... iteration 8
  0:00:05.072     6M / 2865M INFO    General                 (kmer_coverage_model.cpp   : 295)   ... iteration 16
  0:00:05.883     6M / 2865M INFO    General                 (kmer_coverage_model.cpp   : 295)   ... iteration 32
  0:00:05.884     6M / 2865M INFO    General                 (kmer_coverage_model.cpp   : 309)   Fitted mean coverage: 17.7264. Fitted coverage std. dev: 5.91041
  0:00:05.887     6M / 2865M INFO    General                 (kmer_coverage_model.cpp   : 334)   Probability of erroneous kmer at valley: 0.995152
  0:00:05.887     6M / 2865M INFO    General                 (kmer_coverage_model.cpp   : 358)   Preliminary threshold calculated as: 8
  0:00:05.887     6M / 2865M INFO    General                 (kmer_coverage_model.cpp   : 362)   Threshold adjusted to: 8
  0:00:05.887     6M / 2865M INFO    General                 (kmer_coverage_model.cpp   : 375)   Estimated genome size (ignoring repeats): 3895525
  0:00:05.887     6M / 2865M INFO    General                 (genomic_info_filler.cpp   :  55)   Mean coverage was calculated as 17.7264
  0:00:05.887     6M / 2865M INFO    General                 (genomic_info_filler.cpp   :  70)   EC coverage threshold value was calculated as 8
  0:00:05.887     6M / 2865M INFO    General                 (genomic_info_filler.cpp   :  71)   Trusted kmer low bound: 0
  0:00:05.887     6M / 2865M INFO   StageManager             (stage.cpp                 : 185)   STAGE == Gap Closer (id: early_gapcloser)
  0:00:05.894    15M / 2865M INFO    General                 (edge_index.hpp            : 113)   Size of edge index entries: 12/8
  0:00:05.901    16M / 2865M INFO    General                 (gap_closer.cpp            : 101)   Total edges in tip neighborhood: 10321 out of 41524, length: 282891
  0:00:05.902    16M / 2865M INFO    General                 (edge_index.hpp            : 167)   Using small index (max_id = 41734)
  0:00:05.905    16M / 2865M INFO   K-mer Index Building     (kmer_index_builder.hpp    : 395)   Building perfect hash indices
  0:00:05.921    16M / 2865M INFO   K-mer Index Building     (kmer_index_builder.hpp    : 431)   Index built. Total 237239 kmers, 172096 bytes occupied (5.8033 bits per kmer).
  0:00:05.922    18M / 2865M INFO    General                 (edge_index_builders.hpp   : 265)   Collecting edge information from graph, this takes a while.
  0:00:06.771    18M / 2865M INFO    General                 (sequence_mapper_notifier.h:  95)   Total 501142 reads processed
  0:00:06.780    16M / 2865M INFO    General                 (gap_closer.cpp            : 452)   Initializing gap closer
  0:00:06.780    16M / 2865M INFO   GapCloser                (gap_closer.cpp            : 359)   Closing short gaps
  0:00:06.800    16M / 2865M INFO   GapCloser                (gap_closer.cpp            : 391)   Closing short gaps complete: filled 1 gaps after checking 41 candidates
  0:00:06.801    16M / 2865M INFO    General                 (gap_closer.cpp            : 456)   Gap closer done
  0:00:06.802     6M / 2865M INFO   StageManager             (stage.cpp                 : 185)   STAGE == Raw Simplification (id: raw_simplification)
  0:00:06.802     6M / 2865M INFO    General                 (simplification.cpp        : 127)   PROCEDURE == Initial cleaning
  0:00:06.802     6M / 2865M INFO    General                 (simplification.cpp        :  61)   Most init cleaning disabled on main iteration
  0:00:06.802     6M / 2865M INFO   Simplification           (parallel_processing.hpp   : 167)   Running Self conjugate edge remover
  0:00:06.803     6M / 2865M INFO   Simplification           (parallel_processing.hpp   : 170)   Self conjugate edge remover triggered 0 times
  0:00:06.803     6M / 2865M INFO   StageManager             (stage.cpp                 : 185)   STAGE == Simplification (id: simplification)
  0:00:06.803     6M / 2865M INFO    General                 (simplification.cpp        : 368)   Graph simplification started
  0:00:06.803     6M / 2865M INFO    General                 (graph_simplification.hpp  : 634)   Creating parallel br instance
  0:00:06.803     6M / 2865M INFO    General                 (simplification.cpp        : 373)   PROCEDURE == Simplification cycle, iteration 1
  0:00:06.803     6M / 2865M INFO   Simplification           (parallel_processing.hpp   : 167)   Running Tip clipper
  0:00:06.945     6M / 2865M INFO   Simplification           (parallel_processing.hpp   : 170)   Tip clipper triggered 8097 times
  0:00:06.945     6M / 2865M INFO   Simplification           (parallel_processing.hpp   : 167)   Running Bulge remover
  0:00:07.034    11M / 2865M INFO   Simplification           (parallel_processing.hpp   : 170)   Bulge remover triggered 233 times
  0:00:07.034    11M / 2865M INFO   Simplification           (parallel_processing.hpp   : 167)   Running Low coverage edge remover
  0:00:07.035    11M / 2865M INFO   Simplification           (parallel_processing.hpp   : 170)   Low coverage edge remover triggered 1 times
  0:00:07.035    11M / 2865M INFO    General                 (simplification.cpp        : 373)   PROCEDURE == Simplification cycle, iteration 2
  0:00:07.035    11M / 2865M INFO   Simplification           (parallel_processing.hpp   : 167)   Running Tip clipper
  0:00:07.035    11M / 2865M INFO   Simplification           (parallel_processing.hpp   : 170)   Tip clipper triggered 0 times
  0:00:07.035    11M / 2865M INFO   Simplification           (parallel_processing.hpp   : 167)   Running Bulge remover
  0:00:07.036    11M / 2865M INFO   Simplification           (parallel_processing.hpp   : 170)   Bulge remover triggered 1 times
  0:00:07.036    11M / 2865M INFO   Simplification           (parallel_processing.hpp   : 167)   Running Low coverage edge remover
  0:00:07.043    11M / 2865M INFO   Simplification           (parallel_processing.hpp   : 170)   Low coverage edge remover triggered 186 times
  0:00:07.043    11M / 2865M INFO    General                 (simplification.cpp        : 373)   PROCEDURE == Simplification cycle, iteration 3
  0:00:07.043    11M / 2865M INFO   Simplification           (parallel_processing.hpp   : 167)   Running Tip clipper
  0:00:07.043    11M / 2865M INFO   Simplification           (parallel_processing.hpp   : 170)   Tip clipper triggered 32 times
  0:00:07.043    11M / 2865M INFO   Simplification           (parallel_processing.hpp   : 167)   Running Bulge remover
  0:00:07.064    12M / 2865M INFO   Simplification           (parallel_processing.hpp   : 170)   Bulge remover triggered 52 times
  0:00:07.065    12M / 2865M INFO   Simplification           (parallel_processing.hpp   : 167)   Running Low coverage edge remover
  0:00:07.065    12M / 2865M INFO   Simplification           (parallel_processing.hpp   : 170)   Low coverage edge remover triggered 14 times
  0:00:07.065    12M / 2865M INFO    General                 (simplification.cpp        : 373)   PROCEDURE == Simplification cycle, iteration 4
  0:00:07.065    12M / 2865M INFO   Simplification           (parallel_processing.hpp   : 167)   Running Tip clipper
  0:00:07.066    12M / 2865M INFO   Simplification           (parallel_processing.hpp   : 170)   Tip clipper triggered 1 times
  0:00:07.066    12M / 2865M INFO   Simplification           (parallel_processing.hpp   : 167)   Running Bulge remover
  0:00:07.068    12M / 2865M INFO   Simplification           (parallel_processing.hpp   : 170)   Bulge remover triggered 5 times
  0:00:07.068    12M / 2865M INFO   Simplification           (parallel_processing.hpp   : 167)   Running Low coverage edge remover
  0:00:07.068    12M / 2865M INFO   Simplification           (parallel_processing.hpp   : 170)   Low coverage edge remover triggered 3 times
  0:00:07.068    12M / 2865M INFO    General                 (simplification.cpp        : 373)   PROCEDURE == Simplification cycle, iteration 5
  0:00:07.068    12M / 2865M INFO   Simplification           (parallel_processing.hpp   : 167)   Running Tip clipper
  0:00:07.068    12M / 2865M INFO   Simplification           (parallel_processing.hpp   : 170)   Tip clipper triggered 0 times
  0:00:07.068    12M / 2865M INFO   Simplification           (parallel_processing.hpp   : 167)   Running Bulge remover
  0:00:07.069    12M / 2865M INFO   Simplification           (parallel_processing.hpp   : 170)   Bulge remover triggered 1 times
  0:00:07.069    12M / 2865M INFO   Simplification           (parallel_processing.hpp   : 167)   Running Low coverage edge remover
  0:00:07.069    12M / 2865M INFO   Simplification           (parallel_processing.hpp   : 170)   Low coverage edge remover triggered 0 times
  0:00:07.069    12M / 2865M INFO    General                 (simplification.cpp        : 373)   PROCEDURE == Simplification cycle, iteration 6
  0:00:07.069    12M / 2865M INFO   Simplification           (parallel_processing.hpp   : 167)   Running Tip clipper
  0:00:07.069    12M / 2865M INFO   Simplification           (parallel_processing.hpp   : 170)   Tip clipper triggered 0 times
  0:00:07.069    12M / 2865M INFO   Simplification           (parallel_processing.hpp   : 167)   Running Bulge remover
  0:00:07.069    12M / 2865M INFO   Simplification           (parallel_processing.hpp   : 170)   Bulge remover triggered 0 times
  0:00:07.069    12M / 2865M INFO   Simplification           (parallel_processing.hpp   : 167)   Running Low coverage edge remover
  0:00:07.069    12M / 2865M INFO   Simplification           (parallel_processing.hpp   : 170)   Low coverage edge remover triggered 1 times
  0:00:07.069    12M / 2865M INFO    General                 (simplification.cpp        : 373)   PROCEDURE == Simplification cycle, iteration 7
  0:00:07.069    12M / 2865M INFO   Simplification           (parallel_processing.hpp   : 167)   Running Tip clipper
  0:00:07.069    12M / 2865M INFO   Simplification           (parallel_processing.hpp   : 170)   Tip clipper triggered 0 times
  0:00:07.069    12M / 2865M INFO   Simplification           (parallel_processing.hpp   : 167)   Running Bulge remover
  0:00:07.069    12M / 2865M INFO   Simplification           (parallel_processing.hpp   : 170)   Bulge remover triggered 0 times
  0:00:07.069    12M / 2865M INFO   Simplification           (parallel_processing.hpp   : 167)   Running Low coverage edge remover
  0:00:07.069    12M / 2865M INFO   Simplification           (parallel_processing.hpp   : 170)   Low coverage edge remover triggered 0 times
  0:00:07.069    12M / 2865M INFO    General                 (simplification.cpp        : 373)   PROCEDURE == Simplification cycle, iteration 8
  0:00:07.069    12M / 2865M INFO   Simplification           (parallel_processing.hpp   : 167)   Running Tip clipper
  0:00:07.069    12M / 2865M INFO   Simplification           (parallel_processing.hpp   : 170)   Tip clipper triggered 0 times
  0:00:07.069    12M / 2865M INFO   Simplification           (parallel_processing.hpp   : 167)   Running Bulge remover
  0:00:07.070    12M / 2865M INFO   Simplification           (parallel_processing.hpp   : 170)   Bulge remover triggered 0 times
  0:00:07.070    12M / 2865M INFO   Simplification           (parallel_processing.hpp   : 167)   Running Low coverage edge remover
  0:00:07.070    12M / 2865M INFO   Simplification           (parallel_processing.hpp   : 170)   Low coverage edge remover triggered 1 times
  0:00:07.070    12M / 2865M INFO    General                 (simplification.cpp        : 373)   PROCEDURE == Simplification cycle, iteration 9
  0:00:07.070    12M / 2865M INFO   Simplification           (parallel_processing.hpp   : 167)   Running Tip clipper
  0:00:07.070    12M / 2865M INFO   Simplification           (parallel_processing.hpp   : 170)   Tip clipper triggered 0 times
  0:00:07.070    12M / 2865M INFO   Simplification           (parallel_processing.hpp   : 167)   Running Bulge remover
  0:00:07.070    12M / 2865M INFO   Simplification           (parallel_processing.hpp   : 170)   Bulge remover triggered 0 times
  0:00:07.070    12M / 2865M INFO   Simplification           (parallel_processing.hpp   : 167)   Running Low coverage edge remover
  0:00:07.070    12M / 2865M INFO   Simplification           (parallel_processing.hpp   : 170)   Low coverage edge remover triggered 1 times
  0:00:07.070    12M / 2865M INFO    General                 (simplification.cpp        : 373)   PROCEDURE == Simplification cycle, iteration 10
  0:00:07.070    12M / 2865M INFO   Simplification           (parallel_processing.hpp   : 167)   Running Tip clipper
  0:00:07.070    12M / 2865M INFO   Simplification           (parallel_processing.hpp   : 170)   Tip clipper triggered 0 times
  0:00:07.070    12M / 2865M INFO   Simplification           (parallel_processing.hpp   : 167)   Running Bulge remover
  0:00:07.070    12M / 2865M INFO   Simplification           (parallel_processing.hpp   : 170)   Bulge remover triggered 0 times
  0:00:07.070    12M / 2865M INFO   Simplification           (parallel_processing.hpp   : 167)   Running Low coverage edge remover
  0:00:07.070    12M / 2865M INFO   Simplification           (parallel_processing.hpp   : 170)   Low coverage edge remover triggered 4 times
  0:00:07.071    12M / 2865M INFO    General                 (simplification.cpp        : 373)   PROCEDURE == Simplification cycle, iteration 11
  0:00:07.071    12M / 2865M INFO   Simplification           (parallel_processing.hpp   : 167)   Running Tip clipper
  0:00:07.071    12M / 2865M INFO   Simplification           (parallel_processing.hpp   : 170)   Tip clipper triggered 0 times
  0:00:07.071    12M / 2865M INFO   Simplification           (parallel_processing.hpp   : 167)   Running Bulge remover
  0:00:07.074    12M / 2865M INFO   Simplification           (parallel_processing.hpp   : 170)   Bulge remover triggered 0 times
  0:00:07.074    12M / 2865M INFO   Simplification           (parallel_processing.hpp   : 167)   Running Low coverage edge remover
  0:00:07.075    12M / 2865M INFO   Simplification           (parallel_processing.hpp   : 170)   Low coverage edge remover triggered 0 times
  0:00:07.075    12M / 2865M INFO   StageManager             (stage.cpp                 : 185)   STAGE == Gap Closer (id: late_gapcloser)
  0:00:07.080    21M / 2865M INFO    General                 (edge_index.hpp            : 113)   Size of edge index entries: 12/8
  0:00:07.081    21M / 2865M INFO    General                 (gap_closer.cpp            : 101)   Total edges in tip neighborhood: 2083 out of 6204, length: 107957
  0:00:07.081    21M / 2865M INFO    General                 (edge_index.hpp            : 167)   Using small index (max_id = 41734)
  0:00:07.082    21M / 2865M INFO   K-mer Index Building     (kmer_index_builder.hpp    : 395)   Building perfect hash indices
  0:00:07.089    21M / 2865M INFO   K-mer Index Building     (kmer_index_builder.hpp    : 431)   Index built. Total 61591 kmers, 45248 bytes occupied (5.87722 bits per kmer).
  0:00:07.089    22M / 2865M INFO    General                 (edge_index_builders.hpp   : 265)   Collecting edge information from graph, this takes a while.
  0:00:08.384    22M / 2865M INFO    General                 (sequence_mapper_notifier.h:  95)   Total 501142 reads processed
  0:00:08.393    21M / 2865M INFO    General                 (gap_closer.cpp            : 452)   Initializing gap closer
  0:00:08.394    21M / 2865M INFO   GapCloser                (gap_closer.cpp            : 359)   Closing short gaps
  0:00:08.398    21M / 2865M INFO   GapCloser                (gap_closer.cpp            : 391)   Closing short gaps complete: filled 0 gaps after checking 0 candidates
  0:00:08.399    21M / 2865M INFO    General                 (gap_closer.cpp            : 456)   Gap closer done
  0:00:08.400    12M / 2865M INFO   StageManager             (stage.cpp                 : 185)   STAGE == Simplification Cleanup (id: simplification_cleanup)
  0:00:08.400    12M / 2865M INFO    General                 (simplification.cpp        : 176)   PROCEDURE == Post simplification
  0:00:08.401    12M / 2865M INFO    General                 (graph_simplification.hpp  : 448)   Disconnection of relatively low covered edges disabled
  0:00:08.401    12M / 2865M INFO    General                 (graph_simplification.hpp  : 485)   Complex tip clipping disabled
  0:00:08.401    12M / 2865M INFO    General                 (graph_simplification.hpp  : 634)   Creating parallel br instance
  0:00:08.401    12M / 2865M INFO   Simplification           (parallel_processing.hpp   : 167)   Running Tip clipper
  0:00:08.401    12M / 2865M INFO   Simplification           (parallel_processing.hpp   : 170)   Tip clipper triggered 0 times
  0:00:08.401    12M / 2865M INFO   Simplification           (parallel_processing.hpp   : 167)   Running Bulge remover
  0:00:08.406    12M / 2865M INFO   Simplification           (parallel_processing.hpp   : 170)   Bulge remover triggered 0 times
  0:00:08.406    12M / 2865M INFO   Simplification           (parallel_processing.hpp   : 167)   Running Tip clipper
  0:00:08.406    12M / 2865M INFO   Simplification           (parallel_processing.hpp   : 170)   Tip clipper triggered 0 times
  0:00:08.406    12M / 2865M INFO   Simplification           (parallel_processing.hpp   : 167)   Running Bulge remover
  0:00:08.410    12M / 2865M INFO   Simplification           (parallel_processing.hpp   : 170)   Bulge remover triggered 0 times
  0:00:08.410    12M / 2865M INFO    General                 (simplification.cpp        : 327)   Disrupting self-conjugate edges
  0:00:08.411    12M / 2865M INFO   Simplification           (parallel_processing.hpp   : 167)   Running Removing isolated edges
  0:00:08.414    12M / 2865M INFO   Simplification           (parallel_processing.hpp   : 170)   Removing isolated edges triggered 1040 times
  0:00:08.414    12M / 2865M INFO    General                 (simplification.cpp        : 495)   After simplification:
  0:00:08.414    12M / 2865M INFO    General                 (simplification.cpp        : 496)     Average coverage = 19.5236
  0:00:08.414    12M / 2865M INFO    General                 (simplification.cpp        : 497)     Total length = 3987399
  0:00:08.415    12M / 2865M INFO    General                 (simplification.cpp        : 498)     Median edge length: 25645
  0:00:08.415    12M / 2865M INFO    General                 (simplification.cpp        : 499)     Edges: 4124
  0:00:08.415    12M / 2865M INFO    General                 (simplification.cpp        : 500)     Vertices: 2688
  0:00:08.415    12M / 2865M INFO   StageManager             (stage.cpp                 : 185)   STAGE == Mismatch Correction (id: mismatch_correction)
  0:00:08.415    12M / 2865M INFO    General                 (graph_pack.cpp            :  67)   Index refill
  0:00:08.415    12M / 2865M INFO    General                 (edge_index.hpp            : 156)   Using small index (max_id = 41734)
  0:00:08.437    12M / 2865M INFO   K-mer Index Building     (kmer_index_builder.hpp    : 395)   Building perfect hash indices
  0:00:08.614    15M / 2865M INFO   K-mer Index Building     (kmer_index_builder.hpp    : 431)   Index built. Total 3987399 kmers, 2880680 bytes occupied (5.77957 bits per kmer).
  0:00:08.623    46M / 2865M INFO    General                 (edge_index_builders.hpp   : 252)   Collecting edge information from graph, this takes a while.
  0:00:08.715    46M / 2865M INFO    General                 (graph_pack.cpp            :  77)   Normalizing k-mer map. Total 80438 kmers to process
  0:00:08.727    46M / 2865M INFO    General                 (graph_pack.cpp            :  79)   Normalizing done
  0:00:08.727    46M / 2865M INFO    General                 (mismatch_correction.cpp   : 400)   Collect potential mismatches
  0:00:08.746    46M / 2865M INFO    General                 (mismatch_correction.cpp   : 192)   Total 1312 edges (out of 4124) with 14342 potential mismatch positions (10.9314 positions per edge)
  0:00:08.746    46M / 2865M INFO    General                 (mismatch_correction.cpp   : 402)   Potential mismatches collected
  0:00:09.306    57M / 2865M INFO    General                 (sequence_mapper_notifier.h:  95)   Total 2006654 reads processed
  0:00:09.325    47M / 2865M INFO    General                 (mismatch_correction.cpp   : 395)   All edges processed
  0:00:09.325    46M / 2865M INFO    General                 (mismatch_correction.cpp   : 450)   Corrected 0 nucleotides
  0:00:09.325    46M / 2865M INFO   StageManager             (stage.cpp                 : 185)   STAGE == Contig Output (id: contig_output)
  0:00:09.325    46M / 2865M INFO    General                 (contig_output.hpp         :  16)   Outputting contigs to /data/djs217/PROJECTS/10_X_fragariae_feb_2024/04_spades/NCPPB_2949.spades/K127/before_rr.fasta
  0:00:09.349    46M / 2865M INFO    General                 (contig_output_stage.cpp   : 151)   Writing GFA graph to /data/djs217/PROJECTS/10_X_fragariae_feb_2024/04_spades/NCPPB_2949.spades/K127/assembly_graph_after_simplification.gfa
  0:00:09.366    46M / 2865M INFO   StageManager             (stage.cpp                 : 185)   STAGE == Paired Information Counting (id: late_pair_info_count)
  0:00:09.369    47M / 2865M INFO    General                 (graph_pack.cpp            :  77)   Normalizing k-mer map. Total 80438 kmers to process
  0:00:09.370    47M / 2865M INFO    General                 (graph_pack.cpp            :  79)   Normalizing done
  0:00:09.370    47M / 2865M INFO    General                 (pair_info_count.cpp       : 339)   Min edge length for estimation: 25645
  0:00:09.370    47M / 2865M INFO    General                 (pair_info_count.cpp       : 350)   Estimating insert size for library #0
  0:00:09.370    47M / 2865M INFO    General                 (pair_info_count.cpp       : 202)   Estimating insert size (takes a while)
  0:00:09.506   319M / 2865M INFO    General                 (pair_info_count.cpp       :  48)   Selecting usual mapper
  0:00:10.071   319M / 2865M INFO    General                 (sequence_mapper_notifier.h:  95)   Total 501142 reads processed
  0:00:10.170   319M / 2865M INFO    General                 (pair_info_count.cpp       : 220)   Edge pairs: 123114
  0:00:10.170   319M / 2865M INFO    General                 (pair_info_count.cpp       : 222)   191949 paired reads (38.3023% of all) aligned to long edges
  0:00:10.171    47M / 2865M INFO    General                 (pair_info_count.cpp       : 369)     Insert size = 294.427, deviation = 115.946, left quantile = 171, right quantile = 449, read length = 301
  0:00:10.171    47M / 2865M WARN    General                 (pair_info_count.cpp       : 376)   Estimated mean insert size 294.427 is very small compared to read length 301
  0:00:10.171    47M / 2865M INFO    General                 (pair_info_count.cpp       : 390)   Filtering data for library #0
  0:00:10.172    47M / 2865M INFO    General                 (pair_info_count.cpp       :  48)   Selecting usual mapper
  0:00:10.412    47M / 2865M INFO    General                 (sequence_mapper_notifier.h:  95)   Total 501142 reads processed
  0:00:10.412    47M / 2865M INFO    General                 (pair_info_count.cpp       : 402)   Mapping library #0
  0:00:10.412    47M / 2865M INFO    General                 (pair_info_count.cpp       : 404)   Mapping paired reads (takes a while)
  0:00:10.412    47M / 2865M INFO    General                 (pair_info_count.cpp       : 299)   Left insert size quantile 171, right insert size quantile 449, filtering threshold 2, rounding threshold 0
  0:00:10.417    56M / 2865M INFO    General                 (pair_info_count.cpp       :  48)   Selecting usual mapper
  0:00:10.776    69M / 2865M INFO    General                 (sequence_mapper_notifier.h:  95)   Total 501142 reads processed
  0:00:10.783    59M / 2865M INFO   StageManager             (stage.cpp                 : 185)   STAGE == Distance Estimation (id: distance_estimation)
  0:00:10.783    59M / 2865M INFO    General                 (distance_estimation.cpp   : 179)   Processing library #0
  0:00:10.783    59M / 2865M INFO    General                 (distance_estimation.cpp   : 150)   Weight Filter Done
  0:00:10.783    59M / 2865M INFO   DistanceEstimator        (distance_estimation.hpp   : 116)   Using SIMPLE distance estimator
  0:00:10.827    63M / 2865M INFO    General                 (distance_estimation.cpp   :  37)   Filtering info
  0:00:10.828    63M / 2865M INFO    General                 (pair_info_filters.hpp     : 242)   Start filtering; library index size: 71942
  0:00:10.840    65M / 2865M INFO    General                 (pair_info_filters.hpp     : 263)   Done filtering; library index size: 67190
  0:00:10.840    63M / 2865M INFO    General                 (distance_estimation.cpp   : 156)   Refining clustered pair information
  0:00:10.851    63M / 2865M INFO    General                 (distance_estimation.cpp   : 158)   The refining of clustered pair information has been finished
  0:00:10.851    63M / 2865M INFO    General                 (distance_estimation.cpp   : 160)   Improving paired information
  0:00:10.901    63M / 2865M INFO   PairInfoImprover         (pair_info_improver.hpp    : 104)   Paired info stats: missing = 3172; contradictional = 56
  0:00:10.957    63M / 2865M INFO   PairInfoImprover         (pair_info_improver.hpp    : 104)   Paired info stats: missing = 241; contradictional = 0
  0:00:10.958    63M / 2865M INFO    General                 (distance_estimation.cpp   : 104)   Filling scaffolding index
  0:00:10.958    63M / 2865M INFO   DistanceEstimator        (distance_estimation.hpp   : 116)   Using SMOOTHING distance estimator
  0:00:11.062    64M / 2865M INFO    General                 (distance_estimation.cpp   :  37)   Filtering info
  0:00:11.062    64M / 2865M INFO    General                 (pair_info_filters.hpp     : 242)   Start filtering; library index size: 15912
  0:00:11.065    64M / 2865M INFO    General                 (pair_info_filters.hpp     : 263)   Done filtering; library index size: 15912
  0:00:11.066    64M / 2865M INFO    General                 (distance_estimation.cpp   : 186)   Clearing raw paired index
  0:00:11.078    51M / 2865M INFO   StageManager             (stage.cpp                 : 185)   STAGE == Repeat Resolving (id: repeat_resolving)
  0:00:11.079    51M / 2865M INFO    General                 (repeat_resolving.cpp      :  87)   Using Path-Extend repeat resolving
  0:00:11.079    51M / 2865M INFO    General                 (launcher.cpp              : 600)   ExSPAnder repeat resolving tool started
  0:00:11.079    52M / 2865M INFO    General                 (coverage_uniformity_analyz:  25)   genomic coverage is 18.1108 calculated of length 3860820
  0:00:11.081    60M / 2865M INFO    General                 (launcher.cpp              : 418)   Creating main extenders, unique edge length = 2000
  0:00:11.082    60M / 2865M INFO    General                 (extenders_logic.cpp       : 334)   Estimated coverage of library #0 is 19.5236
  0:00:11.082    60M / 2865M INFO    General                 (extenders_logic.cpp       : 345)   Creating extender; library index size: 73960
  0:00:11.082    60M / 2865M INFO    General                 (extenders_logic.cpp       : 334)   Estimated coverage of library #0 is 19.5236
  0:00:11.082    60M / 2865M INFO    General                 (extenders_logic.cpp       : 345)   Creating extender; library index size: 73960
  0:00:11.082    61M / 2865M INFO    General                 (extenders_logic.cpp       : 543)   Using 1 paired-end library
  0:00:11.082    61M / 2865M INFO    General                 (extenders_logic.cpp       : 544)   Using 1 paired-end scaffolding library
  0:00:11.082    61M / 2865M INFO    General                 (extenders_logic.cpp       : 545)   Using 0 single read libraries
  0:00:11.082    61M / 2865M INFO    General                 (launcher.cpp              : 447)   Total number of extenders is 3
  0:00:11.082    61M / 2865M INFO    General                 (path_extenders.cpp        :  36)   Processed 0 paths from 2047 (0%)
  0:00:11.243    67M / 2865M INFO    General                 (path_extenders.cpp        :  34)   Processed 128 paths from 2047 (6%)
  0:00:11.315    70M / 2865M INFO    General                 (path_extenders.cpp        :  36)   Processed 205 paths from 2047 (10%)
  0:00:11.356    71M / 2865M INFO    General                 (path_extenders.cpp        :  34)   Processed 256 paths from 2047 (12%)
  0:00:11.422    74M / 2865M INFO    General                 (path_extenders.cpp        :  36)   Processed 410 paths from 2047 (20%)
  0:00:11.445    75M / 2865M INFO    General                 (path_extenders.cpp        :  34)   Processed 512 paths from 2047 (25%)
  0:00:11.480    76M / 2865M INFO    General                 (path_extenders.cpp        :  36)   Processed 615 paths from 2047 (30%)
  0:00:11.507    77M / 2865M INFO    General                 (path_extenders.cpp        :  36)   Processed 820 paths from 2047 (40%)
  0:00:11.521    77M / 2865M INFO    General                 (path_extenders.cpp        :  34)   Processed 1024 paths from 2047 (50%)
  0:00:11.521    77M / 2865M INFO    General                 (path_extenders.cpp        :  36)   Processed 1025 paths from 2047 (50%)
  0:00:11.530    77M / 2865M INFO    General                 (path_extenders.cpp        :  36)   Processed 1230 paths from 2047 (60%)
  0:00:11.533    77M / 2865M INFO    General                 (path_extenders.cpp        :  36)   Processed 1435 paths from 2047 (70%)
  0:00:11.544    77M / 2865M INFO    General                 (path_extenders.cpp        :  36)   Processed 1640 paths from 2047 (80%)
  0:00:11.547    78M / 2865M INFO    General                 (path_extenders.cpp        :  36)   Processed 1845 paths from 2047 (90%)
  0:00:11.547    78M / 2865M INFO    General                 (launcher.cpp              : 250)   Finalizing paths
  0:00:11.547    78M / 2865M INFO    General                 (launcher.cpp              : 252)   Deduplicating paths
  0:00:11.737    76M / 2865M INFO    General                 (launcher.cpp              : 256)   Paths deduplicated
  0:00:11.737    76M / 2865M INFO   PEResolver               (pe_resolver.cpp           :  60)   Removing overlaps
  0:00:11.737    76M / 2865M INFO   PEResolver               (pe_resolver.cpp           :  63)   Sorting paths
  0:00:11.737    76M / 2865M INFO   PEResolver               (pe_resolver.cpp           :  70)   Marking overlaps
  0:00:11.737    76M / 2865M INFO   OverlapRemover           (overlap_remover.hpp       : 116)   Marking start/end overlaps
  0:00:11.996    76M / 2865M INFO   OverlapRemover           (overlap_remover.hpp       : 119)   Marking remaining overlaps
  0:00:12.319    76M / 2865M INFO   PEResolver               (pe_resolver.cpp           :  73)   Splitting paths
  0:00:12.330    88M / 2865M INFO   PEResolver               (pe_resolver.cpp           :  78)   Deduplicating paths
  0:00:12.346    76M / 2865M INFO   PEResolver               (pe_resolver.cpp           :  80)   Overlaps removed
  0:00:12.347    78M / 2865M INFO    General                 (launcher.cpp              : 273)   Paths finalized
  0:00:12.347    78M / 2865M INFO    General                 (launcher.cpp              : 454)   Closing gaps in paths
  0:00:12.349    83M / 2865M INFO    General                 (launcher.cpp              : 484)   Gap closing completed
  0:00:12.349    83M / 2865M INFO    General                 (launcher.cpp              : 302)   Traversing tandem repeats
  0:00:12.354    83M / 2865M INFO    General                 (launcher.cpp              : 312)   Traversed 2 loops
  0:00:12.354    83M / 2865M INFO    General                 (launcher.cpp              : 250)   Finalizing paths
  0:00:12.354    83M / 2865M INFO    General                 (launcher.cpp              : 252)   Deduplicating paths
  0:00:12.354    83M / 2865M INFO    General                 (launcher.cpp              : 256)   Paths deduplicated
  0:00:12.354    83M / 2865M INFO   PEResolver               (pe_resolver.cpp           :  60)   Removing overlaps
  0:00:12.354    83M / 2865M INFO   PEResolver               (pe_resolver.cpp           :  63)   Sorting paths
  0:00:12.355    83M / 2865M INFO   PEResolver               (pe_resolver.cpp           :  70)   Marking overlaps
  0:00:12.355    83M / 2865M INFO   OverlapRemover           (overlap_remover.hpp       : 116)   Marking start/end overlaps
  0:00:12.356    83M / 2865M INFO   OverlapRemover           (overlap_remover.hpp       : 119)   Marking remaining overlaps
  0:00:12.357    83M / 2865M INFO   PEResolver               (pe_resolver.cpp           :  73)   Splitting paths
  0:00:12.357    83M / 2865M INFO   PEResolver               (pe_resolver.cpp           :  78)   Deduplicating paths
  0:00:12.357    83M / 2865M INFO   PEResolver               (pe_resolver.cpp           :  80)   Overlaps removed
  0:00:12.357    83M / 2865M INFO    General                 (launcher.cpp              : 273)   Paths finalized
  0:00:12.357    83M / 2865M INFO    General                 (launcher.cpp              : 664)   ExSPAnder repeat resolving tool finished
  0:00:12.366    56M / 2865M INFO   StageManager             (stage.cpp                 : 185)   STAGE == Contig Output (id: contig_output)
  0:00:12.367    56M / 2865M INFO    General                 (contig_output.hpp         :  16)   Outputting contigs to /data/djs217/PROJECTS/10_X_fragariae_feb_2024/04_spades/NCPPB_2949.spades/K127/before_rr.fasta
  0:00:12.391    56M / 2865M INFO    General                 (contig_output_stage.cpp   : 151)   Writing GFA graph to /data/djs217/PROJECTS/10_X_fragariae_feb_2024/04_spades/NCPPB_2949.spades/K127/assembly_graph_with_scaffolds.gfa
  0:00:12.407    56M / 2865M INFO    General                 (contig_output_stage.cpp   : 165)   Outputting FastG graph to /data/djs217/PROJECTS/10_X_fragariae_feb_2024/04_spades/NCPPB_2949.spades/K127/assembly_graph.fastg
  0:00:12.469    56M / 2865M INFO    General                 (contig_output_stage.cpp   : 196)   Breaking scaffolds
  0:00:12.502    66M / 2865M INFO    General                 (contig_output_stage.cpp   :  98)   Outputting contigs to /data/djs217/PROJECTS/10_X_fragariae_feb_2024/04_spades/NCPPB_2949.spades/K127/final_contigs.fasta
  0:00:12.519    66M / 2865M INFO    General                 (contig_output_stage.cpp   : 104)   Outputting FastG paths to /data/djs217/PROJECTS/10_X_fragariae_feb_2024/04_spades/NCPPB_2949.spades/K127/final_contigs.paths
  0:00:12.534    61M / 2865M INFO    General                 (contig_output_stage.cpp   :  98)   Outputting contigs to /data/djs217/PROJECTS/10_X_fragariae_feb_2024/04_spades/NCPPB_2949.spades/K127/scaffolds.fasta
  0:00:12.550    61M / 2865M INFO    General                 (contig_output_stage.cpp   : 104)   Outputting FastG paths to /data/djs217/PROJECTS/10_X_fragariae_feb_2024/04_spades/NCPPB_2949.spades/K127/scaffolds.paths
  0:00:12.552    61M / 2865M INFO    General                 (contig_output_stage.cpp   : 111)   Populating GFA with scaffold paths
  0:00:12.554    56M / 2865M INFO    General                 (pipeline.cpp              : 287)   SPAdes finished
  0:00:12.579     1M / 2865M INFO    General                 (main.cpp                  : 136)   Assembling time: 0 hours 0 minutes 12 seconds

===== K127 finished. 


===== Copy files started. 


== Running: /data/djs217/anaconda3/envs/spades-env/bin/python /data/djs217/anaconda3/envs/spades-env/share/spades/spades_pipeline/scripts/copy_files.py /data/djs217/PROJECTS/10_X_fragariae_feb_2024/04_spades/NCPPB_2949.spades/K127/before_rr.fasta /data/djs217/PROJECTS/10_X_fragariae_feb_2024/04_spades/NCPPB_2949.spades/before_rr.fasta /data/djs217/PROJECTS/10_X_fragariae_feb_2024/04_spades/NCPPB_2949.spades/K127/assembly_graph_after_simplification.gfa /data/djs217/PROJECTS/10_X_fragariae_feb_2024/04_spades/NCPPB_2949.spades/assembly_graph_after_simplification.gfa /data/djs217/PROJECTS/10_X_fragariae_feb_2024/04_spades/NCPPB_2949.spades/K127/final_contigs.fasta /data/djs217/PROJECTS/10_X_fragariae_feb_2024/04_spades/NCPPB_2949.spades/contigs.fasta /data/djs217/PROJECTS/10_X_fragariae_feb_2024/04_spades/NCPPB_2949.spades/K127/first_pe_contigs.fasta /data/djs217/PROJECTS/10_X_fragariae_feb_2024/04_spades/NCPPB_2949.spades/first_pe_contigs.fasta /data/djs217/PROJECTS/10_X_fragariae_feb_2024/04_spades/NCPPB_2949.spades/K127/strain_graph.gfa /data/djs217/PROJECTS/10_X_fragariae_feb_2024/04_spades/NCPPB_2949.spades/strain_graph.gfa /data/djs217/PROJECTS/10_X_fragariae_feb_2024/04_spades/NCPPB_2949.spades/K127/scaffolds.fasta /data/djs217/PROJECTS/10_X_fragariae_feb_2024/04_spades/NCPPB_2949.spades/scaffolds.fasta /data/djs217/PROJECTS/10_X_fragariae_feb_2024/04_spades/NCPPB_2949.spades/K127/scaffolds.paths /data/djs217/PROJECTS/10_X_fragariae_feb_2024/04_spades/NCPPB_2949.spades/scaffolds.paths /data/djs217/PROJECTS/10_X_fragariae_feb_2024/04_spades/NCPPB_2949.spades/K127/assembly_graph_with_scaffolds.gfa /data/djs217/PROJECTS/10_X_fragariae_feb_2024/04_spades/NCPPB_2949.spades/assembly_graph_with_scaffolds.gfa /data/djs217/PROJECTS/10_X_fragariae_feb_2024/04_spades/NCPPB_2949.spades/K127/assembly_graph.fastg /data/djs217/PROJECTS/10_X_fragariae_feb_2024/04_spades/NCPPB_2949.spades/assembly_graph.fastg /data/djs217/PROJECTS/10_X_fragariae_feb_2024/04_spades/NCPPB_2949.spades/K127/final_contigs.paths /data/djs217/PROJECTS/10_X_fragariae_feb_2024/04_spades/NCPPB_2949.spades/contigs.paths


===== Copy files finished. 


===== Assembling finished. 


===== Mismatch correction started. 


===== Mismatch correction contigs started. 


== Running: /data/djs217/anaconda3/envs/spades-env/bin/python /data/djs217/anaconda3/envs/spades-env/share/spades/spades_pipeline/scripts/correction_iteration_script.py --corrected /data/djs217/PROJECTS/10_X_fragariae_feb_2024/04_spades/NCPPB_2949.spades/contigs.fasta --assembled /data/djs217/PROJECTS/10_X_fragariae_feb_2024/04_spades/NCPPB_2949.spades/misc/assembled_contigs.fasta --assembly_type contigs --output_dir /data/djs217/PROJECTS/10_X_fragariae_feb_2024/04_spades/NCPPB_2949.spades --bin_home /data/djs217/anaconda3/envs/spades-env/bin

== Processing of contigs
== Running contig polishing tool: /data/djs217/anaconda3/envs/spades-env/bin/spades-corrector-core /data/djs217/PROJECTS/10_X_fragariae_feb_2024/04_spades/NCPPB_2949.spades/mismatch_corrector/contigs/configs/corrector.info /data/djs217/PROJECTS/10_X_fragariae_feb_2024/04_spades/NCPPB_2949.spades/misc/assembled_contigs.fasta
== Dataset description file was created: /data/djs217/PROJECTS/10_X_fragariae_feb_2024/04_spades/NCPPB_2949.spades/mismatch_corrector/contigs/configs/corrector.info
Run: /data/djs217/anaconda3/envs/spades-env/bin/spades-corrector-core /data/djs217/PROJECTS/10_X_fragariae_feb_2024/04_spades/NCPPB_2949.spades/mismatch_corrector/contigs/configs/corrector.info /data/djs217/PROJECTS/10_X_fragariae_feb_2024/04_spades/NCPPB_2949.spades/misc/assembled_contigs.fasta
/data/djs217/PROJECTS/10_X_fragariae_feb_2024/04_spades/NCPPB_2949.spades/mismatch_corrector/contigs/configs/log.properties  0:00:00.000     1M / 16M   INFO    General                 (main.cpp                  :  58)   Starting mismatch corrector, built from N/A, git revision N/A
  0:00:00.001     1M / 16M   INFO    General                 (main.cpp                  :  59)   Maximum # of threads to use (adjusted due to OMP capabilities): 16
  0:00:00.001     1M / 16M   INFO   DatasetProcessor         (dataset_processor.cpp     : 175)   Splitting assembly...
  0:00:00.001     1M / 16M   INFO   DatasetProcessor         (dataset_processor.cpp     : 176)   Assembly file: /data/djs217/PROJECTS/10_X_fragariae_feb_2024/04_spades/NCPPB_2949.spades/misc/assembled_contigs.fasta
  0:00:00.073     2M / 16M   INFO   DatasetProcessor         (dataset_processor.cpp     : 128)   Running bwa index ...: /data/djs217/anaconda3/envs/spades-env/bin/spades-bwa index /data/djs217/PROJECTS/10_X_fragariae_feb_2024/04_spades/NCPPB_2949.spades/misc/assembled_contigs.fasta
[bwa_index] Pack FASTA... 0.05 sec
[bwa_index] Construct BWT for the packed sequence...
[bwa_index] 1.09 seconds elapse.
[bwa_index] Update BWT... 0.04 sec
[bwa_index] Pack forward-only FASTA... 0.04 sec
[bwa_index] Construct SA from BWT and Occ... 0.58 sec
[main] Version: 0.7.16a-r1181
[main] CMD: /data/djs217/anaconda3/envs/spades-env/bin/spades-bwa index /data/djs217/PROJECTS/10_X_fragariae_feb_2024/04_spades/NCPPB_2949.spades/misc/assembled_contigs.fasta
[main] Real time: 2.296 sec; CPU: 1.815 sec
  0:00:02.375     2M / 16M   INFO   DatasetProcessor         (dataset_processor.cpp     : 190)   Processing paired sublib of number 0
  0:00:02.376     2M / 16M   INFO   DatasetProcessor         (dataset_processor.cpp     : 191)   /data/djs217/PROJECTS/10_X_fragariae_feb_2024/04_spades/NCPPB_2949.1_val_1.fq.gz /data/djs217/PROJECTS/10_X_fragariae_feb_2024/04_spades/NCPPB_2949.2_val_2.fq.gz
  0:00:02.377     2M / 16M   INFO   DatasetProcessor         (dataset_processor.cpp     : 153)   Running bwa mem ...:/data/djs217/anaconda3/envs/spades-env/bin/spades-bwa mem  -v 1 -t 16  /data/djs217/PROJECTS/10_X_fragariae_feb_2024/04_spades/NCPPB_2949.spades/misc/assembled_contigs.fasta /data/djs217/PROJECTS/10_X_fragariae_feb_2024/04_spades/NCPPB_2949.1_val_1.fq.gz /data/djs217/PROJECTS/10_X_fragariae_feb_2024/04_spades/NCPPB_2949.2_val_2.fq.gz   > /data/djs217/PROJECTS/10_X_fragariae_feb_2024/04_spades/NCPPB_2949.spades/tmp/corrector_ooprkr0r/lib0_n6v5lE/tmp.sam
[main] Version: 0.7.16a-r1181
[main] CMD: /data/djs217/anaconda3/envs/spades-env/bin/spades-bwa mem -v 1 -t 16 /data/djs217/PROJECTS/10_X_fragariae_feb_2024/04_spades/NCPPB_2949.spades/misc/assembled_contigs.fasta /data/djs217/PROJECTS/10_X_fragariae_feb_2024/04_spades/NCPPB_2949.1_val_1.fq.gz /data/djs217/PROJECTS/10_X_fragariae_feb_2024/04_spades/NCPPB_2949.2_val_2.fq.gz
[main] Real time: 9.885 sec; CPU: 90.462 sec
  0:00:12.289     2M / 16M   INFO   DatasetProcessor         (dataset_processor.cpp     : 199)   Adding samfile /data/djs217/PROJECTS/10_X_fragariae_feb_2024/04_spades/NCPPB_2949.spades/tmp/corrector_ooprkr0r/lib0_n6v5lE/tmp.sam
  0:00:14.616    64M / 72M   INFO   DatasetProcessor         (dataset_processor.cpp     : 118)   processed 1000000reads, flushing
  0:00:15.821     7M / 72M   INFO   DatasetProcessor         (dataset_processor.cpp     : 227)   Processing contigs
  0:00:16.262    13M / 186M  INFO   DatasetProcessor         (dataset_processor.cpp     : 243)   Contig NODE_15_length_49962_cov_16.197612 processed with 0 changes in thread 12
  0:00:16.272    18M / 192M  INFO   DatasetProcessor         (dataset_processor.cpp     : 243)   Contig NODE_16_length_49936_cov_16.291233 processed with 2 changes in thread 15
  0:00:16.318    24M / 197M  INFO   DatasetProcessor         (dataset_processor.cpp     : 243)   Contig NODE_11_length_54073_cov_16.832184 processed with 0 changes in thread 9
  0:00:16.361    30M / 201M  INFO   DatasetProcessor         (dataset_processor.cpp     : 243)   Contig NODE_13_length_51094_cov_19.334805 processed with 0 changes in thread 13
  0:00:16.383    36M / 205M  INFO   DatasetProcessor         (dataset_processor.cpp     : 243)   Contig NODE_12_length_52394_cov_20.059980 processed with 0 changes in thread 7
  0:00:16.390    43M / 209M  INFO   DatasetProcessor         (dataset_processor.cpp     : 243)   Contig NODE_9_length_57161_cov_18.574833 processed with 0 changes in thread 5
  0:00:16.392    48M / 210M  INFO   DatasetProcessor         (dataset_processor.cpp     : 243)   Contig NODE_14_length_50592_cov_21.273477 processed with 0 changes in thread 11
  0:00:16.414    56M / 217M  INFO   DatasetProcessor         (dataset_processor.cpp     : 243)   Contig NODE_4_length_67712_cov_16.254124 processed with 0 changes in thread 8
  0:00:16.419    62M / 219M  INFO   DatasetProcessor         (dataset_processor.cpp     : 243)   Contig NODE_10_length_56504_cov_20.121025 processed with 0 changes in thread 4
  0:00:16.437    69M / 222M  INFO   DatasetProcessor         (dataset_processor.cpp     : 243)   Contig NODE_5_length_61372_cov_19.112875 processed with 0 changes in thread 2
  0:00:16.444    76M / 225M  INFO   DatasetProcessor         (dataset_processor.cpp     : 243)   Contig NODE_7_length_60511_cov_18.818959 processed with 4 changes in thread 6
  0:00:16.463    85M / 227M  INFO   DatasetProcessor         (dataset_processor.cpp     : 243)   Contig NODE_3_length_77788_cov_15.438663 processed with 0 changes in thread 3
  0:00:16.481    92M / 228M  INFO   DatasetProcessor         (dataset_processor.cpp     : 243)   Contig NODE_8_length_58795_cov_20.752591 processed with 0 changes in thread 10
  0:00:16.543   100M / 232M  INFO   DatasetProcessor         (dataset_processor.cpp     : 243)   Contig NODE_6_length_61331_cov_20.327822 processed with 11 changes in thread 1
  0:00:16.616   113M / 237M  INFO   DatasetProcessor         (dataset_processor.cpp     : 243)   Contig NODE_1_length_112634_cov_18.078440 processed with 0 changes in thread 0
  0:00:16.728   113M / 241M  INFO   DatasetProcessor         (dataset_processor.cpp     : 243)   Contig NODE_17_length_47864_cov_19.166139 processed with 0 changes in thread 12
  0:00:16.736   122M / 242M  INFO   DatasetProcessor         (dataset_processor.cpp     : 243)   Contig NODE_2_length_80385_cov_21.835057 processed with 5 changes in thread 14
  0:00:16.742   121M / 242M  INFO   DatasetProcessor         (dataset_processor.cpp     : 243)   Contig NODE_21_length_43545_cov_16.532751 processed with 0 changes in thread 7
  0:00:16.743   119M / 242M  INFO   DatasetProcessor         (dataset_processor.cpp     : 243)   Contig NODE_22_length_43242_cov_16.562635 processed with 0 changes in thread 5
  0:00:16.751   118M / 244M  INFO   DatasetProcessor         (dataset_processor.cpp     : 243)   Contig NODE_20_length_44063_cov_17.624158 processed with 2 changes in thread 13
  0:00:16.756   118M / 244M  INFO   DatasetProcessor         (dataset_processor.cpp     : 243)   Contig NODE_18_length_46111_cov_20.349556 processed with 5 changes in thread 15
  0:00:16.759   113M / 246M  INFO   DatasetProcessor         (dataset_processor.cpp     : 243)   Contig NODE_28_length_37336_cov_15.672337 processed with 0 changes in thread 3
  0:00:16.767   111M / 246M  INFO   DatasetProcessor         (dataset_processor.cpp     : 243)   Contig NODE_27_length_38963_cov_16.375631 processed with 0 changes in thread 6
  0:00:16.780   109M / 246M  INFO   DatasetProcessor         (dataset_processor.cpp     : 243)   Contig NODE_25_length_41454_cov_17.615046 processed with 0 changes in thread 4
  0:00:16.805   106M / 246M  INFO   DatasetProcessor         (dataset_processor.cpp     : 243)   Contig NODE_24_length_41536_cov_19.037890 processed with 0 changes in thread 8
  0:00:16.816   105M / 247M  INFO   DatasetProcessor         (dataset_processor.cpp     : 243)   Contig NODE_23_length_42836_cov_19.690323 processed with 0 changes in thread 11
  0:00:16.833   105M / 249M  INFO   DatasetProcessor         (dataset_processor.cpp     : 243)   Contig NODE_19_length_44593_cov_17.881752 processed with 7 changes in thread 9
  0:00:16.837   102M / 249M  INFO   DatasetProcessor         (dataset_processor.cpp     : 243)   Contig NODE_29_length_36873_cov_18.997823 processed with 0 changes in thread 10
  0:00:16.839    94M / 249M  INFO   DatasetProcessor         (dataset_processor.cpp     : 243)   Contig NODE_31_length_36308_cov_15.827700 processed with 1 changes in thread 0
  0:00:16.932    92M / 250M  INFO   DatasetProcessor         (dataset_processor.cpp     : 243)   Contig NODE_26_length_39926_cov_23.657881 processed with 5 changes in thread 2
  0:00:16.976    89M / 250M  INFO   DatasetProcessor         (dataset_processor.cpp     : 243)   Contig NODE_30_length_36844_cov_20.073045 processed with 14 changes in thread 1
  0:00:17.019    87M / 250M  INFO   DatasetProcessor         (dataset_processor.cpp     : 243)   Contig NODE_37_length_32314_cov_16.529562 processed with 0 changes in thread 15
  0:00:17.022    82M / 250M  INFO   DatasetProcessor         (dataset_processor.cpp     : 243)   Contig NODE_33_length_35398_cov_16.171302 processed with 0 changes in thread 14
  0:00:17.027    81M / 250M  INFO   DatasetProcessor         (dataset_processor.cpp     : 243)   Contig NODE_38_length_32043_cov_17.036157 processed with 0 changes in thread 3
  0:00:17.034    80M / 250M  INFO   DatasetProcessor         (dataset_processor.cpp     : 243)   Contig NODE_34_length_35187_cov_16.592470 processed with 0 changes in thread 7
  0:00:17.040    79M / 250M  INFO   DatasetProcessor         (dataset_processor.cpp     : 243)   Contig NODE_45_length_29093_cov_18.652903 processed with 0 changes in thread 0
  0:00:17.047    78M / 251M  INFO   DatasetProcessor         (dataset_processor.cpp     : 243)   Contig NODE_40_length_31907_cov_17.073977 processed with 0 changes in thread 4
  0:00:17.060    77M / 251M  INFO   DatasetProcessor         (dataset_processor.cpp     : 243)   Contig NODE_42_length_31329_cov_15.272547 processed with 1 changes in thread 11
  0:00:17.064    76M / 251M  INFO   DatasetProcessor         (dataset_processor.cpp     : 243)   Contig NODE_39_length_31956_cov_18.584498 processed with 1 changes in thread 6
  0:00:17.064    74M / 251M  INFO   DatasetProcessor         (dataset_processor.cpp     : 243)   Contig NODE_36_length_32549_cov_19.583184 processed with 0 changes in thread 13
  0:00:17.066    72M / 251M  INFO   DatasetProcessor         (dataset_processor.cpp     : 243)   Contig NODE_43_length_30073_cov_15.552060 processed with 0 changes in thread 9
  0:00:17.083    71M / 251M  INFO   DatasetProcessor         (dataset_processor.cpp     : 243)   Contig NODE_35_length_33591_cov_20.305164 processed with 0 changes in thread 5
  0:00:17.106    70M / 251M  INFO   DatasetProcessor         (dataset_processor.cpp     : 243)   Contig NODE_32_length_35525_cov_20.088141 processed with 4 changes in thread 12
  0:00:17.122    69M / 252M  INFO   DatasetProcessor         (dataset_processor.cpp     : 243)   Contig NODE_41_length_31794_cov_19.778918 processed with 0 changes in thread 8
  0:00:17.139    67M / 252M  INFO   DatasetProcessor         (dataset_processor.cpp     : 243)   Contig NODE_46_length_28538_cov_16.073176 processed with 1 changes in thread 2
  0:00:17.207    67M / 252M  INFO   DatasetProcessor         (dataset_processor.cpp     : 243)   Contig NODE_52_length_25828_cov_16.909459 processed with 0 changes in thread 0
  0:00:17.226    67M / 252M  INFO   DatasetProcessor         (dataset_processor.cpp     : 243)   Contig NODE_44_length_29935_cov_22.405797 processed with 3 changes in thread 10
  0:00:17.227    65M / 252M  INFO   DatasetProcessor         (dataset_processor.cpp     : 243)   Contig NODE_47_length_28405_cov_17.950279 processed with 0 changes in thread 1
  0:00:17.232    65M / 252M  INFO   DatasetProcessor         (dataset_processor.cpp     : 243)   Contig NODE_50_length_26538_cov_15.425883 processed with 1 changes in thread 3
  0:00:17.234    64M / 252M  INFO   DatasetProcessor         (dataset_processor.cpp     : 243)   Contig NODE_48_length_27848_cov_15.286822 processed with 0 changes in thread 15
  0:00:17.281    63M / 252M  INFO   DatasetProcessor         (dataset_processor.cpp     : 243)   Contig NODE_51_length_25908_cov_19.137621 processed with 0 changes in thread 7
  0:00:17.284    63M / 252M  INFO   DatasetProcessor         (dataset_processor.cpp     : 243)   Contig NODE_53_length_25245_cov_18.415121 processed with 0 changes in thread 4
  0:00:17.284    62M / 252M  INFO   DatasetProcessor         (dataset_processor.cpp     : 243)   Contig NODE_54_length_25039_cov_17.444806 processed with 0 changes in thread 11
  0:00:17.284    61M / 252M  INFO   DatasetProcessor         (dataset_processor.cpp     : 243)   Contig NODE_49_length_27511_cov_19.079353 processed with 0 changes in thread 14
  0:00:17.287    61M / 252M  INFO   DatasetProcessor         (dataset_processor.cpp     : 243)   Contig NODE_56_length_24441_cov_18.187053 processed with 0 changes in thread 13
  0:00:17.303    60M / 252M  INFO   DatasetProcessor         (dataset_processor.cpp     : 243)   Contig NODE_57_length_24268_cov_20.386977 processed with 0 changes in thread 9
  0:00:17.304    59M / 252M  INFO   DatasetProcessor         (dataset_processor.cpp     : 243)   Contig NODE_58_length_24169_cov_18.274187 processed with 0 changes in thread 5
  0:00:17.317    58M / 252M  INFO   DatasetProcessor         (dataset_processor.cpp     : 243)   Contig NODE_60_length_23553_cov_17.447580 processed with 0 changes in thread 8
  0:00:17.322    57M / 252M  INFO   DatasetProcessor         (dataset_processor.cpp     : 243)   Contig NODE_55_length_24975_cov_20.741549 processed with 0 changes in thread 6
  0:00:17.329    57M / 252M  INFO   DatasetProcessor         (dataset_processor.cpp     : 243)   Contig NODE_61_length_23458_cov_16.172003 processed with 1 changes in thread 2
  0:00:17.336    56M / 252M  INFO   DatasetProcessor         (dataset_processor.cpp     : 243)   Contig NODE_59_length_24138_cov_19.041231 processed with 0 changes in thread 12
  0:00:17.378    55M / 253M  INFO   DatasetProcessor         (dataset_processor.cpp     : 243)   Contig NODE_62_length_22735_cov_20.127477 processed with 0 changes in thread 0
  0:00:17.401    54M / 253M  INFO   DatasetProcessor         (dataset_processor.cpp     : 243)   Contig NODE_63_length_22586_cov_15.291108 processed with 0 changes in thread 10
  0:00:17.422    54M / 253M  INFO   DatasetProcessor         (dataset_processor.cpp     : 243)   Contig NODE_65_length_21994_cov_17.309233 processed with 0 changes in thread 3
  0:00:17.440    53M / 253M  INFO   DatasetProcessor         (dataset_processor.cpp     : 243)   Contig NODE_70_length_20512_cov_15.254354 processed with 0 changes in thread 14
  0:00:17.447    52M / 253M  INFO   DatasetProcessor         (dataset_processor.cpp     : 243)   Contig NODE_64_length_22319_cov_19.188897 processed with 4 changes in thread 1
  0:00:17.448    52M / 253M  INFO   DatasetProcessor         (dataset_processor.cpp     : 243)   Contig NODE_66_length_21764_cov_19.677913 processed with 0 changes in thread 15
  0:00:17.453    51M / 253M  INFO   DatasetProcessor         (dataset_processor.cpp     : 243)   Contig NODE_69_length_21356_cov_15.382307 processed with 0 changes in thread 11
  0:00:17.485    51M / 254M  INFO   DatasetProcessor         (dataset_processor.cpp     : 243)   Contig NODE_71_length_20483_cov_18.995382 processed with 0 changes in thread 13
  0:00:17.499    50M / 254M  INFO   DatasetProcessor         (dataset_processor.cpp     : 243)   Contig NODE_67_length_21552_cov_19.962147 processed with 0 changes in thread 7
  0:00:17.500    50M / 254M  INFO   DatasetProcessor         (dataset_processor.cpp     : 243)   Contig NODE_68_length_21416_cov_19.973507 processed with 2 changes in thread 4
  0:00:17.503    49M / 254M  INFO   DatasetProcessor         (dataset_processor.cpp     : 243)   Contig NODE_72_length_20328_cov_19.350478 processed with 0 changes in thread 9
  0:00:18.149     7M / 259M  INFO   DatasetProcessor         (dataset_processor.cpp     : 247)   Gluing processed contigs
  0:00:18.167     1M / 259M  INFO    General                 (main.cpp                  :  72)   Correcting time: 0 hours 0 minutes 18 seconds

===== Mismatch correction contigs finished. 


===== Mismatch correction scaffolds started. 


== Running: /data/djs217/anaconda3/envs/spades-env/bin/python /data/djs217/anaconda3/envs/spades-env/share/spades/spades_pipeline/scripts/correction_iteration_script.py --corrected /data/djs217/PROJECTS/10_X_fragariae_feb_2024/04_spades/NCPPB_2949.spades/scaffolds.fasta --assembled /data/djs217/PROJECTS/10_X_fragariae_feb_2024/04_spades/NCPPB_2949.spades/misc/assembled_scaffolds.fasta --assembly_type scaffolds --output_dir /data/djs217/PROJECTS/10_X_fragariae_feb_2024/04_spades/NCPPB_2949.spades --bin_home /data/djs217/anaconda3/envs/spades-env/bin

== Processing of scaffolds
== Running contig polishing tool: /data/djs217/anaconda3/envs/spades-env/bin/spades-corrector-core /data/djs217/PROJECTS/10_X_fragariae_feb_2024/04_spades/NCPPB_2949.spades/mismatch_corrector/scaffolds/configs/corrector.info /data/djs217/PROJECTS/10_X_fragariae_feb_2024/04_spades/NCPPB_2949.spades/misc/assembled_scaffolds.fasta
== Dataset description file was created: /data/djs217/PROJECTS/10_X_fragariae_feb_2024/04_spades/NCPPB_2949.spades/mismatch_corrector/scaffolds/configs/corrector.info
Run: /data/djs217/anaconda3/envs/spades-env/bin/spades-corrector-core /data/djs217/PROJECTS/10_X_fragariae_feb_2024/04_spades/NCPPB_2949.spades/mismatch_corrector/scaffolds/configs/corrector.info /data/djs217/PROJECTS/10_X_fragariae_feb_2024/04_spades/NCPPB_2949.spades/misc/assembled_scaffolds.fasta
/data/djs217/PROJECTS/10_X_fragariae_feb_2024/04_spades/NCPPB_2949.spades/mismatch_corrector/scaffolds/configs/log.properties  0:00:00.000     1M / 16M   INFO    General                 (main.cpp                  :  58)   Starting mismatch corrector, built from N/A, git revision N/A
  0:00:00.001     1M / 16M   INFO    General                 (main.cpp                  :  59)   Maximum # of threads to use (adjusted due to OMP capabilities): 16
  0:00:00.001     1M / 16M   INFO   DatasetProcessor         (dataset_processor.cpp     : 175)   Splitting assembly...
  0:00:00.001     1M / 16M   INFO   DatasetProcessor         (dataset_processor.cpp     : 176)   Assembly file: /data/djs217/PROJECTS/10_X_fragariae_feb_2024/04_spades/NCPPB_2949.spades/misc/assembled_scaffolds.fasta
  0:00:00.070     2M / 16M   INFO   DatasetProcessor         (dataset_processor.cpp     : 128)   Running bwa index ...: /data/djs217/anaconda3/envs/spades-env/bin/spades-bwa index /data/djs217/PROJECTS/10_X_fragariae_feb_2024/04_spades/NCPPB_2949.spades/misc/assembled_scaffolds.fasta
[bwa_index] Pack FASTA... 0.05 sec
[bwa_index] Construct BWT for the packed sequence...
[bwa_index] 0.75 seconds elapse.
[bwa_index] Update BWT... 0.04 sec
[bwa_index] Pack forward-only FASTA... 0.04 sec
[bwa_index] Construct SA from BWT and Occ... 0.30 sec
[main] Version: 0.7.16a-r1181
[main] CMD: /data/djs217/anaconda3/envs/spades-env/bin/spades-bwa index /data/djs217/PROJECTS/10_X_fragariae_feb_2024/04_spades/NCPPB_2949.spades/misc/assembled_scaffolds.fasta
[main] Real time: 1.644 sec; CPU: 1.175 sec
  0:00:01.720     2M / 16M   INFO   DatasetProcessor         (dataset_processor.cpp     : 190)   Processing paired sublib of number 0
  0:00:01.720     2M / 16M   INFO   DatasetProcessor         (dataset_processor.cpp     : 191)   /data/djs217/PROJECTS/10_X_fragariae_feb_2024/04_spades/NCPPB_2949.1_val_1.fq.gz /data/djs217/PROJECTS/10_X_fragariae_feb_2024/04_spades/NCPPB_2949.2_val_2.fq.gz
  0:00:01.721     2M / 16M   INFO   DatasetProcessor         (dataset_processor.cpp     : 153)   Running bwa mem ...:/data/djs217/anaconda3/envs/spades-env/bin/spades-bwa mem  -v 1 -t 16  /data/djs217/PROJECTS/10_X_fragariae_feb_2024/04_spades/NCPPB_2949.spades/misc/assembled_scaffolds.fasta /data/djs217/PROJECTS/10_X_fragariae_feb_2024/04_spades/NCPPB_2949.1_val_1.fq.gz /data/djs217/PROJECTS/10_X_fragariae_feb_2024/04_spades/NCPPB_2949.2_val_2.fq.gz   > /data/djs217/PROJECTS/10_X_fragariae_feb_2024/04_spades/NCPPB_2949.spades/tmp/corrector_uvp23v_x/lib0_19pxTo/tmp.sam
[main] Version: 0.7.16a-r1181
[main] CMD: /data/djs217/anaconda3/envs/spades-env/bin/spades-bwa mem -v 1 -t 16 /data/djs217/PROJECTS/10_X_fragariae_feb_2024/04_spades/NCPPB_2949.spades/misc/assembled_scaffolds.fasta /data/djs217/PROJECTS/10_X_fragariae_feb_2024/04_spades/NCPPB_2949.1_val_1.fq.gz /data/djs217/PROJECTS/10_X_fragariae_feb_2024/04_spades/NCPPB_2949.2_val_2.fq.gz
[main] Real time: 9.134 sec; CPU: 86.926 sec
  0:00:10.883     2M / 16M   INFO   DatasetProcessor         (dataset_processor.cpp     : 199)   Adding samfile /data/djs217/PROJECTS/10_X_fragariae_feb_2024/04_spades/NCPPB_2949.spades/tmp/corrector_uvp23v_x/lib0_19pxTo/tmp.sam
  0:00:13.206    64M / 72M   INFO   DatasetProcessor         (dataset_processor.cpp     : 118)   processed 1000000reads, flushing
  0:00:14.443     7M / 72M   INFO   DatasetProcessor         (dataset_processor.cpp     : 227)   Processing contigs
  0:00:14.889    13M / 187M  INFO   DatasetProcessor         (dataset_processor.cpp     : 243)   Contig NODE_16_length_49936_cov_16.291233 processed with 2 changes in thread 14
  0:00:14.891    18M / 187M  INFO   DatasetProcessor         (dataset_processor.cpp     : 243)   Contig NODE_15_length_49962_cov_16.197612 processed with 0 changes in thread 1
  0:00:14.952    24M / 198M  INFO   DatasetProcessor         (dataset_processor.cpp     : 243)   Contig NODE_11_length_54073_cov_16.832184 processed with 0 changes in thread 12
  0:00:14.990    30M / 204M  INFO   DatasetProcessor         (dataset_processor.cpp     : 243)   Contig NODE_13_length_51094_cov_19.334805 processed with 0 changes in thread 5
  0:00:15.010    36M / 208M  INFO   DatasetProcessor         (dataset_processor.cpp     : 243)   Contig NODE_12_length_52394_cov_20.059980 processed with 0 changes in thread 15
  0:00:15.015    43M / 212M  INFO   DatasetProcessor         (dataset_processor.cpp     : 243)   Contig NODE_9_length_57161_cov_18.574833 processed with 0 changes in thread 3
  0:00:15.018    48M / 214M  INFO   DatasetProcessor         (dataset_processor.cpp     : 243)   Contig NODE_14_length_50592_cov_21.273477 processed with 0 changes in thread 6
  0:00:15.033    56M / 218M  INFO   DatasetProcessor         (dataset_processor.cpp     : 243)   Contig NODE_4_length_67712_cov_16.254124 processed with 0 changes in thread 2
  0:00:15.054    63M / 223M  INFO   DatasetProcessor         (dataset_processor.cpp     : 243)   Contig NODE_6_length_61372_cov_19.112875 processed with 0 changes in thread 4
  0:00:15.084    70M / 225M  INFO   DatasetProcessor         (dataset_processor.cpp     : 243)   Contig NODE_7_length_60511_cov_18.818959 processed with 4 changes in thread 13
  0:00:15.102    77M / 228M  INFO   DatasetProcessor         (dataset_processor.cpp     : 243)   Contig NODE_8_length_58795_cov_20.752591 processed with 0 changes in thread 11
  0:00:15.106    86M / 231M  INFO   DatasetProcessor         (dataset_processor.cpp     : 243)   Contig NODE_3_length_77788_cov_15.438663 processed with 0 changes in thread 8
  0:00:15.154    92M / 234M  INFO   DatasetProcessor         (dataset_processor.cpp     : 243)   Contig NODE_10_length_56504_cov_20.121025 processed with 0 changes in thread 9
  0:00:15.213   100M / 238M  INFO   DatasetProcessor         (dataset_processor.cpp     : 243)   Contig NODE_5_length_66239_cov_20.272235 processed with 18 changes in thread 7
  0:00:15.260   113M / 240M  INFO   DatasetProcessor         (dataset_processor.cpp     : 243)   Contig NODE_1_length_112634_cov_18.078440 processed with 0 changes in thread 0
  0:00:15.325   111M / 240M  INFO   DatasetProcessor         (dataset_processor.cpp     : 243)   Contig NODE_25_length_41454_cov_17.615046 processed with 0 changes in thread 4
  0:00:15.350   111M / 240M  INFO   DatasetProcessor         (dataset_processor.cpp     : 243)   Contig NODE_17_length_47864_cov_19.166139 processed with 0 changes in thread 14
  0:00:15.359   120M / 240M  INFO   DatasetProcessor         (dataset_processor.cpp     : 243)   Contig NODE_2_length_80385_cov_21.835057 processed with 6 changes in thread 10
  0:00:15.361   118M / 240M  INFO   DatasetProcessor         (dataset_processor.cpp     : 243)   Contig NODE_22_length_43242_cov_16.562635 processed with 0 changes in thread 3
  0:00:15.364   117M / 240M  INFO   DatasetProcessor         (dataset_processor.cpp     : 243)   Contig NODE_21_length_43545_cov_16.532751 processed with 0 changes in thread 15
  0:00:15.368   117M / 241M  INFO   DatasetProcessor         (dataset_processor.cpp     : 243)   Contig NODE_18_length_46111_cov_20.349556 processed with 5 changes in thread 1
  0:00:15.376   116M / 241M  INFO   DatasetProcessor         (dataset_processor.cpp     : 243)   Contig NODE_20_length_44063_cov_17.624158 processed with 2 changes in thread 5
  0:00:15.406   112M / 243M  INFO   DatasetProcessor         (dataset_processor.cpp     : 243)   Contig NODE_28_length_37336_cov_15.672337 processed with 0 changes in thread 8
  0:00:15.420   109M / 243M  INFO   DatasetProcessor         (dataset_processor.cpp     : 243)   Contig NODE_24_length_41536_cov_19.037890 processed with 0 changes in thread 2
  0:00:15.426   106M / 244M  INFO   DatasetProcessor         (dataset_processor.cpp     : 243)   Contig NODE_27_length_38963_cov_16.375631 processed with 0 changes in thread 11
  0:00:15.431   106M / 244M  INFO   DatasetProcessor         (dataset_processor.cpp     : 243)   Contig NODE_23_length_42836_cov_19.690323 processed with 0 changes in thread 6
  0:00:15.468   105M / 245M  INFO   DatasetProcessor         (dataset_processor.cpp     : 243)   Contig NODE_19_length_44593_cov_17.881752 processed with 7 changes in thread 12
  0:00:15.494    96M / 245M  INFO   DatasetProcessor         (dataset_processor.cpp     : 243)   Contig NODE_31_length_36831_cov_16.626035 processed with 100 changes in thread 0
  0:00:15.497    94M / 245M  INFO   DatasetProcessor         (dataset_processor.cpp     : 243)   Contig NODE_29_length_36873_cov_18.997823 processed with 0 changes in thread 9
  0:00:15.542    94M / 247M  INFO   DatasetProcessor         (dataset_processor.cpp     : 243)   Contig NODE_32_length_36308_cov_15.827700 processed with 1 changes in thread 4
  0:00:15.579    92M / 247M  INFO   DatasetProcessor         (dataset_processor.cpp     : 243)   Contig NODE_26_length_39926_cov_23.657881 processed with 6 changes in thread 13
  0:00:15.628    90M / 248M  INFO   DatasetProcessor         (dataset_processor.cpp     : 243)   Contig NODE_37_length_32314_cov_16.529562 processed with 0 changes in thread 1
  0:00:15.640    85M / 248M  INFO   DatasetProcessor         (dataset_processor.cpp     : 243)   Contig NODE_34_length_35398_cov_16.171302 processed with 0 changes in thread 10
  0:00:15.641    81M / 248M  INFO   DatasetProcessor         (dataset_processor.cpp     : 243)   Contig NODE_30_length_36844_cov_20.073045 processed with 14 changes in thread 7
  0:00:15.644    80M / 248M  INFO   DatasetProcessor         (dataset_processor.cpp     : 243)   Contig NODE_38_length_32043_cov_17.036157 processed with 0 changes in thread 5
  0:00:15.668    78M / 248M  INFO   DatasetProcessor         (dataset_processor.cpp     : 243)   Contig NODE_42_length_31329_cov_15.272547 processed with 1 changes in thread 6
  0:00:15.675    77M / 248M  INFO   DatasetProcessor         (dataset_processor.cpp     : 243)   Contig NODE_36_length_32549_cov_19.583184 processed with 0 changes in thread 15
  0:00:15.684    76M / 248M  INFO   DatasetProcessor         (dataset_processor.cpp     : 243)   Contig NODE_40_length_31907_cov_17.073977 processed with 0 changes in thread 2
  0:00:15.696    75M / 248M  INFO   DatasetProcessor         (dataset_processor.cpp     : 243)   Contig NODE_45_length_29093_cov_18.652903 processed with 0 changes in thread 9
  0:00:15.696    74M / 248M  INFO   DatasetProcessor         (dataset_processor.cpp     : 243)   Contig NODE_35_length_33591_cov_20.305164 processed with 0 changes in thread 3
  0:00:15.702    72M / 248M  INFO   DatasetProcessor         (dataset_processor.cpp     : 243)   Contig NODE_43_length_30073_cov_15.552060 processed with 0 changes in thread 12
  0:00:15.705    72M / 248M  INFO   DatasetProcessor         (dataset_processor.cpp     : 243)   Contig NODE_39_length_31956_cov_18.584498 processed with 1 changes in thread 8
  0:00:15.723    70M / 249M  INFO   DatasetProcessor         (dataset_processor.cpp     : 243)   Contig NODE_33_length_35525_cov_20.088141 processed with 4 changes in thread 14
  0:00:15.744    69M / 249M  INFO   DatasetProcessor         (dataset_processor.cpp     : 243)   Contig NODE_41_length_31794_cov_19.778918 processed with 0 changes in thread 11
  0:00:15.755    68M / 249M  INFO   DatasetProcessor         (dataset_processor.cpp     : 243)   Contig NODE_46_length_28743_cov_19.804235 processed with 5 changes in thread 4
  0:00:15.782    68M / 249M  INFO   DatasetProcessor         (dataset_processor.cpp     : 243)   Contig NODE_44_length_29935_cov_22.405797 processed with 3 changes in thread 0
  0:00:15.786    66M / 249M  INFO   DatasetProcessor         (dataset_processor.cpp     : 243)   Contig NODE_47_length_28538_cov_16.073176 processed with 1 changes in thread 13
  0:00:15.845    66M / 249M  INFO   DatasetProcessor         (dataset_processor.cpp     : 243)   Contig NODE_51_length_26538_cov_15.425883 processed with 1 changes in thread 5
  0:00:15.852    65M / 249M  INFO   DatasetProcessor         (dataset_processor.cpp     : 243)   Contig NODE_49_length_27848_cov_15.286822 processed with 0 changes in thread 10
  0:00:15.860    65M / 249M  INFO   DatasetProcessor         (dataset_processor.cpp     : 243)   Contig NODE_55_length_25039_cov_17.444806 processed with 0 changes in thread 9
  0:00:15.876    64M / 250M  INFO   DatasetProcessor         (dataset_processor.cpp     : 243)   Contig NODE_48_length_28405_cov_17.950279 processed with 0 changes in thread 1
  0:00:15.892    64M / 250M  INFO   DatasetProcessor         (dataset_processor.cpp     : 243)   Contig NODE_53_length_25828_cov_16.909459 processed with 0 changes in thread 15
  0:00:15.901    63M / 250M  INFO   DatasetProcessor         (dataset_processor.cpp     : 243)   Contig NODE_61_length_23553_cov_17.447580 processed with 0 changes in thread 4
  0:00:15.902    62M / 250M  INFO   DatasetProcessor         (dataset_processor.cpp     : 243)   Contig NODE_50_length_27511_cov_19.079353 processed with 0 changes in thread 7
  0:00:15.910    61M / 250M  INFO   DatasetProcessor         (dataset_processor.cpp     : 243)   Contig NODE_52_length_25908_cov_19.137621 processed with 0 changes in thread 6
  0:00:15.917    60M / 250M  INFO   DatasetProcessor         (dataset_processor.cpp     : 243)   Contig NODE_54_length_25245_cov_18.415121 processed with 0 changes in thread 2
  0:00:15.923    60M / 250M  INFO   DatasetProcessor         (dataset_processor.cpp     : 243)   Contig NODE_57_length_24441_cov_18.187053 processed with 0 changes in thread 12
  0:00:15.927    59M / 250M  INFO   DatasetProcessor         (dataset_processor.cpp     : 243)   Contig NODE_62_length_23458_cov_16.172003 processed with 0 changes in thread 0
  0:00:15.941    57M / 250M  INFO   DatasetProcessor         (dataset_processor.cpp     : 243)   Contig NODE_59_length_24169_cov_18.274187 processed with 0 changes in thread 14
  0:00:15.947    57M / 250M  INFO   DatasetProcessor         (dataset_processor.cpp     : 243)   Contig NODE_58_length_24268_cov_20.386977 processed with 0 changes in thread 8
  0:00:15.949    56M / 250M  INFO   DatasetProcessor         (dataset_processor.cpp     : 243)   Contig NODE_56_length_24975_cov_20.741549 processed with 0 changes in thread 3
  0:00:15.975    55M / 250M  INFO   DatasetProcessor         (dataset_processor.cpp     : 243)   Contig NODE_60_length_24138_cov_19.041231 processed with 0 changes in thread 11
  0:00:16.016    54M / 250M  INFO   DatasetProcessor         (dataset_processor.cpp     : 243)   Contig NODE_63_length_22735_cov_20.127477 processed with 0 changes in thread 13
  0:00:16.016    54M / 250M  INFO   DatasetProcessor         (dataset_processor.cpp     : 243)   Contig NODE_64_length_22586_cov_15.291108 processed with 0 changes in thread 5
  0:00:16.022    54M / 250M  INFO   DatasetProcessor         (dataset_processor.cpp     : 243)   Contig NODE_66_length_21764_cov_19.677913 processed with 0 changes in thread 9
  0:00:16.030    54M / 250M  INFO   DatasetProcessor         (dataset_processor.cpp     : 243)   Contig NODE_69_length_21356_cov_15.382307 processed with 0 changes in thread 4
  0:00:16.040    53M / 250M  INFO   DatasetProcessor         (dataset_processor.cpp     : 243)   Contig NODE_65_length_21994_cov_17.309233 processed with 0 changes in thread 10
  0:00:16.064    52M / 250M  INFO   DatasetProcessor         (dataset_processor.cpp     : 243)   Contig NODE_71_length_20512_cov_15.254354 processed with 0 changes in thread 6
  0:00:16.089    52M / 250M  INFO   DatasetProcessor         (dataset_processor.cpp     : 243)   Contig NODE_67_length_21552_cov_19.962147 processed with 0 changes in thread 1
  0:00:16.106    51M / 250M  INFO   DatasetProcessor         (dataset_processor.cpp     : 243)   Contig NODE_68_length_21416_cov_19.973507 processed with 2 changes in thread 15
  0:00:16.112    51M / 250M  INFO   DatasetProcessor         (dataset_processor.cpp     : 243)   Contig NODE_72_length_20483_cov_18.995382 processed with 0 changes in thread 2
  0:00:16.123    50M / 251M  INFO   DatasetProcessor         (dataset_processor.cpp     : 243)   Contig NODE_73_length_20328_cov_19.350478 processed with 0 changes in thread 12
  0:00:16.494    49M / 253M  INFO   DatasetProcessor         (dataset_processor.cpp     : 243)   Contig NODE_70_length_21115_cov_56.913331 processed with 100 changes in thread 7
  0:00:16.767     7M / 255M  INFO   DatasetProcessor         (dataset_processor.cpp     : 247)   Gluing processed contigs
  0:00:16.783     1M / 255M  INFO    General                 (main.cpp                  :  72)   Correcting time: 0 hours 0 minutes 16 seconds

===== Mismatch correction scaffolds finished. 


===== Mismatch correction finished. 


===== Breaking scaffolds started. 


== Running: /data/djs217/anaconda3/envs/spades-env/bin/python /data/djs217/anaconda3/envs/spades-env/share/spades/spades_pipeline/scripts/breaking_scaffolds_script.py --result_scaffolds_filename /data/djs217/PROJECTS/10_X_fragariae_feb_2024/04_spades/NCPPB_2949.spades/scaffolds.fasta --misc_dir /data/djs217/PROJECTS/10_X_fragariae_feb_2024/04_spades/NCPPB_2949.spades/misc --threshold_for_breaking_scaffolds 3


===== Breaking scaffolds finished. 


===== Terminate started. 


===== Terminate finished. 

 * Corrected reads are in /data/djs217/PROJECTS/10_X_fragariae_feb_2024/04_spades/NCPPB_2949.spades/corrected/
 * Assembled contigs are in /data/djs217/PROJECTS/10_X_fragariae_feb_2024/04_spades/NCPPB_2949.spades/contigs.fasta
 * Assembled scaffolds are in /data/djs217/PROJECTS/10_X_fragariae_feb_2024/04_spades/NCPPB_2949.spades/scaffolds.fasta
 * Paths in the assembly graph corresponding to the contigs are in /data/djs217/PROJECTS/10_X_fragariae_feb_2024/04_spades/NCPPB_2949.spades/contigs.paths
 * Paths in the assembly graph corresponding to the scaffolds are in /data/djs217/PROJECTS/10_X_fragariae_feb_2024/04_spades/NCPPB_2949.spades/scaffolds.paths
 * Assembly graph is in /data/djs217/PROJECTS/10_X_fragariae_feb_2024/04_spades/NCPPB_2949.spades/assembly_graph.fastg
 * Assembly graph in GFA format is in /data/djs217/PROJECTS/10_X_fragariae_feb_2024/04_spades/NCPPB_2949.spades/assembly_graph_with_scaffolds.gfa

======= SPAdes pipeline finished WITH WARNINGS!

=== Error correction and assembling warnings:
 * 0:00:10.171    47M / 2865M WARN    General                 (pair_info_count.cpp       : 376)   Estimated mean insert size 294.427 is very small compared to read length 301
======= Warnings saved to /data/djs217/PROJECTS/10_X_fragariae_feb_2024/04_spades/NCPPB_2949.spades/warnings.log

SPAdes log can be found here: /data/djs217/PROJECTS/10_X_fragariae_feb_2024/04_spades/NCPPB_2949.spades/spades.log

Thank you for using SPAdes!
