Command line: /data/djs217/anaconda3/envs/spades-env/bin/spades.py	--careful	-o	/data/djs217/PROJECTS/10_X_fragariae_feb_2024/04_spades/NCPPB_4181.spades	-1	/data/djs217/PROJECTS/10_X_fragariae_feb_2024/04_spades/NCPPB_4181.1_val_1.fq.gz	-2	/data/djs217/PROJECTS/10_X_fragariae_feb_2024/04_spades/NCPPB_4181.2_val_2.fq.gz	

System information:
  SPAdes version: 3.15.5
  Python version: 3.12.0
  OS: Linux-5.15.0-91-generic-x86_64-with-glibc2.35

Output dir: /data/djs217/PROJECTS/10_X_fragariae_feb_2024/04_spades/NCPPB_4181.spades
Mode: read error correction and assembling
Debug mode is turned OFF

Dataset parameters:
  Standard mode
  For multi-cell/isolate data we recommend to use '--isolate' option; for single-cell MDA data use '--sc'; for metagenomic data use '--meta'; for RNA-Seq use '--rna'.
  Reads:
    Library number: 1, library type: paired-end
      orientation: fr
      left reads: ['/data/djs217/PROJECTS/10_X_fragariae_feb_2024/04_spades/NCPPB_4181.1_val_1.fq.gz']
      right reads: ['/data/djs217/PROJECTS/10_X_fragariae_feb_2024/04_spades/NCPPB_4181.2_val_2.fq.gz']
      interlaced reads: not specified
      single reads: not specified
      merged reads: not specified
Read error correction parameters:
  Iterations: 1
  PHRED offset will be auto-detected
  Corrected reads will be compressed
Assembly parameters:
  k: automatic selection based on read length
  Repeat resolution is enabled
  Mismatch careful mode is turned ON
  MismatchCorrector will be used
  Coverage cutoff is turned OFF
Other parameters:
  Dir for temp files: /data/djs217/PROJECTS/10_X_fragariae_feb_2024/04_spades/NCPPB_4181.spades/tmp
  Threads: 16
  Memory limit (in Gb): 62


======= SPAdes pipeline started. Log can be found here: /data/djs217/PROJECTS/10_X_fragariae_feb_2024/04_spades/NCPPB_4181.spades/spades.log

/data/djs217/PROJECTS/10_X_fragariae_feb_2024/04_spades/NCPPB_4181.1_val_1.fq.gz: max reads length: 301
/data/djs217/PROJECTS/10_X_fragariae_feb_2024/04_spades/NCPPB_4181.2_val_2.fq.gz: max reads length: 301

Reads length: 301

Default k-mer sizes were set to [21, 33, 55, 77, 99, 127] because estimated read length (301) is equal to or greater than 250

===== Before start started. 


===== Read error correction started. 


===== Read error correction started. 


== Running: /data/djs217/anaconda3/envs/spades-env/bin/spades-hammer /data/djs217/PROJECTS/10_X_fragariae_feb_2024/04_spades/NCPPB_4181.spades/corrected/configs/config.info

  0:00:00.000     1M / 19M   INFO    General                 (main.cpp                  :  75)   Starting BayesHammer, built from N/A, git revision N/A
  0:00:00.004     1M / 19M   INFO    General                 (main.cpp                  :  76)   Loading config from /data/djs217/PROJECTS/10_X_fragariae_feb_2024/04_spades/NCPPB_4181.spades/corrected/configs/config.info
  0:00:00.005     1M / 19M   INFO    General                 (main.cpp                  :  78)   Maximum # of threads to use (adjusted due to OMP capabilities): 16
  0:00:00.005     1M / 19M   INFO    General                 (memory_limit.cpp          :  54)   Memory limit set to 62 Gb
  0:00:00.005     1M / 19M   INFO    General                 (main.cpp                  :  86)   Trying to determine PHRED offset
  0:00:00.008     1M / 19M   INFO    General                 (main.cpp                  :  92)   Determined value is 33
  0:00:00.008     1M / 19M   INFO    General                 (hammer_tools.cpp          :  38)   Hamming graph threshold tau=1, k=21, subkmer positions = [ 0 10 ]
  0:00:00.008     1M / 19M   INFO    General                 (main.cpp                  : 113)   Size of aux. kmer data 24 bytes
     === ITERATION 0 begins ===
  0:00:00.008     1M / 19M   INFO    General                 (kmer_index_builder.hpp    : 243)   Splitting kmer instances into 16 files using 16 threads. This might take a while.
  0:00:00.009     1M / 19M   INFO    General                 (file_limit.hpp            :  42)   Open file limit set to 1024
  0:00:00.009     1M / 19M   INFO    General                 (kmer_splitter.hpp         :  93)   Memory available for splitting buffers: 1.29166 Gb
  0:00:00.009     1M / 19M   INFO    General                 (kmer_splitter.hpp         : 101)   Using cell size of 4194304
  0:00:00.011  9217M / 9217M INFO   K-mer Splitting          (kmer_data.cpp             :  97)   Processing /data/djs217/PROJECTS/10_X_fragariae_feb_2024/04_spades/NCPPB_4181.1_val_1.fq.gz
  0:00:03.723  9217M / 9217M INFO   K-mer Splitting          (kmer_data.cpp             : 107)   Processed 448769 reads
  0:00:03.723  9217M / 9217M INFO   K-mer Splitting          (kmer_data.cpp             :  97)   Processing /data/djs217/PROJECTS/10_X_fragariae_feb_2024/04_spades/NCPPB_4181.2_val_2.fq.gz
  0:00:06.365  9217M / 9217M INFO   K-mer Splitting          (kmer_data.cpp             : 107)   Processed 897538 reads
  0:00:06.365  9217M / 9217M INFO   K-mer Splitting          (kmer_data.cpp             : 112)   Total 897538 reads processed
  0:00:06.365     1M / 2896M INFO    General                 (kmer_index_builder.hpp    : 249)   Starting k-mer counting.
  0:00:06.530     1M / 2896M INFO    General                 (kmer_index_builder.hpp    : 260)   K-mer counting done. There are 18133084 kmers in total.
  0:00:06.531     1M / 2896M INFO   K-mer Index Building     (kmer_index_builder.hpp    : 395)   Building perfect hash indices
  0:00:06.683    15M / 2896M INFO   K-mer Index Building     (kmer_index_builder.hpp    : 431)   Index built. Total 18133084 kmers, 13108720 bytes occupied (5.78334 bits per kmer).
  0:00:06.683    15M / 2896M INFO   K-mer Counting           (kmer_data.cpp             : 354)   Arranging kmers in hash map order
  0:00:07.090   295M / 2896M INFO    General                 (main.cpp                  : 148)   Clustering Hamming graph.
  0:00:11.820   295M / 2896M INFO    General                 (main.cpp                  : 155)   Extracting clusters:
  0:00:11.820   295M / 2896M INFO    General                 (concurrent_dsu.cpp        :  18)   Connecting to root
  0:00:11.849   295M / 2896M INFO    General                 (concurrent_dsu.cpp        :  34)   Calculating counts
  0:00:12.911   568M / 2896M INFO    General                 (concurrent_dsu.cpp        :  63)   Writing down entries
  0:00:14.511   295M / 2896M INFO    General                 (main.cpp                  : 167)   Clustering done. Total clusters: 8237564
  0:00:14.519   155M / 2896M INFO   K-mer Counting           (kmer_data.cpp             : 371)   Collecting K-mer information, this takes a while.
  0:00:14.671   571M / 2896M INFO   K-mer Counting           (kmer_data.cpp             : 377)   Processing /data/djs217/PROJECTS/10_X_fragariae_feb_2024/04_spades/NCPPB_4181.1_val_1.fq.gz
  0:00:19.883   571M / 2896M INFO   K-mer Counting           (kmer_data.cpp             : 377)   Processing /data/djs217/PROJECTS/10_X_fragariae_feb_2024/04_spades/NCPPB_4181.2_val_2.fq.gz
  0:00:23.592   571M / 2896M INFO   K-mer Counting           (kmer_data.cpp             : 384)   Collection done, postprocessing.
  0:00:23.655   571M / 2896M INFO   K-mer Counting           (kmer_data.cpp             : 397)   There are 18133084 kmers in total. Among them 9741002 (53.7195%) are singletons.
  0:00:23.656   571M / 2896M INFO    General                 (main.cpp                  : 173)   Subclustering Hamming graph
  0:00:25.501   571M / 2896M INFO   Hamming Subclustering    (kmer_cluster.cpp          : 650)   Subclustering done. Total 6 non-read kmers were generated.
  0:00:25.502   571M / 2896M INFO   Hamming Subclustering    (kmer_cluster.cpp          : 651)   Subclustering statistics:
  0:00:25.502   571M / 2896M INFO   Hamming Subclustering    (kmer_cluster.cpp          : 652)     Total singleton hamming clusters: 3007100. Among them 2398480 (79.7606%) are good
  0:00:25.502   571M / 2896M INFO   Hamming Subclustering    (kmer_cluster.cpp          : 653)     Total singleton subclusters: 47833. Among them 47547 (99.4021%) are good
  0:00:25.502   571M / 2896M INFO   Hamming Subclustering    (kmer_cluster.cpp          : 654)     Total non-singleton subcluster centers: 5328981. Among them 3605620 (67.6606%) are good
  0:00:25.502   571M / 2896M INFO   Hamming Subclustering    (kmer_cluster.cpp          : 655)     Average size of non-trivial subcluster: 2.83844 kmers
  0:00:25.502   571M / 2896M INFO   Hamming Subclustering    (kmer_cluster.cpp          : 656)     Average number of sub-clusters per non-singleton cluster: 1.02798
  0:00:25.502   571M / 2896M INFO   Hamming Subclustering    (kmer_cluster.cpp          : 657)     Total solid k-mers: 6051647
  0:00:25.502   571M / 2896M INFO   Hamming Subclustering    (kmer_cluster.cpp          : 658)     Substitution probabilities: [4,4]((0.936443,0.034326,0.0181999,0.0110311),(0.0180588,0.961462,0.00788682,0.0125922),(0.012581,0.00787833,0.961471,0.0180696),(0.0110231,0.0181853,0.0343142,0.936477))
  0:00:25.513   571M / 2896M INFO    General                 (main.cpp                  : 178)   Finished clustering.
  0:00:25.513   571M / 2896M INFO    General                 (main.cpp                  : 197)   Starting solid k-mers expansion in 16 threads.
  0:00:29.039   571M / 2896M INFO    General                 (main.cpp                  : 218)   Solid k-mers iteration 0 produced 33752 new k-mers.
  0:00:32.179   571M / 2896M INFO    General                 (main.cpp                  : 218)   Solid k-mers iteration 1 produced 649 new k-mers.
  0:00:35.317   571M / 2896M INFO    General                 (main.cpp                  : 218)   Solid k-mers iteration 2 produced 0 new k-mers.
  0:00:35.317   571M / 2896M INFO    General                 (main.cpp                  : 222)   Solid k-mers finalized
  0:00:35.317   571M / 2896M INFO    General                 (hammer_tools.cpp          : 222)   Starting read correction in 16 threads.
  0:00:35.318   571M / 2896M INFO    General                 (hammer_tools.cpp          : 235)   Correcting pair of reads: /data/djs217/PROJECTS/10_X_fragariae_feb_2024/04_spades/NCPPB_4181.1_val_1.fq.gz and /data/djs217/PROJECTS/10_X_fragariae_feb_2024/04_spades/NCPPB_4181.2_val_2.fq.gz
  0:00:38.175  1349M / 2896M INFO    General                 (hammer_tools.cpp          : 170)   Prepared batch 0 of 448769 reads.
  0:00:41.106  1390M / 2896M INFO    General                 (hammer_tools.cpp          : 177)   Processed batch 0
  0:00:41.791  1390M / 2896M INFO    General                 (hammer_tools.cpp          : 187)   Written batch 0
  0:00:41.970   571M / 2896M INFO    General                 (hammer_tools.cpp          : 276)   Correction done. Changed 302508 bases in 225790 reads.
  0:00:41.983   571M / 2896M INFO    General                 (hammer_tools.cpp          : 277)   Failed to correct 205 bases out of 180664149.
  0:00:42.020     1M / 2896M INFO    General                 (main.cpp                  : 255)   Saving corrected dataset description to /data/djs217/PROJECTS/10_X_fragariae_feb_2024/04_spades/NCPPB_4181.spades/corrected/corrected.yaml
  0:00:42.020     1M / 2896M INFO    General                 (main.cpp                  : 262)   All done. Exiting.

===== Read error correction finished. 


===== corrected reads compression started. 


== Running: /data/djs217/anaconda3/envs/spades-env/bin/python /data/djs217/anaconda3/envs/spades-env/share/spades/spades_pipeline/scripts/compress_all.py --input_file /data/djs217/PROJECTS/10_X_fragariae_feb_2024/04_spades/NCPPB_4181.spades/corrected/corrected.yaml --ext_python_modules_home /data/djs217/anaconda3/envs/spades-env/share/spades --max_threads 16 --output_dir /data/djs217/PROJECTS/10_X_fragariae_feb_2024/04_spades/NCPPB_4181.spades/corrected --gzip_output

== Compressing corrected reads (with pigz)
== Files to compress: ['/data/djs217/PROJECTS/10_X_fragariae_feb_2024/04_spades/NCPPB_4181.spades/corrected/NCPPB_4181.1_val_1.fq.00.0_0.cor.fastq', '/data/djs217/PROJECTS/10_X_fragariae_feb_2024/04_spades/NCPPB_4181.spades/corrected/NCPPB_4181.2_val_2.fq.00.0_0.cor.fastq', '/data/djs217/PROJECTS/10_X_fragariae_feb_2024/04_spades/NCPPB_4181.spades/corrected/NCPPB_4181._unpaired.00.0_0.cor.fastq']
== Files compression is finished
== Dataset yaml file is updated

===== corrected reads compression finished. 


===== Read error correction finished. 


===== Assembling started. 


===== K21 started. 


== Running: /data/djs217/anaconda3/envs/spades-env/bin/spades-core /data/djs217/PROJECTS/10_X_fragariae_feb_2024/04_spades/NCPPB_4181.spades/K21/configs/config.info /data/djs217/PROJECTS/10_X_fragariae_feb_2024/04_spades/NCPPB_4181.spades/K21/configs/careful_mode.info

  0:00:00.000     1M / 19M   INFO    General                 (main.cpp                  :  99)   Loaded config from /data/djs217/PROJECTS/10_X_fragariae_feb_2024/04_spades/NCPPB_4181.spades/K21/configs/config.info
  0:00:00.002     1M / 19M   INFO    General                 (main.cpp                  :  99)   Loaded config from /data/djs217/PROJECTS/10_X_fragariae_feb_2024/04_spades/NCPPB_4181.spades/K21/configs/careful_mode.info
  0:00:00.002     1M / 19M   INFO    General                 (memory_limit.cpp          :  54)   Memory limit set to 62 Gb
  0:00:00.002     1M / 19M   INFO    General                 (main.cpp                  : 107)   Starting SPAdes, built from N/A, git revision N/A
  0:00:00.002     1M / 19M   INFO    General                 (main.cpp                  : 108)   Maximum k-mer length: 128
  0:00:00.002     1M / 19M   INFO    General                 (main.cpp                  : 109)   Assembling dataset (/data/djs217/PROJECTS/10_X_fragariae_feb_2024/04_spades/NCPPB_4181.spades/dataset.info) with K=21
  0:00:00.002     1M / 19M   INFO    General                 (main.cpp                  : 110)   Maximum # of threads to use (adjusted due to OMP capabilities): 16
  0:00:00.002     1M / 19M   INFO    General                 (pipeline.cpp              : 212)   SPAdes started
  0:00:00.002     1M / 19M   INFO    General                 (pipeline.cpp              : 225)   Starting from stage: read_conversion
  0:00:00.002     1M / 19M   INFO    General                 (pipeline.cpp              : 231)   Two-step repeat resolution disabled
  0:00:00.002     1M / 19M   INFO   GraphCore                (graph_core.hpp            : 672)   Graph created, vertex min_id: 3, edge min_id: 3
  0:00:00.002     1M / 19M   INFO   GraphCore                (graph_core.hpp            : 673)   Vertex size: 48, edge size: 40
  0:00:00.002     1M / 19M   INFO    General                 (edge_index.hpp            : 113)   Size of edge index entries: 12/8
  0:00:00.002     1M / 19M   INFO   StageManager             (stage.cpp                 : 185)   STAGE == Binary Read Conversion (id: read_conversion)
  0:00:00.004     1M / 19M   INFO    General                 (read_converter.cpp        :  72)   Converting reads to binary format for library #0 (takes a while)
  0:00:00.004     1M / 19M   INFO    General                 (read_converter.cpp        :  73)   Converting paired reads
  0:00:00.811    70M / 116M  INFO    General                 (binary_converter.cpp      :  96)   16384 reads processed
  0:00:00.830    77M / 128M  INFO    General                 (binary_converter.cpp      :  96)   32768 reads processed
  0:00:00.868    91M / 152M  INFO    General                 (binary_converter.cpp      :  96)   65536 reads processed
  0:00:01.194    76M / 217M  INFO    General                 (binary_converter.cpp      :  96)   131072 reads processed
  0:00:01.757    89M / 245M  INFO    General                 (binary_converter.cpp      :  96)   262144 reads processed
  0:00:02.823    63M / 274M  INFO    General                 (binary_converter.cpp      : 111)   447508 reads written
  0:00:02.823    41M / 274M  INFO    General                 (read_converter.cpp        :  86)   Converting single reads
  0:00:02.837    71M / 274M  INFO    General                 (binary_converter.cpp      : 111)   1259 reads written
  0:00:02.837    61M / 274M  INFO    General                 (read_converter.cpp        :  92)   Converting merged reads
  0:00:02.837    71M / 274M  INFO    General                 (binary_converter.cpp      : 111)   0 reads written
  0:00:02.869     1M / 276M  INFO   StageManager             (stage.cpp                 : 185)   STAGE == de Bruijn graph construction (id: construction)
  0:00:02.876     1M / 276M  INFO    General                 (construction.cpp          : 153)   Max read length 301
  0:00:02.877     1M / 276M  INFO    General                 (construction.cpp          : 159)   Average read length 201.541
  0:00:02.877     1M / 276M  INFO    General                 (stage.cpp                 : 117)   PROCEDURE == k+1-mer counting (id: construction:kpomer_counting)
  0:00:02.877     1M / 276M  INFO    General                 (kmer_index_builder.hpp    : 243)   Splitting kmer instances into 160 files using 16 threads. This might take a while.
  0:00:02.877     1M / 276M  INFO    General                 (file_limit.hpp            :  42)   Open file limit set to 1024
  0:00:02.877     1M / 276M  INFO    General                 (kmer_splitter.hpp         :  93)   Memory available for splitting buffers: 1.29165 Gb
  0:00:02.877     1M / 276M  INFO    General                 (kmer_splitter.hpp         : 101)   Using cell size of 419430
  0:00:04.549  9601M / 9601M INFO    General                 (kmer_splitters.hpp        : 125)   Processed 1792550 reads
  0:00:04.553     1M / 1636M INFO    General                 (kmer_splitters.hpp        : 131)   Used 1792550 reads
  0:00:04.666     1M / 1636M INFO    General                 (kmer_index_builder.hpp    : 249)   Starting k-mer counting.
  0:00:04.717     1M / 1636M INFO    General                 (kmer_index_builder.hpp    : 260)   K-mer counting done. There are 3994322 kmers in total.
  0:00:04.717     1M / 1636M INFO    General                 (stage.cpp                 : 117)   PROCEDURE == Extension index construction (id: construction:extension_index_construction)
  0:00:04.719     1M / 1636M INFO   K-mer Index Building     (kmer_index_builder.hpp    : 438)   Building kmer index
  0:00:04.720     1M / 1636M INFO    General                 (kmer_index_builder.hpp    : 243)   Splitting kmer instances into 160 files using 16 threads. This might take a while.
  0:00:04.720     1M / 1636M INFO    General                 (file_limit.hpp            :  42)   Open file limit set to 1024
  0:00:04.720     1M / 1636M INFO    General                 (kmer_splitter.hpp         :  93)   Memory available for splitting buffers: 1.29165 Gb
  0:00:04.720     1M / 1636M INFO    General                 (kmer_splitter.hpp         : 101)   Using cell size of 419430
  0:00:04.918  9601M / 9601M INFO    General                 (kmer_splitters.hpp        : 194)   Processed 3994322 kmers
  0:00:04.918  9601M / 9601M INFO    General                 (kmer_splitters.hpp        : 199)   Used 3994322 kmers.
  0:00:04.921     1M / 1636M INFO    General                 (kmer_index_builder.hpp    : 249)   Starting k-mer counting.
  0:00:04.959     1M / 1636M INFO    General                 (kmer_index_builder.hpp    : 260)   K-mer counting done. There are 3987689 kmers in total.
  0:00:04.959     1M / 1636M INFO   K-mer Index Building     (kmer_index_builder.hpp    : 395)   Building perfect hash indices
  0:00:05.012     5M / 1636M INFO   K-mer Index Building     (kmer_index_builder.hpp    : 431)   Index built. Total 3987689 kmers, 3000408 bytes occupied (6.01934 bits per kmer).
  0:00:05.012     5M / 1636M INFO    General                 (kmer_index_builder.hpp    : 169)   Merging final buckets.
  0:00:05.118     9M / 1636M INFO   DeBruijnExtensionIndexBu (kmer_extension_index_build: 100)   Building k-mer extensions from k+1-mers
  0:00:05.255     9M / 1636M INFO   DeBruijnExtensionIndexBu (kmer_extension_index_build: 105)   Building k-mer extensions from k+1-mers finished.
  0:00:05.262     9M / 1636M INFO    General                 (stage.cpp                 : 117)   PROCEDURE == Early tip clipping (id: construction:early_tip_clipper)
  0:00:05.262     9M / 1636M INFO    General                 (construction.cpp          : 301)   Early tip clipper length bound set as (RL - K)
  0:00:05.262     9M / 1636M INFO   Early tip clipping       (early_simplification.hpp  :  47)   Early tip clipping
  0:00:05.328     9M / 1636M INFO   Early tip clipping       (early_simplification.hpp  :  82)   #tipped junctions: 6029
  0:00:05.328     9M / 1636M INFO   Early tip clipping       (early_simplification.hpp  :  93)   Clipped tips: 6038
  0:00:05.333     9M / 1636M INFO   Early tip clipping       (early_simplification.hpp  :  49)   52017 22-mers were removed by early tip clipper
  0:00:05.333     9M / 1636M INFO    General                 (stage.cpp                 : 117)   PROCEDURE == Condensing graph (id: construction:graph_condensing)
  0:00:05.334     9M / 1636M INFO   UnbranchingPathExtractor (debruijn_graph_constructor: 354)   Extracting unbranching paths
  0:00:05.441    10M / 1636M INFO   UnbranchingPathExtractor (debruijn_graph_constructor: 373)   Extracting unbranching paths finished. 18683 sequences extracted
  0:00:05.533    10M / 1636M INFO   UnbranchingPathExtractor (debruijn_graph_constructor: 309)   Collecting perfect loops
  0:00:05.560    10M / 1636M INFO   UnbranchingPathExtractor (debruijn_graph_constructor: 342)   Collecting perfect loops finished. 1 loops collected
  0:00:05.569    10M / 1636M INFO    General                 (debruijn_graph_constructor: 487)   Total 37368 edges to create
  0:00:05.569    12M / 1636M INFO    General                 (debruijn_graph_constructor: 489)   Collecting link records
  0:00:05.587    12M / 1636M INFO    General                 (debruijn_graph_constructor: 491)   Ordering link records
  0:00:05.588    12M / 1636M INFO    General                 (debruijn_graph_constructor: 493)   Sorting done
  0:00:05.588    13M / 1636M INFO    General                 (debruijn_graph_constructor: 503)   Total 12051 vertices to create
  0:00:05.588    14M / 1636M INFO    General                 (debruijn_graph_constructor: 506)   Connecting the graph
  0:00:05.601    13M / 1636M INFO    General                 (stage.cpp                 : 117)   PROCEDURE == Filling coverage indices (PHM) (id: construction:coverage_filling_phm)
  0:00:05.601    13M / 1636M INFO   K-mer Index Building     (kmer_index_builder.hpp    : 395)   Building perfect hash indices
  0:00:05.642    16M / 1636M INFO   K-mer Index Building     (kmer_index_builder.hpp    : 431)   Index built. Total 3994322 kmers, 3005088 bytes occupied (6.01872 bits per kmer).
  0:00:05.645    32M / 1636M INFO    General                 (coverage_hash_map_builder.:  47)   Collecting k-mer coverage information from reads, this takes a while.
  0:00:07.276    32M / 1636M INFO    General                 (construction.cpp          : 430)   Filling coverage and flanking coverage from PHM
  0:00:07.364    32M / 1636M INFO    General                 (coverage_filling.hpp      :  82)   Processed 37322 edges
  0:00:07.381     5M / 1636M INFO   StageManager             (stage.cpp                 : 185)   STAGE == EC Threshold Finding (id: ec_threshold_finder)
  0:00:07.382     5M / 1636M INFO    General                 (kmer_coverage_model.cpp   : 181)   Kmer coverage valley at: 6
  0:00:07.382     5M / 1636M INFO    General                 (kmer_coverage_model.cpp   : 201)   K-mer histogram maximum: 36
  0:00:07.382     5M / 1636M INFO    General                 (kmer_coverage_model.cpp   : 237)   Estimated median coverage: 38. Coverage mad: 10.3782
  0:00:07.382     5M / 1636M INFO    General                 (kmer_coverage_model.cpp   : 259)   Fitting coverage model
  0:00:07.425     5M / 1636M INFO    General                 (kmer_coverage_model.cpp   : 295)   ... iteration 2
  0:00:07.542     5M / 1636M INFO    General                 (kmer_coverage_model.cpp   : 295)   ... iteration 4
  0:00:07.958     5M / 1636M INFO    General                 (kmer_coverage_model.cpp   : 295)   ... iteration 8
  0:00:08.830     5M / 1636M INFO    General                 (kmer_coverage_model.cpp   : 295)   ... iteration 16
  0:00:08.831     5M / 1636M INFO    General                 (kmer_coverage_model.cpp   : 309)   Fitted mean coverage: 37.9191. Fitted coverage std. dev: 8.76731
  0:00:08.832     5M / 1636M INFO    General                 (kmer_coverage_model.cpp   : 334)   Probability of erroneous kmer at valley: 0.92498
  0:00:08.832     5M / 1636M INFO    General                 (kmer_coverage_model.cpp   : 358)   Preliminary threshold calculated as: 16
  0:00:08.832     5M / 1636M INFO    General                 (kmer_coverage_model.cpp   : 362)   Threshold adjusted to: 16
  0:00:08.832     5M / 1636M INFO    General                 (kmer_coverage_model.cpp   : 375)   Estimated genome size (ignoring repeats): 3854607
  0:00:08.832     5M / 1636M INFO    General                 (genomic_info_filler.cpp   :  55)   Mean coverage was calculated as 37.9191
  0:00:08.832     5M / 1636M INFO    General                 (genomic_info_filler.cpp   :  70)   EC coverage threshold value was calculated as 16
  0:00:08.832     5M / 1636M INFO    General                 (genomic_info_filler.cpp   :  71)   Trusted kmer low bound: 0
  0:00:08.832     5M / 1636M INFO   StageManager             (stage.cpp                 : 185)   STAGE == Raw Simplification (id: raw_simplification)
  0:00:08.832     5M / 1636M INFO    General                 (simplification.cpp        : 127)   PROCEDURE == Initial cleaning
  0:00:08.833     5M / 1636M INFO    General                 (graph_simplification.hpp  : 662)   Flanking coverage based disconnection disabled
  0:00:08.833     5M / 1636M INFO   Simplification           (parallel_processing.hpp   : 167)   Running Self conjugate edge remover
  0:00:08.835     5M / 1636M INFO   Simplification           (parallel_processing.hpp   : 170)   Self conjugate edge remover triggered 0 times
  0:00:08.835     5M / 1636M INFO   StageManager             (stage.cpp                 : 185)   STAGE == Simplification (id: simplification)
  0:00:08.835     5M / 1636M INFO    General                 (simplification.cpp        : 368)   Graph simplification started
  0:00:08.835     5M / 1636M INFO    General                 (graph_simplification.hpp  : 634)   Creating parallel br instance
  0:00:08.835     5M / 1636M INFO    General                 (simplification.cpp        : 373)   PROCEDURE == Simplification cycle, iteration 1
  0:00:08.835     5M / 1636M INFO   Simplification           (parallel_processing.hpp   : 167)   Running Tip clipper
  0:00:08.837     5M / 1636M INFO   Simplification           (parallel_processing.hpp   : 170)   Tip clipper triggered 22 times
  0:00:08.837     5M / 1636M INFO   Simplification           (parallel_processing.hpp   : 167)   Running Bulge remover
  0:00:08.917     5M / 1636M INFO   Simplification           (parallel_processing.hpp   : 170)   Bulge remover triggered 2076 times
  0:00:08.917     5M / 1636M INFO   Simplification           (parallel_processing.hpp   : 167)   Running Low coverage edge remover
  0:00:08.952     5M / 1636M INFO   Simplification           (parallel_processing.hpp   : 170)   Low coverage edge remover triggered 1571 times
  0:00:08.952     5M / 1636M INFO    General                 (simplification.cpp        : 373)   PROCEDURE == Simplification cycle, iteration 2
  0:00:08.952     5M / 1636M INFO   Simplification           (parallel_processing.hpp   : 167)   Running Tip clipper
  0:00:08.953     5M / 1636M INFO   Simplification           (parallel_processing.hpp   : 170)   Tip clipper triggered 9 times
  0:00:08.953     5M / 1636M INFO   Simplification           (parallel_processing.hpp   : 167)   Running Bulge remover
  0:00:08.964     5M / 1636M INFO   Simplification           (parallel_processing.hpp   : 170)   Bulge remover triggered 201 times
  0:00:08.964     5M / 1636M INFO   Simplification           (parallel_processing.hpp   : 167)   Running Low coverage edge remover
  0:00:08.976     5M / 1636M INFO   Simplification           (parallel_processing.hpp   : 170)   Low coverage edge remover triggered 357 times
  0:00:08.976     5M / 1636M INFO    General                 (simplification.cpp        : 373)   PROCEDURE == Simplification cycle, iteration 3
  0:00:08.976     5M / 1636M INFO   Simplification           (parallel_processing.hpp   : 167)   Running Tip clipper
  0:00:08.976     5M / 1636M INFO   Simplification           (parallel_processing.hpp   : 170)   Tip clipper triggered 1 times
  0:00:08.976     5M / 1636M INFO   Simplification           (parallel_processing.hpp   : 167)   Running Bulge remover
  0:00:08.978     5M / 1636M INFO   Simplification           (parallel_processing.hpp   : 170)   Bulge remover triggered 67 times
  0:00:08.978     5M / 1636M INFO   Simplification           (parallel_processing.hpp   : 167)   Running Low coverage edge remover
  0:00:08.979     5M / 1636M INFO   Simplification           (parallel_processing.hpp   : 170)   Low coverage edge remover triggered 40 times
  0:00:08.979     5M / 1636M INFO    General                 (simplification.cpp        : 373)   PROCEDURE == Simplification cycle, iteration 4
  0:00:08.979     5M / 1636M INFO   Simplification           (parallel_processing.hpp   : 167)   Running Tip clipper
  0:00:08.979     5M / 1636M INFO   Simplification           (parallel_processing.hpp   : 170)   Tip clipper triggered 0 times
  0:00:08.979     5M / 1636M INFO   Simplification           (parallel_processing.hpp   : 167)   Running Bulge remover
  0:00:08.980     5M / 1636M INFO   Simplification           (parallel_processing.hpp   : 170)   Bulge remover triggered 14 times
  0:00:08.980     5M / 1636M INFO   Simplification           (parallel_processing.hpp   : 167)   Running Low coverage edge remover
  0:00:08.980     5M / 1636M INFO   Simplification           (parallel_processing.hpp   : 170)   Low coverage edge remover triggered 12 times
  0:00:08.980     5M / 1636M INFO    General                 (simplification.cpp        : 373)   PROCEDURE == Simplification cycle, iteration 5
  0:00:08.980     5M / 1636M INFO   Simplification           (parallel_processing.hpp   : 167)   Running Tip clipper
  0:00:08.980     5M / 1636M INFO   Simplification           (parallel_processing.hpp   : 170)   Tip clipper triggered 0 times
  0:00:08.980     5M / 1636M INFO   Simplification           (parallel_processing.hpp   : 167)   Running Bulge remover
  0:00:08.980     5M / 1636M INFO   Simplification           (parallel_processing.hpp   : 170)   Bulge remover triggered 4 times
  0:00:08.980     5M / 1636M INFO   Simplification           (parallel_processing.hpp   : 167)   Running Low coverage edge remover
  0:00:08.980     5M / 1636M INFO   Simplification           (parallel_processing.hpp   : 170)   Low coverage edge remover triggered 3 times
  0:00:08.980     5M / 1636M INFO    General                 (simplification.cpp        : 373)   PROCEDURE == Simplification cycle, iteration 6
  0:00:08.980     5M / 1636M INFO   Simplification           (parallel_processing.hpp   : 167)   Running Tip clipper
  0:00:08.981     5M / 1636M INFO   Simplification           (parallel_processing.hpp   : 170)   Tip clipper triggered 0 times
  0:00:08.981     5M / 1636M INFO   Simplification           (parallel_processing.hpp   : 167)   Running Bulge remover
  0:00:08.981     5M / 1636M INFO   Simplification           (parallel_processing.hpp   : 170)   Bulge remover triggered 0 times
  0:00:08.981     5M / 1636M INFO   Simplification           (parallel_processing.hpp   : 167)   Running Low coverage edge remover
  0:00:08.981     5M / 1636M INFO   Simplification           (parallel_processing.hpp   : 170)   Low coverage edge remover triggered 0 times
  0:00:08.981     5M / 1636M INFO    General                 (simplification.cpp        : 373)   PROCEDURE == Simplification cycle, iteration 7
  0:00:08.981     5M / 1636M INFO   Simplification           (parallel_processing.hpp   : 167)   Running Tip clipper
  0:00:08.981     5M / 1636M INFO   Simplification           (parallel_processing.hpp   : 170)   Tip clipper triggered 0 times
  0:00:08.981     5M / 1636M INFO   Simplification           (parallel_processing.hpp   : 167)   Running Bulge remover
  0:00:08.981     5M / 1636M INFO   Simplification           (parallel_processing.hpp   : 170)   Bulge remover triggered 0 times
  0:00:08.981     5M / 1636M INFO   Simplification           (parallel_processing.hpp   : 167)   Running Low coverage edge remover
  0:00:08.981     5M / 1636M INFO   Simplification           (parallel_processing.hpp   : 170)   Low coverage edge remover triggered 3 times
  0:00:08.981     5M / 1636M INFO    General                 (simplification.cpp        : 373)   PROCEDURE == Simplification cycle, iteration 8
  0:00:08.981     5M / 1636M INFO   Simplification           (parallel_processing.hpp   : 167)   Running Tip clipper
  0:00:08.981     5M / 1636M INFO   Simplification           (parallel_processing.hpp   : 170)   Tip clipper triggered 0 times
  0:00:08.981     5M / 1636M INFO   Simplification           (parallel_processing.hpp   : 167)   Running Bulge remover
  0:00:08.981     5M / 1636M INFO   Simplification           (parallel_processing.hpp   : 170)   Bulge remover triggered 0 times
  0:00:08.981     5M / 1636M INFO   Simplification           (parallel_processing.hpp   : 167)   Running Low coverage edge remover
  0:00:08.981     5M / 1636M INFO   Simplification           (parallel_processing.hpp   : 170)   Low coverage edge remover triggered 6 times
  0:00:08.981     5M / 1636M INFO    General                 (simplification.cpp        : 373)   PROCEDURE == Simplification cycle, iteration 9
  0:00:08.981     5M / 1636M INFO   Simplification           (parallel_processing.hpp   : 167)   Running Tip clipper
  0:00:08.981     5M / 1636M INFO   Simplification           (parallel_processing.hpp   : 170)   Tip clipper triggered 0 times
  0:00:08.981     5M / 1636M INFO   Simplification           (parallel_processing.hpp   : 167)   Running Bulge remover
  0:00:08.981     5M / 1636M INFO   Simplification           (parallel_processing.hpp   : 170)   Bulge remover triggered 0 times
  0:00:08.981     5M / 1636M INFO   Simplification           (parallel_processing.hpp   : 167)   Running Low coverage edge remover
  0:00:08.981     5M / 1636M INFO   Simplification           (parallel_processing.hpp   : 170)   Low coverage edge remover triggered 2 times
  0:00:08.981     5M / 1636M INFO    General                 (simplification.cpp        : 373)   PROCEDURE == Simplification cycle, iteration 10
  0:00:08.981     5M / 1636M INFO   Simplification           (parallel_processing.hpp   : 167)   Running Tip clipper
  0:00:08.981     5M / 1636M INFO   Simplification           (parallel_processing.hpp   : 170)   Tip clipper triggered 0 times
  0:00:08.981     5M / 1636M INFO   Simplification           (parallel_processing.hpp   : 167)   Running Bulge remover
  0:00:08.981     5M / 1636M INFO   Simplification           (parallel_processing.hpp   : 170)   Bulge remover triggered 0 times
  0:00:08.981     5M / 1636M INFO   Simplification           (parallel_processing.hpp   : 167)   Running Low coverage edge remover
  0:00:08.981     5M / 1636M INFO   Simplification           (parallel_processing.hpp   : 170)   Low coverage edge remover triggered 3 times
  0:00:08.981     5M / 1636M INFO    General                 (simplification.cpp        : 373)   PROCEDURE == Simplification cycle, iteration 11
  0:00:08.982     5M / 1636M INFO   Simplification           (parallel_processing.hpp   : 167)   Running Tip clipper
  0:00:08.982     5M / 1636M INFO   Simplification           (parallel_processing.hpp   : 170)   Tip clipper triggered 0 times
  0:00:08.982     5M / 1636M INFO   Simplification           (parallel_processing.hpp   : 167)   Running Bulge remover
  0:00:08.989     5M / 1636M INFO   Simplification           (parallel_processing.hpp   : 170)   Bulge remover triggered 12 times
  0:00:08.990     5M / 1636M INFO   Simplification           (parallel_processing.hpp   : 167)   Running Low coverage edge remover
  0:00:08.990     5M / 1636M INFO   Simplification           (parallel_processing.hpp   : 170)   Low coverage edge remover triggered 0 times
  0:00:08.990     5M / 1636M INFO    General                 (simplification.cpp        : 373)   PROCEDURE == Simplification cycle, iteration 12
  0:00:08.990     5M / 1636M INFO   Simplification           (parallel_processing.hpp   : 167)   Running Tip clipper
  0:00:08.990     5M / 1636M INFO   Simplification           (parallel_processing.hpp   : 170)   Tip clipper triggered 0 times
  0:00:08.990     5M / 1636M INFO   Simplification           (parallel_processing.hpp   : 167)   Running Bulge remover
  0:00:08.990     5M / 1636M INFO   Simplification           (parallel_processing.hpp   : 170)   Bulge remover triggered 0 times
  0:00:08.990     5M / 1636M INFO   Simplification           (parallel_processing.hpp   : 167)   Running Low coverage edge remover
  0:00:08.990     5M / 1636M INFO   Simplification           (parallel_processing.hpp   : 170)   Low coverage edge remover triggered 0 times
  0:00:08.991     5M / 1636M INFO   StageManager             (stage.cpp                 : 185)   STAGE == Simplification Cleanup (id: simplification_cleanup)
  0:00:08.991     5M / 1636M INFO    General                 (simplification.cpp        : 176)   PROCEDURE == Post simplification
  0:00:08.991     5M / 1636M INFO    General                 (graph_simplification.hpp  : 448)   Disconnection of relatively low covered edges disabled
  0:00:08.991     5M / 1636M INFO    General                 (graph_simplification.hpp  : 485)   Complex tip clipping disabled
  0:00:08.991     5M / 1636M INFO    General                 (graph_simplification.hpp  : 634)   Creating parallel br instance
  0:00:08.991     5M / 1636M INFO   Simplification           (parallel_processing.hpp   : 167)   Running Tip clipper
  0:00:08.991     5M / 1636M INFO   Simplification           (parallel_processing.hpp   : 170)   Tip clipper triggered 0 times
  0:00:08.991     5M / 1636M INFO   Simplification           (parallel_processing.hpp   : 167)   Running Bulge remover
  0:00:08.998     5M / 1636M INFO   Simplification           (parallel_processing.hpp   : 170)   Bulge remover triggered 1 times
  0:00:08.998     5M / 1636M INFO   Simplification           (parallel_processing.hpp   : 167)   Running Tip clipper
  0:00:08.998     5M / 1636M INFO   Simplification           (parallel_processing.hpp   : 170)   Tip clipper triggered 0 times
  0:00:08.998     5M / 1636M INFO   Simplification           (parallel_processing.hpp   : 167)   Running Bulge remover
  0:00:09.005     5M / 1636M INFO   Simplification           (parallel_processing.hpp   : 170)   Bulge remover triggered 0 times
  0:00:09.005     5M / 1636M INFO    General                 (simplification.cpp        : 327)   Disrupting self-conjugate edges
  0:00:09.006     5M / 1636M INFO   Simplification           (parallel_processing.hpp   : 167)   Running Removing isolated edges
  0:00:09.007     5M / 1636M INFO   Simplification           (parallel_processing.hpp   : 170)   Removing isolated edges triggered 36 times
  0:00:09.007     5M / 1636M INFO    General                 (simplification.cpp        : 495)   After simplification:
  0:00:09.007     5M / 1636M INFO    General                 (simplification.cpp        : 496)     Average coverage = 42.0341
  0:00:09.007     5M / 1636M INFO    General                 (simplification.cpp        : 497)     Total length = 3847187
  0:00:09.008     5M / 1636M INFO    General                 (simplification.cpp        : 498)     Median edge length: 6862
  0:00:09.008     5M / 1636M INFO    General                 (simplification.cpp        : 499)     Edges: 12522
  0:00:09.008     5M / 1636M INFO    General                 (simplification.cpp        : 500)     Vertices: 7950
  0:00:09.008     5M / 1636M INFO   StageManager             (stage.cpp                 : 185)   STAGE == Contig Output (id: contig_output)
  0:00:09.008     5M / 1636M INFO    General                 (read_converter.cpp        : 107)   Outputting contigs to /data/djs217/PROJECTS/10_X_fragariae_feb_2024/04_spades/NCPPB_4181.spades/K21/simplified_contigs
  0:00:09.015     7M / 1636M INFO    General                 (binary_converter.cpp      : 111)   6272 reads written
  0:00:09.020     5M / 1636M INFO    General                 (pipeline.cpp              : 287)   SPAdes finished
  0:00:09.023     1M / 1636M INFO    General                 (main.cpp                  : 136)   Assembling time: 0 hours 0 minutes 9 seconds

===== K21 finished. 


===== K33 started. 


== Running: /data/djs217/anaconda3/envs/spades-env/bin/spades-core /data/djs217/PROJECTS/10_X_fragariae_feb_2024/04_spades/NCPPB_4181.spades/K33/configs/config.info /data/djs217/PROJECTS/10_X_fragariae_feb_2024/04_spades/NCPPB_4181.spades/K33/configs/careful_mode.info

  0:00:00.000     1M / 19M   INFO    General                 (main.cpp                  :  99)   Loaded config from /data/djs217/PROJECTS/10_X_fragariae_feb_2024/04_spades/NCPPB_4181.spades/K33/configs/config.info
  0:00:00.002     1M / 19M   INFO    General                 (main.cpp                  :  99)   Loaded config from /data/djs217/PROJECTS/10_X_fragariae_feb_2024/04_spades/NCPPB_4181.spades/K33/configs/careful_mode.info
  0:00:00.002     1M / 19M   INFO    General                 (memory_limit.cpp          :  54)   Memory limit set to 62 Gb
  0:00:00.002     1M / 19M   INFO    General                 (main.cpp                  : 107)   Starting SPAdes, built from N/A, git revision N/A
  0:00:00.002     1M / 19M   INFO    General                 (main.cpp                  : 108)   Maximum k-mer length: 128
  0:00:00.002     1M / 19M   INFO    General                 (main.cpp                  : 109)   Assembling dataset (/data/djs217/PROJECTS/10_X_fragariae_feb_2024/04_spades/NCPPB_4181.spades/dataset.info) with K=33
  0:00:00.002     1M / 19M   INFO    General                 (main.cpp                  : 110)   Maximum # of threads to use (adjusted due to OMP capabilities): 16
  0:00:00.002     1M / 19M   INFO    General                 (pipeline.cpp              : 212)   SPAdes started
  0:00:00.002     1M / 19M   INFO    General                 (pipeline.cpp              : 225)   Starting from stage: read_conversion
  0:00:00.002     1M / 19M   INFO    General                 (pipeline.cpp              : 231)   Two-step repeat resolution disabled
  0:00:00.002     1M / 19M   INFO   GraphCore                (graph_core.hpp            : 672)   Graph created, vertex min_id: 3, edge min_id: 3
  0:00:00.002     1M / 19M   INFO   GraphCore                (graph_core.hpp            : 673)   Vertex size: 48, edge size: 40
  0:00:00.002     1M / 19M   INFO    General                 (edge_index.hpp            : 113)   Size of edge index entries: 12/8
  0:00:00.002     1M / 19M   INFO   StageManager             (stage.cpp                 : 185)   STAGE == Binary Read Conversion (id: read_conversion)
  0:00:00.003     1M / 19M   INFO    General                 (read_converter.cpp        :  53)   Binary reads detected
  0:00:00.006     1M / 19M   INFO   StageManager             (stage.cpp                 : 185)   STAGE == de Bruijn graph construction (id: construction)
  0:00:00.006     1M / 19M   INFO    General                 (construction.cpp          : 118)   Contigs from previous K will be used: /data/djs217/PROJECTS/10_X_fragariae_feb_2024/04_spades/NCPPB_4181.spades/K21/simplified_contigs
  0:00:00.047     1M / 19M   INFO    General                 (construction.cpp          : 153)   Max read length 301
  0:00:00.048     1M / 19M   INFO    General                 (construction.cpp          : 159)   Average read length 201.541
  0:00:00.048     1M / 19M   INFO    General                 (stage.cpp                 : 117)   PROCEDURE == k+1-mer counting (id: construction:kpomer_counting)
  0:00:00.048     1M / 19M   INFO    General                 (kmer_index_builder.hpp    : 243)   Splitting kmer instances into 160 files using 16 threads. This might take a while.
  0:00:00.048     1M / 19M   INFO    General                 (file_limit.hpp            :  42)   Open file limit set to 1024
  0:00:00.048     1M / 19M   INFO    General                 (kmer_splitter.hpp         :  93)   Memory available for splitting buffers: 1.29165 Gb
  0:00:00.048     1M / 19M   INFO    General                 (kmer_splitter.hpp         : 101)   Using cell size of 209715
  0:00:01.900  9601M / 9601M INFO    General                 (kmer_splitters.hpp        : 125)   Processed 1805094 reads
  0:00:01.915     1M / 2744M INFO    General                 (kmer_splitters.hpp        : 131)   Used 1805094 reads
  0:00:02.077     1M / 2744M INFO    General                 (kmer_index_builder.hpp    : 249)   Starting k-mer counting.
  0:00:02.133     1M / 2744M INFO    General                 (kmer_index_builder.hpp    : 260)   K-mer counting done. There are 4054448 kmers in total.
  0:00:02.133     1M / 2744M INFO    General                 (stage.cpp                 : 117)   PROCEDURE == Extension index construction (id: construction:extension_index_construction)
  0:00:02.136     1M / 2744M INFO   K-mer Index Building     (kmer_index_builder.hpp    : 438)   Building kmer index
  0:00:02.136     1M / 2744M INFO    General                 (kmer_index_builder.hpp    : 243)   Splitting kmer instances into 160 files using 16 threads. This might take a while.
  0:00:02.136     1M / 2744M INFO    General                 (file_limit.hpp            :  42)   Open file limit set to 1024
  0:00:02.136     1M / 2744M INFO    General                 (kmer_splitter.hpp         :  93)   Memory available for splitting buffers: 1.29165 Gb
  0:00:02.136     1M / 2744M INFO    General                 (kmer_splitter.hpp         : 101)   Using cell size of 209715
  0:00:02.295  9602M / 9602M INFO    General                 (kmer_splitters.hpp        : 194)   Processed 4054448 kmers
  0:00:02.295  9602M / 9602M INFO    General                 (kmer_splitters.hpp        : 199)   Used 4054448 kmers.
  0:00:02.297     2M / 2744M INFO    General                 (kmer_index_builder.hpp    : 249)   Starting k-mer counting.
  0:00:02.342     2M / 2744M INFO    General                 (kmer_index_builder.hpp    : 260)   K-mer counting done. There are 4050282 kmers in total.
  0:00:02.342     2M / 2744M INFO   K-mer Index Building     (kmer_index_builder.hpp    : 395)   Building perfect hash indices
  0:00:02.399     5M / 2744M INFO   K-mer Index Building     (kmer_index_builder.hpp    : 431)   Index built. Total 4050282 kmers, 3045832 bytes occupied (6.01604 bits per kmer).
  0:00:02.399     5M / 2744M INFO    General                 (kmer_index_builder.hpp    : 169)   Merging final buckets.
  0:00:02.666     9M / 2744M INFO   DeBruijnExtensionIndexBu (kmer_extension_index_build: 100)   Building k-mer extensions from k+1-mers
  0:00:02.815     9M / 2744M INFO   DeBruijnExtensionIndexBu (kmer_extension_index_build: 105)   Building k-mer extensions from k+1-mers finished.
  0:00:02.822     9M / 2744M INFO    General                 (stage.cpp                 : 117)   PROCEDURE == Early tip clipping (id: construction:early_tip_clipper)
  0:00:02.823     9M / 2744M INFO    General                 (construction.cpp          : 301)   Early tip clipper length bound set as (RL - K)
  0:00:02.823     9M / 2744M INFO   Early tip clipping       (early_simplification.hpp  :  47)   Early tip clipping
  0:00:02.893     9M / 2744M INFO   Early tip clipping       (early_simplification.hpp  :  82)   #tipped junctions: 6879
  0:00:02.894     9M / 2744M INFO   Early tip clipping       (early_simplification.hpp  :  93)   Clipped tips: 6884
  0:00:02.900     9M / 2744M INFO   Early tip clipping       (early_simplification.hpp  :  49)   78362 34-mers were removed by early tip clipper
  0:00:02.901     9M / 2744M INFO    General                 (stage.cpp                 : 117)   PROCEDURE == Condensing graph (id: construction:graph_condensing)
  0:00:02.901     9M / 2744M INFO   UnbranchingPathExtractor (debruijn_graph_constructor: 354)   Extracting unbranching paths
  0:00:03.004    10M / 2744M INFO   UnbranchingPathExtractor (debruijn_graph_constructor: 373)   Extracting unbranching paths finished. 12440 sequences extracted
  0:00:03.102    10M / 2744M INFO   UnbranchingPathExtractor (debruijn_graph_constructor: 309)   Collecting perfect loops
  0:00:03.129    10M / 2744M INFO   UnbranchingPathExtractor (debruijn_graph_constructor: 342)   Collecting perfect loops finished. 1 loops collected
  0:00:03.137    10M / 2744M INFO    General                 (debruijn_graph_constructor: 487)   Total 24882 edges to create
  0:00:03.137    11M / 2744M INFO    General                 (debruijn_graph_constructor: 489)   Collecting link records
  0:00:03.153    12M / 2744M INFO    General                 (debruijn_graph_constructor: 491)   Ordering link records
  0:00:03.153    12M / 2744M INFO    General                 (debruijn_graph_constructor: 493)   Sorting done
  0:00:03.153    12M / 2744M INFO    General                 (debruijn_graph_constructor: 503)   Total 8275 vertices to create
  0:00:03.153    13M / 2744M INFO    General                 (debruijn_graph_constructor: 506)   Connecting the graph
  0:00:03.164    12M / 2744M INFO    General                 (stage.cpp                 : 117)   PROCEDURE == Filling coverage indices (PHM) (id: construction:coverage_filling_phm)
  0:00:03.164    12M / 2744M INFO   K-mer Index Building     (kmer_index_builder.hpp    : 395)   Building perfect hash indices
  0:00:03.213    16M / 2744M INFO   K-mer Index Building     (kmer_index_builder.hpp    : 431)   Index built. Total 4054448 kmers, 3048760 bytes occupied (6.01564 bits per kmer).
  0:00:03.220    32M / 2744M INFO    General                 (coverage_hash_map_builder.:  47)   Collecting k-mer coverage information from reads, this takes a while.
  0:00:04.791    32M / 2744M INFO    General                 (construction.cpp          : 430)   Filling coverage and flanking coverage from PHM
  0:00:04.886    32M / 2744M INFO    General                 (coverage_filling.hpp      :  82)   Processed 24867 edges
  0:00:04.915     4M / 2744M INFO   StageManager             (stage.cpp                 : 185)   STAGE == EC Threshold Finding (id: ec_threshold_finder)
  0:00:04.915     4M / 2744M INFO    General                 (kmer_coverage_model.cpp   : 181)   Kmer coverage valley at: 5
  0:00:04.915     4M / 2744M INFO    General                 (kmer_coverage_model.cpp   : 201)   K-mer histogram maximum: 33
  0:00:04.915     4M / 2744M INFO    General                 (kmer_coverage_model.cpp   : 237)   Estimated median coverage: 35. Coverage mad: 10.3782
  0:00:04.915     4M / 2744M INFO    General                 (kmer_coverage_model.cpp   : 259)   Fitting coverage model
  0:00:04.949     4M / 2744M INFO    General                 (kmer_coverage_model.cpp   : 295)   ... iteration 2
  0:00:05.037     4M / 2744M INFO    General                 (kmer_coverage_model.cpp   : 295)   ... iteration 4
  0:00:05.315     4M / 2744M INFO    General                 (kmer_coverage_model.cpp   : 295)   ... iteration 8
  0:00:06.165     4M / 2744M INFO    General                 (kmer_coverage_model.cpp   : 295)   ... iteration 16
  0:00:06.860     4M / 2744M INFO    General                 (kmer_coverage_model.cpp   : 309)   Fitted mean coverage: 35.3873. Fitted coverage std. dev: 8.47884
  0:00:06.861     4M / 2744M INFO    General                 (kmer_coverage_model.cpp   : 334)   Probability of erroneous kmer at valley: 0.944588
  0:00:06.862     4M / 2744M INFO    General                 (kmer_coverage_model.cpp   : 358)   Preliminary threshold calculated as: 15
  0:00:06.862     4M / 2744M INFO    General                 (kmer_coverage_model.cpp   : 362)   Threshold adjusted to: 15
  0:00:06.862     4M / 2744M INFO    General                 (kmer_coverage_model.cpp   : 375)   Estimated genome size (ignoring repeats): 3877738
  0:00:06.862     4M / 2744M INFO    General                 (genomic_info_filler.cpp   :  55)   Mean coverage was calculated as 35.3873
  0:00:06.862     4M / 2744M INFO    General                 (genomic_info_filler.cpp   :  70)   EC coverage threshold value was calculated as 15
  0:00:06.862     4M / 2744M INFO    General                 (genomic_info_filler.cpp   :  71)   Trusted kmer low bound: 0
  0:00:06.862     4M / 2744M INFO   StageManager             (stage.cpp                 : 185)   STAGE == Raw Simplification (id: raw_simplification)
  0:00:06.862     4M / 2744M INFO    General                 (simplification.cpp        : 127)   PROCEDURE == Initial cleaning
  0:00:06.862     4M / 2744M INFO    General                 (graph_simplification.hpp  : 662)   Flanking coverage based disconnection disabled
  0:00:06.862     4M / 2744M INFO   Simplification           (parallel_processing.hpp   : 167)   Running Self conjugate edge remover
  0:00:06.863     4M / 2744M INFO   Simplification           (parallel_processing.hpp   : 170)   Self conjugate edge remover triggered 0 times
  0:00:06.863     4M / 2744M INFO   StageManager             (stage.cpp                 : 185)   STAGE == Simplification (id: simplification)
  0:00:06.863     4M / 2744M INFO    General                 (simplification.cpp        : 368)   Graph simplification started
  0:00:06.864     4M / 2744M INFO    General                 (graph_simplification.hpp  : 634)   Creating parallel br instance
  0:00:06.864     4M / 2744M INFO    General                 (simplification.cpp        : 373)   PROCEDURE == Simplification cycle, iteration 1
  0:00:06.864     4M / 2744M INFO   Simplification           (parallel_processing.hpp   : 167)   Running Tip clipper
  0:00:06.865     4M / 2744M INFO   Simplification           (parallel_processing.hpp   : 170)   Tip clipper triggered 27 times
  0:00:06.865     4M / 2744M INFO   Simplification           (parallel_processing.hpp   : 167)   Running Bulge remover
  0:00:06.915     4M / 2744M INFO   Simplification           (parallel_processing.hpp   : 170)   Bulge remover triggered 1655 times
  0:00:06.915     4M / 2744M INFO   Simplification           (parallel_processing.hpp   : 167)   Running Low coverage edge remover
  0:00:06.935     4M / 2744M INFO   Simplification           (parallel_processing.hpp   : 170)   Low coverage edge remover triggered 848 times
  0:00:06.935     4M / 2744M INFO    General                 (simplification.cpp        : 373)   PROCEDURE == Simplification cycle, iteration 2
  0:00:06.935     4M / 2744M INFO   Simplification           (parallel_processing.hpp   : 167)   Running Tip clipper
  0:00:06.936     4M / 2744M INFO   Simplification           (parallel_processing.hpp   : 170)   Tip clipper triggered 10 times
  0:00:06.936     4M / 2744M INFO   Simplification           (parallel_processing.hpp   : 167)   Running Bulge remover
  0:00:06.941     4M / 2744M INFO   Simplification           (parallel_processing.hpp   : 170)   Bulge remover triggered 160 times
  0:00:06.941     4M / 2744M INFO   Simplification           (parallel_processing.hpp   : 167)   Running Low coverage edge remover
  0:00:06.950     4M / 2744M INFO   Simplification           (parallel_processing.hpp   : 170)   Low coverage edge remover triggered 221 times
  0:00:06.950     4M / 2744M INFO    General                 (simplification.cpp        : 373)   PROCEDURE == Simplification cycle, iteration 3
  0:00:06.951     4M / 2744M INFO   Simplification           (parallel_processing.hpp   : 167)   Running Tip clipper
  0:00:06.951     4M / 2744M INFO   Simplification           (parallel_processing.hpp   : 170)   Tip clipper triggered 1 times
  0:00:06.951     4M / 2744M INFO   Simplification           (parallel_processing.hpp   : 167)   Running Bulge remover
  0:00:06.953     4M / 2744M INFO   Simplification           (parallel_processing.hpp   : 170)   Bulge remover triggered 64 times
  0:00:06.953     4M / 2744M INFO   Simplification           (parallel_processing.hpp   : 167)   Running Low coverage edge remover
  0:00:06.953     4M / 2744M INFO   Simplification           (parallel_processing.hpp   : 170)   Low coverage edge remover triggered 19 times
  0:00:06.953     4M / 2744M INFO    General                 (simplification.cpp        : 373)   PROCEDURE == Simplification cycle, iteration 4
  0:00:06.953     4M / 2744M INFO   Simplification           (parallel_processing.hpp   : 167)   Running Tip clipper
  0:00:06.953     4M / 2744M INFO   Simplification           (parallel_processing.hpp   : 170)   Tip clipper triggered 0 times
  0:00:06.953     4M / 2744M INFO   Simplification           (parallel_processing.hpp   : 167)   Running Bulge remover
  0:00:06.953     4M / 2744M INFO   Simplification           (parallel_processing.hpp   : 170)   Bulge remover triggered 7 times
  0:00:06.953     4M / 2744M INFO   Simplification           (parallel_processing.hpp   : 167)   Running Low coverage edge remover
  0:00:06.953     4M / 2744M INFO   Simplification           (parallel_processing.hpp   : 170)   Low coverage edge remover triggered 12 times
  0:00:06.954     4M / 2744M INFO    General                 (simplification.cpp        : 373)   PROCEDURE == Simplification cycle, iteration 5
  0:00:06.954     4M / 2744M INFO   Simplification           (parallel_processing.hpp   : 167)   Running Tip clipper
  0:00:06.954     4M / 2744M INFO   Simplification           (parallel_processing.hpp   : 170)   Tip clipper triggered 0 times
  0:00:06.954     4M / 2744M INFO   Simplification           (parallel_processing.hpp   : 167)   Running Bulge remover
  0:00:06.954     4M / 2744M INFO   Simplification           (parallel_processing.hpp   : 170)   Bulge remover triggered 2 times
  0:00:06.954     4M / 2744M INFO   Simplification           (parallel_processing.hpp   : 167)   Running Low coverage edge remover
  0:00:06.954     4M / 2744M INFO   Simplification           (parallel_processing.hpp   : 170)   Low coverage edge remover triggered 3 times
  0:00:06.954     4M / 2744M INFO    General                 (simplification.cpp        : 373)   PROCEDURE == Simplification cycle, iteration 6
  0:00:06.954     4M / 2744M INFO   Simplification           (parallel_processing.hpp   : 167)   Running Tip clipper
  0:00:06.954     4M / 2744M INFO   Simplification           (parallel_processing.hpp   : 170)   Tip clipper triggered 0 times
  0:00:06.954     4M / 2744M INFO   Simplification           (parallel_processing.hpp   : 167)   Running Bulge remover
  0:00:06.954     4M / 2744M INFO   Simplification           (parallel_processing.hpp   : 170)   Bulge remover triggered 0 times
  0:00:06.954     4M / 2744M INFO   Simplification           (parallel_processing.hpp   : 167)   Running Low coverage edge remover
  0:00:06.954     4M / 2744M INFO   Simplification           (parallel_processing.hpp   : 170)   Low coverage edge remover triggered 0 times
  0:00:06.954     4M / 2744M INFO    General                 (simplification.cpp        : 373)   PROCEDURE == Simplification cycle, iteration 7
  0:00:06.954     4M / 2744M INFO   Simplification           (parallel_processing.hpp   : 167)   Running Tip clipper
  0:00:06.954     4M / 2744M INFO   Simplification           (parallel_processing.hpp   : 170)   Tip clipper triggered 0 times
  0:00:06.954     4M / 2744M INFO   Simplification           (parallel_processing.hpp   : 167)   Running Bulge remover
  0:00:06.954     4M / 2744M INFO   Simplification           (parallel_processing.hpp   : 170)   Bulge remover triggered 0 times
  0:00:06.954     4M / 2744M INFO   Simplification           (parallel_processing.hpp   : 167)   Running Low coverage edge remover
  0:00:06.954     4M / 2744M INFO   Simplification           (parallel_processing.hpp   : 170)   Low coverage edge remover triggered 3 times
  0:00:06.954     4M / 2744M INFO    General                 (simplification.cpp        : 373)   PROCEDURE == Simplification cycle, iteration 8
  0:00:06.954     4M / 2744M INFO   Simplification           (parallel_processing.hpp   : 167)   Running Tip clipper
  0:00:06.954     4M / 2744M INFO   Simplification           (parallel_processing.hpp   : 170)   Tip clipper triggered 0 times
  0:00:06.954     4M / 2744M INFO   Simplification           (parallel_processing.hpp   : 167)   Running Bulge remover
  0:00:06.954     4M / 2744M INFO   Simplification           (parallel_processing.hpp   : 170)   Bulge remover triggered 0 times
  0:00:06.954     4M / 2744M INFO   Simplification           (parallel_processing.hpp   : 167)   Running Low coverage edge remover
  0:00:06.954     4M / 2744M INFO   Simplification           (parallel_processing.hpp   : 170)   Low coverage edge remover triggered 4 times
  0:00:06.954     4M / 2744M INFO    General                 (simplification.cpp        : 373)   PROCEDURE == Simplification cycle, iteration 9
  0:00:06.954     4M / 2744M INFO   Simplification           (parallel_processing.hpp   : 167)   Running Tip clipper
  0:00:06.954     4M / 2744M INFO   Simplification           (parallel_processing.hpp   : 170)   Tip clipper triggered 0 times
  0:00:06.954     4M / 2744M INFO   Simplification           (parallel_processing.hpp   : 167)   Running Bulge remover
  0:00:06.954     4M / 2744M INFO   Simplification           (parallel_processing.hpp   : 170)   Bulge remover triggered 0 times
  0:00:06.954     4M / 2744M INFO   Simplification           (parallel_processing.hpp   : 167)   Running Low coverage edge remover
  0:00:06.954     4M / 2744M INFO   Simplification           (parallel_processing.hpp   : 170)   Low coverage edge remover triggered 0 times
  0:00:06.954     4M / 2744M INFO    General                 (simplification.cpp        : 373)   PROCEDURE == Simplification cycle, iteration 10
  0:00:06.954     4M / 2744M INFO   Simplification           (parallel_processing.hpp   : 167)   Running Tip clipper
  0:00:06.954     4M / 2744M INFO   Simplification           (parallel_processing.hpp   : 170)   Tip clipper triggered 0 times
  0:00:06.954     4M / 2744M INFO   Simplification           (parallel_processing.hpp   : 167)   Running Bulge remover
  0:00:06.954     4M / 2744M INFO   Simplification           (parallel_processing.hpp   : 170)   Bulge remover triggered 0 times
  0:00:06.954     4M / 2744M INFO   Simplification           (parallel_processing.hpp   : 167)   Running Low coverage edge remover
  0:00:06.954     4M / 2744M INFO   Simplification           (parallel_processing.hpp   : 170)   Low coverage edge remover triggered 1 times
  0:00:06.954     4M / 2744M INFO    General                 (simplification.cpp        : 373)   PROCEDURE == Simplification cycle, iteration 11
  0:00:06.954     4M / 2744M INFO   Simplification           (parallel_processing.hpp   : 167)   Running Tip clipper
  0:00:06.955     4M / 2744M INFO   Simplification           (parallel_processing.hpp   : 170)   Tip clipper triggered 1 times
  0:00:06.955     4M / 2744M INFO   Simplification           (parallel_processing.hpp   : 167)   Running Bulge remover
  0:00:06.957     4M / 2744M INFO   Simplification           (parallel_processing.hpp   : 170)   Bulge remover triggered 7 times
  0:00:06.957     4M / 2744M INFO   Simplification           (parallel_processing.hpp   : 167)   Running Low coverage edge remover
  0:00:06.957     4M / 2744M INFO   Simplification           (parallel_processing.hpp   : 170)   Low coverage edge remover triggered 0 times
  0:00:06.957     4M / 2744M INFO    General                 (simplification.cpp        : 373)   PROCEDURE == Simplification cycle, iteration 12
  0:00:06.957     4M / 2744M INFO   Simplification           (parallel_processing.hpp   : 167)   Running Tip clipper
  0:00:06.957     4M / 2744M INFO   Simplification           (parallel_processing.hpp   : 170)   Tip clipper triggered 0 times
  0:00:06.957     4M / 2744M INFO   Simplification           (parallel_processing.hpp   : 167)   Running Bulge remover
  0:00:06.957     4M / 2744M INFO   Simplification           (parallel_processing.hpp   : 170)   Bulge remover triggered 0 times
  0:00:06.957     4M / 2744M INFO   Simplification           (parallel_processing.hpp   : 167)   Running Low coverage edge remover
  0:00:06.957     4M / 2744M INFO   Simplification           (parallel_processing.hpp   : 170)   Low coverage edge remover triggered 0 times
  0:00:06.958     4M / 2744M INFO   StageManager             (stage.cpp                 : 185)   STAGE == Simplification Cleanup (id: simplification_cleanup)
  0:00:06.958     4M / 2744M INFO    General                 (simplification.cpp        : 176)   PROCEDURE == Post simplification
  0:00:06.958     4M / 2744M INFO    General                 (graph_simplification.hpp  : 448)   Disconnection of relatively low covered edges disabled
  0:00:06.958     4M / 2744M INFO    General                 (graph_simplification.hpp  : 485)   Complex tip clipping disabled
  0:00:06.958     4M / 2744M INFO    General                 (graph_simplification.hpp  : 634)   Creating parallel br instance
  0:00:06.958     4M / 2744M INFO   Simplification           (parallel_processing.hpp   : 167)   Running Tip clipper
  0:00:06.958     4M / 2744M INFO   Simplification           (parallel_processing.hpp   : 170)   Tip clipper triggered 0 times
  0:00:06.958     4M / 2744M INFO   Simplification           (parallel_processing.hpp   : 167)   Running Bulge remover
  0:00:06.960     4M / 2744M INFO   Simplification           (parallel_processing.hpp   : 170)   Bulge remover triggered 0 times
  0:00:06.960     4M / 2744M INFO   Simplification           (parallel_processing.hpp   : 167)   Running Tip clipper
  0:00:06.960     4M / 2744M INFO   Simplification           (parallel_processing.hpp   : 170)   Tip clipper triggered 0 times
  0:00:06.960     4M / 2744M INFO   Simplification           (parallel_processing.hpp   : 167)   Running Bulge remover
  0:00:06.962     4M / 2744M INFO   Simplification           (parallel_processing.hpp   : 170)   Bulge remover triggered 0 times
  0:00:06.962     4M / 2744M INFO    General                 (simplification.cpp        : 327)   Disrupting self-conjugate edges
  0:00:06.963     4M / 2744M INFO   Simplification           (parallel_processing.hpp   : 167)   Running Removing isolated edges
  0:00:06.963     4M / 2744M INFO   Simplification           (parallel_processing.hpp   : 170)   Removing isolated edges triggered 103 times
  0:00:06.963     4M / 2744M INFO    General                 (simplification.cpp        : 495)   After simplification:
  0:00:06.963     4M / 2744M INFO    General                 (simplification.cpp        : 496)     Average coverage = 38.9295
  0:00:06.963     4M / 2744M INFO    General                 (simplification.cpp        : 497)     Total length = 3877723
  0:00:06.964     4M / 2744M INFO    General                 (simplification.cpp        : 498)     Median edge length: 18278
  0:00:06.964     4M / 2744M INFO    General                 (simplification.cpp        : 499)     Edges: 7118
  0:00:06.964     4M / 2744M INFO    General                 (simplification.cpp        : 500)     Vertices: 4594
  0:00:06.964     4M / 2744M INFO   StageManager             (stage.cpp                 : 185)   STAGE == Contig Output (id: contig_output)
  0:00:06.964     4M / 2744M INFO    General                 (read_converter.cpp        : 107)   Outputting contigs to /data/djs217/PROJECTS/10_X_fragariae_feb_2024/04_spades/NCPPB_4181.spades/K33/simplified_contigs
  0:00:06.969     6M / 2744M INFO    General                 (binary_converter.cpp      : 111)   3560 reads written
  0:00:06.974     4M / 2744M INFO    General                 (pipeline.cpp              : 287)   SPAdes finished
  0:00:06.975     1M / 2744M INFO    General                 (main.cpp                  : 136)   Assembling time: 0 hours 0 minutes 6 seconds

===== K33 finished. 


===== K55 started. 


== Running: /data/djs217/anaconda3/envs/spades-env/bin/spades-core /data/djs217/PROJECTS/10_X_fragariae_feb_2024/04_spades/NCPPB_4181.spades/K55/configs/config.info /data/djs217/PROJECTS/10_X_fragariae_feb_2024/04_spades/NCPPB_4181.spades/K55/configs/careful_mode.info

  0:00:00.000     1M / 19M   INFO    General                 (main.cpp                  :  99)   Loaded config from /data/djs217/PROJECTS/10_X_fragariae_feb_2024/04_spades/NCPPB_4181.spades/K55/configs/config.info
  0:00:00.002     1M / 19M   INFO    General                 (main.cpp                  :  99)   Loaded config from /data/djs217/PROJECTS/10_X_fragariae_feb_2024/04_spades/NCPPB_4181.spades/K55/configs/careful_mode.info
  0:00:00.002     1M / 19M   INFO    General                 (memory_limit.cpp          :  54)   Memory limit set to 62 Gb
  0:00:00.002     1M / 19M   INFO    General                 (main.cpp                  : 107)   Starting SPAdes, built from N/A, git revision N/A
  0:00:00.002     1M / 19M   INFO    General                 (main.cpp                  : 108)   Maximum k-mer length: 128
  0:00:00.002     1M / 19M   INFO    General                 (main.cpp                  : 109)   Assembling dataset (/data/djs217/PROJECTS/10_X_fragariae_feb_2024/04_spades/NCPPB_4181.spades/dataset.info) with K=55
  0:00:00.002     1M / 19M   INFO    General                 (main.cpp                  : 110)   Maximum # of threads to use (adjusted due to OMP capabilities): 16
  0:00:00.002     1M / 19M   INFO    General                 (pipeline.cpp              : 212)   SPAdes started
  0:00:00.002     1M / 19M   INFO    General                 (pipeline.cpp              : 225)   Starting from stage: read_conversion
  0:00:00.002     1M / 19M   INFO    General                 (pipeline.cpp              : 231)   Two-step repeat resolution disabled
  0:00:00.002     1M / 19M   INFO   GraphCore                (graph_core.hpp            : 672)   Graph created, vertex min_id: 3, edge min_id: 3
  0:00:00.002     1M / 19M   INFO   GraphCore                (graph_core.hpp            : 673)   Vertex size: 48, edge size: 40
  0:00:00.002     1M / 19M   INFO    General                 (edge_index.hpp            : 113)   Size of edge index entries: 12/8
  0:00:00.002     1M / 19M   INFO    General                 (pipeline.cpp              : 242)   Will need read mapping, kmer mapper will be attached
  0:00:00.002     1M / 19M   INFO   StageManager             (stage.cpp                 : 185)   STAGE == Binary Read Conversion (id: read_conversion)
  0:00:00.003     1M / 19M   INFO    General                 (read_converter.cpp        :  53)   Binary reads detected
  0:00:00.008     1M / 19M   INFO   StageManager             (stage.cpp                 : 185)   STAGE == de Bruijn graph construction (id: construction)
  0:00:00.008     1M / 19M   INFO    General                 (construction.cpp          : 118)   Contigs from previous K will be used: /data/djs217/PROJECTS/10_X_fragariae_feb_2024/04_spades/NCPPB_4181.spades/K33/simplified_contigs
  0:00:00.045     1M / 19M   INFO    General                 (construction.cpp          : 153)   Max read length 301
  0:00:00.046     1M / 19M   INFO    General                 (construction.cpp          : 159)   Average read length 201.541
  0:00:00.046     1M / 19M   INFO    General                 (stage.cpp                 : 117)   PROCEDURE == k+1-mer counting (id: construction:kpomer_counting)
  0:00:00.046     1M / 19M   INFO    General                 (kmer_index_builder.hpp    : 243)   Splitting kmer instances into 160 files using 16 threads. This might take a while.
  0:00:00.046     1M / 19M   INFO    General                 (file_limit.hpp            :  42)   Open file limit set to 1024
  0:00:00.046     1M / 19M   INFO    General                 (kmer_splitter.hpp         :  93)   Memory available for splitting buffers: 1.29165 Gb
  0:00:00.046     1M / 19M   INFO    General                 (kmer_splitter.hpp         : 101)   Using cell size of 209715
  0:00:01.763  9601M / 9601M INFO    General                 (kmer_splitters.hpp        : 125)   Processed 1799670 reads
  0:00:01.779     1M / 2341M INFO    General                 (kmer_splitters.hpp        : 131)   Used 1799670 reads
  0:00:01.930     1M / 2341M INFO    General                 (kmer_index_builder.hpp    : 249)   Starting k-mer counting.
  0:00:02.002     1M / 2341M INFO    General                 (kmer_index_builder.hpp    : 260)   K-mer counting done. There are 4129280 kmers in total.
  0:00:02.002     1M / 2341M INFO    General                 (stage.cpp                 : 117)   PROCEDURE == Extension index construction (id: construction:extension_index_construction)
  0:00:02.004     1M / 2341M INFO   K-mer Index Building     (kmer_index_builder.hpp    : 438)   Building kmer index
  0:00:02.005     1M / 2341M INFO    General                 (kmer_index_builder.hpp    : 243)   Splitting kmer instances into 160 files using 16 threads. This might take a while.
  0:00:02.005     1M / 2341M INFO    General                 (file_limit.hpp            :  42)   Open file limit set to 1024
  0:00:02.005     1M / 2341M INFO    General                 (kmer_splitter.hpp         :  93)   Memory available for splitting buffers: 1.29165 Gb
  0:00:02.005     1M / 2341M INFO    General                 (kmer_splitter.hpp         : 101)   Using cell size of 209715
  0:00:02.234  9602M / 9602M INFO    General                 (kmer_splitters.hpp        : 194)   Processed 4129280 kmers
  0:00:02.234  9602M / 9602M INFO    General                 (kmer_splitters.hpp        : 199)   Used 4129280 kmers.
  0:00:02.237     2M / 2341M INFO    General                 (kmer_index_builder.hpp    : 249)   Starting k-mer counting.
  0:00:02.323     2M / 2341M INFO    General                 (kmer_index_builder.hpp    : 260)   K-mer counting done. There are 4126393 kmers in total.
  0:00:02.323     2M / 2341M INFO   K-mer Index Building     (kmer_index_builder.hpp    : 395)   Building perfect hash indices
  0:00:02.504     5M / 2341M INFO   K-mer Index Building     (kmer_index_builder.hpp    : 431)   Index built. Total 4126393 kmers, 3100560 bytes occupied (6.01118 bits per kmer).
  0:00:02.504     5M / 2341M INFO    General                 (kmer_index_builder.hpp    : 169)   Merging final buckets.
  0:00:02.799     9M / 2341M INFO   DeBruijnExtensionIndexBu (kmer_extension_index_build: 100)   Building k-mer extensions from k+1-mers
  0:00:02.949     9M / 2341M INFO   DeBruijnExtensionIndexBu (kmer_extension_index_build: 105)   Building k-mer extensions from k+1-mers finished.
  0:00:02.958     9M / 2341M INFO    General                 (stage.cpp                 : 117)   PROCEDURE == Condensing graph (id: construction:graph_condensing)
  0:00:02.958     9M / 2341M INFO   UnbranchingPathExtractor (debruijn_graph_constructor: 354)   Extracting unbranching paths
  0:00:03.068    11M / 2341M INFO   UnbranchingPathExtractor (debruijn_graph_constructor: 373)   Extracting unbranching paths finished. 23945 sequences extracted
  0:00:03.166    11M / 2341M INFO   UnbranchingPathExtractor (debruijn_graph_constructor: 309)   Collecting perfect loops
  0:00:03.197    11M / 2341M INFO   UnbranchingPathExtractor (debruijn_graph_constructor: 342)   Collecting perfect loops finished. 0 loops collected
  0:00:03.206    11M / 2341M INFO    General                 (debruijn_graph_constructor: 487)   Total 47890 edges to create
  0:00:03.207    13M / 2341M INFO    General                 (debruijn_graph_constructor: 489)   Collecting link records
  0:00:03.238    14M / 2341M INFO    General                 (debruijn_graph_constructor: 491)   Ordering link records
  0:00:03.239    14M / 2341M INFO    General                 (debruijn_graph_constructor: 493)   Sorting done
  0:00:03.239    14M / 2341M INFO    General                 (debruijn_graph_constructor: 503)   Total 21058 vertices to create
  0:00:03.239    16M / 2341M INFO    General                 (debruijn_graph_constructor: 506)   Connecting the graph
  0:00:03.268    15M / 2341M INFO    General                 (stage.cpp                 : 117)   PROCEDURE == Filling coverage indices (PHM) (id: construction:coverage_filling_phm)
  0:00:03.268    15M / 2341M INFO   K-mer Index Building     (kmer_index_builder.hpp    : 395)   Building perfect hash indices
  0:00:03.330    18M / 2341M INFO   K-mer Index Building     (kmer_index_builder.hpp    : 431)   Index built. Total 4129280 kmers, 3102696 bytes occupied (6.01111 bits per kmer).
  0:00:03.337    34M / 2341M INFO    General                 (coverage_hash_map_builder.:  47)   Collecting k-mer coverage information from reads, this takes a while.
  0:00:04.660    34M / 2341M INFO    General                 (construction.cpp          : 430)   Filling coverage and flanking coverage from PHM
  0:00:04.752    34M / 2341M INFO    General                 (coverage_filling.hpp      :  82)   Processed 47887 edges
  0:00:04.779     6M / 2341M INFO   StageManager             (stage.cpp                 : 185)   STAGE == EC Threshold Finding (id: ec_threshold_finder)
  0:00:04.779     6M / 2341M INFO    General                 (kmer_coverage_model.cpp   : 181)   Kmer coverage valley at: 4
  0:00:04.779     6M / 2341M INFO    General                 (kmer_coverage_model.cpp   : 201)   K-mer histogram maximum: 28
  0:00:04.779     6M / 2341M INFO    General                 (kmer_coverage_model.cpp   : 237)   Estimated median coverage: 30. Coverage mad: 8.8956
  0:00:04.780     6M / 2341M INFO    General                 (kmer_coverage_model.cpp   : 259)   Fitting coverage model
  0:00:04.812     6M / 2341M INFO    General                 (kmer_coverage_model.cpp   : 295)   ... iteration 2
  0:00:04.898     6M / 2341M INFO    General                 (kmer_coverage_model.cpp   : 295)   ... iteration 4
  0:00:05.238     6M / 2341M INFO    General                 (kmer_coverage_model.cpp   : 295)   ... iteration 8
  0:00:06.012     6M / 2341M INFO    General                 (kmer_coverage_model.cpp   : 295)   ... iteration 16
  0:00:07.381     6M / 2341M INFO    General                 (kmer_coverage_model.cpp   : 295)   ... iteration 32
  0:00:07.381     6M / 2341M INFO    General                 (kmer_coverage_model.cpp   : 309)   Fitted mean coverage: 30.7836. Fitted coverage std. dev: 7.87915
  0:00:07.384     6M / 2341M INFO    General                 (kmer_coverage_model.cpp   : 334)   Probability of erroneous kmer at valley: 0.934335
  0:00:07.384     6M / 2341M INFO    General                 (kmer_coverage_model.cpp   : 358)   Preliminary threshold calculated as: 13
  0:00:07.384     6M / 2341M INFO    General                 (kmer_coverage_model.cpp   : 362)   Threshold adjusted to: 13
  0:00:07.384     6M / 2341M INFO    General                 (kmer_coverage_model.cpp   : 375)   Estimated genome size (ignoring repeats): 3903067
  0:00:07.384     6M / 2341M INFO    General                 (genomic_info_filler.cpp   :  55)   Mean coverage was calculated as 30.7836
  0:00:07.384     6M / 2341M INFO    General                 (genomic_info_filler.cpp   :  70)   EC coverage threshold value was calculated as 13
  0:00:07.384     6M / 2341M INFO    General                 (genomic_info_filler.cpp   :  71)   Trusted kmer low bound: 0
  0:00:07.384     6M / 2341M INFO   StageManager             (stage.cpp                 : 185)   STAGE == Gap Closer (id: early_gapcloser)
  0:00:07.390    15M / 2341M INFO    General                 (edge_index.hpp            : 113)   Size of edge index entries: 12/8
  0:00:07.395    16M / 2341M INFO    General                 (gap_closer.cpp            : 101)   Total edges in tip neighborhood: 7915 out of 47887, length: 128846
  0:00:07.395    16M / 2341M INFO    General                 (edge_index.hpp            : 167)   Using small index (max_id = 48132)
  0:00:07.397    16M / 2341M INFO   K-mer Index Building     (kmer_index_builder.hpp    : 395)   Building perfect hash indices
  0:00:07.405    16M / 2341M INFO   K-mer Index Building     (kmer_index_builder.hpp    : 431)   Index built. Total 121358 kmers, 88408 bytes occupied (5.82791 bits per kmer).
  0:00:07.406    17M / 2341M INFO    General                 (edge_index_builders.hpp   : 265)   Collecting edge information from graph, this takes a while.
  0:00:08.587    17M / 2341M INFO    General                 (sequence_mapper_notifier.h:  95)   Total 447508 reads processed
  0:00:08.595    16M / 2341M INFO    General                 (gap_closer.cpp            : 452)   Initializing gap closer
  0:00:08.596    16M / 2341M INFO   GapCloser                (gap_closer.cpp            : 359)   Closing short gaps
  0:00:08.618    16M / 2341M INFO   GapCloser                (gap_closer.cpp            : 391)   Closing short gaps complete: filled 0 gaps after checking 22 candidates
  0:00:08.619    16M / 2341M INFO    General                 (gap_closer.cpp            : 456)   Gap closer done
  0:00:08.620     6M / 2341M INFO   StageManager             (stage.cpp                 : 185)   STAGE == Raw Simplification (id: raw_simplification)
  0:00:08.620     6M / 2341M INFO    General                 (simplification.cpp        : 127)   PROCEDURE == Initial cleaning
  0:00:08.620     6M / 2341M INFO    General                 (graph_simplification.hpp  : 662)   Flanking coverage based disconnection disabled
  0:00:08.620     6M / 2341M INFO   Simplification           (parallel_processing.hpp   : 167)   Running Self conjugate edge remover
  0:00:08.621     6M / 2341M INFO   Simplification           (parallel_processing.hpp   : 170)   Self conjugate edge remover triggered 0 times
  0:00:08.621     6M / 2341M INFO   StageManager             (stage.cpp                 : 185)   STAGE == Simplification (id: simplification)
  0:00:08.621     6M / 2341M INFO    General                 (simplification.cpp        : 368)   Graph simplification started
  0:00:08.621     6M / 2341M INFO    General                 (graph_simplification.hpp  : 634)   Creating parallel br instance
  0:00:08.621     6M / 2341M INFO    General                 (simplification.cpp        : 373)   PROCEDURE == Simplification cycle, iteration 1
  0:00:08.621     6M / 2341M INFO   Simplification           (parallel_processing.hpp   : 167)   Running Tip clipper
  0:00:08.694     6M / 2341M INFO   Simplification           (parallel_processing.hpp   : 170)   Tip clipper triggered 7475 times
  0:00:08.695     6M / 2341M INFO   Simplification           (parallel_processing.hpp   : 167)   Running Bulge remover
  0:00:08.807    13M / 2341M INFO   Simplification           (parallel_processing.hpp   : 170)   Bulge remover triggered 1181 times
  0:00:08.808    13M / 2341M INFO   Simplification           (parallel_processing.hpp   : 167)   Running Low coverage edge remover
  0:00:08.823    13M / 2341M INFO   Simplification           (parallel_processing.hpp   : 170)   Low coverage edge remover triggered 546 times
  0:00:08.823    13M / 2341M INFO    General                 (simplification.cpp        : 373)   PROCEDURE == Simplification cycle, iteration 2
  0:00:08.823    13M / 2341M INFO   Simplification           (parallel_processing.hpp   : 167)   Running Tip clipper
  0:00:08.824    12M / 2341M INFO   Simplification           (parallel_processing.hpp   : 170)   Tip clipper triggered 10 times
  0:00:08.824    12M / 2341M INFO   Simplification           (parallel_processing.hpp   : 167)   Running Bulge remover
  0:00:08.836    13M / 2341M INFO   Simplification           (parallel_processing.hpp   : 170)   Bulge remover triggered 127 times
  0:00:08.836    13M / 2341M INFO   Simplification           (parallel_processing.hpp   : 167)   Running Low coverage edge remover
  0:00:08.844    13M / 2341M INFO   Simplification           (parallel_processing.hpp   : 170)   Low coverage edge remover triggered 155 times
  0:00:08.844    13M / 2341M INFO    General                 (simplification.cpp        : 373)   PROCEDURE == Simplification cycle, iteration 3
  0:00:08.844    13M / 2341M INFO   Simplification           (parallel_processing.hpp   : 167)   Running Tip clipper
  0:00:08.844    13M / 2341M INFO   Simplification           (parallel_processing.hpp   : 170)   Tip clipper triggered 1 times
  0:00:08.844    13M / 2341M INFO   Simplification           (parallel_processing.hpp   : 167)   Running Bulge remover
  0:00:08.848    13M / 2341M INFO   Simplification           (parallel_processing.hpp   : 170)   Bulge remover triggered 41 times
  0:00:08.848    13M / 2341M INFO   Simplification           (parallel_processing.hpp   : 167)   Running Low coverage edge remover
  0:00:08.848    13M / 2341M INFO   Simplification           (parallel_processing.hpp   : 170)   Low coverage edge remover triggered 27 times
  0:00:08.848    13M / 2341M INFO    General                 (simplification.cpp        : 373)   PROCEDURE == Simplification cycle, iteration 4
  0:00:08.848    13M / 2341M INFO   Simplification           (parallel_processing.hpp   : 167)   Running Tip clipper
  0:00:08.848    13M / 2341M INFO   Simplification           (parallel_processing.hpp   : 170)   Tip clipper triggered 0 times
  0:00:08.848    13M / 2341M INFO   Simplification           (parallel_processing.hpp   : 167)   Running Bulge remover
  0:00:08.850    13M / 2341M INFO   Simplification           (parallel_processing.hpp   : 170)   Bulge remover triggered 14 times
  0:00:08.850    13M / 2341M INFO   Simplification           (parallel_processing.hpp   : 167)   Running Low coverage edge remover
  0:00:08.850    13M / 2341M INFO   Simplification           (parallel_processing.hpp   : 170)   Low coverage edge remover triggered 6 times
  0:00:08.850    13M / 2341M INFO    General                 (simplification.cpp        : 373)   PROCEDURE == Simplification cycle, iteration 5
  0:00:08.850    13M / 2341M INFO   Simplification           (parallel_processing.hpp   : 167)   Running Tip clipper
  0:00:08.850    13M / 2341M INFO   Simplification           (parallel_processing.hpp   : 170)   Tip clipper triggered 0 times
  0:00:08.850    13M / 2341M INFO   Simplification           (parallel_processing.hpp   : 167)   Running Bulge remover
  0:00:08.850    13M / 2341M INFO   Simplification           (parallel_processing.hpp   : 170)   Bulge remover triggered 0 times
  0:00:08.850    13M / 2341M INFO   Simplification           (parallel_processing.hpp   : 167)   Running Low coverage edge remover
  0:00:08.850    13M / 2341M INFO   Simplification           (parallel_processing.hpp   : 170)   Low coverage edge remover triggered 1 times
  0:00:08.850    13M / 2341M INFO    General                 (simplification.cpp        : 373)   PROCEDURE == Simplification cycle, iteration 6
  0:00:08.850    13M / 2341M INFO   Simplification           (parallel_processing.hpp   : 167)   Running Tip clipper
  0:00:08.850    13M / 2341M INFO   Simplification           (parallel_processing.hpp   : 170)   Tip clipper triggered 0 times
  0:00:08.850    13M / 2341M INFO   Simplification           (parallel_processing.hpp   : 167)   Running Bulge remover
  0:00:08.850    13M / 2341M INFO   Simplification           (parallel_processing.hpp   : 170)   Bulge remover triggered 1 times
  0:00:08.850    13M / 2341M INFO   Simplification           (parallel_processing.hpp   : 167)   Running Low coverage edge remover
  0:00:08.850    13M / 2341M INFO   Simplification           (parallel_processing.hpp   : 170)   Low coverage edge remover triggered 1 times
  0:00:08.850    13M / 2341M INFO    General                 (simplification.cpp        : 373)   PROCEDURE == Simplification cycle, iteration 7
  0:00:08.850    13M / 2341M INFO   Simplification           (parallel_processing.hpp   : 167)   Running Tip clipper
  0:00:08.850    13M / 2341M INFO   Simplification           (parallel_processing.hpp   : 170)   Tip clipper triggered 0 times
  0:00:08.850    13M / 2341M INFO   Simplification           (parallel_processing.hpp   : 167)   Running Bulge remover
  0:00:08.850    13M / 2341M INFO   Simplification           (parallel_processing.hpp   : 170)   Bulge remover triggered 1 times
  0:00:08.850    13M / 2341M INFO   Simplification           (parallel_processing.hpp   : 167)   Running Low coverage edge remover
  0:00:08.850    13M / 2341M INFO   Simplification           (parallel_processing.hpp   : 170)   Low coverage edge remover triggered 3 times
  0:00:08.850    13M / 2341M INFO    General                 (simplification.cpp        : 373)   PROCEDURE == Simplification cycle, iteration 8
  0:00:08.850    13M / 2341M INFO   Simplification           (parallel_processing.hpp   : 167)   Running Tip clipper
  0:00:08.850    13M / 2341M INFO   Simplification           (parallel_processing.hpp   : 170)   Tip clipper triggered 0 times
  0:00:08.850    13M / 2341M INFO   Simplification           (parallel_processing.hpp   : 167)   Running Bulge remover
  0:00:08.850    13M / 2341M INFO   Simplification           (parallel_processing.hpp   : 170)   Bulge remover triggered 0 times
  0:00:08.850    13M / 2341M INFO   Simplification           (parallel_processing.hpp   : 167)   Running Low coverage edge remover
  0:00:08.850    13M / 2341M INFO   Simplification           (parallel_processing.hpp   : 170)   Low coverage edge remover triggered 2 times
  0:00:08.850    13M / 2341M INFO    General                 (simplification.cpp        : 373)   PROCEDURE == Simplification cycle, iteration 9
  0:00:08.850    13M / 2341M INFO   Simplification           (parallel_processing.hpp   : 167)   Running Tip clipper
  0:00:08.850    13M / 2341M INFO   Simplification           (parallel_processing.hpp   : 170)   Tip clipper triggered 0 times
  0:00:08.850    13M / 2341M INFO   Simplification           (parallel_processing.hpp   : 167)   Running Bulge remover
  0:00:08.850    13M / 2341M INFO   Simplification           (parallel_processing.hpp   : 170)   Bulge remover triggered 0 times
  0:00:08.850    13M / 2341M INFO   Simplification           (parallel_processing.hpp   : 167)   Running Low coverage edge remover
  0:00:08.851    13M / 2341M INFO   Simplification           (parallel_processing.hpp   : 170)   Low coverage edge remover triggered 0 times
  0:00:08.851    13M / 2341M INFO    General                 (simplification.cpp        : 373)   PROCEDURE == Simplification cycle, iteration 10
  0:00:08.851    13M / 2341M INFO   Simplification           (parallel_processing.hpp   : 167)   Running Tip clipper
  0:00:08.851    13M / 2341M INFO   Simplification           (parallel_processing.hpp   : 170)   Tip clipper triggered 0 times
  0:00:08.851    13M / 2341M INFO   Simplification           (parallel_processing.hpp   : 167)   Running Bulge remover
  0:00:08.851    13M / 2341M INFO   Simplification           (parallel_processing.hpp   : 170)   Bulge remover triggered 0 times
  0:00:08.851    13M / 2341M INFO   Simplification           (parallel_processing.hpp   : 167)   Running Low coverage edge remover
  0:00:08.851    13M / 2341M INFO   Simplification           (parallel_processing.hpp   : 170)   Low coverage edge remover triggered 1 times
  0:00:08.851    13M / 2341M INFO    General                 (simplification.cpp        : 373)   PROCEDURE == Simplification cycle, iteration 11
  0:00:08.851    13M / 2341M INFO   Simplification           (parallel_processing.hpp   : 167)   Running Tip clipper
  0:00:08.851    13M / 2341M INFO   Simplification           (parallel_processing.hpp   : 170)   Tip clipper triggered 0 times
  0:00:08.851    13M / 2341M INFO   Simplification           (parallel_processing.hpp   : 167)   Running Bulge remover
  0:00:08.853    13M / 2341M INFO   Simplification           (parallel_processing.hpp   : 170)   Bulge remover triggered 2 times
  0:00:08.853    13M / 2341M INFO   Simplification           (parallel_processing.hpp   : 167)   Running Low coverage edge remover
  0:00:08.853    13M / 2341M INFO   Simplification           (parallel_processing.hpp   : 170)   Low coverage edge remover triggered 0 times
  0:00:08.853    13M / 2341M INFO    General                 (simplification.cpp        : 373)   PROCEDURE == Simplification cycle, iteration 12
  0:00:08.853    13M / 2341M INFO   Simplification           (parallel_processing.hpp   : 167)   Running Tip clipper
  0:00:08.853    13M / 2341M INFO   Simplification           (parallel_processing.hpp   : 170)   Tip clipper triggered 0 times
  0:00:08.853    13M / 2341M INFO   Simplification           (parallel_processing.hpp   : 167)   Running Bulge remover
  0:00:08.853    13M / 2341M INFO   Simplification           (parallel_processing.hpp   : 170)   Bulge remover triggered 0 times
  0:00:08.853    13M / 2341M INFO   Simplification           (parallel_processing.hpp   : 167)   Running Low coverage edge remover
  0:00:08.853    13M / 2341M INFO   Simplification           (parallel_processing.hpp   : 170)   Low coverage edge remover triggered 0 times
  0:00:08.853    13M / 2341M INFO   StageManager             (stage.cpp                 : 185)   STAGE == Gap Closer (id: late_gapcloser)
  0:00:08.856    22M / 2341M INFO    General                 (edge_index.hpp            : 113)   Size of edge index entries: 12/8
  0:00:08.856    22M / 2341M INFO    General                 (gap_closer.cpp            : 101)   Total edges in tip neighborhood: 384 out of 5868, length: 120945
  0:00:08.856    22M / 2341M INFO    General                 (edge_index.hpp            : 167)   Using small index (max_id = 48132)
  0:00:08.858    22M / 2341M INFO   K-mer Index Building     (kmer_index_builder.hpp    : 395)   Building perfect hash indices
  0:00:08.871    23M / 2341M INFO   K-mer Index Building     (kmer_index_builder.hpp    : 431)   Index built. Total 113382 kmers, 82632 bytes occupied (5.83034 bits per kmer).
  0:00:08.871    23M / 2341M INFO    General                 (edge_index_builders.hpp   : 265)   Collecting edge information from graph, this takes a while.
  0:00:10.775    24M / 2341M INFO    General                 (sequence_mapper_notifier.h:  95)   Total 447508 reads processed
  0:00:10.784    23M / 2341M INFO    General                 (gap_closer.cpp            : 452)   Initializing gap closer
  0:00:10.785    23M / 2341M INFO   GapCloser                (gap_closer.cpp            : 359)   Closing short gaps
  0:00:10.788    23M / 2341M INFO   GapCloser                (gap_closer.cpp            : 391)   Closing short gaps complete: filled 0 gaps after checking 4 candidates
  0:00:10.789    23M / 2341M INFO    General                 (gap_closer.cpp            : 456)   Gap closer done
  0:00:10.790    13M / 2341M INFO   StageManager             (stage.cpp                 : 185)   STAGE == Simplification Cleanup (id: simplification_cleanup)
  0:00:10.791    13M / 2341M INFO    General                 (simplification.cpp        : 176)   PROCEDURE == Post simplification
  0:00:10.791    13M / 2341M INFO    General                 (graph_simplification.hpp  : 448)   Disconnection of relatively low covered edges disabled
  0:00:10.791    13M / 2341M INFO    General                 (graph_simplification.hpp  : 485)   Complex tip clipping disabled
  0:00:10.791    13M / 2341M INFO    General                 (graph_simplification.hpp  : 634)   Creating parallel br instance
  0:00:10.791    13M / 2341M INFO   Simplification           (parallel_processing.hpp   : 167)   Running Tip clipper
  0:00:10.791    13M / 2341M INFO   Simplification           (parallel_processing.hpp   : 170)   Tip clipper triggered 0 times
  0:00:10.791    13M / 2341M INFO   Simplification           (parallel_processing.hpp   : 167)   Running Bulge remover
  0:00:10.796    13M / 2341M INFO   Simplification           (parallel_processing.hpp   : 170)   Bulge remover triggered 0 times
  0:00:10.797    13M / 2341M INFO   Simplification           (parallel_processing.hpp   : 167)   Running Tip clipper
  0:00:10.797    13M / 2341M INFO   Simplification           (parallel_processing.hpp   : 170)   Tip clipper triggered 0 times
  0:00:10.797    13M / 2341M INFO   Simplification           (parallel_processing.hpp   : 167)   Running Bulge remover
  0:00:10.801    13M / 2341M INFO   Simplification           (parallel_processing.hpp   : 170)   Bulge remover triggered 0 times
  0:00:10.801    13M / 2341M INFO    General                 (simplification.cpp        : 327)   Disrupting self-conjugate edges
  0:00:10.802    13M / 2341M INFO   Simplification           (parallel_processing.hpp   : 167)   Running Removing isolated edges
  0:00:10.803    13M / 2341M INFO   Simplification           (parallel_processing.hpp   : 170)   Removing isolated edges triggered 188 times
  0:00:10.803    13M / 2341M INFO    General                 (simplification.cpp        : 495)   After simplification:
  0:00:10.803    13M / 2341M INFO    General                 (simplification.cpp        : 496)     Average coverage = 33.6218
  0:00:10.803    13M / 2341M INFO    General                 (simplification.cpp        : 497)     Total length = 3909282
  0:00:10.804    13M / 2341M INFO    General                 (simplification.cpp        : 498)     Median edge length: 22108
  0:00:10.804    13M / 2341M INFO    General                 (simplification.cpp        : 499)     Edges: 5492
  0:00:10.804    13M / 2341M INFO    General                 (simplification.cpp        : 500)     Vertices: 3560
  0:00:10.804    13M / 2341M INFO   StageManager             (stage.cpp                 : 185)   STAGE == Contig Output (id: contig_output)
  0:00:10.804    13M / 2341M INFO    General                 (read_converter.cpp        : 107)   Outputting contigs to /data/djs217/PROJECTS/10_X_fragariae_feb_2024/04_spades/NCPPB_4181.spades/K55/simplified_contigs
  0:00:10.811    16M / 2341M INFO    General                 (binary_converter.cpp      : 111)   2746 reads written
  0:00:10.815    13M / 2341M INFO    General                 (pipeline.cpp              : 287)   SPAdes finished
  0:00:10.832     1M / 2341M INFO    General                 (main.cpp                  : 136)   Assembling time: 0 hours 0 minutes 10 seconds

===== K55 finished. 


===== K77 started. 


== Running: /data/djs217/anaconda3/envs/spades-env/bin/spades-core /data/djs217/PROJECTS/10_X_fragariae_feb_2024/04_spades/NCPPB_4181.spades/K77/configs/config.info /data/djs217/PROJECTS/10_X_fragariae_feb_2024/04_spades/NCPPB_4181.spades/K77/configs/careful_mode.info

  0:00:00.000     1M / 19M   INFO    General                 (main.cpp                  :  99)   Loaded config from /data/djs217/PROJECTS/10_X_fragariae_feb_2024/04_spades/NCPPB_4181.spades/K77/configs/config.info
  0:00:00.001     1M / 19M   INFO    General                 (main.cpp                  :  99)   Loaded config from /data/djs217/PROJECTS/10_X_fragariae_feb_2024/04_spades/NCPPB_4181.spades/K77/configs/careful_mode.info
  0:00:00.001     1M / 19M   INFO    General                 (memory_limit.cpp          :  54)   Memory limit set to 62 Gb
  0:00:00.001     1M / 19M   INFO    General                 (main.cpp                  : 107)   Starting SPAdes, built from N/A, git revision N/A
  0:00:00.001     1M / 19M   INFO    General                 (main.cpp                  : 108)   Maximum k-mer length: 128
  0:00:00.001     1M / 19M   INFO    General                 (main.cpp                  : 109)   Assembling dataset (/data/djs217/PROJECTS/10_X_fragariae_feb_2024/04_spades/NCPPB_4181.spades/dataset.info) with K=77
  0:00:00.001     1M / 19M   INFO    General                 (main.cpp                  : 110)   Maximum # of threads to use (adjusted due to OMP capabilities): 16
  0:00:00.001     1M / 19M   INFO    General                 (pipeline.cpp              : 212)   SPAdes started
  0:00:00.001     1M / 19M   INFO    General                 (pipeline.cpp              : 225)   Starting from stage: read_conversion
  0:00:00.001     1M / 19M   INFO    General                 (pipeline.cpp              : 231)   Two-step repeat resolution disabled
  0:00:00.001     1M / 19M   INFO   GraphCore                (graph_core.hpp            : 672)   Graph created, vertex min_id: 3, edge min_id: 3
  0:00:00.001     1M / 19M   INFO   GraphCore                (graph_core.hpp            : 673)   Vertex size: 48, edge size: 40
  0:00:00.001     1M / 19M   INFO    General                 (edge_index.hpp            : 113)   Size of edge index entries: 12/8
  0:00:00.001     1M / 19M   INFO    General                 (pipeline.cpp              : 242)   Will need read mapping, kmer mapper will be attached
  0:00:00.001     1M / 19M   INFO   StageManager             (stage.cpp                 : 185)   STAGE == Binary Read Conversion (id: read_conversion)
  0:00:00.002     1M / 19M   INFO    General                 (read_converter.cpp        :  53)   Binary reads detected
  0:00:00.005     1M / 19M   INFO   StageManager             (stage.cpp                 : 185)   STAGE == de Bruijn graph construction (id: construction)
  0:00:00.005     1M / 19M   INFO    General                 (construction.cpp          : 118)   Contigs from previous K will be used: /data/djs217/PROJECTS/10_X_fragariae_feb_2024/04_spades/NCPPB_4181.spades/K55/simplified_contigs
  0:00:00.042     1M / 19M   INFO    General                 (construction.cpp          : 153)   Max read length 301
  0:00:00.043     1M / 19M   INFO    General                 (construction.cpp          : 159)   Average read length 201.541
  0:00:00.043     1M / 19M   INFO    General                 (stage.cpp                 : 117)   PROCEDURE == k+1-mer counting (id: construction:kpomer_counting)
  0:00:00.043     1M / 19M   INFO    General                 (kmer_index_builder.hpp    : 243)   Splitting kmer instances into 160 files using 16 threads. This might take a while.
  0:00:00.043     1M / 19M   INFO    General                 (file_limit.hpp            :  42)   Open file limit set to 1024
  0:00:00.043     1M / 19M   INFO    General                 (kmer_splitter.hpp         :  93)   Memory available for splitting buffers: 1.29165 Gb
  0:00:00.043     1M / 19M   INFO    General                 (kmer_splitter.hpp         : 101)   Using cell size of 139810
  0:00:01.620  9601M / 9601M INFO    General                 (kmer_splitters.hpp        : 125)   Processed 1798042 reads
  0:00:01.646     2M / 3046M INFO    General                 (kmer_splitters.hpp        : 131)   Used 1798042 reads
  0:00:01.817     2M / 3046M INFO    General                 (kmer_index_builder.hpp    : 249)   Starting k-mer counting.
  0:00:01.882     1M / 3046M INFO    General                 (kmer_index_builder.hpp    : 260)   K-mer counting done. There are 4181864 kmers in total.
  0:00:01.882     1M / 3046M INFO    General                 (stage.cpp                 : 117)   PROCEDURE == Extension index construction (id: construction:extension_index_construction)
  0:00:01.884     1M / 3046M INFO   K-mer Index Building     (kmer_index_builder.hpp    : 438)   Building kmer index
  0:00:01.884     1M / 3046M INFO    General                 (kmer_index_builder.hpp    : 243)   Splitting kmer instances into 160 files using 16 threads. This might take a while.
  0:00:01.884     1M / 3046M INFO    General                 (file_limit.hpp            :  42)   Open file limit set to 1024
  0:00:01.884     1M / 3046M INFO    General                 (kmer_splitter.hpp         :  93)   Memory available for splitting buffers: 1.29165 Gb
  0:00:01.885     1M / 3046M INFO    General                 (kmer_splitter.hpp         : 101)   Using cell size of 139810
  0:00:02.058  9602M / 9602M INFO    General                 (kmer_splitters.hpp        : 194)   Processed 4181864 kmers
  0:00:02.058  9602M / 9602M INFO    General                 (kmer_splitters.hpp        : 199)   Used 4181864 kmers.
  0:00:02.060     2M / 3046M INFO    General                 (kmer_index_builder.hpp    : 249)   Starting k-mer counting.
  0:00:02.123     2M / 3046M INFO    General                 (kmer_index_builder.hpp    : 260)   K-mer counting done. There are 4179869 kmers in total.
  0:00:02.123     2M / 3046M INFO   K-mer Index Building     (kmer_index_builder.hpp    : 395)   Building perfect hash indices
  0:00:02.196     5M / 3046M INFO   K-mer Index Building     (kmer_index_builder.hpp    : 431)   Index built. Total 4179869 kmers, 3139472 bytes occupied (6.00875 bits per kmer).
  0:00:02.196     5M / 3046M INFO    General                 (kmer_index_builder.hpp    : 169)   Merging final buckets.
  0:00:02.642     9M / 3046M INFO   DeBruijnExtensionIndexBu (kmer_extension_index_build: 100)   Building k-mer extensions from k+1-mers
  0:00:02.796     9M / 3046M INFO   DeBruijnExtensionIndexBu (kmer_extension_index_build: 105)   Building k-mer extensions from k+1-mers finished.
  0:00:02.807     9M / 3046M INFO    General                 (stage.cpp                 : 117)   PROCEDURE == Condensing graph (id: construction:graph_condensing)
  0:00:02.808     9M / 3046M INFO   UnbranchingPathExtractor (debruijn_graph_constructor: 354)   Extracting unbranching paths
  0:00:02.918    11M / 3046M INFO   UnbranchingPathExtractor (debruijn_graph_constructor: 373)   Extracting unbranching paths finished. 22515 sequences extracted
  0:00:03.014    11M / 3046M INFO   UnbranchingPathExtractor (debruijn_graph_constructor: 309)   Collecting perfect loops
  0:00:03.044    11M / 3046M INFO   UnbranchingPathExtractor (debruijn_graph_constructor: 342)   Collecting perfect loops finished. 0 loops collected
  0:00:03.054    11M / 3046M INFO    General                 (debruijn_graph_constructor: 487)   Total 45030 edges to create
  0:00:03.054    13M / 3046M INFO    General                 (debruijn_graph_constructor: 489)   Collecting link records
  0:00:03.074    13M / 3046M INFO    General                 (debruijn_graph_constructor: 491)   Ordering link records
  0:00:03.074    13M / 3046M INFO    General                 (debruijn_graph_constructor: 493)   Sorting done
  0:00:03.074    14M / 3046M INFO    General                 (debruijn_graph_constructor: 503)   Total 20520 vertices to create
  0:00:03.074    16M / 3046M INFO    General                 (debruijn_graph_constructor: 506)   Connecting the graph
  0:00:03.093    14M / 3046M INFO    General                 (stage.cpp                 : 117)   PROCEDURE == Filling coverage indices (PHM) (id: construction:coverage_filling_phm)
  0:00:03.093    14M / 3046M INFO   K-mer Index Building     (kmer_index_builder.hpp    : 395)   Building perfect hash indices
  0:00:03.146    18M / 3046M INFO   K-mer Index Building     (kmer_index_builder.hpp    : 431)   Index built. Total 4181864 kmers, 3141016 bytes occupied (6.00883 bits per kmer).
  0:00:03.152    34M / 3046M INFO    General                 (coverage_hash_map_builder.:  47)   Collecting k-mer coverage information from reads, this takes a while.
  0:00:04.506    34M / 3046M INFO    General                 (construction.cpp          : 430)   Filling coverage and flanking coverage from PHM
  0:00:04.609    34M / 3046M INFO    General                 (coverage_filling.hpp      :  82)   Processed 45028 edges
  0:00:04.648     6M / 3046M INFO   StageManager             (stage.cpp                 : 185)   STAGE == EC Threshold Finding (id: ec_threshold_finder)
  0:00:04.649     6M / 3046M INFO    General                 (kmer_coverage_model.cpp   : 181)   Kmer coverage valley at: 2
  0:00:04.649     6M / 3046M INFO    General                 (kmer_coverage_model.cpp   : 201)   K-mer histogram maximum: 24
  0:00:04.649     6M / 3046M INFO    General                 (kmer_coverage_model.cpp   : 237)   Estimated median coverage: 26. Coverage mad: 8.8956
  0:00:04.649     6M / 3046M INFO    General                 (kmer_coverage_model.cpp   : 259)   Fitting coverage model
  0:00:04.677     6M / 3046M INFO    General                 (kmer_coverage_model.cpp   : 295)   ... iteration 2
  0:00:04.779     6M / 3046M INFO    General                 (kmer_coverage_model.cpp   : 295)   ... iteration 4
  0:00:05.084     6M / 3046M INFO    General                 (kmer_coverage_model.cpp   : 295)   ... iteration 8
  0:00:05.525     6M / 3046M INFO    General                 (kmer_coverage_model.cpp   : 309)   Fitted mean coverage: 26.2619. Fitted coverage std. dev: 7.21681
  0:00:05.528     6M / 3046M INFO    General                 (kmer_coverage_model.cpp   : 334)   Probability of erroneous kmer at valley: 0.975108
  0:00:05.528     6M / 3046M INFO    General                 (kmer_coverage_model.cpp   : 358)   Preliminary threshold calculated as: 11
  0:00:05.528     6M / 3046M INFO    General                 (kmer_coverage_model.cpp   : 362)   Threshold adjusted to: 11
  0:00:05.528     6M / 3046M INFO    General                 (kmer_coverage_model.cpp   : 375)   Estimated genome size (ignoring repeats): 3920554
  0:00:05.528     6M / 3046M INFO    General                 (genomic_info_filler.cpp   :  55)   Mean coverage was calculated as 26.2619
  0:00:05.528     6M / 3046M INFO    General                 (genomic_info_filler.cpp   :  70)   EC coverage threshold value was calculated as 11
  0:00:05.528     6M / 3046M INFO    General                 (genomic_info_filler.cpp   :  71)   Trusted kmer low bound: 0
  0:00:05.528     6M / 3046M INFO   StageManager             (stage.cpp                 : 185)   STAGE == Gap Closer (id: early_gapcloser)
  0:00:05.536    15M / 3046M INFO    General                 (edge_index.hpp            : 113)   Size of edge index entries: 12/8
  0:00:05.543    15M / 3046M INFO    General                 (gap_closer.cpp            : 101)   Total edges in tip neighborhood: 8503 out of 45028, length: 171517
  0:00:05.544    16M / 3046M INFO    General                 (edge_index.hpp            : 167)   Using small index (max_id = 45258)
  0:00:05.546    16M / 3046M INFO   K-mer Index Building     (kmer_index_builder.hpp    : 395)   Building perfect hash indices
  0:00:05.557    16M / 3046M INFO   K-mer Index Building     (kmer_index_builder.hpp    : 431)   Index built. Total 159600 kmers, 116016 bytes occupied (5.81534 bits per kmer).
  0:00:05.558    17M / 3046M INFO    General                 (edge_index_builders.hpp   : 265)   Collecting edge information from graph, this takes a while.
  0:00:06.656    17M / 3046M INFO    General                 (sequence_mapper_notifier.h:  95)   Total 447508 reads processed
  0:00:06.664    15M / 3046M INFO    General                 (gap_closer.cpp            : 452)   Initializing gap closer
  0:00:06.664    15M / 3046M INFO   GapCloser                (gap_closer.cpp            : 359)   Closing short gaps
  0:00:06.683    15M / 3046M INFO   GapCloser                (gap_closer.cpp            : 391)   Closing short gaps complete: filled 0 gaps after checking 18 candidates
  0:00:06.685    15M / 3046M INFO    General                 (gap_closer.cpp            : 456)   Gap closer done
  0:00:06.686     6M / 3046M INFO   StageManager             (stage.cpp                 : 185)   STAGE == Raw Simplification (id: raw_simplification)
  0:00:06.686     6M / 3046M INFO    General                 (simplification.cpp        : 127)   PROCEDURE == Initial cleaning
  0:00:06.686     6M / 3046M INFO    General                 (graph_simplification.hpp  : 662)   Flanking coverage based disconnection disabled
  0:00:06.686     6M / 3046M INFO   Simplification           (parallel_processing.hpp   : 167)   Running Self conjugate edge remover
  0:00:06.686     6M / 3046M INFO   Simplification           (parallel_processing.hpp   : 170)   Self conjugate edge remover triggered 0 times
  0:00:06.686     6M / 3046M INFO   StageManager             (stage.cpp                 : 185)   STAGE == Simplification (id: simplification)
  0:00:06.687     6M / 3046M INFO    General                 (simplification.cpp        : 368)   Graph simplification started
  0:00:06.687     6M / 3046M INFO    General                 (graph_simplification.hpp  : 634)   Creating parallel br instance
  0:00:06.687     6M / 3046M INFO    General                 (simplification.cpp        : 373)   PROCEDURE == Simplification cycle, iteration 1
  0:00:06.687     6M / 3046M INFO   Simplification           (parallel_processing.hpp   : 167)   Running Tip clipper
  0:00:06.798     6M / 3046M INFO   Simplification           (parallel_processing.hpp   : 170)   Tip clipper triggered 7769 times
  0:00:06.798     6M / 3046M INFO   Simplification           (parallel_processing.hpp   : 167)   Running Bulge remover
  0:00:06.961    14M / 3046M INFO   Simplification           (parallel_processing.hpp   : 170)   Bulge remover triggered 763 times
  0:00:06.963    14M / 3046M INFO   Simplification           (parallel_processing.hpp   : 167)   Running Low coverage edge remover
  0:00:06.978    14M / 3046M INFO   Simplification           (parallel_processing.hpp   : 170)   Low coverage edge remover triggered 383 times
  0:00:06.978    14M / 3046M INFO    General                 (simplification.cpp        : 373)   PROCEDURE == Simplification cycle, iteration 2
  0:00:06.978    14M / 3046M INFO   Simplification           (parallel_processing.hpp   : 167)   Running Tip clipper
  0:00:06.979    14M / 3046M INFO   Simplification           (parallel_processing.hpp   : 170)   Tip clipper triggered 15 times
  0:00:06.979    14M / 3046M INFO   Simplification           (parallel_processing.hpp   : 167)   Running Bulge remover
  0:00:07.005    16M / 3046M INFO   Simplification           (parallel_processing.hpp   : 170)   Bulge remover triggered 115 times
  0:00:07.005    16M / 3046M INFO   Simplification           (parallel_processing.hpp   : 167)   Running Low coverage edge remover
  0:00:07.014    16M / 3046M INFO   Simplification           (parallel_processing.hpp   : 170)   Low coverage edge remover triggered 119 times
  0:00:07.014    16M / 3046M INFO    General                 (simplification.cpp        : 373)   PROCEDURE == Simplification cycle, iteration 3
  0:00:07.014    16M / 3046M INFO   Simplification           (parallel_processing.hpp   : 167)   Running Tip clipper
  0:00:07.014    16M / 3046M INFO   Simplification           (parallel_processing.hpp   : 170)   Tip clipper triggered 2 times
  0:00:07.014    16M / 3046M INFO   Simplification           (parallel_processing.hpp   : 167)   Running Bulge remover
  0:00:07.021    16M / 3046M INFO   Simplification           (parallel_processing.hpp   : 170)   Bulge remover triggered 33 times
  0:00:07.021    16M / 3046M INFO   Simplification           (parallel_processing.hpp   : 167)   Running Low coverage edge remover
  0:00:07.022    16M / 3046M INFO   Simplification           (parallel_processing.hpp   : 170)   Low coverage edge remover triggered 18 times
  0:00:07.022    16M / 3046M INFO    General                 (simplification.cpp        : 373)   PROCEDURE == Simplification cycle, iteration 4
  0:00:07.022    16M / 3046M INFO   Simplification           (parallel_processing.hpp   : 167)   Running Tip clipper
  0:00:07.022    16M / 3046M INFO   Simplification           (parallel_processing.hpp   : 170)   Tip clipper triggered 0 times
  0:00:07.022    16M / 3046M INFO   Simplification           (parallel_processing.hpp   : 167)   Running Bulge remover
  0:00:07.024    16M / 3046M INFO   Simplification           (parallel_processing.hpp   : 170)   Bulge remover triggered 10 times
  0:00:07.024    16M / 3046M INFO   Simplification           (parallel_processing.hpp   : 167)   Running Low coverage edge remover
  0:00:07.024    16M / 3046M INFO   Simplification           (parallel_processing.hpp   : 170)   Low coverage edge remover triggered 2 times
  0:00:07.024    16M / 3046M INFO    General                 (simplification.cpp        : 373)   PROCEDURE == Simplification cycle, iteration 5
  0:00:07.024    16M / 3046M INFO   Simplification           (parallel_processing.hpp   : 167)   Running Tip clipper
  0:00:07.024    16M / 3046M INFO   Simplification           (parallel_processing.hpp   : 170)   Tip clipper triggered 0 times
  0:00:07.024    16M / 3046M INFO   Simplification           (parallel_processing.hpp   : 167)   Running Bulge remover
  0:00:07.024    16M / 3046M INFO   Simplification           (parallel_processing.hpp   : 170)   Bulge remover triggered 1 times
  0:00:07.024    16M / 3046M INFO   Simplification           (parallel_processing.hpp   : 167)   Running Low coverage edge remover
  0:00:07.024    16M / 3046M INFO   Simplification           (parallel_processing.hpp   : 170)   Low coverage edge remover triggered 0 times
  0:00:07.024    16M / 3046M INFO    General                 (simplification.cpp        : 373)   PROCEDURE == Simplification cycle, iteration 6
  0:00:07.024    16M / 3046M INFO   Simplification           (parallel_processing.hpp   : 167)   Running Tip clipper
  0:00:07.024    16M / 3046M INFO   Simplification           (parallel_processing.hpp   : 170)   Tip clipper triggered 0 times
  0:00:07.024    16M / 3046M INFO   Simplification           (parallel_processing.hpp   : 167)   Running Bulge remover
  0:00:07.024    16M / 3046M INFO   Simplification           (parallel_processing.hpp   : 170)   Bulge remover triggered 0 times
  0:00:07.024    16M / 3046M INFO   Simplification           (parallel_processing.hpp   : 167)   Running Low coverage edge remover
  0:00:07.024    16M / 3046M INFO   Simplification           (parallel_processing.hpp   : 170)   Low coverage edge remover triggered 1 times
  0:00:07.025    16M / 3046M INFO    General                 (simplification.cpp        : 373)   PROCEDURE == Simplification cycle, iteration 7
  0:00:07.025    16M / 3046M INFO   Simplification           (parallel_processing.hpp   : 167)   Running Tip clipper
  0:00:07.025    16M / 3046M INFO   Simplification           (parallel_processing.hpp   : 170)   Tip clipper triggered 0 times
  0:00:07.025    16M / 3046M INFO   Simplification           (parallel_processing.hpp   : 167)   Running Bulge remover
  0:00:07.025    16M / 3046M INFO   Simplification           (parallel_processing.hpp   : 170)   Bulge remover triggered 1 times
  0:00:07.025    16M / 3046M INFO   Simplification           (parallel_processing.hpp   : 167)   Running Low coverage edge remover
  0:00:07.025    16M / 3046M INFO   Simplification           (parallel_processing.hpp   : 170)   Low coverage edge remover triggered 1 times
  0:00:07.025    16M / 3046M INFO    General                 (simplification.cpp        : 373)   PROCEDURE == Simplification cycle, iteration 8
  0:00:07.025    16M / 3046M INFO   Simplification           (parallel_processing.hpp   : 167)   Running Tip clipper
  0:00:07.025    16M / 3046M INFO   Simplification           (parallel_processing.hpp   : 170)   Tip clipper triggered 0 times
  0:00:07.025    16M / 3046M INFO   Simplification           (parallel_processing.hpp   : 167)   Running Bulge remover
  0:00:07.025    16M / 3046M INFO   Simplification           (parallel_processing.hpp   : 170)   Bulge remover triggered 0 times
  0:00:07.025    16M / 3046M INFO   Simplification           (parallel_processing.hpp   : 167)   Running Low coverage edge remover
  0:00:07.025    16M / 3046M INFO   Simplification           (parallel_processing.hpp   : 170)   Low coverage edge remover triggered 3 times
  0:00:07.025    16M / 3046M INFO    General                 (simplification.cpp        : 373)   PROCEDURE == Simplification cycle, iteration 9
  0:00:07.025    16M / 3046M INFO   Simplification           (parallel_processing.hpp   : 167)   Running Tip clipper
  0:00:07.025    16M / 3046M INFO   Simplification           (parallel_processing.hpp   : 170)   Tip clipper triggered 0 times
  0:00:07.025    16M / 3046M INFO   Simplification           (parallel_processing.hpp   : 167)   Running Bulge remover
  0:00:07.025    16M / 3046M INFO   Simplification           (parallel_processing.hpp   : 170)   Bulge remover triggered 0 times
  0:00:07.025    16M / 3046M INFO   Simplification           (parallel_processing.hpp   : 167)   Running Low coverage edge remover
  0:00:07.025    16M / 3046M INFO   Simplification           (parallel_processing.hpp   : 170)   Low coverage edge remover triggered 1 times
  0:00:07.025    16M / 3046M INFO    General                 (simplification.cpp        : 373)   PROCEDURE == Simplification cycle, iteration 10
  0:00:07.025    16M / 3046M INFO   Simplification           (parallel_processing.hpp   : 167)   Running Tip clipper
  0:00:07.025    16M / 3046M INFO   Simplification           (parallel_processing.hpp   : 170)   Tip clipper triggered 0 times
  0:00:07.025    16M / 3046M INFO   Simplification           (parallel_processing.hpp   : 167)   Running Bulge remover
  0:00:07.026    16M / 3046M INFO   Simplification           (parallel_processing.hpp   : 170)   Bulge remover triggered 0 times
  0:00:07.026    16M / 3046M INFO   Simplification           (parallel_processing.hpp   : 167)   Running Low coverage edge remover
  0:00:07.026    16M / 3046M INFO   Simplification           (parallel_processing.hpp   : 170)   Low coverage edge remover triggered 1 times
  0:00:07.026    16M / 3046M INFO    General                 (simplification.cpp        : 373)   PROCEDURE == Simplification cycle, iteration 11
  0:00:07.026    16M / 3046M INFO   Simplification           (parallel_processing.hpp   : 167)   Running Tip clipper
  0:00:07.026    16M / 3046M INFO   Simplification           (parallel_processing.hpp   : 170)   Tip clipper triggered 0 times
  0:00:07.026    16M / 3046M INFO   Simplification           (parallel_processing.hpp   : 167)   Running Bulge remover
  0:00:07.028    16M / 3046M INFO   Simplification           (parallel_processing.hpp   : 170)   Bulge remover triggered 1 times
  0:00:07.028    16M / 3046M INFO   Simplification           (parallel_processing.hpp   : 167)   Running Low coverage edge remover
  0:00:07.029    16M / 3046M INFO   Simplification           (parallel_processing.hpp   : 170)   Low coverage edge remover triggered 0 times
  0:00:07.029    16M / 3046M INFO    General                 (simplification.cpp        : 373)   PROCEDURE == Simplification cycle, iteration 12
  0:00:07.029    16M / 3046M INFO   Simplification           (parallel_processing.hpp   : 167)   Running Tip clipper
  0:00:07.029    16M / 3046M INFO   Simplification           (parallel_processing.hpp   : 170)   Tip clipper triggered 0 times
  0:00:07.029    16M / 3046M INFO   Simplification           (parallel_processing.hpp   : 167)   Running Bulge remover
  0:00:07.029    16M / 3046M INFO   Simplification           (parallel_processing.hpp   : 170)   Bulge remover triggered 0 times
  0:00:07.029    16M / 3046M INFO   Simplification           (parallel_processing.hpp   : 167)   Running Low coverage edge remover
  0:00:07.029    16M / 3046M INFO   Simplification           (parallel_processing.hpp   : 170)   Low coverage edge remover triggered 0 times
  0:00:07.029    16M / 3046M INFO   StageManager             (stage.cpp                 : 185)   STAGE == Gap Closer (id: late_gapcloser)
  0:00:07.035    25M / 3046M INFO    General                 (edge_index.hpp            : 113)   Size of edge index entries: 12/8
  0:00:07.035    25M / 3046M INFO    General                 (gap_closer.cpp            : 101)   Total edges in tip neighborhood: 663 out of 5616, length: 200972
  0:00:07.035    25M / 3046M INFO    General                 (edge_index.hpp            : 167)   Using small index (max_id = 45258)
  0:00:07.038    25M / 3046M INFO   K-mer Index Building     (kmer_index_builder.hpp    : 395)   Building perfect hash indices
  0:00:07.062    25M / 3046M INFO   K-mer Index Building     (kmer_index_builder.hpp    : 431)   Index built. Total 188945 kmers, 137224 bytes occupied (5.81011 bits per kmer).
  0:00:07.062    27M / 3046M INFO    General                 (edge_index_builders.hpp   : 265)   Collecting edge information from graph, this takes a while.
  0:00:08.731    27M / 3046M INFO    General                 (sequence_mapper_notifier.h:  95)   Total 447508 reads processed
  0:00:08.740    25M / 3046M INFO    General                 (gap_closer.cpp            : 452)   Initializing gap closer
  0:00:08.740    25M / 3046M INFO   GapCloser                (gap_closer.cpp            : 359)   Closing short gaps
  0:00:08.744    25M / 3046M INFO   GapCloser                (gap_closer.cpp            : 391)   Closing short gaps complete: filled 1 gaps after checking 5 candidates
  0:00:08.745    25M / 3046M INFO    General                 (gap_closer.cpp            : 456)   Gap closer done
  0:00:08.746    16M / 3046M INFO   StageManager             (stage.cpp                 : 185)   STAGE == Simplification Cleanup (id: simplification_cleanup)
  0:00:08.746    16M / 3046M INFO    General                 (simplification.cpp        : 176)   PROCEDURE == Post simplification
  0:00:08.747    16M / 3046M INFO    General                 (graph_simplification.hpp  : 448)   Disconnection of relatively low covered edges disabled
  0:00:08.747    16M / 3046M INFO    General                 (graph_simplification.hpp  : 485)   Complex tip clipping disabled
  0:00:08.747    16M / 3046M INFO    General                 (graph_simplification.hpp  : 634)   Creating parallel br instance
  0:00:08.747    16M / 3046M INFO   Simplification           (parallel_processing.hpp   : 167)   Running Tip clipper
  0:00:08.747    16M / 3046M INFO   Simplification           (parallel_processing.hpp   : 170)   Tip clipper triggered 0 times
  0:00:08.747    16M / 3046M INFO   Simplification           (parallel_processing.hpp   : 167)   Running Bulge remover
  0:00:08.752    16M / 3046M INFO   Simplification           (parallel_processing.hpp   : 170)   Bulge remover triggered 0 times
  0:00:08.752    16M / 3046M INFO   Simplification           (parallel_processing.hpp   : 167)   Running Tip clipper
  0:00:08.752    16M / 3046M INFO   Simplification           (parallel_processing.hpp   : 170)   Tip clipper triggered 0 times
  0:00:08.752    16M / 3046M INFO   Simplification           (parallel_processing.hpp   : 167)   Running Bulge remover
  0:00:08.756    16M / 3046M INFO   Simplification           (parallel_processing.hpp   : 170)   Bulge remover triggered 0 times
  0:00:08.756    16M / 3046M INFO    General                 (simplification.cpp        : 327)   Disrupting self-conjugate edges
  0:00:08.757    16M / 3046M INFO   Simplification           (parallel_processing.hpp   : 167)   Running Removing isolated edges
  0:00:08.757    16M / 3046M INFO   Simplification           (parallel_processing.hpp   : 170)   Removing isolated edges triggered 326 times
  0:00:08.758    16M / 3046M INFO    General                 (simplification.cpp        : 495)   After simplification:
  0:00:08.758    16M / 3046M INFO    General                 (simplification.cpp        : 496)     Average coverage = 28.5352
  0:00:08.758    16M / 3046M INFO    General                 (simplification.cpp        : 497)     Total length = 3933114
  0:00:08.758    16M / 3046M INFO    General                 (simplification.cpp        : 498)     Median edge length: 23853
  0:00:08.758    16M / 3046M INFO    General                 (simplification.cpp        : 499)     Edges: 4962
  0:00:08.758    16M / 3046M INFO    General                 (simplification.cpp        : 500)     Vertices: 3224
  0:00:08.758    16M / 3046M INFO   StageManager             (stage.cpp                 : 185)   STAGE == Contig Output (id: contig_output)
  0:00:08.759    16M / 3046M INFO    General                 (read_converter.cpp        : 107)   Outputting contigs to /data/djs217/PROJECTS/10_X_fragariae_feb_2024/04_spades/NCPPB_4181.spades/K77/simplified_contigs
  0:00:08.765    19M / 3046M INFO    General                 (binary_converter.cpp      : 111)   2481 reads written
  0:00:08.770    16M / 3046M INFO    General                 (pipeline.cpp              : 287)   SPAdes finished
  0:00:08.791     1M / 3046M INFO    General                 (main.cpp                  : 136)   Assembling time: 0 hours 0 minutes 8 seconds

===== K77 finished. 


===== K99 started. 


== Running: /data/djs217/anaconda3/envs/spades-env/bin/spades-core /data/djs217/PROJECTS/10_X_fragariae_feb_2024/04_spades/NCPPB_4181.spades/K99/configs/config.info /data/djs217/PROJECTS/10_X_fragariae_feb_2024/04_spades/NCPPB_4181.spades/K99/configs/careful_mode.info

  0:00:00.000     1M / 19M   INFO    General                 (main.cpp                  :  99)   Loaded config from /data/djs217/PROJECTS/10_X_fragariae_feb_2024/04_spades/NCPPB_4181.spades/K99/configs/config.info
  0:00:00.001     1M / 19M   INFO    General                 (main.cpp                  :  99)   Loaded config from /data/djs217/PROJECTS/10_X_fragariae_feb_2024/04_spades/NCPPB_4181.spades/K99/configs/careful_mode.info
  0:00:00.002     1M / 19M   INFO    General                 (memory_limit.cpp          :  54)   Memory limit set to 62 Gb
  0:00:00.002     1M / 19M   INFO    General                 (main.cpp                  : 107)   Starting SPAdes, built from N/A, git revision N/A
  0:00:00.002     1M / 19M   INFO    General                 (main.cpp                  : 108)   Maximum k-mer length: 128
  0:00:00.002     1M / 19M   INFO    General                 (main.cpp                  : 109)   Assembling dataset (/data/djs217/PROJECTS/10_X_fragariae_feb_2024/04_spades/NCPPB_4181.spades/dataset.info) with K=99
  0:00:00.002     1M / 19M   INFO    General                 (main.cpp                  : 110)   Maximum # of threads to use (adjusted due to OMP capabilities): 16
  0:00:00.002     1M / 19M   INFO    General                 (pipeline.cpp              : 212)   SPAdes started
  0:00:00.002     1M / 19M   INFO    General                 (pipeline.cpp              : 225)   Starting from stage: read_conversion
  0:00:00.002     1M / 19M   INFO    General                 (pipeline.cpp              : 231)   Two-step repeat resolution disabled
  0:00:00.002     1M / 19M   INFO   GraphCore                (graph_core.hpp            : 672)   Graph created, vertex min_id: 3, edge min_id: 3
  0:00:00.002     1M / 19M   INFO   GraphCore                (graph_core.hpp            : 673)   Vertex size: 48, edge size: 40
  0:00:00.002     1M / 19M   INFO    General                 (edge_index.hpp            : 113)   Size of edge index entries: 12/8
  0:00:00.002     1M / 19M   INFO    General                 (pipeline.cpp              : 242)   Will need read mapping, kmer mapper will be attached
  0:00:00.002     1M / 19M   INFO   StageManager             (stage.cpp                 : 185)   STAGE == Binary Read Conversion (id: read_conversion)
  0:00:00.004     1M / 19M   INFO    General                 (read_converter.cpp        :  53)   Binary reads detected
  0:00:00.009     1M / 19M   INFO   StageManager             (stage.cpp                 : 185)   STAGE == de Bruijn graph construction (id: construction)
  0:00:00.009     1M / 19M   INFO    General                 (construction.cpp          : 118)   Contigs from previous K will be used: /data/djs217/PROJECTS/10_X_fragariae_feb_2024/04_spades/NCPPB_4181.spades/K77/simplified_contigs
  0:00:00.043     1M / 19M   INFO    General                 (construction.cpp          : 153)   Max read length 301
  0:00:00.043     1M / 19M   INFO    General                 (construction.cpp          : 159)   Average read length 201.541
  0:00:00.043     1M / 19M   INFO    General                 (stage.cpp                 : 117)   PROCEDURE == k+1-mer counting (id: construction:kpomer_counting)
  0:00:00.043     1M / 19M   INFO    General                 (kmer_index_builder.hpp    : 243)   Splitting kmer instances into 160 files using 16 threads. This might take a while.
  0:00:00.043     1M / 19M   INFO    General                 (file_limit.hpp            :  42)   Open file limit set to 1024
  0:00:00.044     1M / 19M   INFO    General                 (kmer_splitter.hpp         :  93)   Memory available for splitting buffers: 1.29165 Gb
  0:00:00.044     1M / 19M   INFO    General                 (kmer_splitter.hpp         : 101)   Using cell size of 104857
  0:00:01.488  9601M / 9601M INFO    General                 (kmer_splitters.hpp        : 125)   Processed 1797512 reads
  0:00:01.506     1M / 3425M INFO    General                 (kmer_splitters.hpp        : 131)   Used 1797512 reads
  0:00:01.784     1M / 3425M INFO    General                 (kmer_index_builder.hpp    : 249)   Starting k-mer counting.
  0:00:01.893     1M / 3425M INFO    General                 (kmer_index_builder.hpp    : 260)   K-mer counting done. There are 4215522 kmers in total.
  0:00:01.893     1M / 3425M INFO    General                 (stage.cpp                 : 117)   PROCEDURE == Extension index construction (id: construction:extension_index_construction)
  0:00:01.896     1M / 3425M INFO   K-mer Index Building     (kmer_index_builder.hpp    : 438)   Building kmer index
  0:00:01.896     1M / 3425M INFO    General                 (kmer_index_builder.hpp    : 243)   Splitting kmer instances into 160 files using 16 threads. This might take a while.
  0:00:01.896     1M / 3425M INFO    General                 (file_limit.hpp            :  42)   Open file limit set to 1024
  0:00:01.896     1M / 3425M INFO    General                 (kmer_splitter.hpp         :  93)   Memory available for splitting buffers: 1.29165 Gb
  0:00:01.896     1M / 3425M INFO    General                 (kmer_splitter.hpp         : 101)   Using cell size of 104857
  0:00:02.115  9602M / 9602M INFO    General                 (kmer_splitters.hpp        : 194)   Processed 4215522 kmers
  0:00:02.115  9602M / 9602M INFO    General                 (kmer_splitters.hpp        : 199)   Used 4215522 kmers.
  0:00:02.117     2M / 3425M INFO    General                 (kmer_index_builder.hpp    : 249)   Starting k-mer counting.
  0:00:02.207     2M / 3425M INFO    General                 (kmer_index_builder.hpp    : 260)   K-mer counting done. There are 4214302 kmers in total.
  0:00:02.207     2M / 3425M INFO   K-mer Index Building     (kmer_index_builder.hpp    : 395)   Building perfect hash indices
  0:00:02.313     5M / 3425M INFO   K-mer Index Building     (kmer_index_builder.hpp    : 431)   Index built. Total 4214302 kmers, 3163960 bytes occupied (6.00614 bits per kmer).
  0:00:02.313     5M / 3425M INFO    General                 (kmer_index_builder.hpp    : 169)   Merging final buckets.
  0:00:02.746     9M / 3425M INFO   DeBruijnExtensionIndexBu (kmer_extension_index_build: 100)   Building k-mer extensions from k+1-mers
  0:00:02.935     9M / 3425M INFO   DeBruijnExtensionIndexBu (kmer_extension_index_build: 105)   Building k-mer extensions from k+1-mers finished.
  0:00:02.954     9M / 3425M INFO    General                 (stage.cpp                 : 117)   PROCEDURE == Condensing graph (id: construction:graph_condensing)
  0:00:02.955     9M / 3425M INFO   UnbranchingPathExtractor (debruijn_graph_constructor: 354)   Extracting unbranching paths
  0:00:03.089    11M / 3425M INFO   UnbranchingPathExtractor (debruijn_graph_constructor: 373)   Extracting unbranching paths finished. 20998 sequences extracted
  0:00:03.197    11M / 3425M INFO   UnbranchingPathExtractor (debruijn_graph_constructor: 309)   Collecting perfect loops
  0:00:03.231    11M / 3425M INFO   UnbranchingPathExtractor (debruijn_graph_constructor: 342)   Collecting perfect loops finished. 0 loops collected
  0:00:03.243    11M / 3425M INFO    General                 (debruijn_graph_constructor: 487)   Total 41996 edges to create
  0:00:03.243    13M / 3425M INFO    General                 (debruijn_graph_constructor: 489)   Collecting link records
  0:00:03.263    14M / 3425M INFO    General                 (debruijn_graph_constructor: 491)   Ordering link records
  0:00:03.264    14M / 3425M INFO    General                 (debruijn_graph_constructor: 493)   Sorting done
  0:00:03.264    14M / 3425M INFO    General                 (debruijn_graph_constructor: 503)   Total 19778 vertices to create
  0:00:03.264    16M / 3425M INFO    General                 (debruijn_graph_constructor: 506)   Connecting the graph
  0:00:03.284    15M / 3425M INFO    General                 (stage.cpp                 : 117)   PROCEDURE == Filling coverage indices (PHM) (id: construction:coverage_filling_phm)
  0:00:03.284    15M / 3425M INFO   K-mer Index Building     (kmer_index_builder.hpp    : 395)   Building perfect hash indices
  0:00:03.360    18M / 3425M INFO   K-mer Index Building     (kmer_index_builder.hpp    : 431)   Index built. Total 4215522 kmers, 3164864 bytes occupied (6.00612 bits per kmer).
  0:00:03.367    35M / 3425M INFO    General                 (coverage_hash_map_builder.:  47)   Collecting k-mer coverage information from reads, this takes a while.
  0:00:04.477    35M / 3425M INFO    General                 (construction.cpp          : 430)   Filling coverage and flanking coverage from PHM
  0:00:04.588    35M / 3425M INFO    General                 (coverage_filling.hpp      :  82)   Processed 41996 edges
  0:00:04.639     6M / 3425M INFO   StageManager             (stage.cpp                 : 185)   STAGE == EC Threshold Finding (id: ec_threshold_finder)
  0:00:04.639     6M / 3425M INFO    General                 (kmer_coverage_model.cpp   : 181)   Kmer coverage valley at: 0
  0:00:04.639     6M / 3425M INFO    General                 (kmer_coverage_model.cpp   : 201)   K-mer histogram maximum: 20
  0:00:04.639     6M / 3425M INFO    General                 (kmer_coverage_model.cpp   : 237)   Estimated median coverage: 21. Coverage mad: 8.8956
  0:00:04.639     6M / 3425M INFO    General                 (kmer_coverage_model.cpp   : 259)   Fitting coverage model
  0:00:04.656     6M / 3425M INFO    General                 (kmer_coverage_model.cpp   : 295)   ... iteration 2
  0:00:04.705     6M / 3425M INFO    General                 (kmer_coverage_model.cpp   : 295)   ... iteration 4
  0:00:04.912     6M / 3425M INFO    General                 (kmer_coverage_model.cpp   : 295)   ... iteration 8
  0:00:05.397     6M / 3425M INFO    General                 (kmer_coverage_model.cpp   : 295)   ... iteration 16
  0:00:05.992     6M / 3425M INFO    General                 (kmer_coverage_model.cpp   : 309)   Fitted mean coverage: 21.8405. Fitted coverage std. dev: 6.49922
  0:00:05.995     6M / 3425M INFO    General                 (kmer_coverage_model.cpp   : 334)   Probability of erroneous kmer at valley: 0.999009
  0:00:05.995     6M / 3425M INFO    General                 (kmer_coverage_model.cpp   : 358)   Preliminary threshold calculated as: 9
  0:00:05.995     6M / 3425M INFO    General                 (kmer_coverage_model.cpp   : 362)   Threshold adjusted to: 9
  0:00:05.995     6M / 3425M INFO    General                 (kmer_coverage_model.cpp   : 375)   Estimated genome size (ignoring repeats): 3931740
  0:00:05.995     6M / 3425M INFO    General                 (genomic_info_filler.cpp   :  55)   Mean coverage was calculated as 21.8405
  0:00:05.995     6M / 3425M INFO    General                 (genomic_info_filler.cpp   :  70)   EC coverage threshold value was calculated as 9
  0:00:05.995     6M / 3425M INFO    General                 (genomic_info_filler.cpp   :  71)   Trusted kmer low bound: 0
  0:00:05.995     6M / 3425M INFO   StageManager             (stage.cpp                 : 185)   STAGE == Gap Closer (id: early_gapcloser)
  0:00:06.002    15M / 3425M INFO    General                 (edge_index.hpp            : 113)   Size of edge index entries: 12/8
  0:00:06.009    16M / 3425M INFO    General                 (gap_closer.cpp            : 101)   Total edges in tip neighborhood: 8892 out of 41996, length: 212066
  0:00:06.009    16M / 3425M INFO    General                 (edge_index.hpp            : 167)   Using small index (max_id = 42208)
  0:00:06.012    16M / 3425M INFO   K-mer Index Building     (kmer_index_builder.hpp    : 395)   Building perfect hash indices
  0:00:06.025    16M / 3425M INFO   K-mer Index Building     (kmer_index_builder.hpp    : 431)   Index built. Total 193331 kmers, 140384 bytes occupied (5.80906 bits per kmer).
  0:00:06.026    17M / 3425M INFO    General                 (edge_index_builders.hpp   : 265)   Collecting edge information from graph, this takes a while.
  0:00:06.977    17M / 3425M INFO    General                 (sequence_mapper_notifier.h:  95)   Total 447508 reads processed
  0:00:06.985    15M / 3425M INFO    General                 (gap_closer.cpp            : 452)   Initializing gap closer
  0:00:06.985    15M / 3425M INFO   GapCloser                (gap_closer.cpp            : 359)   Closing short gaps
  0:00:07.006    15M / 3425M INFO   GapCloser                (gap_closer.cpp            : 391)   Closing short gaps complete: filled 2 gaps after checking 26 candidates
  0:00:07.008    15M / 3425M INFO    General                 (gap_closer.cpp            : 456)   Gap closer done
  0:00:07.009     6M / 3425M INFO   StageManager             (stage.cpp                 : 185)   STAGE == Raw Simplification (id: raw_simplification)
  0:00:07.009     6M / 3425M INFO    General                 (simplification.cpp        : 127)   PROCEDURE == Initial cleaning
  0:00:07.009     6M / 3425M INFO    General                 (graph_simplification.hpp  : 662)   Flanking coverage based disconnection disabled
  0:00:07.009     6M / 3425M INFO   Simplification           (parallel_processing.hpp   : 167)   Running Self conjugate edge remover
  0:00:07.010     6M / 3425M INFO   Simplification           (parallel_processing.hpp   : 170)   Self conjugate edge remover triggered 0 times
  0:00:07.010     6M / 3425M INFO   StageManager             (stage.cpp                 : 185)   STAGE == Simplification (id: simplification)
  0:00:07.010     6M / 3425M INFO    General                 (simplification.cpp        : 368)   Graph simplification started
  0:00:07.010     6M / 3425M INFO    General                 (graph_simplification.hpp  : 634)   Creating parallel br instance
  0:00:07.010     6M / 3425M INFO    General                 (simplification.cpp        : 373)   PROCEDURE == Simplification cycle, iteration 1
  0:00:07.010     6M / 3425M INFO   Simplification           (parallel_processing.hpp   : 167)   Running Tip clipper
  0:00:07.133     6M / 3425M INFO   Simplification           (parallel_processing.hpp   : 170)   Tip clipper triggered 7764 times
  0:00:07.134     6M / 3425M INFO   Simplification           (parallel_processing.hpp   : 167)   Running Bulge remover
  0:00:07.264    13M / 3425M INFO   Simplification           (parallel_processing.hpp   : 170)   Bulge remover triggered 472 times
  0:00:07.266    13M / 3425M INFO   Simplification           (parallel_processing.hpp   : 167)   Running Low coverage edge remover
  0:00:07.266    13M / 3425M INFO   Simplification           (parallel_processing.hpp   : 170)   Low coverage edge remover triggered 0 times
  0:00:07.266    13M / 3425M INFO    General                 (simplification.cpp        : 373)   PROCEDURE == Simplification cycle, iteration 2
  0:00:07.267    13M / 3425M INFO   Simplification           (parallel_processing.hpp   : 167)   Running Tip clipper
  0:00:07.267    13M / 3425M INFO   Simplification           (parallel_processing.hpp   : 170)   Tip clipper triggered 1 times
  0:00:07.267    13M / 3425M INFO   Simplification           (parallel_processing.hpp   : 167)   Running Bulge remover
  0:00:07.267    13M / 3425M INFO   Simplification           (parallel_processing.hpp   : 170)   Bulge remover triggered 0 times
  0:00:07.267    13M / 3425M INFO   Simplification           (parallel_processing.hpp   : 167)   Running Low coverage edge remover
  0:00:07.281    13M / 3425M INFO   Simplification           (parallel_processing.hpp   : 170)   Low coverage edge remover triggered 299 times
  0:00:07.281    13M / 3425M INFO    General                 (simplification.cpp        : 373)   PROCEDURE == Simplification cycle, iteration 3
  0:00:07.281    13M / 3425M INFO   Simplification           (parallel_processing.hpp   : 167)   Running Tip clipper
  0:00:07.282    13M / 3425M INFO   Simplification           (parallel_processing.hpp   : 170)   Tip clipper triggered 23 times
  0:00:07.282    13M / 3425M INFO   Simplification           (parallel_processing.hpp   : 167)   Running Bulge remover
  0:00:07.305    15M / 3425M INFO   Simplification           (parallel_processing.hpp   : 170)   Bulge remover triggered 78 times
  0:00:07.305    15M / 3425M INFO   Simplification           (parallel_processing.hpp   : 167)   Running Low coverage edge remover
  0:00:07.307    15M / 3425M INFO   Simplification           (parallel_processing.hpp   : 170)   Low coverage edge remover triggered 26 times
  0:00:07.307    15M / 3425M INFO    General                 (simplification.cpp        : 373)   PROCEDURE == Simplification cycle, iteration 4
  0:00:07.307    15M / 3425M INFO   Simplification           (parallel_processing.hpp   : 167)   Running Tip clipper
  0:00:07.307    15M / 3425M INFO   Simplification           (parallel_processing.hpp   : 170)   Tip clipper triggered 2 times
  0:00:07.307    15M / 3425M INFO   Simplification           (parallel_processing.hpp   : 167)   Running Bulge remover
  0:00:07.310    15M / 3425M INFO   Simplification           (parallel_processing.hpp   : 170)   Bulge remover triggered 9 times
  0:00:07.310    15M / 3425M INFO   Simplification           (parallel_processing.hpp   : 167)   Running Low coverage edge remover
  0:00:07.310    15M / 3425M INFO   Simplification           (parallel_processing.hpp   : 170)   Low coverage edge remover triggered 3 times
  0:00:07.310    15M / 3425M INFO    General                 (simplification.cpp        : 373)   PROCEDURE == Simplification cycle, iteration 5
  0:00:07.310    15M / 3425M INFO   Simplification           (parallel_processing.hpp   : 167)   Running Tip clipper
  0:00:07.311    15M / 3425M INFO   Simplification           (parallel_processing.hpp   : 170)   Tip clipper triggered 0 times
  0:00:07.311    15M / 3425M INFO   Simplification           (parallel_processing.hpp   : 167)   Running Bulge remover
  0:00:07.311    15M / 3425M INFO   Simplification           (parallel_processing.hpp   : 170)   Bulge remover triggered 2 times
  0:00:07.311    15M / 3425M INFO   Simplification           (parallel_processing.hpp   : 167)   Running Low coverage edge remover
  0:00:07.311    15M / 3425M INFO   Simplification           (parallel_processing.hpp   : 170)   Low coverage edge remover triggered 2 times
  0:00:07.311    15M / 3425M INFO    General                 (simplification.cpp        : 373)   PROCEDURE == Simplification cycle, iteration 6
  0:00:07.311    15M / 3425M INFO   Simplification           (parallel_processing.hpp   : 167)   Running Tip clipper
  0:00:07.311    15M / 3425M INFO   Simplification           (parallel_processing.hpp   : 170)   Tip clipper triggered 0 times
  0:00:07.311    15M / 3425M INFO   Simplification           (parallel_processing.hpp   : 167)   Running Bulge remover
  0:00:07.312    15M / 3425M INFO   Simplification           (parallel_processing.hpp   : 170)   Bulge remover triggered 2 times
  0:00:07.312    15M / 3425M INFO   Simplification           (parallel_processing.hpp   : 167)   Running Low coverage edge remover
  0:00:07.312    15M / 3425M INFO   Simplification           (parallel_processing.hpp   : 170)   Low coverage edge remover triggered 0 times
  0:00:07.312    15M / 3425M INFO    General                 (simplification.cpp        : 373)   PROCEDURE == Simplification cycle, iteration 7
  0:00:07.312    15M / 3425M INFO   Simplification           (parallel_processing.hpp   : 167)   Running Tip clipper
  0:00:07.312    15M / 3425M INFO   Simplification           (parallel_processing.hpp   : 170)   Tip clipper triggered 0 times
  0:00:07.312    15M / 3425M INFO   Simplification           (parallel_processing.hpp   : 167)   Running Bulge remover
  0:00:07.312    15M / 3425M INFO   Simplification           (parallel_processing.hpp   : 170)   Bulge remover triggered 0 times
  0:00:07.312    15M / 3425M INFO   Simplification           (parallel_processing.hpp   : 167)   Running Low coverage edge remover
  0:00:07.312    15M / 3425M INFO   Simplification           (parallel_processing.hpp   : 170)   Low coverage edge remover triggered 5 times
  0:00:07.312    15M / 3425M INFO    General                 (simplification.cpp        : 373)   PROCEDURE == Simplification cycle, iteration 8
  0:00:07.312    15M / 3425M INFO   Simplification           (parallel_processing.hpp   : 167)   Running Tip clipper
  0:00:07.312    15M / 3425M INFO   Simplification           (parallel_processing.hpp   : 170)   Tip clipper triggered 0 times
  0:00:07.312    15M / 3425M INFO   Simplification           (parallel_processing.hpp   : 167)   Running Bulge remover
  0:00:07.313    15M / 3425M INFO   Simplification           (parallel_processing.hpp   : 170)   Bulge remover triggered 1 times
  0:00:07.313    15M / 3425M INFO   Simplification           (parallel_processing.hpp   : 167)   Running Low coverage edge remover
  0:00:07.313    15M / 3425M INFO   Simplification           (parallel_processing.hpp   : 170)   Low coverage edge remover triggered 0 times
  0:00:07.313    15M / 3425M INFO    General                 (simplification.cpp        : 373)   PROCEDURE == Simplification cycle, iteration 9
  0:00:07.313    15M / 3425M INFO   Simplification           (parallel_processing.hpp   : 167)   Running Tip clipper
  0:00:07.313    15M / 3425M INFO   Simplification           (parallel_processing.hpp   : 170)   Tip clipper triggered 0 times
  0:00:07.313    15M / 3425M INFO   Simplification           (parallel_processing.hpp   : 167)   Running Bulge remover
  0:00:07.313    15M / 3425M INFO   Simplification           (parallel_processing.hpp   : 170)   Bulge remover triggered 0 times
  0:00:07.313    15M / 3425M INFO   Simplification           (parallel_processing.hpp   : 167)   Running Low coverage edge remover
  0:00:07.313    15M / 3425M INFO   Simplification           (parallel_processing.hpp   : 170)   Low coverage edge remover triggered 3 times
  0:00:07.313    15M / 3425M INFO    General                 (simplification.cpp        : 373)   PROCEDURE == Simplification cycle, iteration 10
  0:00:07.313    15M / 3425M INFO   Simplification           (parallel_processing.hpp   : 167)   Running Tip clipper
  0:00:07.313    15M / 3425M INFO   Simplification           (parallel_processing.hpp   : 170)   Tip clipper triggered 0 times
  0:00:07.313    15M / 3425M INFO   Simplification           (parallel_processing.hpp   : 167)   Running Bulge remover
  0:00:07.313    15M / 3425M INFO   Simplification           (parallel_processing.hpp   : 170)   Bulge remover triggered 0 times
  0:00:07.313    15M / 3425M INFO   Simplification           (parallel_processing.hpp   : 167)   Running Low coverage edge remover
  0:00:07.313    15M / 3425M INFO   Simplification           (parallel_processing.hpp   : 170)   Low coverage edge remover triggered 0 times
  0:00:07.313    15M / 3425M INFO    General                 (simplification.cpp        : 373)   PROCEDURE == Simplification cycle, iteration 11
  0:00:07.313    15M / 3425M INFO   Simplification           (parallel_processing.hpp   : 167)   Running Tip clipper
  0:00:07.314    15M / 3425M INFO   Simplification           (parallel_processing.hpp   : 170)   Tip clipper triggered 0 times
  0:00:07.314    15M / 3425M INFO   Simplification           (parallel_processing.hpp   : 167)   Running Bulge remover
  0:00:07.316    15M / 3425M INFO   Simplification           (parallel_processing.hpp   : 170)   Bulge remover triggered 1 times
  0:00:07.316    15M / 3425M INFO   Simplification           (parallel_processing.hpp   : 167)   Running Low coverage edge remover
  0:00:07.317    15M / 3425M INFO   Simplification           (parallel_processing.hpp   : 170)   Low coverage edge remover triggered 0 times
  0:00:07.317    15M / 3425M INFO    General                 (simplification.cpp        : 373)   PROCEDURE == Simplification cycle, iteration 12
  0:00:07.317    15M / 3425M INFO   Simplification           (parallel_processing.hpp   : 167)   Running Tip clipper
  0:00:07.317    15M / 3425M INFO   Simplification           (parallel_processing.hpp   : 170)   Tip clipper triggered 0 times
  0:00:07.317    15M / 3425M INFO   Simplification           (parallel_processing.hpp   : 167)   Running Bulge remover
  0:00:07.317    15M / 3425M INFO   Simplification           (parallel_processing.hpp   : 170)   Bulge remover triggered 0 times
  0:00:07.317    15M / 3425M INFO   Simplification           (parallel_processing.hpp   : 167)   Running Low coverage edge remover
  0:00:07.317    15M / 3425M INFO   Simplification           (parallel_processing.hpp   : 170)   Low coverage edge remover triggered 0 times
  0:00:07.317    15M / 3425M INFO   StageManager             (stage.cpp                 : 185)   STAGE == Gap Closer (id: late_gapcloser)
  0:00:07.322    24M / 3425M INFO    General                 (edge_index.hpp            : 113)   Size of edge index entries: 12/8
  0:00:07.323    24M / 3425M INFO    General                 (gap_closer.cpp            : 101)   Total edges in tip neighborhood: 1024 out of 5750, length: 145486
  0:00:07.323    24M / 3425M INFO    General                 (edge_index.hpp            : 167)   Using small index (max_id = 42208)
  0:00:07.325    24M / 3425M INFO   K-mer Index Building     (kmer_index_builder.hpp    : 395)   Building perfect hash indices
  0:00:07.344    24M / 3425M INFO   K-mer Index Building     (kmer_index_builder.hpp    : 431)   Index built. Total 126698 kmers, 92248 bytes occupied (5.82475 bits per kmer).
  0:00:07.345    25M / 3425M INFO    General                 (edge_index_builders.hpp   : 265)   Collecting edge information from graph, this takes a while.
  0:00:08.892    25M / 3425M INFO    General                 (sequence_mapper_notifier.h:  95)   Total 447508 reads processed
  0:00:08.901    24M / 3425M INFO    General                 (gap_closer.cpp            : 452)   Initializing gap closer
  0:00:08.901    24M / 3425M INFO   GapCloser                (gap_closer.cpp            : 359)   Closing short gaps
  0:00:08.905    24M / 3425M INFO   GapCloser                (gap_closer.cpp            : 391)   Closing short gaps complete: filled 0 gaps after checking 4 candidates
  0:00:08.906    24M / 3425M INFO    General                 (gap_closer.cpp            : 456)   Gap closer done
  0:00:08.907    15M / 3425M INFO   StageManager             (stage.cpp                 : 185)   STAGE == Simplification Cleanup (id: simplification_cleanup)
  0:00:08.907    15M / 3425M INFO    General                 (simplification.cpp        : 176)   PROCEDURE == Post simplification
  0:00:08.907    15M / 3425M INFO    General                 (graph_simplification.hpp  : 448)   Disconnection of relatively low covered edges disabled
  0:00:08.907    15M / 3425M INFO    General                 (graph_simplification.hpp  : 485)   Complex tip clipping disabled
  0:00:08.907    15M / 3425M INFO    General                 (graph_simplification.hpp  : 634)   Creating parallel br instance
  0:00:08.907    15M / 3425M INFO   Simplification           (parallel_processing.hpp   : 167)   Running Tip clipper
  0:00:08.908    15M / 3425M INFO   Simplification           (parallel_processing.hpp   : 170)   Tip clipper triggered 0 times
  0:00:08.908    15M / 3425M INFO   Simplification           (parallel_processing.hpp   : 167)   Running Bulge remover
  0:00:08.912    15M / 3425M INFO   Simplification           (parallel_processing.hpp   : 170)   Bulge remover triggered 0 times
  0:00:08.913    15M / 3425M INFO   Simplification           (parallel_processing.hpp   : 167)   Running Tip clipper
  0:00:08.913    15M / 3425M INFO   Simplification           (parallel_processing.hpp   : 170)   Tip clipper triggered 0 times
  0:00:08.913    15M / 3425M INFO   Simplification           (parallel_processing.hpp   : 167)   Running Bulge remover
  0:00:08.917    15M / 3425M INFO   Simplification           (parallel_processing.hpp   : 170)   Bulge remover triggered 0 times
  0:00:08.917    15M / 3425M INFO    General                 (simplification.cpp        : 327)   Disrupting self-conjugate edges
  0:00:08.918    15M / 3425M INFO   Simplification           (parallel_processing.hpp   : 167)   Running Removing isolated edges
  0:00:08.919    15M / 3425M INFO   Simplification           (parallel_processing.hpp   : 170)   Removing isolated edges triggered 508 times
  0:00:08.919    15M / 3425M INFO    General                 (simplification.cpp        : 495)   After simplification:
  0:00:08.919    15M / 3425M INFO    General                 (simplification.cpp        : 496)     Average coverage = 23.6285
  0:00:08.919    15M / 3425M INFO    General                 (simplification.cpp        : 497)     Total length = 3956259
  0:00:08.920    15M / 3425M INFO    General                 (simplification.cpp        : 498)     Median edge length: 25688
  0:00:08.920    15M / 3425M INFO    General                 (simplification.cpp        : 499)     Edges: 4734
  0:00:08.920    15M / 3425M INFO    General                 (simplification.cpp        : 500)     Vertices: 3080
  0:00:08.920    15M / 3425M INFO   StageManager             (stage.cpp                 : 185)   STAGE == Contig Output (id: contig_output)
  0:00:08.920    15M / 3425M INFO    General                 (read_converter.cpp        : 107)   Outputting contigs to /data/djs217/PROJECTS/10_X_fragariae_feb_2024/04_spades/NCPPB_4181.spades/K99/simplified_contigs
  0:00:08.927    17M / 3425M INFO    General                 (binary_converter.cpp      : 111)   2367 reads written
  0:00:08.933    15M / 3425M INFO    General                 (pipeline.cpp              : 287)   SPAdes finished
  0:00:08.947     1M / 3425M INFO    General                 (main.cpp                  : 136)   Assembling time: 0 hours 0 minutes 8 seconds

===== K99 finished. 


===== K127 started. 


== Running: /data/djs217/anaconda3/envs/spades-env/bin/spades-core /data/djs217/PROJECTS/10_X_fragariae_feb_2024/04_spades/NCPPB_4181.spades/K127/configs/config.info /data/djs217/PROJECTS/10_X_fragariae_feb_2024/04_spades/NCPPB_4181.spades/K127/configs/careful_mode.info

  0:00:00.000     1M / 19M   INFO    General                 (main.cpp                  :  99)   Loaded config from /data/djs217/PROJECTS/10_X_fragariae_feb_2024/04_spades/NCPPB_4181.spades/K127/configs/config.info
  0:00:00.001     1M / 19M   INFO    General                 (main.cpp                  :  99)   Loaded config from /data/djs217/PROJECTS/10_X_fragariae_feb_2024/04_spades/NCPPB_4181.spades/K127/configs/careful_mode.info
  0:00:00.001     1M / 19M   INFO    General                 (memory_limit.cpp          :  54)   Memory limit set to 62 Gb
  0:00:00.001     1M / 19M   INFO    General                 (main.cpp                  : 107)   Starting SPAdes, built from N/A, git revision N/A
  0:00:00.001     1M / 19M   INFO    General                 (main.cpp                  : 108)   Maximum k-mer length: 128
  0:00:00.001     1M / 19M   INFO    General                 (main.cpp                  : 109)   Assembling dataset (/data/djs217/PROJECTS/10_X_fragariae_feb_2024/04_spades/NCPPB_4181.spades/dataset.info) with K=127
  0:00:00.001     1M / 19M   INFO    General                 (main.cpp                  : 110)   Maximum # of threads to use (adjusted due to OMP capabilities): 16
  0:00:00.001     1M / 19M   INFO    General                 (pipeline.cpp              : 212)   SPAdes started
  0:00:00.001     1M / 19M   INFO    General                 (pipeline.cpp              : 225)   Starting from stage: read_conversion
  0:00:00.001     1M / 19M   INFO    General                 (pipeline.cpp              : 231)   Two-step repeat resolution disabled
  0:00:00.001     1M / 19M   INFO   GraphCore                (graph_core.hpp            : 672)   Graph created, vertex min_id: 3, edge min_id: 3
  0:00:00.001     1M / 19M   INFO   GraphCore                (graph_core.hpp            : 673)   Vertex size: 48, edge size: 40
  0:00:00.001     1M / 19M   INFO    General                 (edge_index.hpp            : 113)   Size of edge index entries: 12/8
  0:00:00.001     1M / 19M   INFO    General                 (pipeline.cpp              : 242)   Will need read mapping, kmer mapper will be attached
  0:00:00.001     1M / 19M   INFO   StageManager             (stage.cpp                 : 185)   STAGE == Binary Read Conversion (id: read_conversion)
  0:00:00.002     1M / 19M   INFO    General                 (read_converter.cpp        :  53)   Binary reads detected
  0:00:00.006     1M / 19M   INFO   StageManager             (stage.cpp                 : 185)   STAGE == de Bruijn graph construction (id: construction)
  0:00:00.006     1M / 19M   INFO    General                 (construction.cpp          : 118)   Contigs from previous K will be used: /data/djs217/PROJECTS/10_X_fragariae_feb_2024/04_spades/NCPPB_4181.spades/K99/simplified_contigs
  0:00:00.040     1M / 19M   INFO    General                 (construction.cpp          : 153)   Max read length 301
  0:00:00.041     1M / 19M   INFO    General                 (construction.cpp          : 159)   Average read length 201.541
  0:00:00.041     1M / 19M   INFO    General                 (stage.cpp                 : 117)   PROCEDURE == k+1-mer counting (id: construction:kpomer_counting)
  0:00:00.041     1M / 19M   INFO    General                 (kmer_index_builder.hpp    : 243)   Splitting kmer instances into 160 files using 16 threads. This might take a while.
  0:00:00.041     1M / 19M   INFO    General                 (file_limit.hpp            :  42)   Open file limit set to 1024
  0:00:00.041     1M / 19M   INFO    General                 (kmer_splitter.hpp         :  93)   Memory available for splitting buffers: 1.29165 Gb
  0:00:00.041     1M / 19M   INFO    General                 (kmer_splitter.hpp         : 101)   Using cell size of 104857
  0:00:01.260  9601M / 9601M INFO    General                 (kmer_splitters.hpp        : 125)   Processed 1797284 reads
  0:00:01.279     2M / 2585M INFO    General                 (kmer_splitters.hpp        : 131)   Used 1797284 reads
  0:00:01.489     2M / 2585M INFO    General                 (kmer_index_builder.hpp    : 249)   Starting k-mer counting.
  0:00:01.599     1M / 2585M INFO    General                 (kmer_index_builder.hpp    : 260)   K-mer counting done. There are 4236053 kmers in total.
  0:00:01.600     1M / 2585M INFO    General                 (stage.cpp                 : 117)   PROCEDURE == Extension index construction (id: construction:extension_index_construction)
  0:00:01.602     1M / 2585M INFO   K-mer Index Building     (kmer_index_builder.hpp    : 438)   Building kmer index
  0:00:01.602     1M / 2585M INFO    General                 (kmer_index_builder.hpp    : 243)   Splitting kmer instances into 160 files using 16 threads. This might take a while.
  0:00:01.602     1M / 2585M INFO    General                 (file_limit.hpp            :  42)   Open file limit set to 1024
  0:00:01.602     1M / 2585M INFO    General                 (kmer_splitter.hpp         :  93)   Memory available for splitting buffers: 1.29165 Gb
  0:00:01.602     1M / 2585M INFO    General                 (kmer_splitter.hpp         : 101)   Using cell size of 104857
  0:00:01.862  9602M / 9602M INFO    General                 (kmer_splitters.hpp        : 194)   Processed 4236053 kmers
  0:00:01.863  9602M / 9602M INFO    General                 (kmer_splitters.hpp        : 199)   Used 4236053 kmers.
  0:00:01.866     2M / 2585M INFO    General                 (kmer_index_builder.hpp    : 249)   Starting k-mer counting.
  0:00:01.993     2M / 2585M INFO    General                 (kmer_index_builder.hpp    : 260)   K-mer counting done. There are 4235733 kmers in total.
  0:00:01.993     2M / 2585M INFO   K-mer Index Building     (kmer_index_builder.hpp    : 395)   Building perfect hash indices
  0:00:02.244     5M / 2585M INFO   K-mer Index Building     (kmer_index_builder.hpp    : 431)   Index built. Total 4235733 kmers, 3179312 bytes occupied (6.00474 bits per kmer).
  0:00:02.245     5M / 2585M INFO    General                 (kmer_index_builder.hpp    : 169)   Merging final buckets.
  0:00:02.540     9M / 2585M INFO   DeBruijnExtensionIndexBu (kmer_extension_index_build: 100)   Building k-mer extensions from k+1-mers
  0:00:02.713     9M / 2585M INFO   DeBruijnExtensionIndexBu (kmer_extension_index_build: 105)   Building k-mer extensions from k+1-mers finished.
  0:00:02.724     9M / 2585M INFO    General                 (stage.cpp                 : 117)   PROCEDURE == Condensing graph (id: construction:graph_condensing)
  0:00:02.725     9M / 2585M INFO   UnbranchingPathExtractor (debruijn_graph_constructor: 354)   Extracting unbranching paths
  0:00:02.852    11M / 2585M INFO   UnbranchingPathExtractor (debruijn_graph_constructor: 373)   Extracting unbranching paths finished. 18690 sequences extracted
  0:00:03.000    11M / 2585M INFO   UnbranchingPathExtractor (debruijn_graph_constructor: 309)   Collecting perfect loops
  0:00:03.041    11M / 2585M INFO   UnbranchingPathExtractor (debruijn_graph_constructor: 342)   Collecting perfect loops finished. 0 loops collected
  0:00:03.055    11M / 2585M INFO    General                 (debruijn_graph_constructor: 487)   Total 37380 edges to create
  0:00:03.056    13M / 2585M INFO    General                 (debruijn_graph_constructor: 489)   Collecting link records
  0:00:03.104    13M / 2585M INFO    General                 (debruijn_graph_constructor: 491)   Ordering link records
  0:00:03.104    13M / 2585M INFO    General                 (debruijn_graph_constructor: 493)   Sorting done
  0:00:03.105    14M / 2585M INFO    General                 (debruijn_graph_constructor: 503)   Total 18370 vertices to create
  0:00:03.105    15M / 2585M INFO    General                 (debruijn_graph_constructor: 506)   Connecting the graph
  0:00:03.151    14M / 2585M INFO    General                 (stage.cpp                 : 117)   PROCEDURE == Filling coverage indices (PHM) (id: construction:coverage_filling_phm)
  0:00:03.151    14M / 2585M INFO   K-mer Index Building     (kmer_index_builder.hpp    : 395)   Building perfect hash indices
  0:00:03.437    18M / 2585M INFO   K-mer Index Building     (kmer_index_builder.hpp    : 431)   Index built. Total 4236053 kmers, 3179744 bytes occupied (6.00511 bits per kmer).
  0:00:03.451    35M / 2585M INFO    General                 (coverage_hash_map_builder.:  47)   Collecting k-mer coverage information from reads, this takes a while.
  0:00:04.772    35M / 2585M INFO    General                 (construction.cpp          : 430)   Filling coverage and flanking coverage from PHM
  0:00:04.926    35M / 2585M INFO    General                 (coverage_filling.hpp      :  82)   Processed 37380 edges
  0:00:04.989     6M / 2585M INFO   StageManager             (stage.cpp                 : 185)   STAGE == EC Threshold Finding (id: ec_threshold_finder)
  0:00:04.990     6M / 2585M INFO    General                 (kmer_coverage_model.cpp   : 181)   Kmer coverage valley at: 0
  0:00:04.990     6M / 2585M INFO    General                 (kmer_coverage_model.cpp   : 201)   K-mer histogram maximum: 14
  0:00:04.990     6M / 2585M INFO    General                 (kmer_coverage_model.cpp   : 237)   Estimated median coverage: 16. Coverage mad: 7.413
  0:00:04.990     6M / 2585M INFO    General                 (kmer_coverage_model.cpp   : 259)   Fitting coverage model
  0:00:05.005     6M / 2585M INFO    General                 (kmer_coverage_model.cpp   : 295)   ... iteration 2
  0:00:05.049     6M / 2585M INFO    General                 (kmer_coverage_model.cpp   : 295)   ... iteration 4
  0:00:05.230     6M / 2585M INFO    General                 (kmer_coverage_model.cpp   : 295)   ... iteration 8
  0:00:05.617     6M / 2585M INFO    General                 (kmer_coverage_model.cpp   : 295)   ... iteration 16
  0:00:06.237     6M / 2585M INFO    General                 (kmer_coverage_model.cpp   : 309)   Fitted mean coverage: 16.4727. Fitted coverage std. dev: 5.51975
  0:00:06.240     6M / 2585M INFO    General                 (kmer_coverage_model.cpp   : 334)   Probability of erroneous kmer at valley: 0.994377
  0:00:06.240     6M / 2585M INFO    General                 (kmer_coverage_model.cpp   : 358)   Preliminary threshold calculated as: 7
  0:00:06.240     6M / 2585M INFO    General                 (kmer_coverage_model.cpp   : 362)   Threshold adjusted to: 7
  0:00:06.240     6M / 2585M INFO    General                 (kmer_coverage_model.cpp   : 375)   Estimated genome size (ignoring repeats): 3916245
  0:00:06.240     6M / 2585M INFO    General                 (genomic_info_filler.cpp   :  55)   Mean coverage was calculated as 16.4727
  0:00:06.240     6M / 2585M INFO    General                 (genomic_info_filler.cpp   :  70)   EC coverage threshold value was calculated as 7
  0:00:06.240     6M / 2585M INFO    General                 (genomic_info_filler.cpp   :  71)   Trusted kmer low bound: 0
  0:00:06.240     6M / 2585M INFO   StageManager             (stage.cpp                 : 185)   STAGE == Gap Closer (id: early_gapcloser)
  0:00:06.248    15M / 2585M INFO    General                 (edge_index.hpp            : 113)   Size of edge index entries: 12/8
  0:00:06.256    15M / 2585M INFO    General                 (gap_closer.cpp            : 101)   Total edges in tip neighborhood: 9037 out of 37380, length: 250267
  0:00:06.257    15M / 2585M INFO    General                 (edge_index.hpp            : 167)   Using small index (max_id = 37569)
  0:00:06.261    15M / 2585M INFO   K-mer Index Building     (kmer_index_builder.hpp    : 395)   Building perfect hash indices
  0:00:06.278    15M / 2585M INFO   K-mer Index Building     (kmer_index_builder.hpp    : 431)   Index built. Total 215924 kmers, 156728 bytes occupied (5.80678 bits per kmer).
  0:00:06.279    17M / 2585M INFO    General                 (edge_index_builders.hpp   : 265)   Collecting edge information from graph, this takes a while.
  0:00:07.123    17M / 2585M INFO    General                 (sequence_mapper_notifier.h:  95)   Total 447508 reads processed
  0:00:07.132    15M / 2585M INFO    General                 (gap_closer.cpp            : 452)   Initializing gap closer
  0:00:07.132    15M / 2585M INFO   GapCloser                (gap_closer.cpp            : 359)   Closing short gaps
  0:00:07.149    15M / 2585M INFO   GapCloser                (gap_closer.cpp            : 391)   Closing short gaps complete: filled 0 gaps after checking 20 candidates
  0:00:07.151    15M / 2585M INFO    General                 (gap_closer.cpp            : 456)   Gap closer done
  0:00:07.152     6M / 2585M INFO   StageManager             (stage.cpp                 : 185)   STAGE == Raw Simplification (id: raw_simplification)
  0:00:07.152     6M / 2585M INFO    General                 (simplification.cpp        : 127)   PROCEDURE == Initial cleaning
  0:00:07.152     6M / 2585M INFO    General                 (simplification.cpp        :  61)   Most init cleaning disabled on main iteration
  0:00:07.152     6M / 2585M INFO   Simplification           (parallel_processing.hpp   : 167)   Running Self conjugate edge remover
  0:00:07.152     6M / 2585M INFO   Simplification           (parallel_processing.hpp   : 170)   Self conjugate edge remover triggered 0 times
  0:00:07.152     6M / 2585M INFO   StageManager             (stage.cpp                 : 185)   STAGE == Simplification (id: simplification)
  0:00:07.152     6M / 2585M INFO    General                 (simplification.cpp        : 368)   Graph simplification started
  0:00:07.152     6M / 2585M INFO    General                 (graph_simplification.hpp  : 634)   Creating parallel br instance
  0:00:07.153     6M / 2585M INFO    General                 (simplification.cpp        : 373)   PROCEDURE == Simplification cycle, iteration 1
  0:00:07.153     6M / 2585M INFO   Simplification           (parallel_processing.hpp   : 167)   Running Tip clipper
  0:00:07.288     5M / 2585M INFO   Simplification           (parallel_processing.hpp   : 170)   Tip clipper triggered 7192 times
  0:00:07.289     5M / 2585M INFO   Simplification           (parallel_processing.hpp   : 167)   Running Bulge remover
  0:00:07.369    10M / 2585M INFO   Simplification           (parallel_processing.hpp   : 170)   Bulge remover triggered 223 times
  0:00:07.370    10M / 2585M INFO   Simplification           (parallel_processing.hpp   : 167)   Running Low coverage edge remover
  0:00:07.370    10M / 2585M INFO   Simplification           (parallel_processing.hpp   : 170)   Low coverage edge remover triggered 1 times
  0:00:07.370    10M / 2585M INFO    General                 (simplification.cpp        : 373)   PROCEDURE == Simplification cycle, iteration 2
  0:00:07.370    10M / 2585M INFO   Simplification           (parallel_processing.hpp   : 167)   Running Tip clipper
  0:00:07.371    10M / 2585M INFO   Simplification           (parallel_processing.hpp   : 170)   Tip clipper triggered 1 times
  0:00:07.371    10M / 2585M INFO   Simplification           (parallel_processing.hpp   : 167)   Running Bulge remover
  0:00:07.371    10M / 2585M INFO   Simplification           (parallel_processing.hpp   : 170)   Bulge remover triggered 0 times
  0:00:07.371    10M / 2585M INFO   Simplification           (parallel_processing.hpp   : 167)   Running Low coverage edge remover
  0:00:07.379    10M / 2585M INFO   Simplification           (parallel_processing.hpp   : 170)   Low coverage edge remover triggered 151 times
  0:00:07.379    10M / 2585M INFO    General                 (simplification.cpp        : 373)   PROCEDURE == Simplification cycle, iteration 3
  0:00:07.379    10M / 2585M INFO   Simplification           (parallel_processing.hpp   : 167)   Running Tip clipper
  0:00:07.380    10M / 2585M INFO   Simplification           (parallel_processing.hpp   : 170)   Tip clipper triggered 19 times
  0:00:07.380    10M / 2585M INFO   Simplification           (parallel_processing.hpp   : 167)   Running Bulge remover
  0:00:07.398    11M / 2585M INFO   Simplification           (parallel_processing.hpp   : 170)   Bulge remover triggered 47 times
  0:00:07.398    11M / 2585M INFO   Simplification           (parallel_processing.hpp   : 167)   Running Low coverage edge remover
  0:00:07.400    11M / 2585M INFO   Simplification           (parallel_processing.hpp   : 170)   Low coverage edge remover triggered 19 times
  0:00:07.400    11M / 2585M INFO    General                 (simplification.cpp        : 373)   PROCEDURE == Simplification cycle, iteration 4
  0:00:07.400    11M / 2585M INFO   Simplification           (parallel_processing.hpp   : 167)   Running Tip clipper
  0:00:07.401    11M / 2585M INFO   Simplification           (parallel_processing.hpp   : 170)   Tip clipper triggered 1 times
  0:00:07.401    11M / 2585M INFO   Simplification           (parallel_processing.hpp   : 167)   Running Bulge remover
  0:00:07.402    11M / 2585M INFO   Simplification           (parallel_processing.hpp   : 170)   Bulge remover triggered 3 times
  0:00:07.402    11M / 2585M INFO   Simplification           (parallel_processing.hpp   : 167)   Running Low coverage edge remover
  0:00:07.402    11M / 2585M INFO   Simplification           (parallel_processing.hpp   : 170)   Low coverage edge remover triggered 5 times
  0:00:07.402    11M / 2585M INFO    General                 (simplification.cpp        : 373)   PROCEDURE == Simplification cycle, iteration 5
  0:00:07.402    11M / 2585M INFO   Simplification           (parallel_processing.hpp   : 167)   Running Tip clipper
  0:00:07.402    11M / 2585M INFO   Simplification           (parallel_processing.hpp   : 170)   Tip clipper triggered 0 times
  0:00:07.402    11M / 2585M INFO   Simplification           (parallel_processing.hpp   : 167)   Running Bulge remover
  0:00:07.404    11M / 2585M INFO   Simplification           (parallel_processing.hpp   : 170)   Bulge remover triggered 4 times
  0:00:07.404    11M / 2585M INFO   Simplification           (parallel_processing.hpp   : 167)   Running Low coverage edge remover
  0:00:07.404    11M / 2585M INFO   Simplification           (parallel_processing.hpp   : 170)   Low coverage edge remover triggered 2 times
  0:00:07.404    11M / 2585M INFO    General                 (simplification.cpp        : 373)   PROCEDURE == Simplification cycle, iteration 6
  0:00:07.404    11M / 2585M INFO   Simplification           (parallel_processing.hpp   : 167)   Running Tip clipper
  0:00:07.404    11M / 2585M INFO   Simplification           (parallel_processing.hpp   : 170)   Tip clipper triggered 0 times
  0:00:07.404    11M / 2585M INFO   Simplification           (parallel_processing.hpp   : 167)   Running Bulge remover
  0:00:07.404    11M / 2585M INFO   Simplification           (parallel_processing.hpp   : 170)   Bulge remover triggered 0 times
  0:00:07.404    11M / 2585M INFO   Simplification           (parallel_processing.hpp   : 167)   Running Low coverage edge remover
  0:00:07.404    11M / 2585M INFO   Simplification           (parallel_processing.hpp   : 170)   Low coverage edge remover triggered 1 times
  0:00:07.404    11M / 2585M INFO    General                 (simplification.cpp        : 373)   PROCEDURE == Simplification cycle, iteration 7
  0:00:07.404    11M / 2585M INFO   Simplification           (parallel_processing.hpp   : 167)   Running Tip clipper
  0:00:07.404    11M / 2585M INFO   Simplification           (parallel_processing.hpp   : 170)   Tip clipper triggered 0 times
  0:00:07.404    11M / 2585M INFO   Simplification           (parallel_processing.hpp   : 167)   Running Bulge remover
  0:00:07.404    11M / 2585M INFO   Simplification           (parallel_processing.hpp   : 170)   Bulge remover triggered 0 times
  0:00:07.405    11M / 2585M INFO   Simplification           (parallel_processing.hpp   : 167)   Running Low coverage edge remover
  0:00:07.405    11M / 2585M INFO   Simplification           (parallel_processing.hpp   : 170)   Low coverage edge remover triggered 1 times
  0:00:07.405    11M / 2585M INFO    General                 (simplification.cpp        : 373)   PROCEDURE == Simplification cycle, iteration 8
  0:00:07.405    11M / 2585M INFO   Simplification           (parallel_processing.hpp   : 167)   Running Tip clipper
  0:00:07.405    11M / 2585M INFO   Simplification           (parallel_processing.hpp   : 170)   Tip clipper triggered 0 times
  0:00:07.405    11M / 2585M INFO   Simplification           (parallel_processing.hpp   : 167)   Running Bulge remover
  0:00:07.405    11M / 2585M INFO   Simplification           (parallel_processing.hpp   : 170)   Bulge remover triggered 0 times
  0:00:07.405    11M / 2585M INFO   Simplification           (parallel_processing.hpp   : 167)   Running Low coverage edge remover
  0:00:07.405    11M / 2585M INFO   Simplification           (parallel_processing.hpp   : 170)   Low coverage edge remover triggered 1 times
  0:00:07.405    11M / 2585M INFO    General                 (simplification.cpp        : 373)   PROCEDURE == Simplification cycle, iteration 9
  0:00:07.405    11M / 2585M INFO   Simplification           (parallel_processing.hpp   : 167)   Running Tip clipper
  0:00:07.405    11M / 2585M INFO   Simplification           (parallel_processing.hpp   : 170)   Tip clipper triggered 0 times
  0:00:07.405    11M / 2585M INFO   Simplification           (parallel_processing.hpp   : 167)   Running Bulge remover
  0:00:07.405    11M / 2585M INFO   Simplification           (parallel_processing.hpp   : 170)   Bulge remover triggered 0 times
  0:00:07.405    11M / 2585M INFO   Simplification           (parallel_processing.hpp   : 167)   Running Low coverage edge remover
  0:00:07.405    11M / 2585M INFO   Simplification           (parallel_processing.hpp   : 170)   Low coverage edge remover triggered 1 times
  0:00:07.405    11M / 2585M INFO    General                 (simplification.cpp        : 373)   PROCEDURE == Simplification cycle, iteration 10
  0:00:07.405    11M / 2585M INFO   Simplification           (parallel_processing.hpp   : 167)   Running Tip clipper
  0:00:07.405    11M / 2585M INFO   Simplification           (parallel_processing.hpp   : 170)   Tip clipper triggered 0 times
  0:00:07.405    11M / 2585M INFO   Simplification           (parallel_processing.hpp   : 167)   Running Bulge remover
  0:00:07.405    11M / 2585M INFO   Simplification           (parallel_processing.hpp   : 170)   Bulge remover triggered 0 times
  0:00:07.405    11M / 2585M INFO   Simplification           (parallel_processing.hpp   : 167)   Running Low coverage edge remover
  0:00:07.405    11M / 2585M INFO   Simplification           (parallel_processing.hpp   : 170)   Low coverage edge remover triggered 2 times
  0:00:07.405    11M / 2585M INFO    General                 (simplification.cpp        : 373)   PROCEDURE == Simplification cycle, iteration 11
  0:00:07.405    11M / 2585M INFO   Simplification           (parallel_processing.hpp   : 167)   Running Tip clipper
  0:00:07.406    11M / 2585M INFO   Simplification           (parallel_processing.hpp   : 170)   Tip clipper triggered 0 times
  0:00:07.406    11M / 2585M INFO   Simplification           (parallel_processing.hpp   : 167)   Running Bulge remover
  0:00:07.410    11M / 2585M INFO   Simplification           (parallel_processing.hpp   : 170)   Bulge remover triggered 2 times
  0:00:07.410    11M / 2585M INFO   Simplification           (parallel_processing.hpp   : 167)   Running Low coverage edge remover
  0:00:07.410    11M / 2585M INFO   Simplification           (parallel_processing.hpp   : 170)   Low coverage edge remover triggered 0 times
  0:00:07.410    11M / 2585M INFO    General                 (simplification.cpp        : 373)   PROCEDURE == Simplification cycle, iteration 12
  0:00:07.410    11M / 2585M INFO   Simplification           (parallel_processing.hpp   : 167)   Running Tip clipper
  0:00:07.410    11M / 2585M INFO   Simplification           (parallel_processing.hpp   : 170)   Tip clipper triggered 0 times
  0:00:07.410    11M / 2585M INFO   Simplification           (parallel_processing.hpp   : 167)   Running Bulge remover
  0:00:07.410    11M / 2585M INFO   Simplification           (parallel_processing.hpp   : 170)   Bulge remover triggered 0 times
  0:00:07.410    11M / 2585M INFO   Simplification           (parallel_processing.hpp   : 167)   Running Low coverage edge remover
  0:00:07.410    11M / 2585M INFO   Simplification           (parallel_processing.hpp   : 170)   Low coverage edge remover triggered 0 times
  0:00:07.410    11M / 2585M INFO   StageManager             (stage.cpp                 : 185)   STAGE == Gap Closer (id: late_gapcloser)
  0:00:07.416    20M / 2585M INFO    General                 (edge_index.hpp            : 113)   Size of edge index entries: 12/8
  0:00:07.417    20M / 2585M INFO    General                 (gap_closer.cpp            : 101)   Total edges in tip neighborhood: 1756 out of 5984, length: 176897
  0:00:07.417    20M / 2585M INFO    General                 (edge_index.hpp            : 167)   Using small index (max_id = 37569)
  0:00:07.420    20M / 2585M INFO   K-mer Index Building     (kmer_index_builder.hpp    : 395)   Building perfect hash indices
  0:00:07.447    20M / 2585M INFO   K-mer Index Building     (kmer_index_builder.hpp    : 431)   Index built. Total 142877 kmers, 103944 bytes occupied (5.82006 bits per kmer).
  0:00:07.447    22M / 2585M INFO    General                 (edge_index_builders.hpp   : 265)   Collecting edge information from graph, this takes a while.
  0:00:08.882    22M / 2585M INFO    General                 (sequence_mapper_notifier.h:  95)   Total 447508 reads processed
  0:00:08.891    20M / 2585M INFO    General                 (gap_closer.cpp            : 452)   Initializing gap closer
  0:00:08.891    20M / 2585M INFO   GapCloser                (gap_closer.cpp            : 359)   Closing short gaps
  0:00:08.895    20M / 2585M INFO   GapCloser                (gap_closer.cpp            : 391)   Closing short gaps complete: filled 0 gaps after checking 4 candidates
  0:00:08.895    20M / 2585M INFO    General                 (gap_closer.cpp            : 456)   Gap closer done
  0:00:08.897    11M / 2585M INFO   StageManager             (stage.cpp                 : 185)   STAGE == Simplification Cleanup (id: simplification_cleanup)
  0:00:08.897    11M / 2585M INFO    General                 (simplification.cpp        : 176)   PROCEDURE == Post simplification
  0:00:08.897    11M / 2585M INFO    General                 (graph_simplification.hpp  : 448)   Disconnection of relatively low covered edges disabled
  0:00:08.897    11M / 2585M INFO    General                 (graph_simplification.hpp  : 485)   Complex tip clipping disabled
  0:00:08.897    11M / 2585M INFO    General                 (graph_simplification.hpp  : 634)   Creating parallel br instance
  0:00:08.897    11M / 2585M INFO   Simplification           (parallel_processing.hpp   : 167)   Running Tip clipper
  0:00:08.897    11M / 2585M INFO   Simplification           (parallel_processing.hpp   : 170)   Tip clipper triggered 0 times
  0:00:08.897    11M / 2585M INFO   Simplification           (parallel_processing.hpp   : 167)   Running Bulge remover
  0:00:08.902    11M / 2585M INFO   Simplification           (parallel_processing.hpp   : 170)   Bulge remover triggered 0 times
  0:00:08.902    11M / 2585M INFO   Simplification           (parallel_processing.hpp   : 167)   Running Tip clipper
  0:00:08.903    11M / 2585M INFO   Simplification           (parallel_processing.hpp   : 170)   Tip clipper triggered 0 times
  0:00:08.903    11M / 2585M INFO   Simplification           (parallel_processing.hpp   : 167)   Running Bulge remover
  0:00:08.906    11M / 2585M INFO   Simplification           (parallel_processing.hpp   : 170)   Bulge remover triggered 0 times
  0:00:08.906    11M / 2585M INFO    General                 (simplification.cpp        : 327)   Disrupting self-conjugate edges
  0:00:08.907    11M / 2585M INFO   Simplification           (parallel_processing.hpp   : 167)   Running Removing isolated edges
  0:00:08.909    11M / 2585M INFO   Simplification           (parallel_processing.hpp   : 170)   Removing isolated edges triggered 875 times
  0:00:08.909    11M / 2585M INFO    General                 (simplification.cpp        : 495)   After simplification:
  0:00:08.909    11M / 2585M INFO    General                 (simplification.cpp        : 496)     Average coverage = 17.7521
  0:00:08.909    11M / 2585M INFO    General                 (simplification.cpp        : 497)     Total length = 3980429
  0:00:08.910    11M / 2585M INFO    General                 (simplification.cpp        : 498)     Median edge length: 25716
  0:00:08.910    11M / 2585M INFO    General                 (simplification.cpp        : 499)     Edges: 4234
  0:00:08.910    11M / 2585M INFO    General                 (simplification.cpp        : 500)     Vertices: 2770
  0:00:08.910    11M / 2585M INFO   StageManager             (stage.cpp                 : 185)   STAGE == Mismatch Correction (id: mismatch_correction)
  0:00:08.910    11M / 2585M INFO    General                 (graph_pack.cpp            :  67)   Index refill
  0:00:08.910    11M / 2585M INFO    General                 (edge_index.hpp            : 156)   Using small index (max_id = 37569)
  0:00:08.927    11M / 2585M INFO   K-mer Index Building     (kmer_index_builder.hpp    : 395)   Building perfect hash indices
  0:00:09.139    14M / 2585M INFO   K-mer Index Building     (kmer_index_builder.hpp    : 431)   Index built. Total 3980429 kmers, 2875648 bytes occupied (5.77957 bits per kmer).
  0:00:09.153    45M / 2585M INFO    General                 (edge_index_builders.hpp   : 252)   Collecting edge information from graph, this takes a while.
  0:00:09.332    45M / 2585M INFO    General                 (graph_pack.cpp            :  77)   Normalizing k-mer map. Total 77140 kmers to process
  0:00:09.349    45M / 2585M INFO    General                 (graph_pack.cpp            :  79)   Normalizing done
  0:00:09.349    45M / 2585M INFO    General                 (mismatch_correction.cpp   : 400)   Collect potential mismatches
  0:00:09.369    45M / 2585M INFO    General                 (mismatch_correction.cpp   : 192)   Total 1294 edges (out of 4234) with 11702 potential mismatch positions (9.04328 positions per edge)
  0:00:09.370    45M / 2585M INFO    General                 (mismatch_correction.cpp   : 402)   Potential mismatches collected
  0:00:09.918    54M / 2585M INFO    General                 (sequence_mapper_notifier.h:  95)   Total 1792550 reads processed
  0:00:09.935    46M / 2585M INFO    General                 (mismatch_correction.cpp   : 395)   All edges processed
  0:00:09.936    45M / 2585M INFO    General                 (mismatch_correction.cpp   : 450)   Corrected 1 nucleotides
  0:00:09.936    45M / 2585M INFO   StageManager             (stage.cpp                 : 185)   STAGE == Contig Output (id: contig_output)
  0:00:09.936    45M / 2585M INFO    General                 (contig_output.hpp         :  16)   Outputting contigs to /data/djs217/PROJECTS/10_X_fragariae_feb_2024/04_spades/NCPPB_4181.spades/K127/before_rr.fasta
  0:00:09.960    45M / 2585M INFO    General                 (contig_output_stage.cpp   : 151)   Writing GFA graph to /data/djs217/PROJECTS/10_X_fragariae_feb_2024/04_spades/NCPPB_4181.spades/K127/assembly_graph_after_simplification.gfa
  0:00:09.977    45M / 2585M INFO   StageManager             (stage.cpp                 : 185)   STAGE == Paired Information Counting (id: late_pair_info_count)
  0:00:09.982    46M / 2585M INFO    General                 (graph_pack.cpp            :  77)   Normalizing k-mer map. Total 77396 kmers to process
  0:00:09.994    46M / 2585M INFO    General                 (graph_pack.cpp            :  79)   Normalizing done
  0:00:09.995    46M / 2585M INFO    General                 (pair_info_count.cpp       : 339)   Min edge length for estimation: 25716
  0:00:09.995    46M / 2585M INFO    General                 (pair_info_count.cpp       : 350)   Estimating insert size for library #0
  0:00:09.995    46M / 2585M INFO    General                 (pair_info_count.cpp       : 202)   Estimating insert size (takes a while)
  0:00:10.113   318M / 2585M INFO    General                 (pair_info_count.cpp       :  48)   Selecting usual mapper
  0:00:10.724   318M / 2585M INFO    General                 (sequence_mapper_notifier.h:  95)   Total 447508 reads processed
  0:00:10.823   318M / 2585M INFO    General                 (pair_info_count.cpp       : 220)   Edge pairs: 125065
  0:00:10.823   318M / 2585M INFO    General                 (pair_info_count.cpp       : 222)   168388 paired reads (37.6279% of all) aligned to long edges
  0:00:10.824    46M / 2585M INFO    General                 (pair_info_count.cpp       : 369)     Insert size = 303.896, deviation = 120.17, left quantile = 175, right quantile = 464, read length = 301
  0:00:10.824    46M / 2585M WARN    General                 (pair_info_count.cpp       : 376)   Estimated mean insert size 303.896 is very small compared to read length 301
  0:00:10.824    46M / 2585M INFO    General                 (pair_info_count.cpp       : 390)   Filtering data for library #0
  0:00:10.825    47M / 2585M INFO    General                 (pair_info_count.cpp       :  48)   Selecting usual mapper
  0:00:11.085    47M / 2585M INFO    General                 (sequence_mapper_notifier.h:  95)   Total 447508 reads processed
  0:00:11.086    46M / 2585M INFO    General                 (pair_info_count.cpp       : 402)   Mapping library #0
  0:00:11.086    46M / 2585M INFO    General                 (pair_info_count.cpp       : 404)   Mapping paired reads (takes a while)
  0:00:11.086    46M / 2585M INFO    General                 (pair_info_count.cpp       : 299)   Left insert size quantile 175, right insert size quantile 464, filtering threshold 2, rounding threshold 0
  0:00:11.094    56M / 2585M INFO    General                 (pair_info_count.cpp       :  48)   Selecting usual mapper
  0:00:11.596    67M / 2585M INFO    General                 (sequence_mapper_notifier.h:  95)   Total 447508 reads processed
  0:00:11.604    57M / 2585M INFO   StageManager             (stage.cpp                 : 185)   STAGE == Distance Estimation (id: distance_estimation)
  0:00:11.604    57M / 2585M INFO    General                 (distance_estimation.cpp   : 179)   Processing library #0
  0:00:11.604    57M / 2585M INFO    General                 (distance_estimation.cpp   : 150)   Weight Filter Done
  0:00:11.604    57M / 2585M INFO   DistanceEstimator        (distance_estimation.hpp   : 116)   Using SIMPLE distance estimator
  0:00:11.662    61M / 2585M INFO    General                 (distance_estimation.cpp   :  37)   Filtering info
  0:00:11.664    61M / 2585M INFO    General                 (pair_info_filters.hpp     : 242)   Start filtering; library index size: 76726
  0:00:11.683    63M / 2585M INFO    General                 (pair_info_filters.hpp     : 263)   Done filtering; library index size: 70138
  0:00:11.683    61M / 2585M INFO    General                 (distance_estimation.cpp   : 156)   Refining clustered pair information
  0:00:11.698    61M / 2585M INFO    General                 (distance_estimation.cpp   : 158)   The refining of clustered pair information has been finished
  0:00:11.698    61M / 2585M INFO    General                 (distance_estimation.cpp   : 160)   Improving paired information
  0:00:11.790    62M / 2585M INFO   PairInfoImprover         (pair_info_improver.hpp    : 104)   Paired info stats: missing = 4073; contradictional = 96
  0:00:11.896    62M / 2585M INFO   PairInfoImprover         (pair_info_improver.hpp    : 104)   Paired info stats: missing = 343; contradictional = 0
  0:00:11.898    62M / 2585M INFO    General                 (distance_estimation.cpp   : 104)   Filling scaffolding index
  0:00:11.898    62M / 2585M INFO   DistanceEstimator        (distance_estimation.hpp   : 116)   Using SMOOTHING distance estimator
  0:00:12.039    62M / 2585M INFO    General                 (distance_estimation.cpp   :  37)   Filtering info
  0:00:12.040    62M / 2585M INFO    General                 (pair_info_filters.hpp     : 242)   Start filtering; library index size: 15062
  0:00:12.045    63M / 2585M INFO    General                 (pair_info_filters.hpp     : 263)   Done filtering; library index size: 15062
  0:00:12.045    62M / 2585M INFO    General                 (distance_estimation.cpp   : 186)   Clearing raw paired index
  0:00:12.070    51M / 2585M INFO   StageManager             (stage.cpp                 : 185)   STAGE == Repeat Resolving (id: repeat_resolving)
  0:00:12.071    51M / 2585M INFO    General                 (repeat_resolving.cpp      :  87)   Using Path-Extend repeat resolving
  0:00:12.071    51M / 2585M INFO    General                 (launcher.cpp              : 600)   ExSPAnder repeat resolving tool started
  0:00:12.072    51M / 2585M INFO    General                 (coverage_uniformity_analyz:  25)   genomic coverage is 16.5602 calculated of length 3854822
  0:00:12.076    60M / 2585M INFO    General                 (launcher.cpp              : 418)   Creating main extenders, unique edge length = 2000
  0:00:12.076    60M / 2585M INFO    General                 (extenders_logic.cpp       : 334)   Estimated coverage of library #0 is 17.7521
  0:00:12.077    60M / 2585M INFO    General                 (extenders_logic.cpp       : 345)   Creating extender; library index size: 78874
  0:00:12.077    60M / 2585M INFO    General                 (extenders_logic.cpp       : 334)   Estimated coverage of library #0 is 17.7521
  0:00:12.077    60M / 2585M INFO    General                 (extenders_logic.cpp       : 345)   Creating extender; library index size: 78874
  0:00:12.077    61M / 2585M INFO    General                 (extenders_logic.cpp       : 543)   Using 1 paired-end library
  0:00:12.077    61M / 2585M INFO    General                 (extenders_logic.cpp       : 544)   Using 1 paired-end scaffolding library
  0:00:12.077    61M / 2585M INFO    General                 (extenders_logic.cpp       : 545)   Using 0 single read libraries
  0:00:12.077    61M / 2585M INFO    General                 (launcher.cpp              : 447)   Total number of extenders is 3
  0:00:12.077    61M / 2585M INFO    General                 (path_extenders.cpp        :  36)   Processed 0 paths from 2107 (0%)
  0:00:12.276    66M / 2585M INFO    General                 (path_extenders.cpp        :  34)   Processed 128 paths from 2107 (6%)
  0:00:12.382    69M / 2585M INFO    General                 (path_extenders.cpp        :  36)   Processed 211 paths from 2107 (10%)
  0:00:12.415    70M / 2585M INFO    General                 (path_extenders.cpp        :  34)   Processed 256 paths from 2107 (12%)
  0:00:12.504    72M / 2585M INFO    General                 (path_extenders.cpp        :  36)   Processed 422 paths from 2107 (20%)
  0:00:12.546    73M / 2585M INFO    General                 (path_extenders.cpp        :  34)   Processed 512 paths from 2107 (24%)
  0:00:12.591    74M / 2585M INFO    General                 (path_extenders.cpp        :  36)   Processed 633 paths from 2107 (30%)
  0:00:12.626    75M / 2585M INFO    General                 (path_extenders.cpp        :  36)   Processed 844 paths from 2107 (40%)
  0:00:12.655    75M / 2585M INFO    General                 (path_extenders.cpp        :  34)   Processed 1024 paths from 2107 (48%)
  0:00:12.656    75M / 2585M INFO    General                 (path_extenders.cpp        :  36)   Processed 1055 paths from 2107 (50%)
  0:00:12.666    75M / 2585M INFO    General                 (path_extenders.cpp        :  36)   Processed 1266 paths from 2107 (60%)
  0:00:12.671    75M / 2585M INFO    General                 (path_extenders.cpp        :  36)   Processed 1477 paths from 2107 (70%)
  0:00:12.683    76M / 2585M INFO    General                 (path_extenders.cpp        :  36)   Processed 1688 paths from 2107 (80%)
  0:00:12.690    76M / 2585M INFO    General                 (path_extenders.cpp        :  36)   Processed 1899 paths from 2107 (90%)
  0:00:12.690    76M / 2585M INFO    General                 (path_extenders.cpp        :  34)   Processed 2048 paths from 2107 (97%)
  0:00:12.690    76M / 2585M INFO    General                 (launcher.cpp              : 250)   Finalizing paths
  0:00:12.690    76M / 2585M INFO    General                 (launcher.cpp              : 252)   Deduplicating paths
  0:00:12.922    75M / 2585M INFO    General                 (launcher.cpp              : 256)   Paths deduplicated
  0:00:12.922    75M / 2585M INFO   PEResolver               (pe_resolver.cpp           :  60)   Removing overlaps
  0:00:12.922    75M / 2585M INFO   PEResolver               (pe_resolver.cpp           :  63)   Sorting paths
  0:00:12.922    75M / 2585M INFO   PEResolver               (pe_resolver.cpp           :  70)   Marking overlaps
  0:00:12.922    75M / 2585M INFO   OverlapRemover           (overlap_remover.hpp       : 116)   Marking start/end overlaps
  0:00:13.243    75M / 2585M INFO   OverlapRemover           (overlap_remover.hpp       : 119)   Marking remaining overlaps
  0:00:13.569    75M / 2585M INFO   PEResolver               (pe_resolver.cpp           :  73)   Splitting paths
  0:00:13.578    86M / 2585M INFO   PEResolver               (pe_resolver.cpp           :  78)   Deduplicating paths
  0:00:13.594    74M / 2585M INFO   PEResolver               (pe_resolver.cpp           :  80)   Overlaps removed
  0:00:13.596    77M / 2585M INFO    General                 (launcher.cpp              : 273)   Paths finalized
  0:00:13.596    77M / 2585M INFO    General                 (launcher.cpp              : 454)   Closing gaps in paths
  0:00:13.598    82M / 2585M INFO    General                 (launcher.cpp              : 484)   Gap closing completed
  0:00:13.599    83M / 2585M INFO    General                 (launcher.cpp              : 302)   Traversing tandem repeats
  0:00:13.604    83M / 2585M INFO    General                 (launcher.cpp              : 312)   Traversed 1 loops
  0:00:13.604    83M / 2585M INFO    General                 (launcher.cpp              : 250)   Finalizing paths
  0:00:13.604    83M / 2585M INFO    General                 (launcher.cpp              : 252)   Deduplicating paths
  0:00:13.605    83M / 2585M INFO    General                 (launcher.cpp              : 256)   Paths deduplicated
  0:00:13.605    83M / 2585M INFO   PEResolver               (pe_resolver.cpp           :  60)   Removing overlaps
  0:00:13.605    83M / 2585M INFO   PEResolver               (pe_resolver.cpp           :  63)   Sorting paths
  0:00:13.605    83M / 2585M INFO   PEResolver               (pe_resolver.cpp           :  70)   Marking overlaps
  0:00:13.605    83M / 2585M INFO   OverlapRemover           (overlap_remover.hpp       : 116)   Marking start/end overlaps
  0:00:13.606    83M / 2585M INFO   OverlapRemover           (overlap_remover.hpp       : 119)   Marking remaining overlaps
  0:00:13.607    83M / 2585M INFO   PEResolver               (pe_resolver.cpp           :  73)   Splitting paths
  0:00:13.608    83M / 2585M INFO   PEResolver               (pe_resolver.cpp           :  78)   Deduplicating paths
  0:00:13.608    83M / 2585M INFO   PEResolver               (pe_resolver.cpp           :  80)   Overlaps removed
  0:00:13.609    83M / 2585M INFO    General                 (launcher.cpp              : 273)   Paths finalized
  0:00:13.609    83M / 2585M INFO    General                 (launcher.cpp              : 664)   ExSPAnder repeat resolving tool finished
  0:00:13.619    56M / 2585M INFO   StageManager             (stage.cpp                 : 185)   STAGE == Contig Output (id: contig_output)
  0:00:13.619    56M / 2585M INFO    General                 (contig_output.hpp         :  16)   Outputting contigs to /data/djs217/PROJECTS/10_X_fragariae_feb_2024/04_spades/NCPPB_4181.spades/K127/before_rr.fasta
  0:00:13.649    56M / 2585M INFO    General                 (contig_output_stage.cpp   : 151)   Writing GFA graph to /data/djs217/PROJECTS/10_X_fragariae_feb_2024/04_spades/NCPPB_4181.spades/K127/assembly_graph_with_scaffolds.gfa
  0:00:13.666    56M / 2585M INFO    General                 (contig_output_stage.cpp   : 165)   Outputting FastG graph to /data/djs217/PROJECTS/10_X_fragariae_feb_2024/04_spades/NCPPB_4181.spades/K127/assembly_graph.fastg
  0:00:13.729    56M / 2585M INFO    General                 (contig_output_stage.cpp   : 196)   Breaking scaffolds
  0:00:13.760    66M / 2585M INFO    General                 (contig_output_stage.cpp   :  98)   Outputting contigs to /data/djs217/PROJECTS/10_X_fragariae_feb_2024/04_spades/NCPPB_4181.spades/K127/final_contigs.fasta
  0:00:13.776    66M / 2585M INFO    General                 (contig_output_stage.cpp   : 104)   Outputting FastG paths to /data/djs217/PROJECTS/10_X_fragariae_feb_2024/04_spades/NCPPB_4181.spades/K127/final_contigs.paths
  0:00:13.791    61M / 2585M INFO    General                 (contig_output_stage.cpp   :  98)   Outputting contigs to /data/djs217/PROJECTS/10_X_fragariae_feb_2024/04_spades/NCPPB_4181.spades/K127/scaffolds.fasta
  0:00:13.808    61M / 2585M INFO    General                 (contig_output_stage.cpp   : 104)   Outputting FastG paths to /data/djs217/PROJECTS/10_X_fragariae_feb_2024/04_spades/NCPPB_4181.spades/K127/scaffolds.paths
  0:00:13.810    61M / 2585M INFO    General                 (contig_output_stage.cpp   : 111)   Populating GFA with scaffold paths
  0:00:13.811    56M / 2585M INFO    General                 (pipeline.cpp              : 287)   SPAdes finished
  0:00:13.836     1M / 2585M INFO    General                 (main.cpp                  : 136)   Assembling time: 0 hours 0 minutes 13 seconds

===== K127 finished. 


===== Copy files started. 


== Running: /data/djs217/anaconda3/envs/spades-env/bin/python /data/djs217/anaconda3/envs/spades-env/share/spades/spades_pipeline/scripts/copy_files.py /data/djs217/PROJECTS/10_X_fragariae_feb_2024/04_spades/NCPPB_4181.spades/K127/before_rr.fasta /data/djs217/PROJECTS/10_X_fragariae_feb_2024/04_spades/NCPPB_4181.spades/before_rr.fasta /data/djs217/PROJECTS/10_X_fragariae_feb_2024/04_spades/NCPPB_4181.spades/K127/assembly_graph_after_simplification.gfa /data/djs217/PROJECTS/10_X_fragariae_feb_2024/04_spades/NCPPB_4181.spades/assembly_graph_after_simplification.gfa /data/djs217/PROJECTS/10_X_fragariae_feb_2024/04_spades/NCPPB_4181.spades/K127/final_contigs.fasta /data/djs217/PROJECTS/10_X_fragariae_feb_2024/04_spades/NCPPB_4181.spades/contigs.fasta /data/djs217/PROJECTS/10_X_fragariae_feb_2024/04_spades/NCPPB_4181.spades/K127/first_pe_contigs.fasta /data/djs217/PROJECTS/10_X_fragariae_feb_2024/04_spades/NCPPB_4181.spades/first_pe_contigs.fasta /data/djs217/PROJECTS/10_X_fragariae_feb_2024/04_spades/NCPPB_4181.spades/K127/strain_graph.gfa /data/djs217/PROJECTS/10_X_fragariae_feb_2024/04_spades/NCPPB_4181.spades/strain_graph.gfa /data/djs217/PROJECTS/10_X_fragariae_feb_2024/04_spades/NCPPB_4181.spades/K127/scaffolds.fasta /data/djs217/PROJECTS/10_X_fragariae_feb_2024/04_spades/NCPPB_4181.spades/scaffolds.fasta /data/djs217/PROJECTS/10_X_fragariae_feb_2024/04_spades/NCPPB_4181.spades/K127/scaffolds.paths /data/djs217/PROJECTS/10_X_fragariae_feb_2024/04_spades/NCPPB_4181.spades/scaffolds.paths /data/djs217/PROJECTS/10_X_fragariae_feb_2024/04_spades/NCPPB_4181.spades/K127/assembly_graph_with_scaffolds.gfa /data/djs217/PROJECTS/10_X_fragariae_feb_2024/04_spades/NCPPB_4181.spades/assembly_graph_with_scaffolds.gfa /data/djs217/PROJECTS/10_X_fragariae_feb_2024/04_spades/NCPPB_4181.spades/K127/assembly_graph.fastg /data/djs217/PROJECTS/10_X_fragariae_feb_2024/04_spades/NCPPB_4181.spades/assembly_graph.fastg /data/djs217/PROJECTS/10_X_fragariae_feb_2024/04_spades/NCPPB_4181.spades/K127/final_contigs.paths /data/djs217/PROJECTS/10_X_fragariae_feb_2024/04_spades/NCPPB_4181.spades/contigs.paths


===== Copy files finished. 


===== Assembling finished. 


===== Mismatch correction started. 


===== Mismatch correction contigs started. 


== Running: /data/djs217/anaconda3/envs/spades-env/bin/python /data/djs217/anaconda3/envs/spades-env/share/spades/spades_pipeline/scripts/correction_iteration_script.py --corrected /data/djs217/PROJECTS/10_X_fragariae_feb_2024/04_spades/NCPPB_4181.spades/contigs.fasta --assembled /data/djs217/PROJECTS/10_X_fragariae_feb_2024/04_spades/NCPPB_4181.spades/misc/assembled_contigs.fasta --assembly_type contigs --output_dir /data/djs217/PROJECTS/10_X_fragariae_feb_2024/04_spades/NCPPB_4181.spades --bin_home /data/djs217/anaconda3/envs/spades-env/bin

== Processing of contigs
== Running contig polishing tool: /data/djs217/anaconda3/envs/spades-env/bin/spades-corrector-core /data/djs217/PROJECTS/10_X_fragariae_feb_2024/04_spades/NCPPB_4181.spades/mismatch_corrector/contigs/configs/corrector.info /data/djs217/PROJECTS/10_X_fragariae_feb_2024/04_spades/NCPPB_4181.spades/misc/assembled_contigs.fasta
== Dataset description file was created: /data/djs217/PROJECTS/10_X_fragariae_feb_2024/04_spades/NCPPB_4181.spades/mismatch_corrector/contigs/configs/corrector.info
Run: /data/djs217/anaconda3/envs/spades-env/bin/spades-corrector-core /data/djs217/PROJECTS/10_X_fragariae_feb_2024/04_spades/NCPPB_4181.spades/mismatch_corrector/contigs/configs/corrector.info /data/djs217/PROJECTS/10_X_fragariae_feb_2024/04_spades/NCPPB_4181.spades/misc/assembled_contigs.fasta
/data/djs217/PROJECTS/10_X_fragariae_feb_2024/04_spades/NCPPB_4181.spades/mismatch_corrector/contigs/configs/log.properties  0:00:00.000     1M / 16M   INFO    General                 (main.cpp                  :  58)   Starting mismatch corrector, built from N/A, git revision N/A
  0:00:00.002     1M / 16M   INFO    General                 (main.cpp                  :  59)   Maximum # of threads to use (adjusted due to OMP capabilities): 16
  0:00:00.002     1M / 16M   INFO   DatasetProcessor         (dataset_processor.cpp     : 175)   Splitting assembly...
  0:00:00.002     1M / 16M   INFO   DatasetProcessor         (dataset_processor.cpp     : 176)   Assembly file: /data/djs217/PROJECTS/10_X_fragariae_feb_2024/04_spades/NCPPB_4181.spades/misc/assembled_contigs.fasta
  0:00:00.078     2M / 16M   INFO   DatasetProcessor         (dataset_processor.cpp     : 128)   Running bwa index ...: /data/djs217/anaconda3/envs/spades-env/bin/spades-bwa index /data/djs217/PROJECTS/10_X_fragariae_feb_2024/04_spades/NCPPB_4181.spades/misc/assembled_contigs.fasta
[bwa_index] Pack FASTA... 0.05 sec
[bwa_index] Construct BWT for the packed sequence...
[bwa_index] 1.12 seconds elapse.
[bwa_index] Update BWT... 0.04 sec
[bwa_index] Pack forward-only FASTA... 0.04 sec
[bwa_index] Construct SA from BWT and Occ... 0.61 sec
[main] Version: 0.7.16a-r1181
[main] CMD: /data/djs217/anaconda3/envs/spades-env/bin/spades-bwa index /data/djs217/PROJECTS/10_X_fragariae_feb_2024/04_spades/NCPPB_4181.spades/misc/assembled_contigs.fasta
[main] Real time: 2.249 sec; CPU: 1.870 sec
  0:00:02.333     2M / 16M   INFO   DatasetProcessor         (dataset_processor.cpp     : 190)   Processing paired sublib of number 0
  0:00:02.333     2M / 16M   INFO   DatasetProcessor         (dataset_processor.cpp     : 191)   /data/djs217/PROJECTS/10_X_fragariae_feb_2024/04_spades/NCPPB_4181.1_val_1.fq.gz /data/djs217/PROJECTS/10_X_fragariae_feb_2024/04_spades/NCPPB_4181.2_val_2.fq.gz
  0:00:02.334     2M / 16M   INFO   DatasetProcessor         (dataset_processor.cpp     : 153)   Running bwa mem ...:/data/djs217/anaconda3/envs/spades-env/bin/spades-bwa mem  -v 1 -t 16  /data/djs217/PROJECTS/10_X_fragariae_feb_2024/04_spades/NCPPB_4181.spades/misc/assembled_contigs.fasta /data/djs217/PROJECTS/10_X_fragariae_feb_2024/04_spades/NCPPB_4181.1_val_1.fq.gz /data/djs217/PROJECTS/10_X_fragariae_feb_2024/04_spades/NCPPB_4181.2_val_2.fq.gz   > /data/djs217/PROJECTS/10_X_fragariae_feb_2024/04_spades/NCPPB_4181.spades/tmp/corrector_elgz42so/lib0_1lF3Uq/tmp.sam
[main] Version: 0.7.16a-r1181
[main] CMD: /data/djs217/anaconda3/envs/spades-env/bin/spades-bwa mem -v 1 -t 16 /data/djs217/PROJECTS/10_X_fragariae_feb_2024/04_spades/NCPPB_4181.spades/misc/assembled_contigs.fasta /data/djs217/PROJECTS/10_X_fragariae_feb_2024/04_spades/NCPPB_4181.1_val_1.fq.gz /data/djs217/PROJECTS/10_X_fragariae_feb_2024/04_spades/NCPPB_4181.2_val_2.fq.gz
[main] Real time: 9.151 sec; CPU: 82.236 sec
  0:00:11.513     2M / 16M   INFO   DatasetProcessor         (dataset_processor.cpp     : 199)   Adding samfile /data/djs217/PROJECTS/10_X_fragariae_feb_2024/04_spades/NCPPB_4181.spades/tmp/corrector_elgz42so/lib0_1lF3Uq/tmp.sam
  0:00:13.895    65M / 72M   INFO   DatasetProcessor         (dataset_processor.cpp     : 118)   processed 1000000reads, flushing
  0:00:14.789     7M / 72M   INFO   DatasetProcessor         (dataset_processor.cpp     : 227)   Processing contigs
  0:00:15.164    13M / 189M  INFO   DatasetProcessor         (dataset_processor.cpp     : 243)   Contig NODE_10_length_55829_cov_16.182256 processed with 0 changes in thread 3
  0:00:15.171    19M / 194M  INFO   DatasetProcessor         (dataset_processor.cpp     : 243)   Contig NODE_14_length_52416_cov_17.602670 processed with 0 changes in thread 6
  0:00:15.204    25M / 200M  INFO   DatasetProcessor         (dataset_processor.cpp     : 243)   Contig NODE_16_length_50057_cov_15.017805 processed with 1 changes in thread 8
  0:00:15.235    31M / 205M  INFO   DatasetProcessor         (dataset_processor.cpp     : 243)   Contig NODE_12_length_53610_cov_15.515640 processed with 0 changes in thread 14
  0:00:15.242    37M / 208M  INFO   DatasetProcessor         (dataset_processor.cpp     : 243)   Contig NODE_13_length_52849_cov_16.597644 processed with 0 changes in thread 4
  0:00:15.266    43M / 212M  INFO   DatasetProcessor         (dataset_processor.cpp     : 243)   Contig NODE_11_length_53970_cov_16.187750 processed with 0 changes in thread 7
  0:00:15.282    50M / 215M  INFO   DatasetProcessor         (dataset_processor.cpp     : 243)   Contig NODE_9_length_56975_cov_17.584858 processed with 2 changes in thread 15
  0:00:15.284    55M / 218M  INFO   DatasetProcessor         (dataset_processor.cpp     : 243)   Contig NODE_15_length_51175_cov_17.876352 processed with 0 changes in thread 12
  0:00:15.319    64M / 224M  INFO   DatasetProcessor         (dataset_processor.cpp     : 243)   Contig NODE_4_length_75934_cov_17.372169 processed with 1 changes in thread 5
  0:00:15.337    71M / 225M  INFO   DatasetProcessor         (dataset_processor.cpp     : 243)   Contig NODE_8_length_57840_cov_17.794500 processed with 0 changes in thread 1
  0:00:15.364    78M / 230M  INFO   DatasetProcessor         (dataset_processor.cpp     : 243)   Contig NODE_6_length_68285_cov_15.994058 processed with 0 changes in thread 13
  0:00:15.390    87M / 232M  INFO   DatasetProcessor         (dataset_processor.cpp     : 243)   Contig NODE_3_length_77849_cov_14.752091 processed with 0 changes in thread 10
  0:00:15.447    94M / 233M  INFO   DatasetProcessor         (dataset_processor.cpp     : 243)   Contig NODE_7_length_58228_cov_17.963116 processed with 0 changes in thread 0
  0:00:15.466    94M / 236M  INFO   DatasetProcessor         (dataset_processor.cpp     : 243)   Contig NODE_18_length_46232_cov_16.355970 processed with 18 changes in thread 6
  0:00:15.477    93M / 238M  INFO   DatasetProcessor         (dataset_processor.cpp     : 243)   Contig NODE_17_length_48042_cov_17.554628 processed with 0 changes in thread 3
  0:00:15.477   101M / 238M  INFO   DatasetProcessor         (dataset_processor.cpp     : 243)   Contig NODE_5_length_69290_cov_18.306031 processed with 1 changes in thread 2
  0:00:15.570   100M / 240M  INFO   DatasetProcessor         (dataset_processor.cpp     : 243)   Contig NODE_19_length_45525_cov_16.223094 processed with 0 changes in thread 8
  0:00:15.585   100M / 242M  INFO   DatasetProcessor         (dataset_processor.cpp     : 243)   Contig NODE_21_length_43942_cov_15.767203 processed with 0 changes in thread 4
  0:00:15.598    96M / 242M  INFO   DatasetProcessor         (dataset_processor.cpp     : 243)   Contig NODE_25_length_42352_cov_18.144062 processed with 0 changes in thread 5
  0:00:15.607    94M / 243M  INFO   DatasetProcessor         (dataset_processor.cpp     : 243)   Contig NODE_23_length_43329_cov_15.363131 processed with 0 changes in thread 15
  0:00:15.610    93M / 244M  INFO   DatasetProcessor         (dataset_processor.cpp     : 243)   Contig NODE_22_length_43551_cov_16.164333 processed with 0 changes in thread 7
  0:00:15.642   102M / 245M  INFO   DatasetProcessor         (dataset_processor.cpp     : 243)   Contig NODE_2_length_78410_cov_20.395360 processed with 18 changes in thread 9
  0:00:15.649   101M / 245M  INFO   DatasetProcessor         (dataset_processor.cpp     : 243)   Contig NODE_24_length_42891_cov_17.414648 processed with 0 changes in thread 12
  0:00:15.655   101M / 245M  INFO   DatasetProcessor         (dataset_processor.cpp     : 243)   Contig NODE_20_length_44522_cov_18.562676 processed with 1 changes in thread 14
  0:00:15.682    99M / 245M  INFO   DatasetProcessor         (dataset_processor.cpp     : 243)   Contig NODE_30_length_35896_cov_16.455478 processed with 0 changes in thread 6
  0:00:15.697    96M / 245M  INFO   DatasetProcessor         (dataset_processor.cpp     : 243)   Contig NODE_27_length_41466_cov_16.750841 processed with 0 changes in thread 13
  0:00:15.702    95M / 245M  INFO   DatasetProcessor         (dataset_processor.cpp     : 243)   Contig NODE_31_length_34028_cov_17.292735 processed with 5 changes in thread 3
  0:00:15.705    93M / 246M  INFO   DatasetProcessor         (dataset_processor.cpp     : 243)   Contig NODE_26_length_42034_cov_17.706732 processed with 0 changes in thread 1
  0:00:15.706    88M / 246M  INFO   DatasetProcessor         (dataset_processor.cpp     : 243)   Contig NODE_28_length_37669_cov_16.766715 processed with 0 changes in thread 10
  0:00:15.761    84M / 248M  INFO   DatasetProcessor         (dataset_processor.cpp     : 243)   Contig NODE_32_length_33007_cov_17.199574 processed with 0 changes in thread 2
  0:00:15.780    82M / 248M  INFO   DatasetProcessor         (dataset_processor.cpp     : 243)   Contig NODE_29_length_36799_cov_17.247437 processed with 0 changes in thread 0
  0:00:15.787    80M / 250M  INFO   DatasetProcessor         (dataset_processor.cpp     : 243)   Contig NODE_35_length_32479_cov_15.977621 processed with 0 changes in thread 5
  0:00:15.800    79M / 250M  INFO   DatasetProcessor         (dataset_processor.cpp     : 243)   Contig NODE_33_length_32915_cov_14.236001 processed with 0 changes in thread 8
  0:00:15.842    78M / 250M  INFO   DatasetProcessor         (dataset_processor.cpp     : 243)   Contig NODE_41_length_30020_cov_14.620547 processed with 0 changes in thread 6
  0:00:15.846    77M / 250M  INFO   DatasetProcessor         (dataset_processor.cpp     : 243)   Contig NODE_37_length_31915_cov_15.454071 processed with 0 changes in thread 7
  0:00:15.867    76M / 250M  INFO   DatasetProcessor         (dataset_processor.cpp     : 243)   Contig NODE_34_length_32724_cov_17.944750 processed with 0 changes in thread 4
  0:00:15.870    75M / 250M  INFO   DatasetProcessor         (dataset_processor.cpp     : 243)   Contig NODE_43_length_28621_cov_15.859269 processed with 0 changes in thread 3
  0:00:15.878    74M / 250M  INFO   DatasetProcessor         (dataset_processor.cpp     : 243)   Contig NODE_36_length_32080_cov_17.911213 processed with 0 changes in thread 15
  0:00:15.884    72M / 250M  INFO   DatasetProcessor         (dataset_processor.cpp     : 243)   Contig NODE_39_length_31202_cov_15.557554 processed with 0 changes in thread 12
  0:00:15.890    71M / 250M  INFO   DatasetProcessor         (dataset_processor.cpp     : 243)   Contig NODE_40_length_30035_cov_15.793500 processed with 0 changes in thread 14
  0:00:15.910    70M / 250M  INFO   DatasetProcessor         (dataset_processor.cpp     : 243)   Contig NODE_42_length_28777_cov_15.274380 processed with 0 changes in thread 13
  0:00:15.912    64M / 250M  INFO   DatasetProcessor         (dataset_processor.cpp     : 243)   Contig NODE_38_length_31732_cov_17.459611 processed with 0 changes in thread 9
  0:00:15.924    62M / 250M  INFO   DatasetProcessor         (dataset_processor.cpp     : 243)   Contig NODE_44_length_28019_cov_14.886491 processed with 3 changes in thread 1
  0:00:15.930    62M / 250M  INFO   DatasetProcessor         (dataset_processor.cpp     : 243)   Contig NODE_48_length_26620_cov_14.736610 processed with 0 changes in thread 5
  0:00:15.940    61M / 250M  INFO   DatasetProcessor         (dataset_processor.cpp     : 243)   Contig NODE_45_length_27576_cov_17.699333 processed with 0 changes in thread 10
  0:00:15.974    60M / 251M  INFO   DatasetProcessor         (dataset_processor.cpp     : 243)   Contig NODE_46_length_27500_cov_15.693530 processed with 0 changes in thread 2
  0:00:16.000    59M / 251M  INFO   DatasetProcessor         (dataset_processor.cpp     : 243)   Contig NODE_50_length_25957_cov_16.719706 processed with 0 changes in thread 6
  0:00:16.003    58M / 251M  INFO   DatasetProcessor         (dataset_processor.cpp     : 243)   Contig NODE_49_length_26149_cov_16.053877 processed with 0 changes in thread 8
  0:00:16.015    58M / 251M  INFO   DatasetProcessor         (dataset_processor.cpp     : 243)   Contig NODE_53_length_24346_cov_16.331021 processed with 0 changes in thread 3
  0:00:16.021    57M / 251M  INFO   DatasetProcessor         (dataset_processor.cpp     : 243)   Contig NODE_47_length_26989_cov_18.406932 processed with 0 changes in thread 0
  0:00:16.023    71M / 251M  INFO   DatasetProcessor         (dataset_processor.cpp     : 243)   Contig NODE_1_length_112561_cov_18.546783 processed with 20 changes in thread 11
  0:00:16.042    70M / 251M  INFO   DatasetProcessor         (dataset_processor.cpp     : 243)   Contig NODE_51_length_25883_cov_15.299115 processed with 0 changes in thread 7
  0:00:16.063    69M / 251M  INFO   DatasetProcessor         (dataset_processor.cpp     : 243)   Contig NODE_54_length_24215_cov_15.810902 processed with 1 changes in thread 15
  0:00:16.069    69M / 251M  INFO   DatasetProcessor         (dataset_processor.cpp     : 243)   Contig NODE_60_length_23257_cov_16.513662 processed with 0 changes in thread 5
  0:00:16.073    69M / 251M  INFO   DatasetProcessor         (dataset_processor.cpp     : 243)   Contig NODE_52_length_24956_cov_17.020742 processed with 0 changes in thread 4
  0:00:16.077    68M / 251M  INFO   DatasetProcessor         (dataset_processor.cpp     : 243)   Contig NODE_55_length_24203_cov_16.240281 processed with 0 changes in thread 12
  0:00:16.078    67M / 251M  INFO   DatasetProcessor         (dataset_processor.cpp     : 243)   Contig NODE_58_length_23538_cov_14.624194 processed with 0 changes in thread 9
  0:00:16.096    66M / 251M  INFO   DatasetProcessor         (dataset_processor.cpp     : 243)   Contig NODE_56_length_24183_cov_17.311482 processed with 0 changes in thread 14
  0:00:16.106    66M / 251M  INFO   DatasetProcessor         (dataset_processor.cpp     : 243)   Contig NODE_61_length_22663_cov_15.168175 processed with 0 changes in thread 10
  0:00:16.113    65M / 251M  INFO   DatasetProcessor         (dataset_processor.cpp     : 243)   Contig NODE_59_length_23479_cov_16.101105 processed with 0 changes in thread 1
  0:00:16.115    65M / 251M  INFO   DatasetProcessor         (dataset_processor.cpp     : 243)   Contig NODE_57_length_24119_cov_17.825525 processed with 0 changes in thread 13
  0:00:16.134    64M / 251M  INFO   DatasetProcessor         (dataset_processor.cpp     : 243)   Contig NODE_63_length_22130_cov_16.590010 processed with 1 changes in thread 6
  0:00:16.155    64M / 251M  INFO   DatasetProcessor         (dataset_processor.cpp     : 243)   Contig NODE_65_length_21578_cov_17.809892 processed with 0 changes in thread 3
  0:00:16.172    64M / 251M  INFO   DatasetProcessor         (dataset_processor.cpp     : 243)   Contig NODE_64_length_22029_cov_15.458588 processed with 0 changes in thread 8
  0:00:16.187    63M / 251M  INFO   DatasetProcessor         (dataset_processor.cpp     : 243)   Contig NODE_66_length_21561_cov_15.215079 processed with 4 changes in thread 0
  0:00:16.193    63M / 253M  INFO   DatasetProcessor         (dataset_processor.cpp     : 243)   Contig NODE_62_length_22214_cov_18.947707 processed with 4 changes in thread 2
  0:00:16.202    62M / 253M  INFO   DatasetProcessor         (dataset_processor.cpp     : 243)   Contig NODE_70_length_20520_cov_18.092728 processed with 0 changes in thread 5
  0:00:16.205    51M / 253M  INFO   DatasetProcessor         (dataset_processor.cpp     : 243)   Contig NODE_67_length_21544_cov_17.258533 processed with 0 changes in thread 11
  0:00:16.226    50M / 253M  INFO   DatasetProcessor         (dataset_processor.cpp     : 243)   Contig NODE_72_length_20444_cov_14.841512 processed with 0 changes in thread 12
  0:00:16.232    50M / 253M  INFO   DatasetProcessor         (dataset_processor.cpp     : 243)   Contig NODE_69_length_20720_cov_16.237654 processed with 0 changes in thread 15
  0:00:16.260    49M / 253M  INFO   DatasetProcessor         (dataset_processor.cpp     : 243)   Contig NODE_71_length_20490_cov_18.684821 processed with 3 changes in thread 4
  0:00:16.267    49M / 253M  INFO   DatasetProcessor         (dataset_processor.cpp     : 243)   Contig NODE_73_length_20424_cov_18.442282 processed with 2 changes in thread 9
  0:00:16.290    48M / 253M  INFO   DatasetProcessor         (dataset_processor.cpp     : 243)   Contig NODE_68_length_20757_cov_24.858313 processed with 0 changes in thread 7
  0:00:16.862     7M / 257M  INFO   DatasetProcessor         (dataset_processor.cpp     : 247)   Gluing processed contigs
  0:00:16.881     1M / 257M  INFO    General                 (main.cpp                  :  72)   Correcting time: 0 hours 0 minutes 16 seconds

===== Mismatch correction contigs finished. 


===== Mismatch correction scaffolds started. 


== Running: /data/djs217/anaconda3/envs/spades-env/bin/python /data/djs217/anaconda3/envs/spades-env/share/spades/spades_pipeline/scripts/correction_iteration_script.py --corrected /data/djs217/PROJECTS/10_X_fragariae_feb_2024/04_spades/NCPPB_4181.spades/scaffolds.fasta --assembled /data/djs217/PROJECTS/10_X_fragariae_feb_2024/04_spades/NCPPB_4181.spades/misc/assembled_scaffolds.fasta --assembly_type scaffolds --output_dir /data/djs217/PROJECTS/10_X_fragariae_feb_2024/04_spades/NCPPB_4181.spades --bin_home /data/djs217/anaconda3/envs/spades-env/bin

== Processing of scaffolds
== Running contig polishing tool: /data/djs217/anaconda3/envs/spades-env/bin/spades-corrector-core /data/djs217/PROJECTS/10_X_fragariae_feb_2024/04_spades/NCPPB_4181.spades/mismatch_corrector/scaffolds/configs/corrector.info /data/djs217/PROJECTS/10_X_fragariae_feb_2024/04_spades/NCPPB_4181.spades/misc/assembled_scaffolds.fasta
== Dataset description file was created: /data/djs217/PROJECTS/10_X_fragariae_feb_2024/04_spades/NCPPB_4181.spades/mismatch_corrector/scaffolds/configs/corrector.info
Run: /data/djs217/anaconda3/envs/spades-env/bin/spades-corrector-core /data/djs217/PROJECTS/10_X_fragariae_feb_2024/04_spades/NCPPB_4181.spades/mismatch_corrector/scaffolds/configs/corrector.info /data/djs217/PROJECTS/10_X_fragariae_feb_2024/04_spades/NCPPB_4181.spades/misc/assembled_scaffolds.fasta
/data/djs217/PROJECTS/10_X_fragariae_feb_2024/04_spades/NCPPB_4181.spades/mismatch_corrector/scaffolds/configs/log.properties  0:00:00.000     1M / 16M   INFO    General                 (main.cpp                  :  58)   Starting mismatch corrector, built from N/A, git revision N/A
  0:00:00.002     1M / 16M   INFO    General                 (main.cpp                  :  59)   Maximum # of threads to use (adjusted due to OMP capabilities): 16
  0:00:00.002     1M / 16M   INFO   DatasetProcessor         (dataset_processor.cpp     : 175)   Splitting assembly...
  0:00:00.002     1M / 16M   INFO   DatasetProcessor         (dataset_processor.cpp     : 176)   Assembly file: /data/djs217/PROJECTS/10_X_fragariae_feb_2024/04_spades/NCPPB_4181.spades/misc/assembled_scaffolds.fasta
  0:00:00.066     2M / 16M   INFO   DatasetProcessor         (dataset_processor.cpp     : 128)   Running bwa index ...: /data/djs217/anaconda3/envs/spades-env/bin/spades-bwa index /data/djs217/PROJECTS/10_X_fragariae_feb_2024/04_spades/NCPPB_4181.spades/misc/assembled_scaffolds.fasta
[bwa_index] Pack FASTA... 0.05 sec
[bwa_index] Construct BWT for the packed sequence...
[bwa_index] 0.96 seconds elapse.
[bwa_index] Update BWT... 0.04 sec
[bwa_index] Pack forward-only FASTA... 0.04 sec
[bwa_index] Construct SA from BWT and Occ... 0.46 sec
[main] Version: 0.7.16a-r1181
[main] CMD: /data/djs217/anaconda3/envs/spades-env/bin/spades-bwa index /data/djs217/PROJECTS/10_X_fragariae_feb_2024/04_spades/NCPPB_4181.spades/misc/assembled_scaffolds.fasta
[main] Real time: 1.988 sec; CPU: 1.549 sec
  0:00:02.060     2M / 16M   INFO   DatasetProcessor         (dataset_processor.cpp     : 190)   Processing paired sublib of number 0
  0:00:02.060     2M / 16M   INFO   DatasetProcessor         (dataset_processor.cpp     : 191)   /data/djs217/PROJECTS/10_X_fragariae_feb_2024/04_spades/NCPPB_4181.1_val_1.fq.gz /data/djs217/PROJECTS/10_X_fragariae_feb_2024/04_spades/NCPPB_4181.2_val_2.fq.gz
  0:00:02.061     2M / 16M   INFO   DatasetProcessor         (dataset_processor.cpp     : 153)   Running bwa mem ...:/data/djs217/anaconda3/envs/spades-env/bin/spades-bwa mem  -v 1 -t 16  /data/djs217/PROJECTS/10_X_fragariae_feb_2024/04_spades/NCPPB_4181.spades/misc/assembled_scaffolds.fasta /data/djs217/PROJECTS/10_X_fragariae_feb_2024/04_spades/NCPPB_4181.1_val_1.fq.gz /data/djs217/PROJECTS/10_X_fragariae_feb_2024/04_spades/NCPPB_4181.2_val_2.fq.gz   > /data/djs217/PROJECTS/10_X_fragariae_feb_2024/04_spades/NCPPB_4181.spades/tmp/corrector_vfk81yt8/lib0_F4YwMr/tmp.sam
[main] Version: 0.7.16a-r1181
[main] CMD: /data/djs217/anaconda3/envs/spades-env/bin/spades-bwa mem -v 1 -t 16 /data/djs217/PROJECTS/10_X_fragariae_feb_2024/04_spades/NCPPB_4181.spades/misc/assembled_scaffolds.fasta /data/djs217/PROJECTS/10_X_fragariae_feb_2024/04_spades/NCPPB_4181.1_val_1.fq.gz /data/djs217/PROJECTS/10_X_fragariae_feb_2024/04_spades/NCPPB_4181.2_val_2.fq.gz
[main] Real time: 8.287 sec; CPU: 75.975 sec
  0:00:10.385     2M / 16M   INFO   DatasetProcessor         (dataset_processor.cpp     : 199)   Adding samfile /data/djs217/PROJECTS/10_X_fragariae_feb_2024/04_spades/NCPPB_4181.spades/tmp/corrector_vfk81yt8/lib0_F4YwMr/tmp.sam
  0:00:12.673    65M / 72M   INFO   DatasetProcessor         (dataset_processor.cpp     : 118)   processed 1000000reads, flushing
  0:00:13.551     7M / 72M   INFO   DatasetProcessor         (dataset_processor.cpp     : 227)   Processing contigs
  0:00:13.937    14M / 189M  INFO   DatasetProcessor         (dataset_processor.cpp     : 243)   Contig NODE_9_length_56975_cov_17.584858 processed with 2 changes in thread 1
  0:00:13.957    19M / 194M  INFO   DatasetProcessor         (dataset_processor.cpp     : 243)   Contig NODE_16_length_50057_cov_15.017805 processed with 2 changes in thread 13
  0:00:13.981    25M / 198M  INFO   DatasetProcessor         (dataset_processor.cpp     : 243)   Contig NODE_12_length_53610_cov_15.515640 processed with 0 changes in thread 9
  0:00:13.993    31M / 203M  INFO   DatasetProcessor         (dataset_processor.cpp     : 243)   Contig NODE_13_length_52849_cov_16.597644 processed with 0 changes in thread 2
  0:00:14.009    37M / 207M  INFO   DatasetProcessor         (dataset_processor.cpp     : 243)   Contig NODE_11_length_53970_cov_16.187750 processed with 0 changes in thread 3
  0:00:14.026    44M / 210M  INFO   DatasetProcessor         (dataset_processor.cpp     : 243)   Contig NODE_10_length_55829_cov_16.182256 processed with 0 changes in thread 11
  0:00:14.037    49M / 215M  INFO   DatasetProcessor         (dataset_processor.cpp     : 243)   Contig NODE_14_length_52416_cov_17.602670 processed with 0 changes in thread 6
  0:00:14.041    55M / 219M  INFO   DatasetProcessor         (dataset_processor.cpp     : 243)   Contig NODE_15_length_51175_cov_17.876352 processed with 0 changes in thread 12
  0:00:14.086    63M / 223M  INFO   DatasetProcessor         (dataset_processor.cpp     : 243)   Contig NODE_5_length_69290_cov_18.306031 processed with 1 changes in thread 15
  0:00:14.088    70M / 224M  INFO   DatasetProcessor         (dataset_processor.cpp     : 243)   Contig NODE_8_length_57840_cov_17.794500 processed with 0 changes in thread 7
  0:00:14.096    77M / 230M  INFO   DatasetProcessor         (dataset_processor.cpp     : 243)   Contig NODE_7_length_58228_cov_17.963116 processed with 0 changes in thread 5
  0:00:14.122    84M / 235M  INFO   DatasetProcessor         (dataset_processor.cpp     : 243)   Contig NODE_6_length_68285_cov_15.994058 processed with 0 changes in thread 8
  0:00:14.151    93M / 236M  INFO   DatasetProcessor         (dataset_processor.cpp     : 243)   Contig NODE_3_length_77849_cov_14.752091 processed with 0 changes in thread 14
  0:00:14.234   102M / 237M  INFO   DatasetProcessor         (dataset_processor.cpp     : 243)   Contig NODE_4_length_75934_cov_17.372169 processed with 1 changes in thread 10
  0:00:14.256   101M / 238M  INFO   DatasetProcessor         (dataset_processor.cpp     : 243)   Contig NODE_17_length_48042_cov_17.554628 processed with 0 changes in thread 1
  0:00:14.347   100M / 240M  INFO   DatasetProcessor         (dataset_processor.cpp     : 243)   Contig NODE_19_length_45525_cov_16.223094 processed with 0 changes in thread 9
  0:00:14.352   100M / 243M  INFO   DatasetProcessor         (dataset_processor.cpp     : 243)   Contig NODE_18_length_46232_cov_16.355970 processed with 18 changes in thread 13
  0:00:14.354    99M / 244M  INFO   DatasetProcessor         (dataset_processor.cpp     : 243)   Contig NODE_21_length_43942_cov_15.767203 processed with 0 changes in thread 3
  0:00:14.364    98M / 245M  INFO   DatasetProcessor         (dataset_processor.cpp     : 243)   Contig NODE_23_length_43329_cov_15.363131 processed with 0 changes in thread 6
  0:00:14.370    96M / 245M  INFO   DatasetProcessor         (dataset_processor.cpp     : 243)   Contig NODE_22_length_43551_cov_16.164333 processed with 0 changes in thread 11
  0:00:14.375    93M / 248M  INFO   DatasetProcessor         (dataset_processor.cpp     : 243)   Contig NODE_25_length_42352_cov_18.144062 processed with 0 changes in thread 15
  0:00:14.402   103M / 249M  INFO   DatasetProcessor         (dataset_processor.cpp     : 243)   Contig NODE_2_length_78410_cov_20.395360 processed with 21 changes in thread 4
  0:00:14.403   102M / 249M  INFO   DatasetProcessor         (dataset_processor.cpp     : 243)   Contig NODE_20_length_44522_cov_18.562676 processed with 1 changes in thread 2
  0:00:14.405   101M / 249M  INFO   DatasetProcessor         (dataset_processor.cpp     : 243)   Contig NODE_24_length_42891_cov_17.414648 processed with 0 changes in thread 12
  0:00:14.428    99M / 249M  INFO   DatasetProcessor         (dataset_processor.cpp     : 243)   Contig NODE_27_length_41466_cov_16.750841 processed with 0 changes in thread 5
  0:00:14.434   113M / 250M  INFO   DatasetProcessor         (dataset_processor.cpp     : 243)   Contig NODE_1_length_112561_cov_18.546783 processed with 20 changes in thread 0
  0:00:14.438   109M / 252M  INFO   DatasetProcessor         (dataset_processor.cpp     : 243)   Contig NODE_28_length_37669_cov_16.766715 processed with 0 changes in thread 8
  0:00:14.450   107M / 252M  INFO   DatasetProcessor         (dataset_processor.cpp     : 243)   Contig NODE_26_length_42034_cov_17.706732 processed with 0 changes in thread 7
  0:00:14.457   103M / 252M  INFO   DatasetProcessor         (dataset_processor.cpp     : 243)   Contig NODE_29_length_36799_cov_17.247437 processed with 0 changes in thread 14
  0:00:14.487   101M / 253M  INFO   DatasetProcessor         (dataset_processor.cpp     : 243)   Contig NODE_31_length_34028_cov_17.292735 processed with 4 changes in thread 1
  0:00:14.523    97M / 253M  INFO   DatasetProcessor         (dataset_processor.cpp     : 243)   Contig NODE_30_length_35896_cov_16.455478 processed with 0 changes in thread 10
  0:00:14.557    96M / 253M  INFO   DatasetProcessor         (dataset_processor.cpp     : 243)   Contig NODE_37_length_31915_cov_15.454071 processed with 0 changes in thread 15
  0:00:14.585    94M / 253M  INFO   DatasetProcessor         (dataset_processor.cpp     : 243)   Contig NODE_33_length_32915_cov_14.236001 processed with 0 changes in thread 13
  0:00:14.602    84M / 253M  INFO   DatasetProcessor         (dataset_processor.cpp     : 243)   Contig NODE_42_length_28777_cov_15.274380 processed with 0 changes in thread 0
  0:00:14.617    82M / 254M  INFO   DatasetProcessor         (dataset_processor.cpp     : 243)   Contig NODE_35_length_32479_cov_15.977621 processed with 0 changes in thread 6
  0:00:14.625    81M / 254M  INFO   DatasetProcessor         (dataset_processor.cpp     : 243)   Contig NODE_32_length_33007_cov_17.199574 processed with 0 changes in thread 9
  0:00:14.636    80M / 254M  INFO   DatasetProcessor         (dataset_processor.cpp     : 243)   Contig NODE_40_length_30035_cov_15.793500 processed with 0 changes in thread 12
  0:00:14.636    78M / 254M  INFO   DatasetProcessor         (dataset_processor.cpp     : 243)   Contig NODE_34_length_32724_cov_17.944750 processed with 0 changes in thread 3
  0:00:14.639    77M / 255M  INFO   DatasetProcessor         (dataset_processor.cpp     : 243)   Contig NODE_39_length_31202_cov_15.557554 processed with 0 changes in thread 2
  0:00:14.642    76M / 255M  INFO   DatasetProcessor         (dataset_processor.cpp     : 243)   Contig NODE_41_length_30020_cov_14.620547 processed with 0 changes in thread 5
  0:00:14.642    74M / 255M  INFO   DatasetProcessor         (dataset_processor.cpp     : 243)   Contig NODE_36_length_32080_cov_17.911213 processed with 0 changes in thread 11
  0:00:14.645    74M / 255M  INFO   DatasetProcessor         (dataset_processor.cpp     : 243)   Contig NODE_46_length_27500_cov_15.693530 processed with 0 changes in thread 1
  0:00:14.659    73M / 255M  INFO   DatasetProcessor         (dataset_processor.cpp     : 243)   Contig NODE_43_length_28621_cov_15.859269 processed with 0 changes in thread 8
  0:00:14.666    71M / 255M  INFO   DatasetProcessor         (dataset_processor.cpp     : 243)   Contig NODE_44_length_28019_cov_14.886491 processed with 3 changes in thread 7
  0:00:14.671    66M / 255M  INFO   DatasetProcessor         (dataset_processor.cpp     : 243)   Contig NODE_38_length_31732_cov_17.459611 processed with 0 changes in thread 4
  0:00:14.691    65M / 255M  INFO   DatasetProcessor         (dataset_processor.cpp     : 243)   Contig NODE_45_length_27576_cov_17.699333 processed with 0 changes in thread 14
  0:00:14.706    64M / 255M  INFO   DatasetProcessor         (dataset_processor.cpp     : 243)   Contig NODE_48_length_26620_cov_14.736610 processed with 0 changes in thread 15
  0:00:14.761    63M / 255M  INFO   DatasetProcessor         (dataset_processor.cpp     : 243)   Contig NODE_47_length_26989_cov_18.406932 processed with 0 changes in thread 10
  0:00:14.767    63M / 255M  INFO   DatasetProcessor         (dataset_processor.cpp     : 243)   Contig NODE_50_length_25957_cov_16.719706 processed with 0 changes in thread 0
  0:00:14.774    62M / 255M  INFO   DatasetProcessor         (dataset_processor.cpp     : 243)   Contig NODE_58_length_23538_cov_14.624194 processed with 0 changes in thread 1
  0:00:14.788    61M / 256M  INFO   DatasetProcessor         (dataset_processor.cpp     : 243)   Contig NODE_49_length_26149_cov_16.053877 processed with 0 changes in thread 13
  0:00:14.812    60M / 256M  INFO   DatasetProcessor         (dataset_processor.cpp     : 243)   Contig NODE_51_length_25883_cov_15.299115 processed with 0 changes in thread 6
  0:00:14.824    60M / 256M  INFO   DatasetProcessor         (dataset_processor.cpp     : 243)   Contig NODE_54_length_24215_cov_15.810902 processed with 1 changes in thread 3
  0:00:14.829    59M / 256M  INFO   DatasetProcessor         (dataset_processor.cpp     : 243)   Contig NODE_53_length_24346_cov_16.331021 processed with 0 changes in thread 12
  0:00:14.830    58M / 256M  INFO   DatasetProcessor         (dataset_processor.cpp     : 243)   Contig NODE_52_length_24956_cov_17.020742 processed with 0 changes in thread 9
  0:00:14.831    57M / 256M  INFO   DatasetProcessor         (dataset_processor.cpp     : 243)   Contig NODE_55_length_24203_cov_16.240281 processed with 0 changes in thread 2
  0:00:14.836    56M / 256M  INFO   DatasetProcessor         (dataset_processor.cpp     : 243)   Contig NODE_61_length_22663_cov_15.168175 processed with 0 changes in thread 4
  0:00:14.845    56M / 256M  INFO   DatasetProcessor         (dataset_processor.cpp     : 243)   Contig NODE_63_length_22130_cov_16.590010 processed with 1 changes in thread 15
  0:00:14.845    56M / 256M  INFO   DatasetProcessor         (dataset_processor.cpp     : 243)   Contig NODE_59_length_23479_cov_16.101105 processed with 0 changes in thread 8
  0:00:14.845    55M / 256M  INFO   DatasetProcessor         (dataset_processor.cpp     : 243)   Contig NODE_56_length_24183_cov_17.311482 processed with 0 changes in thread 5
  0:00:14.848    54M / 256M  INFO   DatasetProcessor         (dataset_processor.cpp     : 243)   Contig NODE_57_length_24119_cov_17.825525 processed with 0 changes in thread 11
  0:00:14.852    54M / 256M  INFO   DatasetProcessor         (dataset_processor.cpp     : 243)   Contig NODE_60_length_23257_cov_16.513662 processed with 0 changes in thread 7
  0:00:14.898    53M / 256M  INFO   DatasetProcessor         (dataset_processor.cpp     : 243)   Contig NODE_66_length_21561_cov_15.215079 processed with 4 changes in thread 1
  0:00:14.905    53M / 256M  INFO   DatasetProcessor         (dataset_processor.cpp     : 243)   Contig NODE_62_length_22214_cov_18.947707 processed with 4 changes in thread 14
  0:00:14.912    52M / 256M  INFO   DatasetProcessor         (dataset_processor.cpp     : 243)   Contig NODE_65_length_21578_cov_17.809892 processed with 0 changes in thread 0
  0:00:14.931    52M / 257M  INFO   DatasetProcessor         (dataset_processor.cpp     : 243)   Contig NODE_64_length_22029_cov_15.458588 processed with 0 changes in thread 10
  0:00:14.970    52M / 257M  INFO   DatasetProcessor         (dataset_processor.cpp     : 243)   Contig NODE_67_length_21544_cov_17.258533 processed with 0 changes in thread 13
  0:00:14.981    51M / 257M  INFO   DatasetProcessor         (dataset_processor.cpp     : 243)   Contig NODE_72_length_20444_cov_14.841512 processed with 0 changes in thread 2
  0:00:14.993    50M / 257M  INFO   DatasetProcessor         (dataset_processor.cpp     : 243)   Contig NODE_69_length_20720_cov_16.237654 processed with 0 changes in thread 3
  0:00:15.006    50M / 257M  INFO   DatasetProcessor         (dataset_processor.cpp     : 243)   Contig NODE_70_length_20520_cov_18.092728 processed with 0 changes in thread 12
  0:00:15.017    49M / 257M  INFO   DatasetProcessor         (dataset_processor.cpp     : 243)   Contig NODE_71_length_20490_cov_18.684821 processed with 4 changes in thread 9
  0:00:15.026    49M / 257M  INFO   DatasetProcessor         (dataset_processor.cpp     : 243)   Contig NODE_73_length_20424_cov_18.442282 processed with 2 changes in thread 4
  0:00:15.061    48M / 258M  INFO   DatasetProcessor         (dataset_processor.cpp     : 243)   Contig NODE_68_length_20757_cov_24.858313 processed with 0 changes in thread 6
  0:00:15.641     7M / 262M  INFO   DatasetProcessor         (dataset_processor.cpp     : 247)   Gluing processed contigs
  0:00:15.669     1M / 262M  INFO    General                 (main.cpp                  :  72)   Correcting time: 0 hours 0 minutes 15 seconds

===== Mismatch correction scaffolds finished. 


===== Mismatch correction finished. 


===== Breaking scaffolds started. 


== Running: /data/djs217/anaconda3/envs/spades-env/bin/python /data/djs217/anaconda3/envs/spades-env/share/spades/spades_pipeline/scripts/breaking_scaffolds_script.py --result_scaffolds_filename /data/djs217/PROJECTS/10_X_fragariae_feb_2024/04_spades/NCPPB_4181.spades/scaffolds.fasta --misc_dir /data/djs217/PROJECTS/10_X_fragariae_feb_2024/04_spades/NCPPB_4181.spades/misc --threshold_for_breaking_scaffolds 3


===== Breaking scaffolds finished. 


===== Terminate started. 


===== Terminate finished. 

 * Corrected reads are in /data/djs217/PROJECTS/10_X_fragariae_feb_2024/04_spades/NCPPB_4181.spades/corrected/
 * Assembled contigs are in /data/djs217/PROJECTS/10_X_fragariae_feb_2024/04_spades/NCPPB_4181.spades/contigs.fasta
 * Assembled scaffolds are in /data/djs217/PROJECTS/10_X_fragariae_feb_2024/04_spades/NCPPB_4181.spades/scaffolds.fasta
 * Paths in the assembly graph corresponding to the contigs are in /data/djs217/PROJECTS/10_X_fragariae_feb_2024/04_spades/NCPPB_4181.spades/contigs.paths
 * Paths in the assembly graph corresponding to the scaffolds are in /data/djs217/PROJECTS/10_X_fragariae_feb_2024/04_spades/NCPPB_4181.spades/scaffolds.paths
 * Assembly graph is in /data/djs217/PROJECTS/10_X_fragariae_feb_2024/04_spades/NCPPB_4181.spades/assembly_graph.fastg
 * Assembly graph in GFA format is in /data/djs217/PROJECTS/10_X_fragariae_feb_2024/04_spades/NCPPB_4181.spades/assembly_graph_with_scaffolds.gfa

======= SPAdes pipeline finished WITH WARNINGS!

=== Error correction and assembling warnings:
 * 0:00:10.824    46M / 2585M WARN    General                 (pair_info_count.cpp       : 376)   Estimated mean insert size 303.896 is very small compared to read length 301
======= Warnings saved to /data/djs217/PROJECTS/10_X_fragariae_feb_2024/04_spades/NCPPB_4181.spades/warnings.log

SPAdes log can be found here: /data/djs217/PROJECTS/10_X_fragariae_feb_2024/04_spades/NCPPB_4181.spades/spades.log

Thank you for using SPAdes!
