Command line: /data/djs217/anaconda3/envs/spades-env/bin/spades.py	--careful	-o	/data/djs217/PROJECTS/10_X_fragariae_feb_2024/04_spades/NCPPB_4772.spades	-1	/data/djs217/PROJECTS/10_X_fragariae_feb_2024/04_spades/NCPPB_4772.1_val_1.fq.gz	-2	/data/djs217/PROJECTS/10_X_fragariae_feb_2024/04_spades/NCPPB_4772.2_val_2.fq.gz	

System information:
  SPAdes version: 3.15.5
  Python version: 3.12.0
  OS: Linux-5.15.0-91-generic-x86_64-with-glibc2.35

Output dir: /data/djs217/PROJECTS/10_X_fragariae_feb_2024/04_spades/NCPPB_4772.spades
Mode: read error correction and assembling
Debug mode is turned OFF

Dataset parameters:
  Standard mode
  For multi-cell/isolate data we recommend to use '--isolate' option; for single-cell MDA data use '--sc'; for metagenomic data use '--meta'; for RNA-Seq use '--rna'.
  Reads:
    Library number: 1, library type: paired-end
      orientation: fr
      left reads: ['/data/djs217/PROJECTS/10_X_fragariae_feb_2024/04_spades/NCPPB_4772.1_val_1.fq.gz']
      right reads: ['/data/djs217/PROJECTS/10_X_fragariae_feb_2024/04_spades/NCPPB_4772.2_val_2.fq.gz']
      interlaced reads: not specified
      single reads: not specified
      merged reads: not specified
Read error correction parameters:
  Iterations: 1
  PHRED offset will be auto-detected
  Corrected reads will be compressed
Assembly parameters:
  k: automatic selection based on read length
  Repeat resolution is enabled
  Mismatch careful mode is turned ON
  MismatchCorrector will be used
  Coverage cutoff is turned OFF
Other parameters:
  Dir for temp files: /data/djs217/PROJECTS/10_X_fragariae_feb_2024/04_spades/NCPPB_4772.spades/tmp
  Threads: 16
  Memory limit (in Gb): 62


======= SPAdes pipeline started. Log can be found here: /data/djs217/PROJECTS/10_X_fragariae_feb_2024/04_spades/NCPPB_4772.spades/spades.log

/data/djs217/PROJECTS/10_X_fragariae_feb_2024/04_spades/NCPPB_4772.1_val_1.fq.gz: max reads length: 301
/data/djs217/PROJECTS/10_X_fragariae_feb_2024/04_spades/NCPPB_4772.2_val_2.fq.gz: max reads length: 301

Reads length: 301

Default k-mer sizes were set to [21, 33, 55, 77, 99, 127] because estimated read length (301) is equal to or greater than 250

===== Before start started. 


===== Read error correction started. 


===== Read error correction started. 


== Running: /data/djs217/anaconda3/envs/spades-env/bin/spades-hammer /data/djs217/PROJECTS/10_X_fragariae_feb_2024/04_spades/NCPPB_4772.spades/corrected/configs/config.info

  0:00:00.000     1M / 19M   INFO    General                 (main.cpp                  :  75)   Starting BayesHammer, built from N/A, git revision N/A
  0:00:00.005     1M / 19M   INFO    General                 (main.cpp                  :  76)   Loading config from /data/djs217/PROJECTS/10_X_fragariae_feb_2024/04_spades/NCPPB_4772.spades/corrected/configs/config.info
  0:00:00.005     1M / 19M   INFO    General                 (main.cpp                  :  78)   Maximum # of threads to use (adjusted due to OMP capabilities): 16
  0:00:00.006     1M / 19M   INFO    General                 (memory_limit.cpp          :  54)   Memory limit set to 62 Gb
  0:00:00.006     1M / 19M   INFO    General                 (main.cpp                  :  86)   Trying to determine PHRED offset
  0:00:00.009     1M / 19M   INFO    General                 (main.cpp                  :  92)   Determined value is 33
  0:00:00.009     1M / 19M   INFO    General                 (hammer_tools.cpp          :  38)   Hamming graph threshold tau=1, k=21, subkmer positions = [ 0 10 ]
  0:00:00.009     1M / 19M   INFO    General                 (main.cpp                  : 113)   Size of aux. kmer data 24 bytes
     === ITERATION 0 begins ===
  0:00:00.009     1M / 19M   INFO    General                 (kmer_index_builder.hpp    : 243)   Splitting kmer instances into 16 files using 16 threads. This might take a while.
  0:00:00.010     1M / 19M   INFO    General                 (file_limit.hpp            :  42)   Open file limit set to 1024
  0:00:00.010     1M / 19M   INFO    General                 (kmer_splitter.hpp         :  93)   Memory available for splitting buffers: 1.29166 Gb
  0:00:00.010     1M / 19M   INFO    General                 (kmer_splitter.hpp         : 101)   Using cell size of 4194304
  0:00:00.012  9217M / 9217M INFO   K-mer Splitting          (kmer_data.cpp             :  97)   Processing /data/djs217/PROJECTS/10_X_fragariae_feb_2024/04_spades/NCPPB_4772.1_val_1.fq.gz
  0:00:04.044  9217M / 9217M INFO   K-mer Splitting          (kmer_data.cpp             : 107)   Processed 541211 reads
  0:00:04.044  9217M / 9217M INFO   K-mer Splitting          (kmer_data.cpp             :  97)   Processing /data/djs217/PROJECTS/10_X_fragariae_feb_2024/04_spades/NCPPB_4772.2_val_2.fq.gz
  0:00:07.026  9217M / 9217M INFO   K-mer Splitting          (kmer_data.cpp             : 107)   Processed 1082422 reads
  0:00:07.026  9217M / 9217M INFO   K-mer Splitting          (kmer_data.cpp             : 112)   Total 1082422 reads processed
  0:00:07.026     1M / 2930M INFO    General                 (kmer_index_builder.hpp    : 249)   Starting k-mer counting.
  0:00:07.190     1M / 2930M INFO    General                 (kmer_index_builder.hpp    : 260)   K-mer counting done. There are 18681420 kmers in total.
  0:00:07.191     1M / 2930M INFO   K-mer Index Building     (kmer_index_builder.hpp    : 395)   Building perfect hash indices
  0:00:07.342    15M / 2930M INFO   K-mer Index Building     (kmer_index_builder.hpp    : 431)   Index built. Total 18681420 kmers, 13504552 bytes occupied (5.78309 bits per kmer).
  0:00:07.342    15M / 2930M INFO   K-mer Counting           (kmer_data.cpp             : 354)   Arranging kmers in hash map order
  0:00:07.787   303M / 2930M INFO    General                 (main.cpp                  : 148)   Clustering Hamming graph.
  0:00:12.642   303M / 2930M INFO    General                 (main.cpp                  : 155)   Extracting clusters:
  0:00:12.643   303M / 2930M INFO    General                 (concurrent_dsu.cpp        :  18)   Connecting to root
  0:00:12.674   303M / 2930M INFO    General                 (concurrent_dsu.cpp        :  34)   Calculating counts
  0:00:13.792   576M / 2930M INFO    General                 (concurrent_dsu.cpp        :  63)   Writing down entries
  0:00:15.490   303M / 2930M INFO    General                 (main.cpp                  : 167)   Clustering done. Total clusters: 8353828
  0:00:15.498   159M / 2930M INFO   K-mer Counting           (kmer_data.cpp             : 371)   Collecting K-mer information, this takes a while.
  0:00:15.657   587M / 2930M INFO   K-mer Counting           (kmer_data.cpp             : 377)   Processing /data/djs217/PROJECTS/10_X_fragariae_feb_2024/04_spades/NCPPB_4772.1_val_1.fq.gz
  0:00:20.949   587M / 2930M INFO   K-mer Counting           (kmer_data.cpp             : 377)   Processing /data/djs217/PROJECTS/10_X_fragariae_feb_2024/04_spades/NCPPB_4772.2_val_2.fq.gz
  0:00:25.187   587M / 2930M INFO   K-mer Counting           (kmer_data.cpp             : 384)   Collection done, postprocessing.
  0:00:25.253   587M / 2930M INFO   K-mer Counting           (kmer_data.cpp             : 397)   There are 18681420 kmers in total. Among them 10139706 (54.277%) are singletons.
  0:00:25.254   587M / 2930M INFO    General                 (main.cpp                  : 173)   Subclustering Hamming graph
  0:00:27.114   587M / 2930M INFO   Hamming Subclustering    (kmer_cluster.cpp          : 650)   Subclustering done. Total 23 non-read kmers were generated.
  0:00:27.114   587M / 2930M INFO   Hamming Subclustering    (kmer_cluster.cpp          : 651)   Subclustering statistics:
  0:00:27.115   587M / 2930M INFO   Hamming Subclustering    (kmer_cluster.cpp          : 652)     Total singleton hamming clusters: 2983374. Among them 2343802 (78.5621%) are good
  0:00:27.115   587M / 2930M INFO   Hamming Subclustering    (kmer_cluster.cpp          : 653)     Total singleton subclusters: 47001. Among them 46726 (99.4149%) are good
  0:00:27.115   587M / 2930M INFO   Hamming Subclustering    (kmer_cluster.cpp          : 654)     Total non-singleton subcluster centers: 5472219. Among them 3786883 (69.202%) are good
  0:00:27.115   587M / 2930M INFO   Hamming Subclustering    (kmer_cluster.cpp          : 655)     Average size of non-trivial subcluster: 2.86868 kmers
  0:00:27.115   587M / 2930M INFO   Hamming Subclustering    (kmer_cluster.cpp          : 656)     Average number of sub-clusters per non-singleton cluster: 1.0277
  0:00:27.115   587M / 2930M INFO   Hamming Subclustering    (kmer_cluster.cpp          : 657)     Total solid k-mers: 6177411
  0:00:27.115   587M / 2930M INFO   Hamming Subclustering    (kmer_cluster.cpp          : 658)     Substitution probabilities: [4,4]((0.938057,0.0324716,0.0181333,0.0113378),(0.0184632,0.960426,0.00811057,0.013),(0.0129833,0.00810303,0.96044,0.0184735),(0.01133,0.0181132,0.032452,0.938105))
  0:00:27.126   587M / 2930M INFO    General                 (main.cpp                  : 178)   Finished clustering.
  0:00:27.126   587M / 2930M INFO    General                 (main.cpp                  : 197)   Starting solid k-mers expansion in 16 threads.
  0:00:30.669   587M / 2930M INFO    General                 (main.cpp                  : 218)   Solid k-mers iteration 0 produced 37401 new k-mers.
  0:00:34.220   587M / 2930M INFO    General                 (main.cpp                  : 218)   Solid k-mers iteration 1 produced 1439 new k-mers.
  0:00:37.761   587M / 2930M INFO    General                 (main.cpp                  : 218)   Solid k-mers iteration 2 produced 56 new k-mers.
  0:00:41.303   587M / 2930M INFO    General                 (main.cpp                  : 218)   Solid k-mers iteration 3 produced 0 new k-mers.
  0:00:41.303   587M / 2930M INFO    General                 (main.cpp                  : 222)   Solid k-mers finalized
  0:00:41.303   587M / 2930M INFO    General                 (hammer_tools.cpp          : 222)   Starting read correction in 16 threads.
  0:00:41.303   587M / 2930M INFO    General                 (hammer_tools.cpp          : 235)   Correcting pair of reads: /data/djs217/PROJECTS/10_X_fragariae_feb_2024/04_spades/NCPPB_4772.1_val_1.fq.gz and /data/djs217/PROJECTS/10_X_fragariae_feb_2024/04_spades/NCPPB_4772.2_val_2.fq.gz
  0:00:44.442  1406M / 2930M INFO    General                 (hammer_tools.cpp          : 170)   Prepared batch 0 of 541211 reads.
  0:00:47.526  1456M / 2930M INFO    General                 (hammer_tools.cpp          : 177)   Processed batch 0
  0:00:48.530  1456M / 2930M INFO    General                 (hammer_tools.cpp          : 187)   Written batch 0
  0:00:48.748   587M / 2930M INFO    General                 (hammer_tools.cpp          : 276)   Correction done. Changed 317592 bases in 238787 reads.
  0:00:48.764   587M / 2930M INFO    General                 (hammer_tools.cpp          : 277)   Failed to correct 0 bases out of 194762460.
  0:00:48.809     1M / 2930M INFO    General                 (main.cpp                  : 255)   Saving corrected dataset description to /data/djs217/PROJECTS/10_X_fragariae_feb_2024/04_spades/NCPPB_4772.spades/corrected/corrected.yaml
  0:00:48.809     1M / 2930M INFO    General                 (main.cpp                  : 262)   All done. Exiting.

===== Read error correction finished. 


===== corrected reads compression started. 


== Running: /data/djs217/anaconda3/envs/spades-env/bin/python /data/djs217/anaconda3/envs/spades-env/share/spades/spades_pipeline/scripts/compress_all.py --input_file /data/djs217/PROJECTS/10_X_fragariae_feb_2024/04_spades/NCPPB_4772.spades/corrected/corrected.yaml --ext_python_modules_home /data/djs217/anaconda3/envs/spades-env/share/spades --max_threads 16 --output_dir /data/djs217/PROJECTS/10_X_fragariae_feb_2024/04_spades/NCPPB_4772.spades/corrected --gzip_output

== Compressing corrected reads (with pigz)
== Files to compress: ['/data/djs217/PROJECTS/10_X_fragariae_feb_2024/04_spades/NCPPB_4772.spades/corrected/NCPPB_4772.1_val_1.fq.00.0_0.cor.fastq', '/data/djs217/PROJECTS/10_X_fragariae_feb_2024/04_spades/NCPPB_4772.spades/corrected/NCPPB_4772.2_val_2.fq.00.0_0.cor.fastq', '/data/djs217/PROJECTS/10_X_fragariae_feb_2024/04_spades/NCPPB_4772.spades/corrected/NCPPB_4772._unpaired.00.0_0.cor.fastq']
== Files compression is finished
== Dataset yaml file is updated

===== corrected reads compression finished. 


===== Read error correction finished. 


===== Assembling started. 


===== K21 started. 


== Running: /data/djs217/anaconda3/envs/spades-env/bin/spades-core /data/djs217/PROJECTS/10_X_fragariae_feb_2024/04_spades/NCPPB_4772.spades/K21/configs/config.info /data/djs217/PROJECTS/10_X_fragariae_feb_2024/04_spades/NCPPB_4772.spades/K21/configs/careful_mode.info

  0:00:00.000     1M / 19M   INFO    General                 (main.cpp                  :  99)   Loaded config from /data/djs217/PROJECTS/10_X_fragariae_feb_2024/04_spades/NCPPB_4772.spades/K21/configs/config.info
  0:00:00.002     1M / 19M   INFO    General                 (main.cpp                  :  99)   Loaded config from /data/djs217/PROJECTS/10_X_fragariae_feb_2024/04_spades/NCPPB_4772.spades/K21/configs/careful_mode.info
  0:00:00.002     1M / 19M   INFO    General                 (memory_limit.cpp          :  54)   Memory limit set to 62 Gb
  0:00:00.002     1M / 19M   INFO    General                 (main.cpp                  : 107)   Starting SPAdes, built from N/A, git revision N/A
  0:00:00.002     1M / 19M   INFO    General                 (main.cpp                  : 108)   Maximum k-mer length: 128
  0:00:00.002     1M / 19M   INFO    General                 (main.cpp                  : 109)   Assembling dataset (/data/djs217/PROJECTS/10_X_fragariae_feb_2024/04_spades/NCPPB_4772.spades/dataset.info) with K=21
  0:00:00.002     1M / 19M   INFO    General                 (main.cpp                  : 110)   Maximum # of threads to use (adjusted due to OMP capabilities): 16
  0:00:00.002     1M / 19M   INFO    General                 (pipeline.cpp              : 212)   SPAdes started
  0:00:00.002     1M / 19M   INFO    General                 (pipeline.cpp              : 225)   Starting from stage: read_conversion
  0:00:00.002     1M / 19M   INFO    General                 (pipeline.cpp              : 231)   Two-step repeat resolution disabled
  0:00:00.002     1M / 19M   INFO   GraphCore                (graph_core.hpp            : 672)   Graph created, vertex min_id: 3, edge min_id: 3
  0:00:00.002     1M / 19M   INFO   GraphCore                (graph_core.hpp            : 673)   Vertex size: 48, edge size: 40
  0:00:00.002     1M / 19M   INFO    General                 (edge_index.hpp            : 113)   Size of edge index entries: 12/8
  0:00:00.002     1M / 19M   INFO   StageManager             (stage.cpp                 : 185)   STAGE == Binary Read Conversion (id: read_conversion)
  0:00:00.004     1M / 19M   INFO    General                 (read_converter.cpp        :  72)   Converting reads to binary format for library #0 (takes a while)
  0:00:00.004     1M / 19M   INFO    General                 (read_converter.cpp        :  73)   Converting paired reads
  0:00:00.728    69M / 106M  INFO    General                 (binary_converter.cpp      :  96)   16384 reads processed
  0:00:00.745    75M / 118M  INFO    General                 (binary_converter.cpp      :  96)   32768 reads processed
  0:00:00.779    87M / 141M  INFO    General                 (binary_converter.cpp      :  96)   65536 reads processed
  0:00:01.009    75M / 197M  INFO    General                 (binary_converter.cpp      :  96)   131072 reads processed
  0:00:01.496    86M / 229M  INFO    General                 (binary_converter.cpp      :  96)   262144 reads processed
  0:00:02.480    72M / 270M  INFO    General                 (binary_converter.cpp      :  96)   524288 reads processed
  0:00:02.746    63M / 270M  INFO    General                 (binary_converter.cpp      : 111)   540106 reads written
  0:00:02.746    41M / 270M  INFO    General                 (read_converter.cpp        :  86)   Converting single reads
  0:00:02.764    71M / 270M  INFO    General                 (binary_converter.cpp      : 111)   1099 reads written
  0:00:02.765    61M / 270M  INFO    General                 (read_converter.cpp        :  92)   Converting merged reads
  0:00:02.765    71M / 270M  INFO    General                 (binary_converter.cpp      : 111)   0 reads written
  0:00:02.791     1M / 272M  INFO   StageManager             (stage.cpp                 : 185)   STAGE == de Bruijn graph construction (id: construction)
  0:00:02.798     1M / 272M  INFO    General                 (construction.cpp          : 153)   Max read length 301
  0:00:02.798     1M / 272M  INFO    General                 (construction.cpp          : 159)   Average read length 180.094
  0:00:02.798     1M / 272M  INFO    General                 (stage.cpp                 : 117)   PROCEDURE == k+1-mer counting (id: construction:kpomer_counting)
  0:00:02.798     1M / 272M  INFO    General                 (kmer_index_builder.hpp    : 243)   Splitting kmer instances into 160 files using 16 threads. This might take a while.
  0:00:02.798     1M / 272M  INFO    General                 (file_limit.hpp            :  42)   Open file limit set to 1024
  0:00:02.798     1M / 272M  INFO    General                 (kmer_splitter.hpp         :  93)   Memory available for splitting buffers: 1.29165 Gb
  0:00:02.798     1M / 272M  INFO    General                 (kmer_splitter.hpp         : 101)   Using cell size of 419430
  0:00:04.587  9601M / 9601M INFO    General                 (kmer_splitters.hpp        : 125)   Processed 2162622 reads
  0:00:04.591     1M / 1657M INFO    General                 (kmer_splitters.hpp        : 131)   Used 2162622 reads
  0:00:04.707     1M / 1657M INFO    General                 (kmer_index_builder.hpp    : 249)   Starting k-mer counting.
  0:00:04.754     1M / 1657M INFO    General                 (kmer_index_builder.hpp    : 260)   K-mer counting done. There are 4054339 kmers in total.
  0:00:04.754     1M / 1657M INFO    General                 (stage.cpp                 : 117)   PROCEDURE == Extension index construction (id: construction:extension_index_construction)
  0:00:04.755     1M / 1657M INFO   K-mer Index Building     (kmer_index_builder.hpp    : 438)   Building kmer index
  0:00:04.756     1M / 1657M INFO    General                 (kmer_index_builder.hpp    : 243)   Splitting kmer instances into 160 files using 16 threads. This might take a while.
  0:00:04.756     1M / 1657M INFO    General                 (file_limit.hpp            :  42)   Open file limit set to 1024
  0:00:04.756     1M / 1657M INFO    General                 (kmer_splitter.hpp         :  93)   Memory available for splitting buffers: 1.29165 Gb
  0:00:04.756     1M / 1657M INFO    General                 (kmer_splitter.hpp         : 101)   Using cell size of 419430
  0:00:04.934  9601M / 9601M INFO    General                 (kmer_splitters.hpp        : 194)   Processed 4054339 kmers
  0:00:04.935  9601M / 9601M INFO    General                 (kmer_splitters.hpp        : 199)   Used 4054339 kmers.
  0:00:04.938     1M / 1657M INFO    General                 (kmer_index_builder.hpp    : 249)   Starting k-mer counting.
  0:00:04.975     1M / 1657M INFO    General                 (kmer_index_builder.hpp    : 260)   K-mer counting done. There are 4047325 kmers in total.
  0:00:04.975     1M / 1657M INFO   K-mer Index Building     (kmer_index_builder.hpp    : 395)   Building perfect hash indices
  0:00:05.024     5M / 1657M INFO   K-mer Index Building     (kmer_index_builder.hpp    : 431)   Index built. Total 4047325 kmers, 3043560 bytes occupied (6.01594 bits per kmer).
  0:00:05.024     5M / 1657M INFO    General                 (kmer_index_builder.hpp    : 169)   Merging final buckets.
  0:00:05.131     9M / 1657M INFO   DeBruijnExtensionIndexBu (kmer_extension_index_build: 100)   Building k-mer extensions from k+1-mers
  0:00:05.265     9M / 1657M INFO   DeBruijnExtensionIndexBu (kmer_extension_index_build: 105)   Building k-mer extensions from k+1-mers finished.
  0:00:05.271     9M / 1657M INFO    General                 (stage.cpp                 : 117)   PROCEDURE == Early tip clipping (id: construction:early_tip_clipper)
  0:00:05.271     9M / 1657M INFO    General                 (construction.cpp          : 301)   Early tip clipper length bound set as (RL - K)
  0:00:05.271     9M / 1657M INFO   Early tip clipping       (early_simplification.hpp  :  47)   Early tip clipping
  0:00:05.337     9M / 1657M INFO   Early tip clipping       (early_simplification.hpp  :  82)   #tipped junctions: 6585
  0:00:05.337     9M / 1657M INFO   Early tip clipping       (early_simplification.hpp  :  93)   Clipped tips: 6598
  0:00:05.343     9M / 1657M INFO   Early tip clipping       (early_simplification.hpp  :  49)   58113 22-mers were removed by early tip clipper
  0:00:05.343     9M / 1657M INFO    General                 (stage.cpp                 : 117)   PROCEDURE == Condensing graph (id: construction:graph_condensing)
  0:00:05.343     9M / 1657M INFO   UnbranchingPathExtractor (debruijn_graph_constructor: 354)   Extracting unbranching paths
  0:00:05.440    10M / 1657M INFO   UnbranchingPathExtractor (debruijn_graph_constructor: 373)   Extracting unbranching paths finished. 20067 sequences extracted
  0:00:05.530    10M / 1657M INFO   UnbranchingPathExtractor (debruijn_graph_constructor: 309)   Collecting perfect loops
  0:00:05.557    10M / 1657M INFO   UnbranchingPathExtractor (debruijn_graph_constructor: 342)   Collecting perfect loops finished. 1 loops collected
  0:00:05.566    10M / 1657M INFO    General                 (debruijn_graph_constructor: 487)   Total 40136 edges to create
  0:00:05.566    12M / 1657M INFO    General                 (debruijn_graph_constructor: 489)   Collecting link records
  0:00:05.591    13M / 1657M INFO    General                 (debruijn_graph_constructor: 491)   Ordering link records
  0:00:05.591    13M / 1657M INFO    General                 (debruijn_graph_constructor: 493)   Sorting done
  0:00:05.591    13M / 1657M INFO    General                 (debruijn_graph_constructor: 503)   Total 13054 vertices to create
  0:00:05.591    14M / 1657M INFO    General                 (debruijn_graph_constructor: 506)   Connecting the graph
  0:00:05.609    13M / 1657M INFO    General                 (stage.cpp                 : 117)   PROCEDURE == Filling coverage indices (PHM) (id: construction:coverage_filling_phm)
  0:00:05.609    13M / 1657M INFO   K-mer Index Building     (kmer_index_builder.hpp    : 395)   Building perfect hash indices
  0:00:05.652    17M / 1657M INFO   K-mer Index Building     (kmer_index_builder.hpp    : 431)   Index built. Total 4054339 kmers, 3048616 bytes occupied (6.01551 bits per kmer).
  0:00:05.655    33M / 1657M INFO    General                 (coverage_hash_map_builder.:  47)   Collecting k-mer coverage information from reads, this takes a while.
  0:00:07.244    33M / 1657M INFO    General                 (construction.cpp          : 430)   Filling coverage and flanking coverage from PHM
  0:00:07.330    33M / 1657M INFO    General                 (coverage_filling.hpp      :  82)   Processed 40083 edges
  0:00:07.348     5M / 1657M INFO   StageManager             (stage.cpp                 : 185)   STAGE == EC Threshold Finding (id: ec_threshold_finder)
  0:00:07.349     5M / 1657M INFO    General                 (kmer_coverage_model.cpp   : 181)   Kmer coverage valley at: 7
  0:00:07.349     5M / 1657M INFO    General                 (kmer_coverage_model.cpp   : 201)   K-mer histogram maximum: 38
  0:00:07.349     5M / 1657M INFO    General                 (kmer_coverage_model.cpp   : 237)   Estimated median coverage: 40. Coverage mad: 11.8608
  0:00:07.349     5M / 1657M INFO    General                 (kmer_coverage_model.cpp   : 259)   Fitting coverage model
  0:00:07.400     5M / 1657M INFO    General                 (kmer_coverage_model.cpp   : 295)   ... iteration 2
  0:00:07.535     5M / 1657M INFO    General                 (kmer_coverage_model.cpp   : 295)   ... iteration 4
  0:00:07.970     5M / 1657M INFO    General                 (kmer_coverage_model.cpp   : 295)   ... iteration 8
  0:00:08.905     5M / 1657M INFO    General                 (kmer_coverage_model.cpp   : 295)   ... iteration 16
  0:00:10.274     5M / 1657M INFO    General                 (kmer_coverage_model.cpp   : 309)   Fitted mean coverage: 39.9604. Fitted coverage std. dev: 9.44445
  0:00:10.275     5M / 1657M INFO    General                 (kmer_coverage_model.cpp   : 334)   Probability of erroneous kmer at valley: 0.00675086
  0:00:10.275     5M / 1657M INFO    General                 (kmer_coverage_model.cpp   : 358)   Preliminary threshold calculated as: 8
  0:00:10.275     5M / 1657M INFO    General                 (kmer_coverage_model.cpp   : 362)   Threshold adjusted to: 8
  0:00:10.275     5M / 1657M INFO    General                 (kmer_coverage_model.cpp   : 375)   Estimated genome size (ignoring repeats): 3897866
  0:00:10.276     5M / 1657M INFO    General                 (genomic_info_filler.cpp   :  55)   Mean coverage was calculated as 39.9604
  0:00:10.276     5M / 1657M INFO    General                 (genomic_info_filler.cpp   :  70)   EC coverage threshold value was calculated as 8
  0:00:10.276     5M / 1657M INFO    General                 (genomic_info_filler.cpp   :  71)   Trusted kmer low bound: 0
  0:00:10.276     5M / 1657M INFO   StageManager             (stage.cpp                 : 185)   STAGE == Raw Simplification (id: raw_simplification)
  0:00:10.276     5M / 1657M INFO    General                 (simplification.cpp        : 127)   PROCEDURE == Initial cleaning
  0:00:10.276     5M / 1657M INFO    General                 (graph_simplification.hpp  : 662)   Flanking coverage based disconnection disabled
  0:00:10.276     5M / 1657M INFO   Simplification           (parallel_processing.hpp   : 167)   Running Self conjugate edge remover
  0:00:10.277     5M / 1657M INFO   Simplification           (parallel_processing.hpp   : 170)   Self conjugate edge remover triggered 0 times
  0:00:10.277     5M / 1657M INFO   StageManager             (stage.cpp                 : 185)   STAGE == Simplification (id: simplification)
  0:00:10.277     5M / 1657M INFO    General                 (simplification.cpp        : 368)   Graph simplification started
  0:00:10.277     5M / 1657M INFO    General                 (graph_simplification.hpp  : 634)   Creating parallel br instance
  0:00:10.277     5M / 1657M INFO    General                 (simplification.cpp        : 373)   PROCEDURE == Simplification cycle, iteration 1
  0:00:10.277     5M / 1657M INFO   Simplification           (parallel_processing.hpp   : 167)   Running Tip clipper
  0:00:10.279     5M / 1657M INFO   Simplification           (parallel_processing.hpp   : 170)   Tip clipper triggered 18 times
  0:00:10.279     5M / 1657M INFO   Simplification           (parallel_processing.hpp   : 167)   Running Bulge remover
  0:00:10.336     5M / 1657M INFO   Simplification           (parallel_processing.hpp   : 170)   Bulge remover triggered 2155 times
  0:00:10.336     5M / 1657M INFO   Simplification           (parallel_processing.hpp   : 167)   Running Low coverage edge remover
  0:00:10.337     5M / 1657M INFO   Simplification           (parallel_processing.hpp   : 170)   Low coverage edge remover triggered 0 times
  0:00:10.337     5M / 1657M INFO    General                 (simplification.cpp        : 373)   PROCEDURE == Simplification cycle, iteration 2
  0:00:10.337     5M / 1657M INFO   Simplification           (parallel_processing.hpp   : 167)   Running Tip clipper
  0:00:10.338     5M / 1657M INFO   Simplification           (parallel_processing.hpp   : 170)   Tip clipper triggered 2 times
  0:00:10.338     5M / 1657M INFO   Simplification           (parallel_processing.hpp   : 167)   Running Bulge remover
  0:00:10.338     5M / 1657M INFO   Simplification           (parallel_processing.hpp   : 170)   Bulge remover triggered 0 times
  0:00:10.338     5M / 1657M INFO   Simplification           (parallel_processing.hpp   : 167)   Running Low coverage edge remover
  0:00:10.364     5M / 1657M INFO   Simplification           (parallel_processing.hpp   : 170)   Low coverage edge remover triggered 1856 times
  0:00:10.364     5M / 1657M INFO    General                 (simplification.cpp        : 373)   PROCEDURE == Simplification cycle, iteration 3
  0:00:10.364     5M / 1657M INFO   Simplification           (parallel_processing.hpp   : 167)   Running Tip clipper
  0:00:10.364     5M / 1657M INFO   Simplification           (parallel_processing.hpp   : 170)   Tip clipper triggered 9 times
  0:00:10.365     5M / 1657M INFO   Simplification           (parallel_processing.hpp   : 167)   Running Bulge remover
  0:00:10.373     5M / 1657M INFO   Simplification           (parallel_processing.hpp   : 170)   Bulge remover triggered 195 times
  0:00:10.373     5M / 1657M INFO   Simplification           (parallel_processing.hpp   : 167)   Running Low coverage edge remover
  0:00:10.382     5M / 1657M INFO   Simplification           (parallel_processing.hpp   : 170)   Low coverage edge remover triggered 375 times
  0:00:10.382     5M / 1657M INFO    General                 (simplification.cpp        : 373)   PROCEDURE == Simplification cycle, iteration 4
  0:00:10.382     5M / 1657M INFO   Simplification           (parallel_processing.hpp   : 167)   Running Tip clipper
  0:00:10.382     5M / 1657M INFO   Simplification           (parallel_processing.hpp   : 170)   Tip clipper triggered 0 times
  0:00:10.382     5M / 1657M INFO   Simplification           (parallel_processing.hpp   : 167)   Running Bulge remover
  0:00:10.384     5M / 1657M INFO   Simplification           (parallel_processing.hpp   : 170)   Bulge remover triggered 68 times
  0:00:10.384     5M / 1657M INFO   Simplification           (parallel_processing.hpp   : 167)   Running Low coverage edge remover
  0:00:10.384     5M / 1657M INFO   Simplification           (parallel_processing.hpp   : 170)   Low coverage edge remover triggered 48 times
  0:00:10.384     5M / 1657M INFO    General                 (simplification.cpp        : 373)   PROCEDURE == Simplification cycle, iteration 5
  0:00:10.384     5M / 1657M INFO   Simplification           (parallel_processing.hpp   : 167)   Running Tip clipper
  0:00:10.384     5M / 1657M INFO   Simplification           (parallel_processing.hpp   : 170)   Tip clipper triggered 0 times
  0:00:10.385     5M / 1657M INFO   Simplification           (parallel_processing.hpp   : 167)   Running Bulge remover
  0:00:10.385     5M / 1657M INFO   Simplification           (parallel_processing.hpp   : 170)   Bulge remover triggered 11 times
  0:00:10.385     5M / 1657M INFO   Simplification           (parallel_processing.hpp   : 167)   Running Low coverage edge remover
  0:00:10.385     5M / 1657M INFO   Simplification           (parallel_processing.hpp   : 170)   Low coverage edge remover triggered 38 times
  0:00:10.386     5M / 1657M INFO    General                 (simplification.cpp        : 373)   PROCEDURE == Simplification cycle, iteration 6
  0:00:10.386     5M / 1657M INFO   Simplification           (parallel_processing.hpp   : 167)   Running Tip clipper
  0:00:10.386     5M / 1657M INFO   Simplification           (parallel_processing.hpp   : 170)   Tip clipper triggered 0 times
  0:00:10.386     5M / 1657M INFO   Simplification           (parallel_processing.hpp   : 167)   Running Bulge remover
  0:00:10.386     5M / 1657M INFO   Simplification           (parallel_processing.hpp   : 170)   Bulge remover triggered 10 times
  0:00:10.386     5M / 1657M INFO   Simplification           (parallel_processing.hpp   : 167)   Running Low coverage edge remover
  0:00:10.386     5M / 1657M INFO   Simplification           (parallel_processing.hpp   : 170)   Low coverage edge remover triggered 7 times
  0:00:10.386     5M / 1657M INFO    General                 (simplification.cpp        : 373)   PROCEDURE == Simplification cycle, iteration 7
  0:00:10.386     5M / 1657M INFO   Simplification           (parallel_processing.hpp   : 167)   Running Tip clipper
  0:00:10.386     5M / 1657M INFO   Simplification           (parallel_processing.hpp   : 170)   Tip clipper triggered 0 times
  0:00:10.386     5M / 1657M INFO   Simplification           (parallel_processing.hpp   : 167)   Running Bulge remover
  0:00:10.386     5M / 1657M INFO   Simplification           (parallel_processing.hpp   : 170)   Bulge remover triggered 1 times
  0:00:10.386     5M / 1657M INFO   Simplification           (parallel_processing.hpp   : 167)   Running Low coverage edge remover
  0:00:10.386     5M / 1657M INFO   Simplification           (parallel_processing.hpp   : 170)   Low coverage edge remover triggered 9 times
  0:00:10.386     5M / 1657M INFO    General                 (simplification.cpp        : 373)   PROCEDURE == Simplification cycle, iteration 8
  0:00:10.386     5M / 1657M INFO   Simplification           (parallel_processing.hpp   : 167)   Running Tip clipper
  0:00:10.386     5M / 1657M INFO   Simplification           (parallel_processing.hpp   : 170)   Tip clipper triggered 0 times
  0:00:10.386     5M / 1657M INFO   Simplification           (parallel_processing.hpp   : 167)   Running Bulge remover
  0:00:10.386     5M / 1657M INFO   Simplification           (parallel_processing.hpp   : 170)   Bulge remover triggered 1 times
  0:00:10.386     5M / 1657M INFO   Simplification           (parallel_processing.hpp   : 167)   Running Low coverage edge remover
  0:00:10.387     5M / 1657M INFO   Simplification           (parallel_processing.hpp   : 170)   Low coverage edge remover triggered 7 times
  0:00:10.387     5M / 1657M INFO    General                 (simplification.cpp        : 373)   PROCEDURE == Simplification cycle, iteration 9
  0:00:10.387     5M / 1657M INFO   Simplification           (parallel_processing.hpp   : 167)   Running Tip clipper
  0:00:10.387     5M / 1657M INFO   Simplification           (parallel_processing.hpp   : 170)   Tip clipper triggered 0 times
  0:00:10.387     5M / 1657M INFO   Simplification           (parallel_processing.hpp   : 167)   Running Bulge remover
  0:00:10.387     5M / 1657M INFO   Simplification           (parallel_processing.hpp   : 170)   Bulge remover triggered 3 times
  0:00:10.387     5M / 1657M INFO   Simplification           (parallel_processing.hpp   : 167)   Running Low coverage edge remover
  0:00:10.387     5M / 1657M INFO   Simplification           (parallel_processing.hpp   : 170)   Low coverage edge remover triggered 1 times
  0:00:10.387     5M / 1657M INFO    General                 (simplification.cpp        : 373)   PROCEDURE == Simplification cycle, iteration 10
  0:00:10.387     5M / 1657M INFO   Simplification           (parallel_processing.hpp   : 167)   Running Tip clipper
  0:00:10.387     5M / 1657M INFO   Simplification           (parallel_processing.hpp   : 170)   Tip clipper triggered 0 times
  0:00:10.387     5M / 1657M INFO   Simplification           (parallel_processing.hpp   : 167)   Running Bulge remover
  0:00:10.387     5M / 1657M INFO   Simplification           (parallel_processing.hpp   : 170)   Bulge remover triggered 0 times
  0:00:10.387     5M / 1657M INFO   Simplification           (parallel_processing.hpp   : 167)   Running Low coverage edge remover
  0:00:10.387     5M / 1657M INFO   Simplification           (parallel_processing.hpp   : 170)   Low coverage edge remover triggered 4 times
  0:00:10.387     5M / 1657M INFO    General                 (simplification.cpp        : 373)   PROCEDURE == Simplification cycle, iteration 11
  0:00:10.387     5M / 1657M INFO   Simplification           (parallel_processing.hpp   : 167)   Running Tip clipper
  0:00:10.387     5M / 1657M INFO   Simplification           (parallel_processing.hpp   : 170)   Tip clipper triggered 2 times
  0:00:10.387     5M / 1657M INFO   Simplification           (parallel_processing.hpp   : 167)   Running Bulge remover
  0:00:10.393     5M / 1657M INFO   Simplification           (parallel_processing.hpp   : 170)   Bulge remover triggered 15 times
  0:00:10.393     5M / 1657M INFO   Simplification           (parallel_processing.hpp   : 167)   Running Low coverage edge remover
  0:00:10.393     5M / 1657M INFO   Simplification           (parallel_processing.hpp   : 170)   Low coverage edge remover triggered 0 times
  0:00:10.393     5M / 1657M INFO    General                 (simplification.cpp        : 373)   PROCEDURE == Simplification cycle, iteration 12
  0:00:10.393     5M / 1657M INFO   Simplification           (parallel_processing.hpp   : 167)   Running Tip clipper
  0:00:10.393     5M / 1657M INFO   Simplification           (parallel_processing.hpp   : 170)   Tip clipper triggered 0 times
  0:00:10.393     5M / 1657M INFO   Simplification           (parallel_processing.hpp   : 167)   Running Bulge remover
  0:00:10.393     5M / 1657M INFO   Simplification           (parallel_processing.hpp   : 170)   Bulge remover triggered 0 times
  0:00:10.394     5M / 1657M INFO   Simplification           (parallel_processing.hpp   : 167)   Running Low coverage edge remover
  0:00:10.394     5M / 1657M INFO   Simplification           (parallel_processing.hpp   : 170)   Low coverage edge remover triggered 0 times
  0:00:10.394     5M / 1657M INFO   StageManager             (stage.cpp                 : 185)   STAGE == Simplification Cleanup (id: simplification_cleanup)
  0:00:10.394     5M / 1657M INFO    General                 (simplification.cpp        : 176)   PROCEDURE == Post simplification
  0:00:10.394     5M / 1657M INFO    General                 (graph_simplification.hpp  : 448)   Disconnection of relatively low covered edges disabled
  0:00:10.394     5M / 1657M INFO    General                 (graph_simplification.hpp  : 485)   Complex tip clipping disabled
  0:00:10.394     5M / 1657M INFO    General                 (graph_simplification.hpp  : 634)   Creating parallel br instance
  0:00:10.394     5M / 1657M INFO   Simplification           (parallel_processing.hpp   : 167)   Running Tip clipper
  0:00:10.394     5M / 1657M INFO   Simplification           (parallel_processing.hpp   : 170)   Tip clipper triggered 0 times
  0:00:10.394     5M / 1657M INFO   Simplification           (parallel_processing.hpp   : 167)   Running Bulge remover
  0:00:10.399     5M / 1657M INFO   Simplification           (parallel_processing.hpp   : 170)   Bulge remover triggered 0 times
  0:00:10.399     5M / 1657M INFO   Simplification           (parallel_processing.hpp   : 167)   Running Tip clipper
  0:00:10.399     5M / 1657M INFO   Simplification           (parallel_processing.hpp   : 170)   Tip clipper triggered 0 times
  0:00:10.399     5M / 1657M INFO   Simplification           (parallel_processing.hpp   : 167)   Running Bulge remover
  0:00:10.405     5M / 1657M INFO   Simplification           (parallel_processing.hpp   : 170)   Bulge remover triggered 0 times
  0:00:10.405     5M / 1657M INFO    General                 (simplification.cpp        : 327)   Disrupting self-conjugate edges
  0:00:10.406     5M / 1657M INFO   Simplification           (parallel_processing.hpp   : 167)   Running Removing isolated edges
  0:00:10.406     5M / 1657M INFO   Simplification           (parallel_processing.hpp   : 170)   Removing isolated edges triggered 132 times
  0:00:10.406     5M / 1657M INFO    General                 (simplification.cpp        : 495)   After simplification:
  0:00:10.406     5M / 1657M INFO    General                 (simplification.cpp        : 496)     Average coverage = 44.2839
  0:00:10.406     5M / 1657M INFO    General                 (simplification.cpp        : 497)     Total length = 3881794
  0:00:10.407     5M / 1657M INFO    General                 (simplification.cpp        : 498)     Median edge length: 6754
  0:00:10.407     5M / 1657M INFO    General                 (simplification.cpp        : 499)     Edges: 12793
  0:00:10.407     5M / 1657M INFO    General                 (simplification.cpp        : 500)     Vertices: 8132
  0:00:10.407     5M / 1657M INFO   StageManager             (stage.cpp                 : 185)   STAGE == Contig Output (id: contig_output)
  0:00:10.407     5M / 1657M INFO    General                 (read_converter.cpp        : 107)   Outputting contigs to /data/djs217/PROJECTS/10_X_fragariae_feb_2024/04_spades/NCPPB_4772.spades/K21/simplified_contigs
  0:00:10.414     7M / 1657M INFO    General                 (binary_converter.cpp      : 111)   6408 reads written
  0:00:10.418     5M / 1657M INFO    General                 (pipeline.cpp              : 287)   SPAdes finished
  0:00:10.420     1M / 1657M INFO    General                 (main.cpp                  : 136)   Assembling time: 0 hours 0 minutes 10 seconds

===== K21 finished. 


===== K33 started. 


== Running: /data/djs217/anaconda3/envs/spades-env/bin/spades-core /data/djs217/PROJECTS/10_X_fragariae_feb_2024/04_spades/NCPPB_4772.spades/K33/configs/config.info /data/djs217/PROJECTS/10_X_fragariae_feb_2024/04_spades/NCPPB_4772.spades/K33/configs/careful_mode.info

  0:00:00.000     1M / 19M   INFO    General                 (main.cpp                  :  99)   Loaded config from /data/djs217/PROJECTS/10_X_fragariae_feb_2024/04_spades/NCPPB_4772.spades/K33/configs/config.info
  0:00:00.002     1M / 19M   INFO    General                 (main.cpp                  :  99)   Loaded config from /data/djs217/PROJECTS/10_X_fragariae_feb_2024/04_spades/NCPPB_4772.spades/K33/configs/careful_mode.info
  0:00:00.002     1M / 19M   INFO    General                 (memory_limit.cpp          :  54)   Memory limit set to 62 Gb
  0:00:00.002     1M / 19M   INFO    General                 (main.cpp                  : 107)   Starting SPAdes, built from N/A, git revision N/A
  0:00:00.002     1M / 19M   INFO    General                 (main.cpp                  : 108)   Maximum k-mer length: 128
  0:00:00.002     1M / 19M   INFO    General                 (main.cpp                  : 109)   Assembling dataset (/data/djs217/PROJECTS/10_X_fragariae_feb_2024/04_spades/NCPPB_4772.spades/dataset.info) with K=33
  0:00:00.002     1M / 19M   INFO    General                 (main.cpp                  : 110)   Maximum # of threads to use (adjusted due to OMP capabilities): 16
  0:00:00.003     1M / 19M   INFO    General                 (pipeline.cpp              : 212)   SPAdes started
  0:00:00.003     1M / 19M   INFO    General                 (pipeline.cpp              : 225)   Starting from stage: read_conversion
  0:00:00.003     1M / 19M   INFO    General                 (pipeline.cpp              : 231)   Two-step repeat resolution disabled
  0:00:00.003     1M / 19M   INFO   GraphCore                (graph_core.hpp            : 672)   Graph created, vertex min_id: 3, edge min_id: 3
  0:00:00.003     1M / 19M   INFO   GraphCore                (graph_core.hpp            : 673)   Vertex size: 48, edge size: 40
  0:00:00.003     1M / 19M   INFO    General                 (edge_index.hpp            : 113)   Size of edge index entries: 12/8
  0:00:00.003     1M / 19M   INFO   StageManager             (stage.cpp                 : 185)   STAGE == Binary Read Conversion (id: read_conversion)
  0:00:00.004     1M / 19M   INFO    General                 (read_converter.cpp        :  53)   Binary reads detected
  0:00:00.008     1M / 19M   INFO   StageManager             (stage.cpp                 : 185)   STAGE == de Bruijn graph construction (id: construction)
  0:00:00.008     1M / 19M   INFO    General                 (construction.cpp          : 118)   Contigs from previous K will be used: /data/djs217/PROJECTS/10_X_fragariae_feb_2024/04_spades/NCPPB_4772.spades/K21/simplified_contigs
  0:00:00.043     1M / 19M   INFO    General                 (construction.cpp          : 153)   Max read length 301
  0:00:00.043     1M / 19M   INFO    General                 (construction.cpp          : 159)   Average read length 180.094
  0:00:00.043     1M / 19M   INFO    General                 (stage.cpp                 : 117)   PROCEDURE == k+1-mer counting (id: construction:kpomer_counting)
  0:00:00.043     1M / 19M   INFO    General                 (kmer_index_builder.hpp    : 243)   Splitting kmer instances into 160 files using 16 threads. This might take a while.
  0:00:00.043     1M / 19M   INFO    General                 (file_limit.hpp            :  42)   Open file limit set to 1024
  0:00:00.043     1M / 19M   INFO    General                 (kmer_splitter.hpp         :  93)   Memory available for splitting buffers: 1.29165 Gb
  0:00:00.043     1M / 19M   INFO    General                 (kmer_splitter.hpp         : 101)   Using cell size of 209715
  0:00:02.050  9601M / 9601M INFO    General                 (kmer_splitters.hpp        : 125)   Processed 2175438 reads
  0:00:02.063     1M / 2845M INFO    General                 (kmer_splitters.hpp        : 131)   Used 2175438 reads
  0:00:02.300     1M / 2845M INFO    General                 (kmer_index_builder.hpp    : 249)   Starting k-mer counting.
  0:00:02.384     1M / 2845M INFO    General                 (kmer_index_builder.hpp    : 260)   K-mer counting done. There are 4117257 kmers in total.
  0:00:02.384     1M / 2845M INFO    General                 (stage.cpp                 : 117)   PROCEDURE == Extension index construction (id: construction:extension_index_construction)
  0:00:02.388     1M / 2845M INFO   K-mer Index Building     (kmer_index_builder.hpp    : 438)   Building kmer index
  0:00:02.388     1M / 2845M INFO    General                 (kmer_index_builder.hpp    : 243)   Splitting kmer instances into 160 files using 16 threads. This might take a while.
  0:00:02.388     1M / 2845M INFO    General                 (file_limit.hpp            :  42)   Open file limit set to 1024
  0:00:02.389     1M / 2845M INFO    General                 (kmer_splitter.hpp         :  93)   Memory available for splitting buffers: 1.29165 Gb
  0:00:02.389     1M / 2845M INFO    General                 (kmer_splitter.hpp         : 101)   Using cell size of 209715
  0:00:02.589  9602M / 9602M INFO    General                 (kmer_splitters.hpp        : 194)   Processed 4117257 kmers
  0:00:02.589  9602M / 9602M INFO    General                 (kmer_splitters.hpp        : 199)   Used 4117257 kmers.
  0:00:02.591     2M / 2845M INFO    General                 (kmer_index_builder.hpp    : 249)   Starting k-mer counting.
  0:00:02.660     2M / 2845M INFO    General                 (kmer_index_builder.hpp    : 260)   K-mer counting done. There are 4112966 kmers in total.
  0:00:02.661     2M / 2845M INFO   K-mer Index Building     (kmer_index_builder.hpp    : 395)   Building perfect hash indices
  0:00:02.848     5M / 2845M INFO   K-mer Index Building     (kmer_index_builder.hpp    : 431)   Index built. Total 4112966 kmers, 3090736 bytes occupied (6.01169 bits per kmer).
  0:00:02.848     5M / 2845M INFO    General                 (kmer_index_builder.hpp    : 169)   Merging final buckets.
  0:00:03.119     9M / 2845M INFO   DeBruijnExtensionIndexBu (kmer_extension_index_build: 100)   Building k-mer extensions from k+1-mers
  0:00:03.265     9M / 2845M INFO   DeBruijnExtensionIndexBu (kmer_extension_index_build: 105)   Building k-mer extensions from k+1-mers finished.
  0:00:03.273     9M / 2845M INFO    General                 (stage.cpp                 : 117)   PROCEDURE == Early tip clipping (id: construction:early_tip_clipper)
  0:00:03.273     9M / 2845M INFO    General                 (construction.cpp          : 301)   Early tip clipper length bound set as (RL - K)
  0:00:03.273     9M / 2845M INFO   Early tip clipping       (early_simplification.hpp  :  47)   Early tip clipping
  0:00:03.351     9M / 2845M INFO   Early tip clipping       (early_simplification.hpp  :  82)   #tipped junctions: 7455
  0:00:03.352     9M / 2845M INFO   Early tip clipping       (early_simplification.hpp  :  93)   Clipped tips: 7466
  0:00:03.358     9M / 2845M INFO   Early tip clipping       (early_simplification.hpp  :  49)   86137 34-mers were removed by early tip clipper
  0:00:03.358     9M / 2845M INFO    General                 (stage.cpp                 : 117)   PROCEDURE == Condensing graph (id: construction:graph_condensing)
  0:00:03.359     9M / 2845M INFO   UnbranchingPathExtractor (debruijn_graph_constructor: 354)   Extracting unbranching paths
  0:00:03.474    10M / 2845M INFO   UnbranchingPathExtractor (debruijn_graph_constructor: 373)   Extracting unbranching paths finished. 13290 sequences extracted
  0:00:03.628    10M / 2845M INFO   UnbranchingPathExtractor (debruijn_graph_constructor: 309)   Collecting perfect loops
  0:00:03.662    10M / 2845M INFO   UnbranchingPathExtractor (debruijn_graph_constructor: 342)   Collecting perfect loops finished. 1 loops collected
  0:00:03.672    10M / 2845M INFO    General                 (debruijn_graph_constructor: 487)   Total 26582 edges to create
  0:00:03.672    12M / 2845M INFO    General                 (debruijn_graph_constructor: 489)   Collecting link records
  0:00:03.697    12M / 2845M INFO    General                 (debruijn_graph_constructor: 491)   Ordering link records
  0:00:03.698    12M / 2845M INFO    General                 (debruijn_graph_constructor: 493)   Sorting done
  0:00:03.698    12M / 2845M INFO    General                 (debruijn_graph_constructor: 503)   Total 9000 vertices to create
  0:00:03.698    13M / 2845M INFO    General                 (debruijn_graph_constructor: 506)   Connecting the graph
  0:00:03.715    12M / 2845M INFO    General                 (stage.cpp                 : 117)   PROCEDURE == Filling coverage indices (PHM) (id: construction:coverage_filling_phm)
  0:00:03.715    12M / 2845M INFO   K-mer Index Building     (kmer_index_builder.hpp    : 395)   Building perfect hash indices
  0:00:03.940    16M / 2845M INFO   K-mer Index Building     (kmer_index_builder.hpp    : 431)   Index built. Total 4117257 kmers, 3094040 bytes occupied (6.01185 bits per kmer).
  0:00:03.954    32M / 2845M INFO    General                 (coverage_hash_map_builder.:  47)   Collecting k-mer coverage information from reads, this takes a while.
  0:00:06.091    32M / 2845M INFO    General                 (construction.cpp          : 430)   Filling coverage and flanking coverage from PHM
  0:00:06.182    32M / 2845M INFO    General                 (coverage_filling.hpp      :  82)   Processed 26559 edges
  0:00:06.210     4M / 2845M INFO   StageManager             (stage.cpp                 : 185)   STAGE == EC Threshold Finding (id: ec_threshold_finder)
  0:00:06.210     4M / 2845M INFO    General                 (kmer_coverage_model.cpp   : 181)   Kmer coverage valley at: 6
  0:00:06.210     4M / 2845M INFO    General                 (kmer_coverage_model.cpp   : 201)   K-mer histogram maximum: 35
  0:00:06.210     4M / 2845M INFO    General                 (kmer_coverage_model.cpp   : 237)   Estimated median coverage: 37. Coverage mad: 10.3782
  0:00:06.210     4M / 2845M INFO    General                 (kmer_coverage_model.cpp   : 259)   Fitting coverage model
  0:00:06.250     4M / 2845M INFO    General                 (kmer_coverage_model.cpp   : 295)   ... iteration 2
  0:00:06.351     4M / 2845M INFO    General                 (kmer_coverage_model.cpp   : 295)   ... iteration 4
  0:00:06.777     4M / 2845M INFO    General                 (kmer_coverage_model.cpp   : 295)   ... iteration 8
  0:00:07.639     4M / 2845M INFO    General                 (kmer_coverage_model.cpp   : 295)   ... iteration 16
  0:00:08.505     4M / 2845M INFO    General                 (kmer_coverage_model.cpp   : 309)   Fitted mean coverage: 36.9118. Fitted coverage std. dev: 9.08282
  0:00:08.507     4M / 2845M INFO    General                 (kmer_coverage_model.cpp   : 334)   Probability of erroneous kmer at valley: 0.0286221
  0:00:08.507     4M / 2845M INFO    General                 (kmer_coverage_model.cpp   : 358)   Preliminary threshold calculated as: 7
  0:00:08.507     4M / 2845M INFO    General                 (kmer_coverage_model.cpp   : 362)   Threshold adjusted to: 7
  0:00:08.507     4M / 2845M INFO    General                 (kmer_coverage_model.cpp   : 375)   Estimated genome size (ignoring repeats): 3924515
  0:00:08.507     4M / 2845M INFO    General                 (genomic_info_filler.cpp   :  55)   Mean coverage was calculated as 36.9118
  0:00:08.507     4M / 2845M INFO    General                 (genomic_info_filler.cpp   :  70)   EC coverage threshold value was calculated as 7
  0:00:08.507     4M / 2845M INFO    General                 (genomic_info_filler.cpp   :  71)   Trusted kmer low bound: 0
  0:00:08.507     4M / 2845M INFO   StageManager             (stage.cpp                 : 185)   STAGE == Raw Simplification (id: raw_simplification)
  0:00:08.507     4M / 2845M INFO    General                 (simplification.cpp        : 127)   PROCEDURE == Initial cleaning
  0:00:08.507     4M / 2845M INFO    General                 (graph_simplification.hpp  : 662)   Flanking coverage based disconnection disabled
  0:00:08.507     4M / 2845M INFO   Simplification           (parallel_processing.hpp   : 167)   Running Self conjugate edge remover
  0:00:08.509     4M / 2845M INFO   Simplification           (parallel_processing.hpp   : 170)   Self conjugate edge remover triggered 0 times
  0:00:08.509     4M / 2845M INFO   StageManager             (stage.cpp                 : 185)   STAGE == Simplification (id: simplification)
  0:00:08.509     4M / 2845M INFO    General                 (simplification.cpp        : 368)   Graph simplification started
  0:00:08.509     4M / 2845M INFO    General                 (graph_simplification.hpp  : 634)   Creating parallel br instance
  0:00:08.509     4M / 2845M INFO    General                 (simplification.cpp        : 373)   PROCEDURE == Simplification cycle, iteration 1
  0:00:08.509     4M / 2845M INFO   Simplification           (parallel_processing.hpp   : 167)   Running Tip clipper
  0:00:08.510     4M / 2845M INFO   Simplification           (parallel_processing.hpp   : 170)   Tip clipper triggered 30 times
  0:00:08.510     4M / 2845M INFO   Simplification           (parallel_processing.hpp   : 167)   Running Bulge remover
  0:00:08.563     4M / 2845M INFO   Simplification           (parallel_processing.hpp   : 170)   Bulge remover triggered 1679 times
  0:00:08.563     4M / 2845M INFO   Simplification           (parallel_processing.hpp   : 167)   Running Low coverage edge remover
  0:00:08.564     4M / 2845M INFO   Simplification           (parallel_processing.hpp   : 170)   Low coverage edge remover triggered 6 times
  0:00:08.564     4M / 2845M INFO    General                 (simplification.cpp        : 373)   PROCEDURE == Simplification cycle, iteration 2
  0:00:08.564     4M / 2845M INFO   Simplification           (parallel_processing.hpp   : 167)   Running Tip clipper
  0:00:08.565     4M / 2845M INFO   Simplification           (parallel_processing.hpp   : 170)   Tip clipper triggered 2 times
  0:00:08.565     4M / 2845M INFO   Simplification           (parallel_processing.hpp   : 167)   Running Bulge remover
  0:00:08.565     4M / 2845M INFO   Simplification           (parallel_processing.hpp   : 170)   Bulge remover triggered 4 times
  0:00:08.565     4M / 2845M INFO   Simplification           (parallel_processing.hpp   : 167)   Running Low coverage edge remover
  0:00:08.585     4M / 2845M INFO   Simplification           (parallel_processing.hpp   : 170)   Low coverage edge remover triggered 1003 times
  0:00:08.586     4M / 2845M INFO    General                 (simplification.cpp        : 373)   PROCEDURE == Simplification cycle, iteration 3
  0:00:08.586     4M / 2845M INFO   Simplification           (parallel_processing.hpp   : 167)   Running Tip clipper
  0:00:08.586     4M / 2845M INFO   Simplification           (parallel_processing.hpp   : 170)   Tip clipper triggered 14 times
  0:00:08.586     4M / 2845M INFO   Simplification           (parallel_processing.hpp   : 167)   Running Bulge remover
  0:00:08.592     4M / 2845M INFO   Simplification           (parallel_processing.hpp   : 170)   Bulge remover triggered 164 times
  0:00:08.592     4M / 2845M INFO   Simplification           (parallel_processing.hpp   : 167)   Running Low coverage edge remover
  0:00:08.601     4M / 2845M INFO   Simplification           (parallel_processing.hpp   : 170)   Low coverage edge remover triggered 207 times
  0:00:08.601     4M / 2845M INFO    General                 (simplification.cpp        : 373)   PROCEDURE == Simplification cycle, iteration 4
  0:00:08.601     4M / 2845M INFO   Simplification           (parallel_processing.hpp   : 167)   Running Tip clipper
  0:00:08.601     4M / 2845M INFO   Simplification           (parallel_processing.hpp   : 170)   Tip clipper triggered 1 times
  0:00:08.601     4M / 2845M INFO   Simplification           (parallel_processing.hpp   : 167)   Running Bulge remover
  0:00:08.602     4M / 2845M INFO   Simplification           (parallel_processing.hpp   : 170)   Bulge remover triggered 46 times
  0:00:08.602     4M / 2845M INFO   Simplification           (parallel_processing.hpp   : 167)   Running Low coverage edge remover
  0:00:08.603     4M / 2845M INFO   Simplification           (parallel_processing.hpp   : 170)   Low coverage edge remover triggered 25 times
  0:00:08.603     4M / 2845M INFO    General                 (simplification.cpp        : 373)   PROCEDURE == Simplification cycle, iteration 5
  0:00:08.603     4M / 2845M INFO   Simplification           (parallel_processing.hpp   : 167)   Running Tip clipper
  0:00:08.603     4M / 2845M INFO   Simplification           (parallel_processing.hpp   : 170)   Tip clipper triggered 1 times
  0:00:08.603     4M / 2845M INFO   Simplification           (parallel_processing.hpp   : 167)   Running Bulge remover
  0:00:08.603     4M / 2845M INFO   Simplification           (parallel_processing.hpp   : 170)   Bulge remover triggered 6 times
  0:00:08.603     4M / 2845M INFO   Simplification           (parallel_processing.hpp   : 167)   Running Low coverage edge remover
  0:00:08.604     4M / 2845M INFO   Simplification           (parallel_processing.hpp   : 170)   Low coverage edge remover triggered 35 times
  0:00:08.604     4M / 2845M INFO    General                 (simplification.cpp        : 373)   PROCEDURE == Simplification cycle, iteration 6
  0:00:08.604     4M / 2845M INFO   Simplification           (parallel_processing.hpp   : 167)   Running Tip clipper
  0:00:08.604     4M / 2845M INFO   Simplification           (parallel_processing.hpp   : 170)   Tip clipper triggered 2 times
  0:00:08.604     4M / 2845M INFO   Simplification           (parallel_processing.hpp   : 167)   Running Bulge remover
  0:00:08.604     4M / 2845M INFO   Simplification           (parallel_processing.hpp   : 170)   Bulge remover triggered 16 times
  0:00:08.604     4M / 2845M INFO   Simplification           (parallel_processing.hpp   : 167)   Running Low coverage edge remover
  0:00:08.605     4M / 2845M INFO   Simplification           (parallel_processing.hpp   : 170)   Low coverage edge remover triggered 16 times
  0:00:08.605     4M / 2845M INFO    General                 (simplification.cpp        : 373)   PROCEDURE == Simplification cycle, iteration 7
  0:00:08.605     4M / 2845M INFO   Simplification           (parallel_processing.hpp   : 167)   Running Tip clipper
  0:00:08.605     4M / 2845M INFO   Simplification           (parallel_processing.hpp   : 170)   Tip clipper triggered 0 times
  0:00:08.605     4M / 2845M INFO   Simplification           (parallel_processing.hpp   : 167)   Running Bulge remover
  0:00:08.605     4M / 2845M INFO   Simplification           (parallel_processing.hpp   : 170)   Bulge remover triggered 4 times
  0:00:08.605     4M / 2845M INFO   Simplification           (parallel_processing.hpp   : 167)   Running Low coverage edge remover
  0:00:08.605     4M / 2845M INFO   Simplification           (parallel_processing.hpp   : 170)   Low coverage edge remover triggered 4 times
  0:00:08.605     4M / 2845M INFO    General                 (simplification.cpp        : 373)   PROCEDURE == Simplification cycle, iteration 8
  0:00:08.605     4M / 2845M INFO   Simplification           (parallel_processing.hpp   : 167)   Running Tip clipper
  0:00:08.605     4M / 2845M INFO   Simplification           (parallel_processing.hpp   : 170)   Tip clipper triggered 0 times
  0:00:08.605     4M / 2845M INFO   Simplification           (parallel_processing.hpp   : 167)   Running Bulge remover
  0:00:08.605     4M / 2845M INFO   Simplification           (parallel_processing.hpp   : 170)   Bulge remover triggered 0 times
  0:00:08.605     4M / 2845M INFO   Simplification           (parallel_processing.hpp   : 167)   Running Low coverage edge remover
  0:00:08.605     4M / 2845M INFO   Simplification           (parallel_processing.hpp   : 170)   Low coverage edge remover triggered 6 times
  0:00:08.605     4M / 2845M INFO    General                 (simplification.cpp        : 373)   PROCEDURE == Simplification cycle, iteration 9
  0:00:08.605     4M / 2845M INFO   Simplification           (parallel_processing.hpp   : 167)   Running Tip clipper
  0:00:08.605     4M / 2845M INFO   Simplification           (parallel_processing.hpp   : 170)   Tip clipper triggered 0 times
  0:00:08.605     4M / 2845M INFO   Simplification           (parallel_processing.hpp   : 167)   Running Bulge remover
  0:00:08.605     4M / 2845M INFO   Simplification           (parallel_processing.hpp   : 170)   Bulge remover triggered 1 times
  0:00:08.605     4M / 2845M INFO   Simplification           (parallel_processing.hpp   : 167)   Running Low coverage edge remover
  0:00:08.605     4M / 2845M INFO   Simplification           (parallel_processing.hpp   : 170)   Low coverage edge remover triggered 2 times
  0:00:08.605     4M / 2845M INFO    General                 (simplification.cpp        : 373)   PROCEDURE == Simplification cycle, iteration 10
  0:00:08.605     4M / 2845M INFO   Simplification           (parallel_processing.hpp   : 167)   Running Tip clipper
  0:00:08.605     4M / 2845M INFO   Simplification           (parallel_processing.hpp   : 170)   Tip clipper triggered 0 times
  0:00:08.605     4M / 2845M INFO   Simplification           (parallel_processing.hpp   : 167)   Running Bulge remover
  0:00:08.605     4M / 2845M INFO   Simplification           (parallel_processing.hpp   : 170)   Bulge remover triggered 1 times
  0:00:08.606     4M / 2845M INFO   Simplification           (parallel_processing.hpp   : 167)   Running Low coverage edge remover
  0:00:08.606     4M / 2845M INFO   Simplification           (parallel_processing.hpp   : 170)   Low coverage edge remover triggered 0 times
  0:00:08.606     4M / 2845M INFO    General                 (simplification.cpp        : 373)   PROCEDURE == Simplification cycle, iteration 11
  0:00:08.606     4M / 2845M INFO   Simplification           (parallel_processing.hpp   : 167)   Running Tip clipper
  0:00:08.606     4M / 2845M INFO   Simplification           (parallel_processing.hpp   : 170)   Tip clipper triggered 3 times
  0:00:08.606     4M / 2845M INFO   Simplification           (parallel_processing.hpp   : 167)   Running Bulge remover
  0:00:08.608     4M / 2845M INFO   Simplification           (parallel_processing.hpp   : 170)   Bulge remover triggered 5 times
  0:00:08.608     4M / 2845M INFO   Simplification           (parallel_processing.hpp   : 167)   Running Low coverage edge remover
  0:00:08.609     4M / 2845M INFO   Simplification           (parallel_processing.hpp   : 170)   Low coverage edge remover triggered 0 times
  0:00:08.609     4M / 2845M INFO    General                 (simplification.cpp        : 373)   PROCEDURE == Simplification cycle, iteration 12
  0:00:08.609     4M / 2845M INFO   Simplification           (parallel_processing.hpp   : 167)   Running Tip clipper
  0:00:08.609     4M / 2845M INFO   Simplification           (parallel_processing.hpp   : 170)   Tip clipper triggered 0 times
  0:00:08.609     4M / 2845M INFO   Simplification           (parallel_processing.hpp   : 167)   Running Bulge remover
  0:00:08.609     4M / 2845M INFO   Simplification           (parallel_processing.hpp   : 170)   Bulge remover triggered 0 times
  0:00:08.609     4M / 2845M INFO   Simplification           (parallel_processing.hpp   : 167)   Running Low coverage edge remover
  0:00:08.609     4M / 2845M INFO   Simplification           (parallel_processing.hpp   : 170)   Low coverage edge remover triggered 0 times
  0:00:08.609     4M / 2845M INFO   StageManager             (stage.cpp                 : 185)   STAGE == Simplification Cleanup (id: simplification_cleanup)
  0:00:08.609     4M / 2845M INFO    General                 (simplification.cpp        : 176)   PROCEDURE == Post simplification
  0:00:08.609     4M / 2845M INFO    General                 (graph_simplification.hpp  : 448)   Disconnection of relatively low covered edges disabled
  0:00:08.609     4M / 2845M INFO    General                 (graph_simplification.hpp  : 485)   Complex tip clipping disabled
  0:00:08.609     4M / 2845M INFO    General                 (graph_simplification.hpp  : 634)   Creating parallel br instance
  0:00:08.609     4M / 2845M INFO   Simplification           (parallel_processing.hpp   : 167)   Running Tip clipper
  0:00:08.609     4M / 2845M INFO   Simplification           (parallel_processing.hpp   : 170)   Tip clipper triggered 0 times
  0:00:08.609     4M / 2845M INFO   Simplification           (parallel_processing.hpp   : 167)   Running Bulge remover
  0:00:08.612     4M / 2845M INFO   Simplification           (parallel_processing.hpp   : 170)   Bulge remover triggered 0 times
  0:00:08.612     4M / 2845M INFO   Simplification           (parallel_processing.hpp   : 167)   Running Tip clipper
  0:00:08.612     4M / 2845M INFO   Simplification           (parallel_processing.hpp   : 170)   Tip clipper triggered 0 times
  0:00:08.612     4M / 2845M INFO   Simplification           (parallel_processing.hpp   : 167)   Running Bulge remover
  0:00:08.614     4M / 2845M INFO   Simplification           (parallel_processing.hpp   : 170)   Bulge remover triggered 0 times
  0:00:08.614     4M / 2845M INFO    General                 (simplification.cpp        : 327)   Disrupting self-conjugate edges
  0:00:08.615     4M / 2845M INFO   Simplification           (parallel_processing.hpp   : 167)   Running Removing isolated edges
  0:00:08.615     4M / 2845M INFO   Simplification           (parallel_processing.hpp   : 170)   Removing isolated edges triggered 229 times
  0:00:08.615     4M / 2845M INFO    General                 (simplification.cpp        : 495)   After simplification:
  0:00:08.615     4M / 2845M INFO    General                 (simplification.cpp        : 496)     Average coverage = 40.5996
  0:00:08.615     4M / 2845M INFO    General                 (simplification.cpp        : 497)     Total length = 3914319
  0:00:08.616     4M / 2845M INFO    General                 (simplification.cpp        : 498)     Median edge length: 18270
  0:00:08.616     4M / 2845M INFO    General                 (simplification.cpp        : 499)     Edges: 7300
  0:00:08.616     4M / 2845M INFO    General                 (simplification.cpp        : 500)     Vertices: 4722
  0:00:08.616     4M / 2845M INFO   StageManager             (stage.cpp                 : 185)   STAGE == Contig Output (id: contig_output)
  0:00:08.616     4M / 2845M INFO    General                 (read_converter.cpp        : 107)   Outputting contigs to /data/djs217/PROJECTS/10_X_fragariae_feb_2024/04_spades/NCPPB_4772.spades/K33/simplified_contigs
  0:00:08.621     6M / 2845M INFO    General                 (binary_converter.cpp      : 111)   3651 reads written
  0:00:08.626     4M / 2845M INFO    General                 (pipeline.cpp              : 287)   SPAdes finished
  0:00:08.627     1M / 2845M INFO    General                 (main.cpp                  : 136)   Assembling time: 0 hours 0 minutes 8 seconds

===== K33 finished. 


===== K55 started. 


== Running: /data/djs217/anaconda3/envs/spades-env/bin/spades-core /data/djs217/PROJECTS/10_X_fragariae_feb_2024/04_spades/NCPPB_4772.spades/K55/configs/config.info /data/djs217/PROJECTS/10_X_fragariae_feb_2024/04_spades/NCPPB_4772.spades/K55/configs/careful_mode.info

  0:00:00.000     1M / 19M   INFO    General                 (main.cpp                  :  99)   Loaded config from /data/djs217/PROJECTS/10_X_fragariae_feb_2024/04_spades/NCPPB_4772.spades/K55/configs/config.info
  0:00:00.001     1M / 19M   INFO    General                 (main.cpp                  :  99)   Loaded config from /data/djs217/PROJECTS/10_X_fragariae_feb_2024/04_spades/NCPPB_4772.spades/K55/configs/careful_mode.info
  0:00:00.002     1M / 19M   INFO    General                 (memory_limit.cpp          :  54)   Memory limit set to 62 Gb
  0:00:00.002     1M / 19M   INFO    General                 (main.cpp                  : 107)   Starting SPAdes, built from N/A, git revision N/A
  0:00:00.002     1M / 19M   INFO    General                 (main.cpp                  : 108)   Maximum k-mer length: 128
  0:00:00.002     1M / 19M   INFO    General                 (main.cpp                  : 109)   Assembling dataset (/data/djs217/PROJECTS/10_X_fragariae_feb_2024/04_spades/NCPPB_4772.spades/dataset.info) with K=55
  0:00:00.002     1M / 19M   INFO    General                 (main.cpp                  : 110)   Maximum # of threads to use (adjusted due to OMP capabilities): 16
  0:00:00.002     1M / 19M   INFO    General                 (pipeline.cpp              : 212)   SPAdes started
  0:00:00.002     1M / 19M   INFO    General                 (pipeline.cpp              : 225)   Starting from stage: read_conversion
  0:00:00.002     1M / 19M   INFO    General                 (pipeline.cpp              : 231)   Two-step repeat resolution disabled
  0:00:00.002     1M / 19M   INFO   GraphCore                (graph_core.hpp            : 672)   Graph created, vertex min_id: 3, edge min_id: 3
  0:00:00.002     1M / 19M   INFO   GraphCore                (graph_core.hpp            : 673)   Vertex size: 48, edge size: 40
  0:00:00.002     1M / 19M   INFO    General                 (edge_index.hpp            : 113)   Size of edge index entries: 12/8
  0:00:00.002     1M / 19M   INFO    General                 (pipeline.cpp              : 242)   Will need read mapping, kmer mapper will be attached
  0:00:00.002     1M / 19M   INFO   StageManager             (stage.cpp                 : 185)   STAGE == Binary Read Conversion (id: read_conversion)
  0:00:00.002     1M / 19M   INFO    General                 (read_converter.cpp        :  53)   Binary reads detected
  0:00:00.006     1M / 19M   INFO   StageManager             (stage.cpp                 : 185)   STAGE == de Bruijn graph construction (id: construction)
  0:00:00.006     1M / 19M   INFO    General                 (construction.cpp          : 118)   Contigs from previous K will be used: /data/djs217/PROJECTS/10_X_fragariae_feb_2024/04_spades/NCPPB_4772.spades/K33/simplified_contigs
  0:00:00.031     1M / 19M   INFO    General                 (construction.cpp          : 153)   Max read length 301
  0:00:00.031     1M / 19M   INFO    General                 (construction.cpp          : 159)   Average read length 180.094
  0:00:00.031     1M / 19M   INFO    General                 (stage.cpp                 : 117)   PROCEDURE == k+1-mer counting (id: construction:kpomer_counting)
  0:00:00.031     1M / 19M   INFO    General                 (kmer_index_builder.hpp    : 243)   Splitting kmer instances into 160 files using 16 threads. This might take a while.
  0:00:00.032     1M / 19M   INFO    General                 (file_limit.hpp            :  42)   Open file limit set to 1024
  0:00:00.032     1M / 19M   INFO    General                 (kmer_splitter.hpp         :  93)   Memory available for splitting buffers: 1.29165 Gb
  0:00:00.032     1M / 19M   INFO    General                 (kmer_splitter.hpp         : 101)   Using cell size of 209715
  0:00:01.726  9601M / 9601M INFO    General                 (kmer_splitters.hpp        : 125)   Processed 2169924 reads
  0:00:01.735     1M / 2412M INFO    General                 (kmer_splitters.hpp        : 131)   Used 2169924 reads
  0:00:01.896     1M / 2412M INFO    General                 (kmer_index_builder.hpp    : 249)   Starting k-mer counting.
  0:00:01.963     1M / 2412M INFO    General                 (kmer_index_builder.hpp    : 260)   K-mer counting done. There are 4189432 kmers in total.
  0:00:01.963     1M / 2412M INFO    General                 (stage.cpp                 : 117)   PROCEDURE == Extension index construction (id: construction:extension_index_construction)
  0:00:01.966     1M / 2412M INFO   K-mer Index Building     (kmer_index_builder.hpp    : 438)   Building kmer index
  0:00:01.966     1M / 2412M INFO    General                 (kmer_index_builder.hpp    : 243)   Splitting kmer instances into 160 files using 16 threads. This might take a while.
  0:00:01.966     1M / 2412M INFO    General                 (file_limit.hpp            :  42)   Open file limit set to 1024
  0:00:01.966     1M / 2412M INFO    General                 (kmer_splitter.hpp         :  93)   Memory available for splitting buffers: 1.29165 Gb
  0:00:01.966     1M / 2412M INFO    General                 (kmer_splitter.hpp         : 101)   Using cell size of 209715
  0:00:02.189  9602M / 9602M INFO    General                 (kmer_splitters.hpp        : 194)   Processed 4189432 kmers
  0:00:02.189  9602M / 9602M INFO    General                 (kmer_splitters.hpp        : 199)   Used 4189432 kmers.
  0:00:02.192     2M / 2412M INFO    General                 (kmer_index_builder.hpp    : 249)   Starting k-mer counting.
  0:00:02.275     2M / 2412M INFO    General                 (kmer_index_builder.hpp    : 260)   K-mer counting done. There are 4186716 kmers in total.
  0:00:02.275     2M / 2412M INFO   K-mer Index Building     (kmer_index_builder.hpp    : 395)   Building perfect hash indices
  0:00:02.441     5M / 2412M INFO   K-mer Index Building     (kmer_index_builder.hpp    : 431)   Index built. Total 4186716 kmers, 3144400 bytes occupied (6.00834 bits per kmer).
  0:00:02.441     5M / 2412M INFO    General                 (kmer_index_builder.hpp    : 169)   Merging final buckets.
  0:00:02.747     9M / 2412M INFO   DeBruijnExtensionIndexBu (kmer_extension_index_build: 100)   Building k-mer extensions from k+1-mers
  0:00:02.902     9M / 2412M INFO   DeBruijnExtensionIndexBu (kmer_extension_index_build: 105)   Building k-mer extensions from k+1-mers finished.
  0:00:02.910     9M / 2412M INFO    General                 (stage.cpp                 : 117)   PROCEDURE == Condensing graph (id: construction:graph_condensing)
  0:00:02.911     9M / 2412M INFO   UnbranchingPathExtractor (debruijn_graph_constructor: 354)   Extracting unbranching paths
  0:00:03.024    11M / 2412M INFO   UnbranchingPathExtractor (debruijn_graph_constructor: 373)   Extracting unbranching paths finished. 25500 sequences extracted
  0:00:03.126    11M / 2412M INFO   UnbranchingPathExtractor (debruijn_graph_constructor: 309)   Collecting perfect loops
  0:00:03.156    11M / 2412M INFO   UnbranchingPathExtractor (debruijn_graph_constructor: 342)   Collecting perfect loops finished. 1 loops collected
  0:00:03.166    11M / 2412M INFO    General                 (debruijn_graph_constructor: 487)   Total 51002 edges to create
  0:00:03.166    13M / 2412M INFO    General                 (debruijn_graph_constructor: 489)   Collecting link records
  0:00:03.192    14M / 2412M INFO    General                 (debruijn_graph_constructor: 491)   Ordering link records
  0:00:03.193    14M / 2412M INFO    General                 (debruijn_graph_constructor: 493)   Sorting done
  0:00:03.193    14M / 2412M INFO    General                 (debruijn_graph_constructor: 503)   Total 22785 vertices to create
  0:00:03.193    16M / 2412M INFO    General                 (debruijn_graph_constructor: 506)   Connecting the graph
  0:00:03.217    15M / 2412M INFO    General                 (stage.cpp                 : 117)   PROCEDURE == Filling coverage indices (PHM) (id: construction:coverage_filling_phm)
  0:00:03.217    15M / 2412M INFO   K-mer Index Building     (kmer_index_builder.hpp    : 395)   Building perfect hash indices
  0:00:03.274    18M / 2412M INFO   K-mer Index Building     (kmer_index_builder.hpp    : 431)   Index built. Total 4189432 kmers, 3146368 bytes occupied (6.0082 bits per kmer).
  0:00:03.281    34M / 2412M INFO    General                 (coverage_hash_map_builder.:  47)   Collecting k-mer coverage information from reads, this takes a while.
  0:00:04.636    34M / 2412M INFO    General                 (construction.cpp          : 430)   Filling coverage and flanking coverage from PHM
  0:00:04.739    34M / 2412M INFO    General                 (coverage_filling.hpp      :  82)   Processed 50995 edges
  0:00:04.768     7M / 2412M INFO   StageManager             (stage.cpp                 : 185)   STAGE == EC Threshold Finding (id: ec_threshold_finder)
  0:00:04.768     7M / 2412M INFO    General                 (kmer_coverage_model.cpp   : 181)   Kmer coverage valley at: 3
  0:00:04.768     7M / 2412M INFO    General                 (kmer_coverage_model.cpp   : 201)   K-mer histogram maximum: 29
  0:00:04.769     7M / 2412M INFO    General                 (kmer_coverage_model.cpp   : 237)   Estimated median coverage: 31. Coverage mad: 10.3782
  0:00:04.769     7M / 2412M INFO    General                 (kmer_coverage_model.cpp   : 259)   Fitting coverage model
  0:00:04.793     7M / 2412M INFO    General                 (kmer_coverage_model.cpp   : 295)   ... iteration 2
  0:00:04.859     7M / 2412M INFO    General                 (kmer_coverage_model.cpp   : 295)   ... iteration 4
  0:00:05.167     7M / 2412M INFO    General                 (kmer_coverage_model.cpp   : 295)   ... iteration 8
  0:00:05.873     7M / 2412M INFO    General                 (kmer_coverage_model.cpp   : 295)   ... iteration 16
  0:00:07.297     7M / 2412M INFO    General                 (kmer_coverage_model.cpp   : 295)   ... iteration 32
  0:00:08.363     7M / 2412M INFO    General                 (kmer_coverage_model.cpp   : 309)   Fitted mean coverage: 31.455. Fitted coverage std. dev: 8.32022
  0:00:08.365     7M / 2412M INFO    General                 (kmer_coverage_model.cpp   : 334)   Probability of erroneous kmer at valley: 0.969206
  0:00:08.365     7M / 2412M INFO    General                 (kmer_coverage_model.cpp   : 358)   Preliminary threshold calculated as: 13
  0:00:08.366     7M / 2412M INFO    General                 (kmer_coverage_model.cpp   : 362)   Threshold adjusted to: 13
  0:00:08.366     7M / 2412M INFO    General                 (kmer_coverage_model.cpp   : 375)   Estimated genome size (ignoring repeats): 3937841
  0:00:08.366     7M / 2412M INFO    General                 (genomic_info_filler.cpp   :  55)   Mean coverage was calculated as 31.455
  0:00:08.366     7M / 2412M INFO    General                 (genomic_info_filler.cpp   :  70)   EC coverage threshold value was calculated as 13
  0:00:08.366     7M / 2412M INFO    General                 (genomic_info_filler.cpp   :  71)   Trusted kmer low bound: 0
  0:00:08.366     7M / 2412M INFO   StageManager             (stage.cpp                 : 185)   STAGE == Gap Closer (id: early_gapcloser)
  0:00:08.370    16M / 2412M INFO    General                 (edge_index.hpp            : 113)   Size of edge index entries: 12/8
  0:00:08.374    16M / 2412M INFO    General                 (gap_closer.cpp            : 101)   Total edges in tip neighborhood: 8996 out of 50995, length: 169325
  0:00:08.375    16M / 2412M INFO    General                 (edge_index.hpp            : 167)   Using small index (max_id = 51260)
  0:00:08.377    16M / 2412M INFO   K-mer Index Building     (kmer_index_builder.hpp    : 395)   Building perfect hash indices
  0:00:08.386    16M / 2412M INFO   K-mer Index Building     (kmer_index_builder.hpp    : 431)   Index built. Total 150156 kmers, 109192 bytes occupied (5.81752 bits per kmer).
  0:00:08.387    18M / 2412M INFO    General                 (edge_index_builders.hpp   : 265)   Collecting edge information from graph, this takes a while.
  0:00:09.563    18M / 2412M INFO    General                 (sequence_mapper_notifier.h:  95)   Total 540106 reads processed
  0:00:09.572    16M / 2412M INFO    General                 (gap_closer.cpp            : 452)   Initializing gap closer
  0:00:09.573    16M / 2412M INFO   GapCloser                (gap_closer.cpp            : 359)   Closing short gaps
  0:00:09.595    16M / 2412M INFO   GapCloser                (gap_closer.cpp            : 391)   Closing short gaps complete: filled 1 gaps after checking 30 candidates
  0:00:09.596    16M / 2412M INFO    General                 (gap_closer.cpp            : 456)   Gap closer done
  0:00:09.597     7M / 2412M INFO   StageManager             (stage.cpp                 : 185)   STAGE == Raw Simplification (id: raw_simplification)
  0:00:09.597     7M / 2412M INFO    General                 (simplification.cpp        : 127)   PROCEDURE == Initial cleaning
  0:00:09.598     7M / 2412M INFO    General                 (graph_simplification.hpp  : 662)   Flanking coverage based disconnection disabled
  0:00:09.598     7M / 2412M INFO   Simplification           (parallel_processing.hpp   : 167)   Running Self conjugate edge remover
  0:00:09.598     7M / 2412M INFO   Simplification           (parallel_processing.hpp   : 170)   Self conjugate edge remover triggered 0 times
  0:00:09.598     7M / 2412M INFO   StageManager             (stage.cpp                 : 185)   STAGE == Simplification (id: simplification)
  0:00:09.598     7M / 2412M INFO    General                 (simplification.cpp        : 368)   Graph simplification started
  0:00:09.598     7M / 2412M INFO    General                 (graph_simplification.hpp  : 634)   Creating parallel br instance
  0:00:09.598     7M / 2412M INFO    General                 (simplification.cpp        : 373)   PROCEDURE == Simplification cycle, iteration 1
  0:00:09.599     7M / 2412M INFO   Simplification           (parallel_processing.hpp   : 167)   Running Tip clipper
  0:00:09.675     6M / 2412M INFO   Simplification           (parallel_processing.hpp   : 170)   Tip clipper triggered 8194 times
  0:00:09.676     6M / 2412M INFO   Simplification           (parallel_processing.hpp   : 167)   Running Bulge remover
  0:00:09.790    13M / 2412M INFO   Simplification           (parallel_processing.hpp   : 170)   Bulge remover triggered 1178 times
  0:00:09.791    13M / 2412M INFO   Simplification           (parallel_processing.hpp   : 167)   Running Low coverage edge remover
  0:00:09.804    13M / 2412M INFO   Simplification           (parallel_processing.hpp   : 170)   Low coverage edge remover triggered 541 times
  0:00:09.804    13M / 2412M INFO    General                 (simplification.cpp        : 373)   PROCEDURE == Simplification cycle, iteration 2
  0:00:09.804    13M / 2412M INFO   Simplification           (parallel_processing.hpp   : 167)   Running Tip clipper
  0:00:09.805    13M / 2412M INFO   Simplification           (parallel_processing.hpp   : 170)   Tip clipper triggered 18 times
  0:00:09.805    13M / 2412M INFO   Simplification           (parallel_processing.hpp   : 167)   Running Bulge remover
  0:00:09.818    14M / 2412M INFO   Simplification           (parallel_processing.hpp   : 170)   Bulge remover triggered 127 times
  0:00:09.819    14M / 2412M INFO   Simplification           (parallel_processing.hpp   : 167)   Running Low coverage edge remover
  0:00:09.825    14M / 2412M INFO   Simplification           (parallel_processing.hpp   : 170)   Low coverage edge remover triggered 149 times
  0:00:09.825    14M / 2412M INFO    General                 (simplification.cpp        : 373)   PROCEDURE == Simplification cycle, iteration 3
  0:00:09.825    14M / 2412M INFO   Simplification           (parallel_processing.hpp   : 167)   Running Tip clipper
  0:00:09.826    14M / 2412M INFO   Simplification           (parallel_processing.hpp   : 170)   Tip clipper triggered 1 times
  0:00:09.826    14M / 2412M INFO   Simplification           (parallel_processing.hpp   : 167)   Running Bulge remover
  0:00:09.829    14M / 2412M INFO   Simplification           (parallel_processing.hpp   : 170)   Bulge remover triggered 43 times
  0:00:09.830    14M / 2412M INFO   Simplification           (parallel_processing.hpp   : 167)   Running Low coverage edge remover
  0:00:09.830    14M / 2412M INFO   Simplification           (parallel_processing.hpp   : 170)   Low coverage edge remover triggered 25 times
  0:00:09.830    14M / 2412M INFO    General                 (simplification.cpp        : 373)   PROCEDURE == Simplification cycle, iteration 4
  0:00:09.830    14M / 2412M INFO   Simplification           (parallel_processing.hpp   : 167)   Running Tip clipper
  0:00:09.830    14M / 2412M INFO   Simplification           (parallel_processing.hpp   : 170)   Tip clipper triggered 0 times
  0:00:09.830    14M / 2412M INFO   Simplification           (parallel_processing.hpp   : 167)   Running Bulge remover
  0:00:09.831    14M / 2412M INFO   Simplification           (parallel_processing.hpp   : 170)   Bulge remover triggered 10 times
  0:00:09.832    14M / 2412M INFO   Simplification           (parallel_processing.hpp   : 167)   Running Low coverage edge remover
  0:00:09.832    14M / 2412M INFO   Simplification           (parallel_processing.hpp   : 170)   Low coverage edge remover triggered 3 times
  0:00:09.832    14M / 2412M INFO    General                 (simplification.cpp        : 373)   PROCEDURE == Simplification cycle, iteration 5
  0:00:09.832    14M / 2412M INFO   Simplification           (parallel_processing.hpp   : 167)   Running Tip clipper
  0:00:09.832    14M / 2412M INFO   Simplification           (parallel_processing.hpp   : 170)   Tip clipper triggered 0 times
  0:00:09.832    14M / 2412M INFO   Simplification           (parallel_processing.hpp   : 167)   Running Bulge remover
  0:00:09.832    14M / 2412M INFO   Simplification           (parallel_processing.hpp   : 170)   Bulge remover triggered 3 times
  0:00:09.832    14M / 2412M INFO   Simplification           (parallel_processing.hpp   : 167)   Running Low coverage edge remover
  0:00:09.832    14M / 2412M INFO   Simplification           (parallel_processing.hpp   : 170)   Low coverage edge remover triggered 1 times
  0:00:09.832    14M / 2412M INFO    General                 (simplification.cpp        : 373)   PROCEDURE == Simplification cycle, iteration 6
  0:00:09.832    14M / 2412M INFO   Simplification           (parallel_processing.hpp   : 167)   Running Tip clipper
  0:00:09.832    14M / 2412M INFO   Simplification           (parallel_processing.hpp   : 170)   Tip clipper triggered 0 times
  0:00:09.833    14M / 2412M INFO   Simplification           (parallel_processing.hpp   : 167)   Running Bulge remover
  0:00:09.833    14M / 2412M INFO   Simplification           (parallel_processing.hpp   : 170)   Bulge remover triggered 0 times
  0:00:09.833    14M / 2412M INFO   Simplification           (parallel_processing.hpp   : 167)   Running Low coverage edge remover
  0:00:09.833    14M / 2412M INFO   Simplification           (parallel_processing.hpp   : 170)   Low coverage edge remover triggered 1 times
  0:00:09.833    14M / 2412M INFO    General                 (simplification.cpp        : 373)   PROCEDURE == Simplification cycle, iteration 7
  0:00:09.833    14M / 2412M INFO   Simplification           (parallel_processing.hpp   : 167)   Running Tip clipper
  0:00:09.833    14M / 2412M INFO   Simplification           (parallel_processing.hpp   : 170)   Tip clipper triggered 0 times
  0:00:09.833    14M / 2412M INFO   Simplification           (parallel_processing.hpp   : 167)   Running Bulge remover
  0:00:09.833    14M / 2412M INFO   Simplification           (parallel_processing.hpp   : 170)   Bulge remover triggered 0 times
  0:00:09.833    14M / 2412M INFO   Simplification           (parallel_processing.hpp   : 167)   Running Low coverage edge remover
  0:00:09.833    14M / 2412M INFO   Simplification           (parallel_processing.hpp   : 170)   Low coverage edge remover triggered 1 times
  0:00:09.833    14M / 2412M INFO    General                 (simplification.cpp        : 373)   PROCEDURE == Simplification cycle, iteration 8
  0:00:09.833    14M / 2412M INFO   Simplification           (parallel_processing.hpp   : 167)   Running Tip clipper
  0:00:09.833    14M / 2412M INFO   Simplification           (parallel_processing.hpp   : 170)   Tip clipper triggered 0 times
  0:00:09.833    14M / 2412M INFO   Simplification           (parallel_processing.hpp   : 167)   Running Bulge remover
  0:00:09.833    14M / 2412M INFO   Simplification           (parallel_processing.hpp   : 170)   Bulge remover triggered 0 times
  0:00:09.833    14M / 2412M INFO   Simplification           (parallel_processing.hpp   : 167)   Running Low coverage edge remover
  0:00:09.833    14M / 2412M INFO   Simplification           (parallel_processing.hpp   : 170)   Low coverage edge remover triggered 1 times
  0:00:09.833    14M / 2412M INFO    General                 (simplification.cpp        : 373)   PROCEDURE == Simplification cycle, iteration 9
  0:00:09.833    14M / 2412M INFO   Simplification           (parallel_processing.hpp   : 167)   Running Tip clipper
  0:00:09.833    14M / 2412M INFO   Simplification           (parallel_processing.hpp   : 170)   Tip clipper triggered 0 times
  0:00:09.833    14M / 2412M INFO   Simplification           (parallel_processing.hpp   : 167)   Running Bulge remover
  0:00:09.833    14M / 2412M INFO   Simplification           (parallel_processing.hpp   : 170)   Bulge remover triggered 0 times
  0:00:09.834    14M / 2412M INFO   Simplification           (parallel_processing.hpp   : 167)   Running Low coverage edge remover
  0:00:09.834    14M / 2412M INFO   Simplification           (parallel_processing.hpp   : 170)   Low coverage edge remover triggered 1 times
  0:00:09.834    14M / 2412M INFO    General                 (simplification.cpp        : 373)   PROCEDURE == Simplification cycle, iteration 10
  0:00:09.834    14M / 2412M INFO   Simplification           (parallel_processing.hpp   : 167)   Running Tip clipper
  0:00:09.834    14M / 2412M INFO   Simplification           (parallel_processing.hpp   : 170)   Tip clipper triggered 0 times
  0:00:09.834    14M / 2412M INFO   Simplification           (parallel_processing.hpp   : 167)   Running Bulge remover
  0:00:09.834    14M / 2412M INFO   Simplification           (parallel_processing.hpp   : 170)   Bulge remover triggered 0 times
  0:00:09.834    14M / 2412M INFO   Simplification           (parallel_processing.hpp   : 167)   Running Low coverage edge remover
  0:00:09.834    14M / 2412M INFO   Simplification           (parallel_processing.hpp   : 170)   Low coverage edge remover triggered 2 times
  0:00:09.834    14M / 2412M INFO    General                 (simplification.cpp        : 373)   PROCEDURE == Simplification cycle, iteration 11
  0:00:09.834    14M / 2412M INFO   Simplification           (parallel_processing.hpp   : 167)   Running Tip clipper
  0:00:09.834    14M / 2412M INFO   Simplification           (parallel_processing.hpp   : 170)   Tip clipper triggered 0 times
  0:00:09.834    14M / 2412M INFO   Simplification           (parallel_processing.hpp   : 167)   Running Bulge remover
  0:00:09.836    14M / 2412M INFO   Simplification           (parallel_processing.hpp   : 170)   Bulge remover triggered 3 times
  0:00:09.836    14M / 2412M INFO   Simplification           (parallel_processing.hpp   : 167)   Running Low coverage edge remover
  0:00:09.837    14M / 2412M INFO   Simplification           (parallel_processing.hpp   : 170)   Low coverage edge remover triggered 0 times
  0:00:09.837    14M / 2412M INFO    General                 (simplification.cpp        : 373)   PROCEDURE == Simplification cycle, iteration 12
  0:00:09.837    14M / 2412M INFO   Simplification           (parallel_processing.hpp   : 167)   Running Tip clipper
  0:00:09.837    14M / 2412M INFO   Simplification           (parallel_processing.hpp   : 170)   Tip clipper triggered 0 times
  0:00:09.837    14M / 2412M INFO   Simplification           (parallel_processing.hpp   : 167)   Running Bulge remover
  0:00:09.837    14M / 2412M INFO   Simplification           (parallel_processing.hpp   : 170)   Bulge remover triggered 0 times
  0:00:09.837    14M / 2412M INFO   Simplification           (parallel_processing.hpp   : 167)   Running Low coverage edge remover
  0:00:09.837    14M / 2412M INFO   Simplification           (parallel_processing.hpp   : 170)   Low coverage edge remover triggered 0 times
  0:00:09.837    14M / 2412M INFO   StageManager             (stage.cpp                 : 185)   STAGE == Gap Closer (id: late_gapcloser)
  0:00:09.840    23M / 2412M INFO    General                 (edge_index.hpp            : 113)   Size of edge index entries: 12/8
  0:00:09.841    23M / 2412M INFO    General                 (gap_closer.cpp            : 101)   Total edges in tip neighborhood: 705 out of 6252, length: 93974
  0:00:09.841    23M / 2412M INFO    General                 (edge_index.hpp            : 167)   Using small index (max_id = 51260)
  0:00:09.842    23M / 2412M INFO   K-mer Index Building     (kmer_index_builder.hpp    : 395)   Building perfect hash indices
  0:00:09.847    23M / 2412M INFO   K-mer Index Building     (kmer_index_builder.hpp    : 431)   Index built. Total 74580 kmers, 54632 bytes occupied (5.86023 bits per kmer).
  0:00:09.848    23M / 2412M INFO    General                 (edge_index_builders.hpp   : 265)   Collecting edge information from graph, this takes a while.
  0:00:11.671    24M / 2412M INFO    General                 (sequence_mapper_notifier.h:  95)   Total 540106 reads processed
  0:00:11.681    23M / 2412M INFO    General                 (gap_closer.cpp            : 452)   Initializing gap closer
  0:00:11.682    23M / 2412M INFO   GapCloser                (gap_closer.cpp            : 359)   Closing short gaps
  0:00:11.688    23M / 2412M INFO   GapCloser                (gap_closer.cpp            : 391)   Closing short gaps complete: filled 0 gaps after checking 0 candidates
  0:00:11.688    23M / 2412M INFO    General                 (gap_closer.cpp            : 456)   Gap closer done
  0:00:11.690    14M / 2412M INFO   StageManager             (stage.cpp                 : 185)   STAGE == Simplification Cleanup (id: simplification_cleanup)
  0:00:11.690    14M / 2412M INFO    General                 (simplification.cpp        : 176)   PROCEDURE == Post simplification
  0:00:11.690    14M / 2412M INFO    General                 (graph_simplification.hpp  : 448)   Disconnection of relatively low covered edges disabled
  0:00:11.690    14M / 2412M INFO    General                 (graph_simplification.hpp  : 485)   Complex tip clipping disabled
  0:00:11.691    14M / 2412M INFO    General                 (graph_simplification.hpp  : 634)   Creating parallel br instance
  0:00:11.691    14M / 2412M INFO   Simplification           (parallel_processing.hpp   : 167)   Running Tip clipper
  0:00:11.691    14M / 2412M INFO   Simplification           (parallel_processing.hpp   : 170)   Tip clipper triggered 0 times
  0:00:11.691    14M / 2412M INFO   Simplification           (parallel_processing.hpp   : 167)   Running Bulge remover
  0:00:11.696    14M / 2412M INFO   Simplification           (parallel_processing.hpp   : 170)   Bulge remover triggered 0 times
  0:00:11.697    14M / 2412M INFO   Simplification           (parallel_processing.hpp   : 167)   Running Tip clipper
  0:00:11.697    14M / 2412M INFO   Simplification           (parallel_processing.hpp   : 170)   Tip clipper triggered 0 times
  0:00:11.697    14M / 2412M INFO   Simplification           (parallel_processing.hpp   : 167)   Running Bulge remover
  0:00:11.701    14M / 2412M INFO   Simplification           (parallel_processing.hpp   : 170)   Bulge remover triggered 0 times
  0:00:11.701    14M / 2412M INFO    General                 (simplification.cpp        : 327)   Disrupting self-conjugate edges
  0:00:11.702    14M / 2412M INFO   Simplification           (parallel_processing.hpp   : 167)   Running Removing isolated edges
  0:00:11.704    14M / 2412M INFO   Simplification           (parallel_processing.hpp   : 170)   Removing isolated edges triggered 346 times
  0:00:11.704    14M / 2412M INFO    General                 (simplification.cpp        : 495)   After simplification:
  0:00:11.704    14M / 2412M INFO    General                 (simplification.cpp        : 496)     Average coverage = 34.3249
  0:00:11.704    14M / 2412M INFO    General                 (simplification.cpp        : 497)     Total length = 3945952
  0:00:11.705    14M / 2412M INFO    General                 (simplification.cpp        : 498)     Median edge length: 22108
  0:00:11.705    14M / 2412M INFO    General                 (simplification.cpp        : 499)     Edges: 5560
  0:00:11.705    14M / 2412M INFO    General                 (simplification.cpp        : 500)     Vertices: 3612
  0:00:11.705    14M / 2412M INFO   StageManager             (stage.cpp                 : 185)   STAGE == Contig Output (id: contig_output)
  0:00:11.705    14M / 2412M INFO    General                 (read_converter.cpp        : 107)   Outputting contigs to /data/djs217/PROJECTS/10_X_fragariae_feb_2024/04_spades/NCPPB_4772.spades/K55/simplified_contigs
  0:00:11.711    16M / 2412M INFO    General                 (binary_converter.cpp      : 111)   2780 reads written
  0:00:11.717    14M / 2412M INFO    General                 (pipeline.cpp              : 287)   SPAdes finished
  0:00:11.734     1M / 2412M INFO    General                 (main.cpp                  : 136)   Assembling time: 0 hours 0 minutes 11 seconds

===== K55 finished. 


===== K77 started. 


== Running: /data/djs217/anaconda3/envs/spades-env/bin/spades-core /data/djs217/PROJECTS/10_X_fragariae_feb_2024/04_spades/NCPPB_4772.spades/K77/configs/config.info /data/djs217/PROJECTS/10_X_fragariae_feb_2024/04_spades/NCPPB_4772.spades/K77/configs/careful_mode.info

  0:00:00.000     1M / 19M   INFO    General                 (main.cpp                  :  99)   Loaded config from /data/djs217/PROJECTS/10_X_fragariae_feb_2024/04_spades/NCPPB_4772.spades/K77/configs/config.info
  0:00:00.001     1M / 19M   INFO    General                 (main.cpp                  :  99)   Loaded config from /data/djs217/PROJECTS/10_X_fragariae_feb_2024/04_spades/NCPPB_4772.spades/K77/configs/careful_mode.info
  0:00:00.001     1M / 19M   INFO    General                 (memory_limit.cpp          :  54)   Memory limit set to 62 Gb
  0:00:00.001     1M / 19M   INFO    General                 (main.cpp                  : 107)   Starting SPAdes, built from N/A, git revision N/A
  0:00:00.001     1M / 19M   INFO    General                 (main.cpp                  : 108)   Maximum k-mer length: 128
  0:00:00.001     1M / 19M   INFO    General                 (main.cpp                  : 109)   Assembling dataset (/data/djs217/PROJECTS/10_X_fragariae_feb_2024/04_spades/NCPPB_4772.spades/dataset.info) with K=77
  0:00:00.002     1M / 19M   INFO    General                 (main.cpp                  : 110)   Maximum # of threads to use (adjusted due to OMP capabilities): 16
  0:00:00.002     1M / 19M   INFO    General                 (pipeline.cpp              : 212)   SPAdes started
  0:00:00.002     1M / 19M   INFO    General                 (pipeline.cpp              : 225)   Starting from stage: read_conversion
  0:00:00.002     1M / 19M   INFO    General                 (pipeline.cpp              : 231)   Two-step repeat resolution disabled
  0:00:00.002     1M / 19M   INFO   GraphCore                (graph_core.hpp            : 672)   Graph created, vertex min_id: 3, edge min_id: 3
  0:00:00.002     1M / 19M   INFO   GraphCore                (graph_core.hpp            : 673)   Vertex size: 48, edge size: 40
  0:00:00.002     1M / 19M   INFO    General                 (edge_index.hpp            : 113)   Size of edge index entries: 12/8
  0:00:00.002     1M / 19M   INFO    General                 (pipeline.cpp              : 242)   Will need read mapping, kmer mapper will be attached
  0:00:00.002     1M / 19M   INFO   StageManager             (stage.cpp                 : 185)   STAGE == Binary Read Conversion (id: read_conversion)
  0:00:00.003     1M / 19M   INFO    General                 (read_converter.cpp        :  53)   Binary reads detected
  0:00:00.008     1M / 19M   INFO   StageManager             (stage.cpp                 : 185)   STAGE == de Bruijn graph construction (id: construction)
  0:00:00.008     1M / 19M   INFO    General                 (construction.cpp          : 118)   Contigs from previous K will be used: /data/djs217/PROJECTS/10_X_fragariae_feb_2024/04_spades/NCPPB_4772.spades/K55/simplified_contigs
  0:00:00.041     1M / 19M   INFO    General                 (construction.cpp          : 153)   Max read length 301
  0:00:00.041     1M / 19M   INFO    General                 (construction.cpp          : 159)   Average read length 180.094
  0:00:00.041     1M / 19M   INFO    General                 (stage.cpp                 : 117)   PROCEDURE == k+1-mer counting (id: construction:kpomer_counting)
  0:00:00.041     1M / 19M   INFO    General                 (kmer_index_builder.hpp    : 243)   Splitting kmer instances into 160 files using 16 threads. This might take a while.
  0:00:00.042     1M / 19M   INFO    General                 (file_limit.hpp            :  42)   Open file limit set to 1024
  0:00:00.042     1M / 19M   INFO    General                 (kmer_splitter.hpp         :  93)   Memory available for splitting buffers: 1.29165 Gb
  0:00:00.042     1M / 19M   INFO    General                 (kmer_splitter.hpp         : 101)   Using cell size of 139810
  0:00:01.850  9601M / 9601M INFO    General                 (kmer_splitters.hpp        : 125)   Processed 2168182 reads
  0:00:01.866     2M / 3059M INFO    General                 (kmer_splitters.hpp        : 131)   Used 2168182 reads
  0:00:02.122     2M / 3059M INFO    General                 (kmer_index_builder.hpp    : 249)   Starting k-mer counting.
  0:00:02.225     2M / 3059M INFO    General                 (kmer_index_builder.hpp    : 260)   K-mer counting done. There are 4235955 kmers in total.
  0:00:02.225     1M / 3059M INFO    General                 (stage.cpp                 : 117)   PROCEDURE == Extension index construction (id: construction:extension_index_construction)
  0:00:02.227     1M / 3059M INFO   K-mer Index Building     (kmer_index_builder.hpp    : 438)   Building kmer index
  0:00:02.227     1M / 3059M INFO    General                 (kmer_index_builder.hpp    : 243)   Splitting kmer instances into 160 files using 16 threads. This might take a while.
  0:00:02.228     1M / 3059M INFO    General                 (file_limit.hpp            :  42)   Open file limit set to 1024
  0:00:02.228     1M / 3059M INFO    General                 (kmer_splitter.hpp         :  93)   Memory available for splitting buffers: 1.29165 Gb
  0:00:02.228     1M / 3059M INFO    General                 (kmer_splitter.hpp         : 101)   Using cell size of 139810
  0:00:02.459  9602M / 9602M INFO    General                 (kmer_splitters.hpp        : 194)   Processed 4235955 kmers
  0:00:02.459  9602M / 9602M INFO    General                 (kmer_splitters.hpp        : 199)   Used 4235955 kmers.
  0:00:02.462     2M / 3059M INFO    General                 (kmer_index_builder.hpp    : 249)   Starting k-mer counting.
  0:00:02.586     2M / 3059M INFO    General                 (kmer_index_builder.hpp    : 260)   K-mer counting done. There are 4234290 kmers in total.
  0:00:02.587     2M / 3059M INFO   K-mer Index Building     (kmer_index_builder.hpp    : 395)   Building perfect hash indices
  0:00:02.921     5M / 3059M INFO   K-mer Index Building     (kmer_index_builder.hpp    : 431)   Index built. Total 4234290 kmers, 3178328 bytes occupied (6.00493 bits per kmer).
  0:00:02.921     5M / 3059M INFO    General                 (kmer_index_builder.hpp    : 169)   Merging final buckets.
  0:00:03.342     9M / 3059M INFO   DeBruijnExtensionIndexBu (kmer_extension_index_build: 100)   Building k-mer extensions from k+1-mers
  0:00:03.589     9M / 3059M INFO   DeBruijnExtensionIndexBu (kmer_extension_index_build: 105)   Building k-mer extensions from k+1-mers finished.
  0:00:03.602     9M / 3059M INFO    General                 (stage.cpp                 : 117)   PROCEDURE == Condensing graph (id: construction:graph_condensing)
  0:00:03.603     9M / 3059M INFO   UnbranchingPathExtractor (debruijn_graph_constructor: 354)   Extracting unbranching paths
  0:00:03.762    11M / 3059M INFO   UnbranchingPathExtractor (debruijn_graph_constructor: 373)   Extracting unbranching paths finished. 23699 sequences extracted
  0:00:03.921    11M / 3059M INFO   UnbranchingPathExtractor (debruijn_graph_constructor: 309)   Collecting perfect loops
  0:00:03.962    11M / 3059M INFO   UnbranchingPathExtractor (debruijn_graph_constructor: 342)   Collecting perfect loops finished. 1 loops collected
  0:00:03.977    11M / 3059M INFO    General                 (debruijn_graph_constructor: 487)   Total 47400 edges to create
  0:00:03.977    13M / 3059M INFO    General                 (debruijn_graph_constructor: 489)   Collecting link records
  0:00:04.023    14M / 3059M INFO    General                 (debruijn_graph_constructor: 491)   Ordering link records
  0:00:04.023    14M / 3059M INFO    General                 (debruijn_graph_constructor: 493)   Sorting done
  0:00:04.024    14M / 3059M INFO    General                 (debruijn_graph_constructor: 503)   Total 22035 vertices to create
  0:00:04.024    17M / 3059M INFO    General                 (debruijn_graph_constructor: 506)   Connecting the graph
  0:00:04.062    15M / 3059M INFO    General                 (stage.cpp                 : 117)   PROCEDURE == Filling coverage indices (PHM) (id: construction:coverage_filling_phm)
  0:00:04.062    15M / 3059M INFO   K-mer Index Building     (kmer_index_builder.hpp    : 395)   Building perfect hash indices
  0:00:04.309    19M / 3059M INFO   K-mer Index Building     (kmer_index_builder.hpp    : 431)   Index built. Total 4235955 kmers, 3179656 bytes occupied (6.00508 bits per kmer).
  0:00:04.322    36M / 3059M INFO    General                 (coverage_hash_map_builder.:  47)   Collecting k-mer coverage information from reads, this takes a while.
  0:00:06.133    36M / 3059M INFO    General                 (construction.cpp          : 430)   Filling coverage and flanking coverage from PHM
  0:00:06.252    36M / 3059M INFO    General                 (coverage_filling.hpp      :  82)   Processed 47398 edges
  0:00:06.299     7M / 3059M INFO   StageManager             (stage.cpp                 : 185)   STAGE == EC Threshold Finding (id: ec_threshold_finder)
  0:00:06.300     7M / 3059M INFO    General                 (kmer_coverage_model.cpp   : 181)   Kmer coverage valley at: 2
  0:00:06.300     7M / 3059M INFO    General                 (kmer_coverage_model.cpp   : 201)   K-mer histogram maximum: 24
  0:00:06.300     7M / 3059M INFO    General                 (kmer_coverage_model.cpp   : 237)   Estimated median coverage: 26. Coverage mad: 8.8956
  0:00:06.300     7M / 3059M INFO    General                 (kmer_coverage_model.cpp   : 259)   Fitting coverage model
  0:00:06.332     7M / 3059M INFO    General                 (kmer_coverage_model.cpp   : 295)   ... iteration 2
  0:00:06.412     7M / 3059M INFO    General                 (kmer_coverage_model.cpp   : 295)   ... iteration 4
  0:00:06.700     7M / 3059M INFO    General                 (kmer_coverage_model.cpp   : 295)   ... iteration 8
  0:00:07.060     7M / 3059M INFO    General                 (kmer_coverage_model.cpp   : 309)   Fitted mean coverage: 26.1431. Fitted coverage std. dev: 7.48139
  0:00:07.063     7M / 3059M INFO    General                 (kmer_coverage_model.cpp   : 334)   Probability of erroneous kmer at valley: 0.965228
  0:00:07.063     7M / 3059M INFO    General                 (kmer_coverage_model.cpp   : 358)   Preliminary threshold calculated as: 11
  0:00:07.063     7M / 3059M INFO    General                 (kmer_coverage_model.cpp   : 362)   Threshold adjusted to: 11
  0:00:07.063     7M / 3059M INFO    General                 (kmer_coverage_model.cpp   : 375)   Estimated genome size (ignoring repeats): 3947149
  0:00:07.063     7M / 3059M INFO    General                 (genomic_info_filler.cpp   :  55)   Mean coverage was calculated as 26.1431
  0:00:07.063     7M / 3059M INFO    General                 (genomic_info_filler.cpp   :  70)   EC coverage threshold value was calculated as 11
  0:00:07.063     7M / 3059M INFO    General                 (genomic_info_filler.cpp   :  71)   Trusted kmer low bound: 0
  0:00:07.063     7M / 3059M INFO   StageManager             (stage.cpp                 : 185)   STAGE == Gap Closer (id: early_gapcloser)
  0:00:07.070    16M / 3059M INFO    General                 (edge_index.hpp            : 113)   Size of edge index entries: 12/8
  0:00:07.076    16M / 3059M INFO    General                 (gap_closer.cpp            : 101)   Total edges in tip neighborhood: 9581 out of 47398, length: 207406
  0:00:07.077    16M / 3059M INFO    General                 (edge_index.hpp            : 167)   Using small index (max_id = 47639)
  0:00:07.079    16M / 3059M INFO   K-mer Index Building     (kmer_index_builder.hpp    : 395)   Building perfect hash indices
  0:00:07.093    16M / 3059M INFO   K-mer Index Building     (kmer_index_builder.hpp    : 431)   Index built. Total 183967 kmers, 133624 bytes occupied (5.81078 bits per kmer).
  0:00:07.093    18M / 3059M INFO    General                 (edge_index_builders.hpp   : 265)   Collecting edge information from graph, this takes a while.
  0:00:08.203    18M / 3059M INFO    General                 (sequence_mapper_notifier.h:  95)   Total 540106 reads processed
  0:00:08.211    16M / 3059M INFO    General                 (gap_closer.cpp            : 452)   Initializing gap closer
  0:00:08.211    16M / 3059M INFO   GapCloser                (gap_closer.cpp            : 359)   Closing short gaps
  0:00:08.233    16M / 3059M INFO   GapCloser                (gap_closer.cpp            : 391)   Closing short gaps complete: filled 0 gaps after checking 20 candidates
  0:00:08.234    16M / 3059M INFO    General                 (gap_closer.cpp            : 456)   Gap closer done
  0:00:08.235     7M / 3059M INFO   StageManager             (stage.cpp                 : 185)   STAGE == Raw Simplification (id: raw_simplification)
  0:00:08.235     7M / 3059M INFO    General                 (simplification.cpp        : 127)   PROCEDURE == Initial cleaning
  0:00:08.235     7M / 3059M INFO    General                 (graph_simplification.hpp  : 662)   Flanking coverage based disconnection disabled
  0:00:08.235     7M / 3059M INFO   Simplification           (parallel_processing.hpp   : 167)   Running Self conjugate edge remover
  0:00:08.236     7M / 3059M INFO   Simplification           (parallel_processing.hpp   : 170)   Self conjugate edge remover triggered 0 times
  0:00:08.236     7M / 3059M INFO   StageManager             (stage.cpp                 : 185)   STAGE == Simplification (id: simplification)
  0:00:08.236     7M / 3059M INFO    General                 (simplification.cpp        : 368)   Graph simplification started
  0:00:08.236     7M / 3059M INFO    General                 (graph_simplification.hpp  : 634)   Creating parallel br instance
  0:00:08.236     7M / 3059M INFO    General                 (simplification.cpp        : 373)   PROCEDURE == Simplification cycle, iteration 1
  0:00:08.236     7M / 3059M INFO   Simplification           (parallel_processing.hpp   : 167)   Running Tip clipper
  0:00:08.323     6M / 3059M INFO   Simplification           (parallel_processing.hpp   : 170)   Tip clipper triggered 8393 times
  0:00:08.324     6M / 3059M INFO   Simplification           (parallel_processing.hpp   : 167)   Running Bulge remover
  0:00:08.431    15M / 3059M INFO   Simplification           (parallel_processing.hpp   : 170)   Bulge remover triggered 763 times
  0:00:08.432    15M / 3059M INFO   Simplification           (parallel_processing.hpp   : 167)   Running Low coverage edge remover
  0:00:08.440    15M / 3059M INFO   Simplification           (parallel_processing.hpp   : 170)   Low coverage edge remover triggered 304 times
  0:00:08.440    15M / 3059M INFO    General                 (simplification.cpp        : 373)   PROCEDURE == Simplification cycle, iteration 2
  0:00:08.440    15M / 3059M INFO   Simplification           (parallel_processing.hpp   : 167)   Running Tip clipper
  0:00:08.440    15M / 3059M INFO   Simplification           (parallel_processing.hpp   : 170)   Tip clipper triggered 21 times
  0:00:08.440    15M / 3059M INFO   Simplification           (parallel_processing.hpp   : 167)   Running Bulge remover
  0:00:08.455    16M / 3059M INFO   Simplification           (parallel_processing.hpp   : 170)   Bulge remover triggered 98 times
  0:00:08.455    16M / 3059M INFO   Simplification           (parallel_processing.hpp   : 167)   Running Low coverage edge remover
  0:00:08.459    16M / 3059M INFO   Simplification           (parallel_processing.hpp   : 170)   Low coverage edge remover triggered 104 times
  0:00:08.459    16M / 3059M INFO    General                 (simplification.cpp        : 373)   PROCEDURE == Simplification cycle, iteration 3
  0:00:08.459    16M / 3059M INFO   Simplification           (parallel_processing.hpp   : 167)   Running Tip clipper
  0:00:08.459    16M / 3059M INFO   Simplification           (parallel_processing.hpp   : 170)   Tip clipper triggered 1 times
  0:00:08.459    16M / 3059M INFO   Simplification           (parallel_processing.hpp   : 167)   Running Bulge remover
  0:00:08.465    17M / 3059M INFO   Simplification           (parallel_processing.hpp   : 170)   Bulge remover triggered 37 times
  0:00:08.465    17M / 3059M INFO   Simplification           (parallel_processing.hpp   : 167)   Running Low coverage edge remover
  0:00:08.465    17M / 3059M INFO   Simplification           (parallel_processing.hpp   : 170)   Low coverage edge remover triggered 14 times
  0:00:08.465    17M / 3059M INFO    General                 (simplification.cpp        : 373)   PROCEDURE == Simplification cycle, iteration 4
  0:00:08.465    17M / 3059M INFO   Simplification           (parallel_processing.hpp   : 167)   Running Tip clipper
  0:00:08.465    17M / 3059M INFO   Simplification           (parallel_processing.hpp   : 170)   Tip clipper triggered 0 times
  0:00:08.465    17M / 3059M INFO   Simplification           (parallel_processing.hpp   : 167)   Running Bulge remover
  0:00:08.466    17M / 3059M INFO   Simplification           (parallel_processing.hpp   : 170)   Bulge remover triggered 4 times
  0:00:08.466    17M / 3059M INFO   Simplification           (parallel_processing.hpp   : 167)   Running Low coverage edge remover
  0:00:08.466    17M / 3059M INFO   Simplification           (parallel_processing.hpp   : 170)   Low coverage edge remover triggered 1 times
  0:00:08.466    17M / 3059M INFO    General                 (simplification.cpp        : 373)   PROCEDURE == Simplification cycle, iteration 5
  0:00:08.466    17M / 3059M INFO   Simplification           (parallel_processing.hpp   : 167)   Running Tip clipper
  0:00:08.466    17M / 3059M INFO   Simplification           (parallel_processing.hpp   : 170)   Tip clipper triggered 0 times
  0:00:08.466    17M / 3059M INFO   Simplification           (parallel_processing.hpp   : 167)   Running Bulge remover
  0:00:08.466    17M / 3059M INFO   Simplification           (parallel_processing.hpp   : 170)   Bulge remover triggered 0 times
  0:00:08.466    17M / 3059M INFO   Simplification           (parallel_processing.hpp   : 167)   Running Low coverage edge remover
  0:00:08.466    17M / 3059M INFO   Simplification           (parallel_processing.hpp   : 170)   Low coverage edge remover triggered 2 times
  0:00:08.466    17M / 3059M INFO    General                 (simplification.cpp        : 373)   PROCEDURE == Simplification cycle, iteration 6
  0:00:08.466    17M / 3059M INFO   Simplification           (parallel_processing.hpp   : 167)   Running Tip clipper
  0:00:08.466    17M / 3059M INFO   Simplification           (parallel_processing.hpp   : 170)   Tip clipper triggered 0 times
  0:00:08.466    17M / 3059M INFO   Simplification           (parallel_processing.hpp   : 167)   Running Bulge remover
  0:00:08.466    17M / 3059M INFO   Simplification           (parallel_processing.hpp   : 170)   Bulge remover triggered 2 times
  0:00:08.466    17M / 3059M INFO   Simplification           (parallel_processing.hpp   : 167)   Running Low coverage edge remover
  0:00:08.466    17M / 3059M INFO   Simplification           (parallel_processing.hpp   : 170)   Low coverage edge remover triggered 1 times
  0:00:08.466    17M / 3059M INFO    General                 (simplification.cpp        : 373)   PROCEDURE == Simplification cycle, iteration 7
  0:00:08.467    17M / 3059M INFO   Simplification           (parallel_processing.hpp   : 167)   Running Tip clipper
  0:00:08.467    17M / 3059M INFO   Simplification           (parallel_processing.hpp   : 170)   Tip clipper triggered 0 times
  0:00:08.467    17M / 3059M INFO   Simplification           (parallel_processing.hpp   : 167)   Running Bulge remover
  0:00:08.467    17M / 3059M INFO   Simplification           (parallel_processing.hpp   : 170)   Bulge remover triggered 0 times
  0:00:08.467    17M / 3059M INFO   Simplification           (parallel_processing.hpp   : 167)   Running Low coverage edge remover
  0:00:08.467    17M / 3059M INFO   Simplification           (parallel_processing.hpp   : 170)   Low coverage edge remover triggered 1 times
  0:00:08.467    17M / 3059M INFO    General                 (simplification.cpp        : 373)   PROCEDURE == Simplification cycle, iteration 8
  0:00:08.467    17M / 3059M INFO   Simplification           (parallel_processing.hpp   : 167)   Running Tip clipper
  0:00:08.467    17M / 3059M INFO   Simplification           (parallel_processing.hpp   : 170)   Tip clipper triggered 0 times
  0:00:08.467    17M / 3059M INFO   Simplification           (parallel_processing.hpp   : 167)   Running Bulge remover
  0:00:08.467    17M / 3059M INFO   Simplification           (parallel_processing.hpp   : 170)   Bulge remover triggered 0 times
  0:00:08.467    17M / 3059M INFO   Simplification           (parallel_processing.hpp   : 167)   Running Low coverage edge remover
  0:00:08.467    17M / 3059M INFO   Simplification           (parallel_processing.hpp   : 170)   Low coverage edge remover triggered 4 times
  0:00:08.467    17M / 3059M INFO    General                 (simplification.cpp        : 373)   PROCEDURE == Simplification cycle, iteration 9
  0:00:08.467    17M / 3059M INFO   Simplification           (parallel_processing.hpp   : 167)   Running Tip clipper
  0:00:08.467    17M / 3059M INFO   Simplification           (parallel_processing.hpp   : 170)   Tip clipper triggered 0 times
  0:00:08.467    17M / 3059M INFO   Simplification           (parallel_processing.hpp   : 167)   Running Bulge remover
  0:00:08.467    17M / 3059M INFO   Simplification           (parallel_processing.hpp   : 170)   Bulge remover triggered 1 times
  0:00:08.467    17M / 3059M INFO   Simplification           (parallel_processing.hpp   : 167)   Running Low coverage edge remover
  0:00:08.467    17M / 3059M INFO   Simplification           (parallel_processing.hpp   : 170)   Low coverage edge remover triggered 1 times
  0:00:08.467    17M / 3059M INFO    General                 (simplification.cpp        : 373)   PROCEDURE == Simplification cycle, iteration 10
  0:00:08.467    17M / 3059M INFO   Simplification           (parallel_processing.hpp   : 167)   Running Tip clipper
  0:00:08.467    17M / 3059M INFO   Simplification           (parallel_processing.hpp   : 170)   Tip clipper triggered 0 times
  0:00:08.467    17M / 3059M INFO   Simplification           (parallel_processing.hpp   : 167)   Running Bulge remover
  0:00:08.467    17M / 3059M INFO   Simplification           (parallel_processing.hpp   : 170)   Bulge remover triggered 0 times
  0:00:08.467    17M / 3059M INFO   Simplification           (parallel_processing.hpp   : 167)   Running Low coverage edge remover
  0:00:08.467    17M / 3059M INFO   Simplification           (parallel_processing.hpp   : 170)   Low coverage edge remover triggered 1 times
  0:00:08.467    17M / 3059M INFO    General                 (simplification.cpp        : 373)   PROCEDURE == Simplification cycle, iteration 11
  0:00:08.467    17M / 3059M INFO   Simplification           (parallel_processing.hpp   : 167)   Running Tip clipper
  0:00:08.468    17M / 3059M INFO   Simplification           (parallel_processing.hpp   : 170)   Tip clipper triggered 0 times
  0:00:08.468    17M / 3059M INFO   Simplification           (parallel_processing.hpp   : 167)   Running Bulge remover
  0:00:08.470    17M / 3059M INFO   Simplification           (parallel_processing.hpp   : 170)   Bulge remover triggered 3 times
  0:00:08.470    17M / 3059M INFO   Simplification           (parallel_processing.hpp   : 167)   Running Low coverage edge remover
  0:00:08.470    17M / 3059M INFO   Simplification           (parallel_processing.hpp   : 170)   Low coverage edge remover triggered 0 times
  0:00:08.470    17M / 3059M INFO    General                 (simplification.cpp        : 373)   PROCEDURE == Simplification cycle, iteration 12
  0:00:08.470    17M / 3059M INFO   Simplification           (parallel_processing.hpp   : 167)   Running Tip clipper
  0:00:08.470    17M / 3059M INFO   Simplification           (parallel_processing.hpp   : 170)   Tip clipper triggered 0 times
  0:00:08.470    17M / 3059M INFO   Simplification           (parallel_processing.hpp   : 167)   Running Bulge remover
  0:00:08.470    17M / 3059M INFO   Simplification           (parallel_processing.hpp   : 170)   Bulge remover triggered 0 times
  0:00:08.470    17M / 3059M INFO   Simplification           (parallel_processing.hpp   : 167)   Running Low coverage edge remover
  0:00:08.470    17M / 3059M INFO   Simplification           (parallel_processing.hpp   : 170)   Low coverage edge remover triggered 0 times
  0:00:08.470    17M / 3059M INFO   StageManager             (stage.cpp                 : 185)   STAGE == Gap Closer (id: late_gapcloser)
  0:00:08.473    26M / 3059M INFO    General                 (edge_index.hpp            : 113)   Size of edge index entries: 12/8
  0:00:08.473    26M / 3059M INFO    General                 (gap_closer.cpp            : 101)   Total edges in tip neighborhood: 1109 out of 6092, length: 156680
  0:00:08.473    26M / 3059M INFO    General                 (edge_index.hpp            : 167)   Using small index (max_id = 47639)
  0:00:08.476    26M / 3059M INFO   K-mer Index Building     (kmer_index_builder.hpp    : 395)   Building perfect hash indices
  0:00:08.493    26M / 3059M INFO   K-mer Index Building     (kmer_index_builder.hpp    : 431)   Index built. Total 133089 kmers, 96864 bytes occupied (5.82251 bits per kmer).
  0:00:08.493    27M / 3059M INFO    General                 (edge_index_builders.hpp   : 265)   Collecting edge information from graph, this takes a while.
  0:00:10.152    27M / 3059M INFO    General                 (sequence_mapper_notifier.h:  95)   Total 540106 reads processed
  0:00:10.161    26M / 3059M INFO    General                 (gap_closer.cpp            : 452)   Initializing gap closer
  0:00:10.161    26M / 3059M INFO   GapCloser                (gap_closer.cpp            : 359)   Closing short gaps
  0:00:10.166    26M / 3059M INFO   GapCloser                (gap_closer.cpp            : 391)   Closing short gaps complete: filled 1 gaps after checking 1 candidates
  0:00:10.167    26M / 3059M INFO    General                 (gap_closer.cpp            : 456)   Gap closer done
  0:00:10.168    17M / 3059M INFO   StageManager             (stage.cpp                 : 185)   STAGE == Simplification Cleanup (id: simplification_cleanup)
  0:00:10.168    17M / 3059M INFO    General                 (simplification.cpp        : 176)   PROCEDURE == Post simplification
  0:00:10.169    17M / 3059M INFO    General                 (graph_simplification.hpp  : 448)   Disconnection of relatively low covered edges disabled
  0:00:10.169    17M / 3059M INFO    General                 (graph_simplification.hpp  : 485)   Complex tip clipping disabled
  0:00:10.169    17M / 3059M INFO    General                 (graph_simplification.hpp  : 634)   Creating parallel br instance
  0:00:10.169    17M / 3059M INFO   Simplification           (parallel_processing.hpp   : 167)   Running Tip clipper
  0:00:10.169    17M / 3059M INFO   Simplification           (parallel_processing.hpp   : 170)   Tip clipper triggered 0 times
  0:00:10.169    17M / 3059M INFO   Simplification           (parallel_processing.hpp   : 167)   Running Bulge remover
  0:00:10.174    17M / 3059M INFO   Simplification           (parallel_processing.hpp   : 170)   Bulge remover triggered 0 times
  0:00:10.174    17M / 3059M INFO   Simplification           (parallel_processing.hpp   : 167)   Running Tip clipper
  0:00:10.174    17M / 3059M INFO   Simplification           (parallel_processing.hpp   : 170)   Tip clipper triggered 0 times
  0:00:10.175    17M / 3059M INFO   Simplification           (parallel_processing.hpp   : 167)   Running Bulge remover
  0:00:10.179    17M / 3059M INFO   Simplification           (parallel_processing.hpp   : 170)   Bulge remover triggered 0 times
  0:00:10.179    17M / 3059M INFO    General                 (simplification.cpp        : 327)   Disrupting self-conjugate edges
  0:00:10.180    17M / 3059M INFO   Simplification           (parallel_processing.hpp   : 167)   Running Removing isolated edges
  0:00:10.181    17M / 3059M INFO   Simplification           (parallel_processing.hpp   : 170)   Removing isolated edges triggered 550 times
  0:00:10.181    17M / 3059M INFO    General                 (simplification.cpp        : 495)   After simplification:
  0:00:10.181    17M / 3059M INFO    General                 (simplification.cpp        : 496)     Average coverage = 28.4049
  0:00:10.181    17M / 3059M INFO    General                 (simplification.cpp        : 497)     Total length = 3967561
  0:00:10.182    17M / 3059M INFO    General                 (simplification.cpp        : 498)     Median edge length: 24168
  0:00:10.182    17M / 3059M INFO    General                 (simplification.cpp        : 499)     Edges: 4990
  0:00:10.182    17M / 3059M INFO    General                 (simplification.cpp        : 500)     Vertices: 3240
  0:00:10.182    17M / 3059M INFO   StageManager             (stage.cpp                 : 185)   STAGE == Contig Output (id: contig_output)
  0:00:10.182    17M / 3059M INFO    General                 (read_converter.cpp        : 107)   Outputting contigs to /data/djs217/PROJECTS/10_X_fragariae_feb_2024/04_spades/NCPPB_4772.spades/K77/simplified_contigs
  0:00:10.188    19M / 3059M INFO    General                 (binary_converter.cpp      : 111)   2495 reads written
  0:00:10.193    17M / 3059M INFO    General                 (pipeline.cpp              : 287)   SPAdes finished
  0:00:10.214     1M / 3059M INFO    General                 (main.cpp                  : 136)   Assembling time: 0 hours 0 minutes 10 seconds

===== K77 finished. 


===== K99 started. 


== Running: /data/djs217/anaconda3/envs/spades-env/bin/spades-core /data/djs217/PROJECTS/10_X_fragariae_feb_2024/04_spades/NCPPB_4772.spades/K99/configs/config.info /data/djs217/PROJECTS/10_X_fragariae_feb_2024/04_spades/NCPPB_4772.spades/K99/configs/careful_mode.info

  0:00:00.000     1M / 19M   INFO    General                 (main.cpp                  :  99)   Loaded config from /data/djs217/PROJECTS/10_X_fragariae_feb_2024/04_spades/NCPPB_4772.spades/K99/configs/config.info
  0:00:00.003     1M / 19M   INFO    General                 (main.cpp                  :  99)   Loaded config from /data/djs217/PROJECTS/10_X_fragariae_feb_2024/04_spades/NCPPB_4772.spades/K99/configs/careful_mode.info
  0:00:00.003     1M / 19M   INFO    General                 (memory_limit.cpp          :  54)   Memory limit set to 62 Gb
  0:00:00.003     1M / 19M   INFO    General                 (main.cpp                  : 107)   Starting SPAdes, built from N/A, git revision N/A
  0:00:00.003     1M / 19M   INFO    General                 (main.cpp                  : 108)   Maximum k-mer length: 128
  0:00:00.003     1M / 19M   INFO    General                 (main.cpp                  : 109)   Assembling dataset (/data/djs217/PROJECTS/10_X_fragariae_feb_2024/04_spades/NCPPB_4772.spades/dataset.info) with K=99
  0:00:00.003     1M / 19M   INFO    General                 (main.cpp                  : 110)   Maximum # of threads to use (adjusted due to OMP capabilities): 16
  0:00:00.003     1M / 19M   INFO    General                 (pipeline.cpp              : 212)   SPAdes started
  0:00:00.003     1M / 19M   INFO    General                 (pipeline.cpp              : 225)   Starting from stage: read_conversion
  0:00:00.003     1M / 19M   INFO    General                 (pipeline.cpp              : 231)   Two-step repeat resolution disabled
  0:00:00.003     1M / 19M   INFO   GraphCore                (graph_core.hpp            : 672)   Graph created, vertex min_id: 3, edge min_id: 3
  0:00:00.003     1M / 19M   INFO   GraphCore                (graph_core.hpp            : 673)   Vertex size: 48, edge size: 40
  0:00:00.003     1M / 19M   INFO    General                 (edge_index.hpp            : 113)   Size of edge index entries: 12/8
  0:00:00.003     1M / 19M   INFO    General                 (pipeline.cpp              : 242)   Will need read mapping, kmer mapper will be attached
  0:00:00.003     1M / 19M   INFO   StageManager             (stage.cpp                 : 185)   STAGE == Binary Read Conversion (id: read_conversion)
  0:00:00.005     1M / 19M   INFO    General                 (read_converter.cpp        :  53)   Binary reads detected
  0:00:00.010     1M / 19M   INFO   StageManager             (stage.cpp                 : 185)   STAGE == de Bruijn graph construction (id: construction)
  0:00:00.011     1M / 19M   INFO    General                 (construction.cpp          : 118)   Contigs from previous K will be used: /data/djs217/PROJECTS/10_X_fragariae_feb_2024/04_spades/NCPPB_4772.spades/K77/simplified_contigs
  0:00:00.041     1M / 19M   INFO    General                 (construction.cpp          : 153)   Max read length 301
  0:00:00.041     1M / 19M   INFO    General                 (construction.cpp          : 159)   Average read length 180.094
  0:00:00.041     1M / 19M   INFO    General                 (stage.cpp                 : 117)   PROCEDURE == k+1-mer counting (id: construction:kpomer_counting)
  0:00:00.041     1M / 19M   INFO    General                 (kmer_index_builder.hpp    : 243)   Splitting kmer instances into 160 files using 16 threads. This might take a while.
  0:00:00.042     1M / 19M   INFO    General                 (file_limit.hpp            :  42)   Open file limit set to 1024
  0:00:00.042     1M / 19M   INFO    General                 (kmer_splitter.hpp         :  93)   Memory available for splitting buffers: 1.29165 Gb
  0:00:00.042     1M / 19M   INFO    General                 (kmer_splitter.hpp         : 101)   Using cell size of 104857
  0:00:01.464  9601M / 9601M INFO    General                 (kmer_splitters.hpp        : 125)   Processed 2167612 reads
  0:00:01.492     2M / 3326M INFO    General                 (kmer_splitters.hpp        : 131)   Used 2167612 reads
  0:00:01.729     2M / 3326M INFO    General                 (kmer_index_builder.hpp    : 249)   Starting k-mer counting.
  0:00:01.838     1M / 3326M INFO    General                 (kmer_index_builder.hpp    : 260)   K-mer counting done. There are 4262091 kmers in total.
  0:00:01.838     1M / 3326M INFO    General                 (stage.cpp                 : 117)   PROCEDURE == Extension index construction (id: construction:extension_index_construction)
  0:00:01.841     1M / 3326M INFO   K-mer Index Building     (kmer_index_builder.hpp    : 438)   Building kmer index
  0:00:01.841     1M / 3326M INFO    General                 (kmer_index_builder.hpp    : 243)   Splitting kmer instances into 160 files using 16 threads. This might take a while.
  0:00:01.841     1M / 3326M INFO    General                 (file_limit.hpp            :  42)   Open file limit set to 1024
  0:00:01.841     1M / 3326M INFO    General                 (kmer_splitter.hpp         :  93)   Memory available for splitting buffers: 1.29165 Gb
  0:00:01.841     1M / 3326M INFO    General                 (kmer_splitter.hpp         : 101)   Using cell size of 104857
  0:00:02.061  9602M / 9602M INFO    General                 (kmer_splitters.hpp        : 194)   Processed 4262091 kmers
  0:00:02.061  9602M / 9602M INFO    General                 (kmer_splitters.hpp        : 199)   Used 4262091 kmers.
  0:00:02.063     2M / 3326M INFO    General                 (kmer_index_builder.hpp    : 249)   Starting k-mer counting.
  0:00:02.147     2M / 3326M INFO    General                 (kmer_index_builder.hpp    : 260)   K-mer counting done. There are 4261225 kmers in total.
  0:00:02.147     2M / 3326M INFO   K-mer Index Building     (kmer_index_builder.hpp    : 395)   Building perfect hash indices
  0:00:02.381     5M / 3326M INFO   K-mer Index Building     (kmer_index_builder.hpp    : 431)   Index built. Total 4261225 kmers, 3198120 bytes occupied (6.00413 bits per kmer).
  0:00:02.381     5M / 3326M INFO    General                 (kmer_index_builder.hpp    : 169)   Merging final buckets.
  0:00:02.827     9M / 3326M INFO   DeBruijnExtensionIndexBu (kmer_extension_index_build: 100)   Building k-mer extensions from k+1-mers
  0:00:03.008     9M / 3326M INFO   DeBruijnExtensionIndexBu (kmer_extension_index_build: 105)   Building k-mer extensions from k+1-mers finished.
  0:00:03.022     9M / 3326M INFO    General                 (stage.cpp                 : 117)   PROCEDURE == Condensing graph (id: construction:graph_condensing)
  0:00:03.022     9M / 3326M INFO   UnbranchingPathExtractor (debruijn_graph_constructor: 354)   Extracting unbranching paths
  0:00:03.152    11M / 3326M INFO   UnbranchingPathExtractor (debruijn_graph_constructor: 373)   Extracting unbranching paths finished. 21848 sequences extracted
  0:00:03.253    11M / 3326M INFO   UnbranchingPathExtractor (debruijn_graph_constructor: 309)   Collecting perfect loops
  0:00:03.287    11M / 3326M INFO   UnbranchingPathExtractor (debruijn_graph_constructor: 342)   Collecting perfect loops finished. 0 loops collected
  0:00:03.299    11M / 3326M INFO    General                 (debruijn_graph_constructor: 487)   Total 43696 edges to create
  0:00:03.299    13M / 3326M INFO    General                 (debruijn_graph_constructor: 489)   Collecting link records
  0:00:03.329    14M / 3326M INFO    General                 (debruijn_graph_constructor: 491)   Ordering link records
  0:00:03.329    14M / 3326M INFO    General                 (debruijn_graph_constructor: 493)   Sorting done
  0:00:03.330    14M / 3326M INFO    General                 (debruijn_graph_constructor: 503)   Total 20982 vertices to create
  0:00:03.330    16M / 3326M INFO    General                 (debruijn_graph_constructor: 506)   Connecting the graph
  0:00:03.359    15M / 3326M INFO    General                 (stage.cpp                 : 117)   PROCEDURE == Filling coverage indices (PHM) (id: construction:coverage_filling_phm)
  0:00:03.359    15M / 3326M INFO   K-mer Index Building     (kmer_index_builder.hpp    : 395)   Building perfect hash indices
  0:00:03.425    18M / 3326M INFO   K-mer Index Building     (kmer_index_builder.hpp    : 431)   Index built. Total 4262091 kmers, 3198792 bytes occupied (6.00417 bits per kmer).
  0:00:03.432    35M / 3326M INFO    General                 (coverage_hash_map_builder.:  47)   Collecting k-mer coverage information from reads, this takes a while.
  0:00:04.574    35M / 3326M INFO    General                 (construction.cpp          : 430)   Filling coverage and flanking coverage from PHM
  0:00:04.685    35M / 3326M INFO    General                 (coverage_filling.hpp      :  82)   Processed 43696 edges
  0:00:04.736     6M / 3326M INFO   StageManager             (stage.cpp                 : 185)   STAGE == EC Threshold Finding (id: ec_threshold_finder)
  0:00:04.736     6M / 3326M INFO    General                 (kmer_coverage_model.cpp   : 181)   Kmer coverage valley at: 0
  0:00:04.736     6M / 3326M INFO    General                 (kmer_coverage_model.cpp   : 201)   K-mer histogram maximum: 19
  0:00:04.736     6M / 3326M INFO    General                 (kmer_coverage_model.cpp   : 237)   Estimated median coverage: 21. Coverage mad: 8.8956
  0:00:04.736     6M / 3326M INFO    General                 (kmer_coverage_model.cpp   : 259)   Fitting coverage model
  0:00:04.755     6M / 3326M INFO    General                 (kmer_coverage_model.cpp   : 295)   ... iteration 2
  0:00:04.804     6M / 3326M INFO    General                 (kmer_coverage_model.cpp   : 295)   ... iteration 4
  0:00:05.010     6M / 3326M INFO    General                 (kmer_coverage_model.cpp   : 295)   ... iteration 8
  0:00:05.525     6M / 3326M INFO    General                 (kmer_coverage_model.cpp   : 295)   ... iteration 16
  0:00:06.498     6M / 3326M INFO    General                 (kmer_coverage_model.cpp   : 295)   ... iteration 32
  0:00:06.561     6M / 3326M INFO    General                 (kmer_coverage_model.cpp   : 309)   Fitted mean coverage: 21.103. Fitted coverage std. dev: 6.59404
  0:00:06.563     6M / 3326M INFO    General                 (kmer_coverage_model.cpp   : 334)   Probability of erroneous kmer at valley: 0.998044
  0:00:06.563     6M / 3326M INFO    General                 (kmer_coverage_model.cpp   : 358)   Preliminary threshold calculated as: 9
  0:00:06.563     6M / 3326M INFO    General                 (kmer_coverage_model.cpp   : 362)   Threshold adjusted to: 9
  0:00:06.563     6M / 3326M INFO    General                 (kmer_coverage_model.cpp   : 375)   Estimated genome size (ignoring repeats): 3943763
  0:00:06.563     6M / 3326M INFO    General                 (genomic_info_filler.cpp   :  55)   Mean coverage was calculated as 21.103
  0:00:06.564     6M / 3326M INFO    General                 (genomic_info_filler.cpp   :  70)   EC coverage threshold value was calculated as 9
  0:00:06.564     6M / 3326M INFO    General                 (genomic_info_filler.cpp   :  71)   Trusted kmer low bound: 0
  0:00:06.564     6M / 3326M INFO   StageManager             (stage.cpp                 : 185)   STAGE == Gap Closer (id: early_gapcloser)
  0:00:06.569    15M / 3326M INFO    General                 (edge_index.hpp            : 113)   Size of edge index entries: 12/8
  0:00:06.573    16M / 3326M INFO    General                 (gap_closer.cpp            : 101)   Total edges in tip neighborhood: 9826 out of 43696, length: 236794
  0:00:06.573    16M / 3326M INFO    General                 (edge_index.hpp            : 167)   Using small index (max_id = 43917)
  0:00:06.577    16M / 3326M INFO   K-mer Index Building     (kmer_index_builder.hpp    : 395)   Building perfect hash indices
  0:00:06.590    16M / 3326M INFO   K-mer Index Building     (kmer_index_builder.hpp    : 431)   Index built. Total 205814 kmers, 149392 bytes occupied (5.80687 bits per kmer).
  0:00:06.591    18M / 3326M INFO    General                 (edge_index_builders.hpp   : 265)   Collecting edge information from graph, this takes a while.
  0:00:07.496    18M / 3326M INFO    General                 (sequence_mapper_notifier.h:  95)   Total 540106 reads processed
  0:00:07.505    16M / 3326M INFO    General                 (gap_closer.cpp            : 452)   Initializing gap closer
  0:00:07.505    16M / 3326M INFO   GapCloser                (gap_closer.cpp            : 359)   Closing short gaps
  0:00:07.527    16M / 3326M INFO   GapCloser                (gap_closer.cpp            : 391)   Closing short gaps complete: filled 0 gaps after checking 22 candidates
  0:00:07.528    16M / 3326M INFO    General                 (gap_closer.cpp            : 456)   Gap closer done
  0:00:07.529     6M / 3326M INFO   StageManager             (stage.cpp                 : 185)   STAGE == Raw Simplification (id: raw_simplification)
  0:00:07.529     6M / 3326M INFO    General                 (simplification.cpp        : 127)   PROCEDURE == Initial cleaning
  0:00:07.529     6M / 3326M INFO    General                 (graph_simplification.hpp  : 662)   Flanking coverage based disconnection disabled
  0:00:07.529     6M / 3326M INFO   Simplification           (parallel_processing.hpp   : 167)   Running Self conjugate edge remover
  0:00:07.530     6M / 3326M INFO   Simplification           (parallel_processing.hpp   : 170)   Self conjugate edge remover triggered 0 times
  0:00:07.530     6M / 3326M INFO   StageManager             (stage.cpp                 : 185)   STAGE == Simplification (id: simplification)
  0:00:07.530     6M / 3326M INFO    General                 (simplification.cpp        : 368)   Graph simplification started
  0:00:07.530     6M / 3326M INFO    General                 (graph_simplification.hpp  : 634)   Creating parallel br instance
  0:00:07.530     6M / 3326M INFO    General                 (simplification.cpp        : 373)   PROCEDURE == Simplification cycle, iteration 1
  0:00:07.530     6M / 3326M INFO   Simplification           (parallel_processing.hpp   : 167)   Running Tip clipper
  0:00:07.655     6M / 3326M INFO   Simplification           (parallel_processing.hpp   : 170)   Tip clipper triggered 8172 times
  0:00:07.656     6M / 3326M INFO   Simplification           (parallel_processing.hpp   : 167)   Running Bulge remover
  0:00:07.780    13M / 3326M INFO   Simplification           (parallel_processing.hpp   : 170)   Bulge remover triggered 471 times
  0:00:07.782    13M / 3326M INFO   Simplification           (parallel_processing.hpp   : 167)   Running Low coverage edge remover
  0:00:07.782    13M / 3326M INFO   Simplification           (parallel_processing.hpp   : 170)   Low coverage edge remover triggered 0 times
  0:00:07.782    13M / 3326M INFO    General                 (simplification.cpp        : 373)   PROCEDURE == Simplification cycle, iteration 2
  0:00:07.782    13M / 3326M INFO   Simplification           (parallel_processing.hpp   : 167)   Running Tip clipper
  0:00:07.783    13M / 3326M INFO   Simplification           (parallel_processing.hpp   : 170)   Tip clipper triggered 0 times
  0:00:07.783    13M / 3326M INFO   Simplification           (parallel_processing.hpp   : 167)   Running Bulge remover
  0:00:07.783    13M / 3326M INFO   Simplification           (parallel_processing.hpp   : 170)   Bulge remover triggered 0 times
  0:00:07.783    13M / 3326M INFO   Simplification           (parallel_processing.hpp   : 167)   Running Low coverage edge remover
  0:00:07.790    13M / 3326M INFO   Simplification           (parallel_processing.hpp   : 170)   Low coverage edge remover triggered 232 times
  0:00:07.790    13M / 3326M INFO    General                 (simplification.cpp        : 373)   PROCEDURE == Simplification cycle, iteration 3
  0:00:07.790    13M / 3326M INFO   Simplification           (parallel_processing.hpp   : 167)   Running Tip clipper
  0:00:07.791    13M / 3326M INFO   Simplification           (parallel_processing.hpp   : 170)   Tip clipper triggered 20 times
  0:00:07.791    13M / 3326M INFO   Simplification           (parallel_processing.hpp   : 167)   Running Bulge remover
  0:00:07.806    14M / 3326M INFO   Simplification           (parallel_processing.hpp   : 170)   Bulge remover triggered 58 times
  0:00:07.807    14M / 3326M INFO   Simplification           (parallel_processing.hpp   : 167)   Running Low coverage edge remover
  0:00:07.808    14M / 3326M INFO   Simplification           (parallel_processing.hpp   : 170)   Low coverage edge remover triggered 24 times
  0:00:07.808    14M / 3326M INFO    General                 (simplification.cpp        : 373)   PROCEDURE == Simplification cycle, iteration 4
  0:00:07.808    14M / 3326M INFO   Simplification           (parallel_processing.hpp   : 167)   Running Tip clipper
  0:00:07.808    14M / 3326M INFO   Simplification           (parallel_processing.hpp   : 170)   Tip clipper triggered 0 times
  0:00:07.808    14M / 3326M INFO   Simplification           (parallel_processing.hpp   : 167)   Running Bulge remover
  0:00:07.810    15M / 3326M INFO   Simplification           (parallel_processing.hpp   : 170)   Bulge remover triggered 9 times
  0:00:07.810    15M / 3326M INFO   Simplification           (parallel_processing.hpp   : 167)   Running Low coverage edge remover
  0:00:07.810    15M / 3326M INFO   Simplification           (parallel_processing.hpp   : 170)   Low coverage edge remover triggered 8 times
  0:00:07.810    15M / 3326M INFO    General                 (simplification.cpp        : 373)   PROCEDURE == Simplification cycle, iteration 5
  0:00:07.810    15M / 3326M INFO   Simplification           (parallel_processing.hpp   : 167)   Running Tip clipper
  0:00:07.810    15M / 3326M INFO   Simplification           (parallel_processing.hpp   : 170)   Tip clipper triggered 1 times
  0:00:07.810    15M / 3326M INFO   Simplification           (parallel_processing.hpp   : 167)   Running Bulge remover
  0:00:07.811    15M / 3326M INFO   Simplification           (parallel_processing.hpp   : 170)   Bulge remover triggered 3 times
  0:00:07.811    15M / 3326M INFO   Simplification           (parallel_processing.hpp   : 167)   Running Low coverage edge remover
  0:00:07.811    15M / 3326M INFO   Simplification           (parallel_processing.hpp   : 170)   Low coverage edge remover triggered 1 times
  0:00:07.811    15M / 3326M INFO    General                 (simplification.cpp        : 373)   PROCEDURE == Simplification cycle, iteration 6
  0:00:07.811    15M / 3326M INFO   Simplification           (parallel_processing.hpp   : 167)   Running Tip clipper
  0:00:07.811    15M / 3326M INFO   Simplification           (parallel_processing.hpp   : 170)   Tip clipper triggered 0 times
  0:00:07.811    15M / 3326M INFO   Simplification           (parallel_processing.hpp   : 167)   Running Bulge remover
  0:00:07.812    15M / 3326M INFO   Simplification           (parallel_processing.hpp   : 170)   Bulge remover triggered 1 times
  0:00:07.812    15M / 3326M INFO   Simplification           (parallel_processing.hpp   : 167)   Running Low coverage edge remover
  0:00:07.812    15M / 3326M INFO   Simplification           (parallel_processing.hpp   : 170)   Low coverage edge remover triggered 3 times
  0:00:07.812    15M / 3326M INFO    General                 (simplification.cpp        : 373)   PROCEDURE == Simplification cycle, iteration 7
  0:00:07.812    15M / 3326M INFO   Simplification           (parallel_processing.hpp   : 167)   Running Tip clipper
  0:00:07.812    15M / 3326M INFO   Simplification           (parallel_processing.hpp   : 170)   Tip clipper triggered 0 times
  0:00:07.812    15M / 3326M INFO   Simplification           (parallel_processing.hpp   : 167)   Running Bulge remover
  0:00:07.812    15M / 3326M INFO   Simplification           (parallel_processing.hpp   : 170)   Bulge remover triggered 0 times
  0:00:07.812    15M / 3326M INFO   Simplification           (parallel_processing.hpp   : 167)   Running Low coverage edge remover
  0:00:07.812    15M / 3326M INFO   Simplification           (parallel_processing.hpp   : 170)   Low coverage edge remover triggered 4 times
  0:00:07.812    15M / 3326M INFO    General                 (simplification.cpp        : 373)   PROCEDURE == Simplification cycle, iteration 8
  0:00:07.812    15M / 3326M INFO   Simplification           (parallel_processing.hpp   : 167)   Running Tip clipper
  0:00:07.812    15M / 3326M INFO   Simplification           (parallel_processing.hpp   : 170)   Tip clipper triggered 0 times
  0:00:07.812    15M / 3326M INFO   Simplification           (parallel_processing.hpp   : 167)   Running Bulge remover
  0:00:07.813    15M / 3326M INFO   Simplification           (parallel_processing.hpp   : 170)   Bulge remover triggered 2 times
  0:00:07.813    15M / 3326M INFO   Simplification           (parallel_processing.hpp   : 167)   Running Low coverage edge remover
  0:00:07.813    15M / 3326M INFO   Simplification           (parallel_processing.hpp   : 170)   Low coverage edge remover triggered 2 times
  0:00:07.813    15M / 3326M INFO    General                 (simplification.cpp        : 373)   PROCEDURE == Simplification cycle, iteration 9
  0:00:07.813    15M / 3326M INFO   Simplification           (parallel_processing.hpp   : 167)   Running Tip clipper
  0:00:07.813    15M / 3326M INFO   Simplification           (parallel_processing.hpp   : 170)   Tip clipper triggered 0 times
  0:00:07.813    15M / 3326M INFO   Simplification           (parallel_processing.hpp   : 167)   Running Bulge remover
  0:00:07.813    15M / 3326M INFO   Simplification           (parallel_processing.hpp   : 170)   Bulge remover triggered 0 times
  0:00:07.813    15M / 3326M INFO   Simplification           (parallel_processing.hpp   : 167)   Running Low coverage edge remover
  0:00:07.813    15M / 3326M INFO   Simplification           (parallel_processing.hpp   : 170)   Low coverage edge remover triggered 1 times
  0:00:07.813    15M / 3326M INFO    General                 (simplification.cpp        : 373)   PROCEDURE == Simplification cycle, iteration 10
  0:00:07.813    15M / 3326M INFO   Simplification           (parallel_processing.hpp   : 167)   Running Tip clipper
  0:00:07.813    15M / 3326M INFO   Simplification           (parallel_processing.hpp   : 170)   Tip clipper triggered 0 times
  0:00:07.813    15M / 3326M INFO   Simplification           (parallel_processing.hpp   : 167)   Running Bulge remover
  0:00:07.813    15M / 3326M INFO   Simplification           (parallel_processing.hpp   : 170)   Bulge remover triggered 0 times
  0:00:07.813    15M / 3326M INFO   Simplification           (parallel_processing.hpp   : 167)   Running Low coverage edge remover
  0:00:07.813    15M / 3326M INFO   Simplification           (parallel_processing.hpp   : 170)   Low coverage edge remover triggered 2 times
  0:00:07.813    15M / 3326M INFO    General                 (simplification.cpp        : 373)   PROCEDURE == Simplification cycle, iteration 11
  0:00:07.813    15M / 3326M INFO   Simplification           (parallel_processing.hpp   : 167)   Running Tip clipper
  0:00:07.813    15M / 3326M INFO   Simplification           (parallel_processing.hpp   : 170)   Tip clipper triggered 0 times
  0:00:07.813    15M / 3326M INFO   Simplification           (parallel_processing.hpp   : 167)   Running Bulge remover
  0:00:07.816    15M / 3326M INFO   Simplification           (parallel_processing.hpp   : 170)   Bulge remover triggered 2 times
  0:00:07.816    15M / 3326M INFO   Simplification           (parallel_processing.hpp   : 167)   Running Low coverage edge remover
  0:00:07.816    15M / 3326M INFO   Simplification           (parallel_processing.hpp   : 170)   Low coverage edge remover triggered 0 times
  0:00:07.816    15M / 3326M INFO    General                 (simplification.cpp        : 373)   PROCEDURE == Simplification cycle, iteration 12
  0:00:07.816    15M / 3326M INFO   Simplification           (parallel_processing.hpp   : 167)   Running Tip clipper
  0:00:07.816    15M / 3326M INFO   Simplification           (parallel_processing.hpp   : 170)   Tip clipper triggered 0 times
  0:00:07.816    15M / 3326M INFO   Simplification           (parallel_processing.hpp   : 167)   Running Bulge remover
  0:00:07.816    15M / 3326M INFO   Simplification           (parallel_processing.hpp   : 170)   Bulge remover triggered 0 times
  0:00:07.816    15M / 3326M INFO   Simplification           (parallel_processing.hpp   : 167)   Running Low coverage edge remover
  0:00:07.816    15M / 3326M INFO   Simplification           (parallel_processing.hpp   : 170)   Low coverage edge remover triggered 0 times
  0:00:07.817    15M / 3326M INFO   StageManager             (stage.cpp                 : 185)   STAGE == Gap Closer (id: late_gapcloser)
  0:00:07.821    24M / 3326M INFO    General                 (edge_index.hpp            : 113)   Size of edge index entries: 12/8
  0:00:07.821    24M / 3326M INFO    General                 (gap_closer.cpp            : 101)   Total edges in tip neighborhood: 1579 out of 6322, length: 119329
  0:00:07.821    24M / 3326M INFO    General                 (edge_index.hpp            : 167)   Using small index (max_id = 43917)
  0:00:07.822    24M / 3326M INFO   K-mer Index Building     (kmer_index_builder.hpp    : 395)   Building perfect hash indices
  0:00:07.832    24M / 3326M INFO   K-mer Index Building     (kmer_index_builder.hpp    : 431)   Index built. Total 88310 kmers, 64528 bytes occupied (5.84559 bits per kmer).
  0:00:07.832    25M / 3326M INFO    General                 (edge_index_builders.hpp   : 265)   Collecting edge information from graph, this takes a while.
  0:00:09.318    25M / 3326M INFO    General                 (sequence_mapper_notifier.h:  95)   Total 540106 reads processed
  0:00:09.326    24M / 3326M INFO    General                 (gap_closer.cpp            : 452)   Initializing gap closer
  0:00:09.327    24M / 3326M INFO   GapCloser                (gap_closer.cpp            : 359)   Closing short gaps
  0:00:09.332    24M / 3326M INFO   GapCloser                (gap_closer.cpp            : 391)   Closing short gaps complete: filled 0 gaps after checking 0 candidates
  0:00:09.333    24M / 3326M INFO    General                 (gap_closer.cpp            : 456)   Gap closer done
  0:00:09.334    15M / 3326M INFO   StageManager             (stage.cpp                 : 185)   STAGE == Simplification Cleanup (id: simplification_cleanup)
  0:00:09.334    15M / 3326M INFO    General                 (simplification.cpp        : 176)   PROCEDURE == Post simplification
  0:00:09.334    15M / 3326M INFO    General                 (graph_simplification.hpp  : 448)   Disconnection of relatively low covered edges disabled
  0:00:09.334    15M / 3326M INFO    General                 (graph_simplification.hpp  : 485)   Complex tip clipping disabled
  0:00:09.335    15M / 3326M INFO    General                 (graph_simplification.hpp  : 634)   Creating parallel br instance
  0:00:09.335    15M / 3326M INFO   Simplification           (parallel_processing.hpp   : 167)   Running Tip clipper
  0:00:09.335    15M / 3326M INFO   Simplification           (parallel_processing.hpp   : 170)   Tip clipper triggered 0 times
  0:00:09.335    15M / 3326M INFO   Simplification           (parallel_processing.hpp   : 167)   Running Bulge remover
  0:00:09.340    15M / 3326M INFO   Simplification           (parallel_processing.hpp   : 170)   Bulge remover triggered 0 times
  0:00:09.340    15M / 3326M INFO   Simplification           (parallel_processing.hpp   : 167)   Running Tip clipper
  0:00:09.340    15M / 3326M INFO   Simplification           (parallel_processing.hpp   : 170)   Tip clipper triggered 0 times
  0:00:09.340    15M / 3326M INFO   Simplification           (parallel_processing.hpp   : 167)   Running Bulge remover
  0:00:09.345    15M / 3326M INFO   Simplification           (parallel_processing.hpp   : 170)   Bulge remover triggered 0 times
  0:00:09.345    15M / 3326M INFO    General                 (simplification.cpp        : 327)   Disrupting self-conjugate edges
  0:00:09.346    15M / 3326M INFO   Simplification           (parallel_processing.hpp   : 167)   Running Removing isolated edges
  0:00:09.348    15M / 3326M INFO   Simplification           (parallel_processing.hpp   : 170)   Removing isolated edges triggered 787 times
  0:00:09.348    15M / 3326M INFO    General                 (simplification.cpp        : 495)   After simplification:
  0:00:09.348    15M / 3326M INFO    General                 (simplification.cpp        : 496)     Average coverage = 22.8346
  0:00:09.348    15M / 3326M INFO    General                 (simplification.cpp        : 497)     Total length = 3990795
  0:00:09.348    15M / 3326M INFO    General                 (simplification.cpp        : 498)     Median edge length: 25883
  0:00:09.348    15M / 3326M INFO    General                 (simplification.cpp        : 499)     Edges: 4748
  0:00:09.348    15M / 3326M INFO    General                 (simplification.cpp        : 500)     Vertices: 3088
  0:00:09.348    15M / 3326M INFO   StageManager             (stage.cpp                 : 185)   STAGE == Contig Output (id: contig_output)
  0:00:09.349    15M / 3326M INFO    General                 (read_converter.cpp        : 107)   Outputting contigs to /data/djs217/PROJECTS/10_X_fragariae_feb_2024/04_spades/NCPPB_4772.spades/K99/simplified_contigs
  0:00:09.355    17M / 3326M INFO    General                 (binary_converter.cpp      : 111)   2374 reads written
  0:00:09.361    15M / 3326M INFO    General                 (pipeline.cpp              : 287)   SPAdes finished
  0:00:09.375     1M / 3326M INFO    General                 (main.cpp                  : 136)   Assembling time: 0 hours 0 minutes 9 seconds

===== K99 finished. 


===== K127 started. 


== Running: /data/djs217/anaconda3/envs/spades-env/bin/spades-core /data/djs217/PROJECTS/10_X_fragariae_feb_2024/04_spades/NCPPB_4772.spades/K127/configs/config.info /data/djs217/PROJECTS/10_X_fragariae_feb_2024/04_spades/NCPPB_4772.spades/K127/configs/careful_mode.info

  0:00:00.000     1M / 19M   INFO    General                 (main.cpp                  :  99)   Loaded config from /data/djs217/PROJECTS/10_X_fragariae_feb_2024/04_spades/NCPPB_4772.spades/K127/configs/config.info
  0:00:00.001     1M / 19M   INFO    General                 (main.cpp                  :  99)   Loaded config from /data/djs217/PROJECTS/10_X_fragariae_feb_2024/04_spades/NCPPB_4772.spades/K127/configs/careful_mode.info
  0:00:00.001     1M / 19M   INFO    General                 (memory_limit.cpp          :  54)   Memory limit set to 62 Gb
  0:00:00.002     1M / 19M   INFO    General                 (main.cpp                  : 107)   Starting SPAdes, built from N/A, git revision N/A
  0:00:00.002     1M / 19M   INFO    General                 (main.cpp                  : 108)   Maximum k-mer length: 128
  0:00:00.002     1M / 19M   INFO    General                 (main.cpp                  : 109)   Assembling dataset (/data/djs217/PROJECTS/10_X_fragariae_feb_2024/04_spades/NCPPB_4772.spades/dataset.info) with K=127
  0:00:00.002     1M / 19M   INFO    General                 (main.cpp                  : 110)   Maximum # of threads to use (adjusted due to OMP capabilities): 16
  0:00:00.002     1M / 19M   INFO    General                 (pipeline.cpp              : 212)   SPAdes started
  0:00:00.002     1M / 19M   INFO    General                 (pipeline.cpp              : 225)   Starting from stage: read_conversion
  0:00:00.002     1M / 19M   INFO    General                 (pipeline.cpp              : 231)   Two-step repeat resolution disabled
  0:00:00.002     1M / 19M   INFO   GraphCore                (graph_core.hpp            : 672)   Graph created, vertex min_id: 3, edge min_id: 3
  0:00:00.002     1M / 19M   INFO   GraphCore                (graph_core.hpp            : 673)   Vertex size: 48, edge size: 40
  0:00:00.002     1M / 19M   INFO    General                 (edge_index.hpp            : 113)   Size of edge index entries: 12/8
  0:00:00.002     1M / 19M   INFO    General                 (pipeline.cpp              : 242)   Will need read mapping, kmer mapper will be attached
  0:00:00.002     1M / 19M   INFO   StageManager             (stage.cpp                 : 185)   STAGE == Binary Read Conversion (id: read_conversion)
  0:00:00.003     1M / 19M   INFO    General                 (read_converter.cpp        :  53)   Binary reads detected
  0:00:00.008     1M / 19M   INFO   StageManager             (stage.cpp                 : 185)   STAGE == de Bruijn graph construction (id: construction)
  0:00:00.008     1M / 19M   INFO    General                 (construction.cpp          : 118)   Contigs from previous K will be used: /data/djs217/PROJECTS/10_X_fragariae_feb_2024/04_spades/NCPPB_4772.spades/K99/simplified_contigs
  0:00:00.044     1M / 19M   INFO    General                 (construction.cpp          : 153)   Max read length 301
  0:00:00.044     1M / 19M   INFO    General                 (construction.cpp          : 159)   Average read length 180.094
  0:00:00.044     1M / 19M   INFO    General                 (stage.cpp                 : 117)   PROCEDURE == k+1-mer counting (id: construction:kpomer_counting)
  0:00:00.044     1M / 19M   INFO    General                 (kmer_index_builder.hpp    : 243)   Splitting kmer instances into 160 files using 16 threads. This might take a while.
  0:00:00.045     1M / 19M   INFO    General                 (file_limit.hpp            :  42)   Open file limit set to 1024
  0:00:00.045     1M / 19M   INFO    General                 (kmer_splitter.hpp         :  93)   Memory available for splitting buffers: 1.29165 Gb
  0:00:00.045     1M / 19M   INFO    General                 (kmer_splitter.hpp         : 101)   Using cell size of 104857
  0:00:01.174  9601M / 9601M INFO    General                 (kmer_splitters.hpp        : 125)   Processed 2167370 reads
  0:00:01.183     2M / 2433M INFO    General                 (kmer_splitters.hpp        : 131)   Used 2167370 reads
  0:00:01.380     2M / 2433M INFO    General                 (kmer_index_builder.hpp    : 249)   Starting k-mer counting.
  0:00:01.487     2M / 2433M INFO    General                 (kmer_index_builder.hpp    : 260)   K-mer counting done. There are 4270933 kmers in total.
  0:00:01.488     1M / 2433M INFO    General                 (stage.cpp                 : 117)   PROCEDURE == Extension index construction (id: construction:extension_index_construction)
  0:00:01.490     1M / 2433M INFO   K-mer Index Building     (kmer_index_builder.hpp    : 438)   Building kmer index
  0:00:01.491     1M / 2433M INFO    General                 (kmer_index_builder.hpp    : 243)   Splitting kmer instances into 160 files using 16 threads. This might take a while.
  0:00:01.491     1M / 2433M INFO    General                 (file_limit.hpp            :  42)   Open file limit set to 1024
  0:00:01.491     1M / 2433M INFO    General                 (kmer_splitter.hpp         :  93)   Memory available for splitting buffers: 1.29165 Gb
  0:00:01.491     1M / 2433M INFO    General                 (kmer_splitter.hpp         : 101)   Using cell size of 104857
  0:00:01.748  9602M / 9602M INFO    General                 (kmer_splitters.hpp        : 194)   Processed 4270933 kmers
  0:00:01.748  9602M / 9602M INFO    General                 (kmer_splitters.hpp        : 199)   Used 4270933 kmers.
  0:00:01.752     2M / 2433M INFO    General                 (kmer_index_builder.hpp    : 249)   Starting k-mer counting.
  0:00:01.839     2M / 2433M INFO    General                 (kmer_index_builder.hpp    : 260)   K-mer counting done. There are 4270991 kmers in total.
  0:00:01.839     2M / 2433M INFO   K-mer Index Building     (kmer_index_builder.hpp    : 395)   Building perfect hash indices
  0:00:01.923     5M / 2433M INFO   K-mer Index Building     (kmer_index_builder.hpp    : 431)   Index built. Total 4270991 kmers, 3205392 bytes occupied (6.00402 bits per kmer).
  0:00:01.923     5M / 2433M INFO    General                 (kmer_index_builder.hpp    : 169)   Merging final buckets.
  0:00:02.260     9M / 2433M INFO   DeBruijnExtensionIndexBu (kmer_extension_index_build: 100)   Building k-mer extensions from k+1-mers
  0:00:02.419     9M / 2433M INFO   DeBruijnExtensionIndexBu (kmer_extension_index_build: 105)   Building k-mer extensions from k+1-mers finished.
  0:00:02.430     9M / 2433M INFO    General                 (stage.cpp                 : 117)   PROCEDURE == Condensing graph (id: construction:graph_condensing)
  0:00:02.431     9M / 2433M INFO   UnbranchingPathExtractor (debruijn_graph_constructor: 354)   Extracting unbranching paths
  0:00:02.554    11M / 2433M INFO   UnbranchingPathExtractor (debruijn_graph_constructor: 373)   Extracting unbranching paths finished. 18895 sequences extracted
  0:00:02.675    11M / 2433M INFO   UnbranchingPathExtractor (debruijn_graph_constructor: 309)   Collecting perfect loops
  0:00:02.712    11M / 2433M INFO   UnbranchingPathExtractor (debruijn_graph_constructor: 342)   Collecting perfect loops finished. 0 loops collected
  0:00:02.727    11M / 2433M INFO    General                 (debruijn_graph_constructor: 487)   Total 37790 edges to create
  0:00:02.727    13M / 2433M INFO    General                 (debruijn_graph_constructor: 489)   Collecting link records
  0:00:02.763    13M / 2433M INFO    General                 (debruijn_graph_constructor: 491)   Ordering link records
  0:00:02.764    13M / 2433M INFO    General                 (debruijn_graph_constructor: 493)   Sorting done
  0:00:02.764    14M / 2433M INFO    General                 (debruijn_graph_constructor: 503)   Total 18953 vertices to create
  0:00:02.764    15M / 2433M INFO    General                 (debruijn_graph_constructor: 506)   Connecting the graph
  0:00:02.795    14M / 2433M INFO    General                 (stage.cpp                 : 117)   PROCEDURE == Filling coverage indices (PHM) (id: construction:coverage_filling_phm)
  0:00:02.795    14M / 2433M INFO   K-mer Index Building     (kmer_index_builder.hpp    : 395)   Building perfect hash indices
  0:00:03.059    18M / 2433M INFO   K-mer Index Building     (kmer_index_builder.hpp    : 431)   Index built. Total 4270933 kmers, 3205392 bytes occupied (6.00411 bits per kmer).
  0:00:03.073    35M / 2433M INFO    General                 (coverage_hash_map_builder.:  47)   Collecting k-mer coverage information from reads, this takes a while.
  0:00:04.288    35M / 2433M INFO    General                 (construction.cpp          : 430)   Filling coverage and flanking coverage from PHM
  0:00:04.409    35M / 2433M INFO    General                 (coverage_filling.hpp      :  82)   Processed 37790 edges
  0:00:04.466     6M / 2433M INFO   StageManager             (stage.cpp                 : 185)   STAGE == EC Threshold Finding (id: ec_threshold_finder)
  0:00:04.467     6M / 2433M INFO    General                 (kmer_coverage_model.cpp   : 181)   Kmer coverage valley at: 0
  0:00:04.467     6M / 2433M INFO    General                 (kmer_coverage_model.cpp   : 201)   K-mer histogram maximum: 13
  0:00:04.467     6M / 2433M INFO    General                 (kmer_coverage_model.cpp   : 237)   Estimated median coverage: 15. Coverage mad: 7.413
  0:00:04.467     6M / 2433M INFO    General                 (kmer_coverage_model.cpp   : 259)   Fitting coverage model
  0:00:04.479     6M / 2433M INFO    General                 (kmer_coverage_model.cpp   : 295)   ... iteration 2
  0:00:04.516     6M / 2433M INFO    General                 (kmer_coverage_model.cpp   : 295)   ... iteration 4
  0:00:04.662     6M / 2433M INFO    General                 (kmer_coverage_model.cpp   : 295)   ... iteration 8
  0:00:05.021     6M / 2433M INFO    General                 (kmer_coverage_model.cpp   : 295)   ... iteration 16
  0:00:05.720     6M / 2433M INFO    General                 (kmer_coverage_model.cpp   : 295)   ... iteration 32
  0:00:05.857     6M / 2433M INFO    General                 (kmer_coverage_model.cpp   : 309)   Fitted mean coverage: 15.2873. Fitted coverage std. dev: 5.44496
  0:00:05.859     6M / 2433M INFO    General                 (kmer_coverage_model.cpp   : 334)   Probability of erroneous kmer at valley: 0.987636
  0:00:05.859     6M / 2433M INFO    General                 (kmer_coverage_model.cpp   : 358)   Preliminary threshold calculated as: 6
  0:00:05.859     6M / 2433M INFO    General                 (kmer_coverage_model.cpp   : 362)   Threshold adjusted to: 6
  0:00:05.859     6M / 2433M INFO    General                 (kmer_coverage_model.cpp   : 375)   Estimated genome size (ignoring repeats): 3953288
  0:00:05.860     6M / 2433M INFO    General                 (genomic_info_filler.cpp   :  55)   Mean coverage was calculated as 15.2873
  0:00:05.860     6M / 2433M INFO    General                 (genomic_info_filler.cpp   :  70)   EC coverage threshold value was calculated as 6
  0:00:05.860     6M / 2433M INFO    General                 (genomic_info_filler.cpp   :  71)   Trusted kmer low bound: 0
  0:00:05.860     6M / 2433M INFO   StageManager             (stage.cpp                 : 185)   STAGE == Gap Closer (id: early_gapcloser)
  0:00:05.867    15M / 2433M INFO    General                 (edge_index.hpp            : 113)   Size of edge index entries: 12/8
  0:00:05.874    15M / 2433M INFO    General                 (gap_closer.cpp            : 101)   Total edges in tip neighborhood: 9693 out of 37790, length: 259365
  0:00:05.874    15M / 2433M INFO    General                 (edge_index.hpp            : 167)   Using small index (max_id = 37981)
  0:00:05.878    15M / 2433M INFO   K-mer Index Building     (kmer_index_builder.hpp    : 395)   Building perfect hash indices
  0:00:05.894    15M / 2433M INFO   K-mer Index Building     (kmer_index_builder.hpp    : 431)   Index built. Total 215595 kmers, 156472 bytes occupied (5.80615 bits per kmer).
  0:00:05.895    17M / 2433M INFO    General                 (edge_index_builders.hpp   : 265)   Collecting edge information from graph, this takes a while.
  0:00:06.638    17M / 2433M INFO    General                 (sequence_mapper_notifier.h:  95)   Total 540106 reads processed
  0:00:06.647    15M / 2433M INFO    General                 (gap_closer.cpp            : 452)   Initializing gap closer
  0:00:06.647    15M / 2433M INFO   GapCloser                (gap_closer.cpp            : 359)   Closing short gaps
  0:00:06.666    15M / 2433M INFO   GapCloser                (gap_closer.cpp            : 391)   Closing short gaps complete: filled 0 gaps after checking 10 candidates
  0:00:06.667    15M / 2433M INFO    General                 (gap_closer.cpp            : 456)   Gap closer done
  0:00:06.668     6M / 2433M INFO   StageManager             (stage.cpp                 : 185)   STAGE == Raw Simplification (id: raw_simplification)
  0:00:06.668     6M / 2433M INFO    General                 (simplification.cpp        : 127)   PROCEDURE == Initial cleaning
  0:00:06.669     6M / 2433M INFO    General                 (simplification.cpp        :  61)   Most init cleaning disabled on main iteration
  0:00:06.669     6M / 2433M INFO   Simplification           (parallel_processing.hpp   : 167)   Running Self conjugate edge remover
  0:00:06.669     6M / 2433M INFO   Simplification           (parallel_processing.hpp   : 170)   Self conjugate edge remover triggered 0 times
  0:00:06.669     6M / 2433M INFO   StageManager             (stage.cpp                 : 185)   STAGE == Simplification (id: simplification)
  0:00:06.669     6M / 2433M INFO    General                 (simplification.cpp        : 368)   Graph simplification started
  0:00:06.669     6M / 2433M INFO    General                 (graph_simplification.hpp  : 634)   Creating parallel br instance
  0:00:06.669     6M / 2433M INFO    General                 (simplification.cpp        : 373)   PROCEDURE == Simplification cycle, iteration 1
  0:00:06.669     6M / 2433M INFO   Simplification           (parallel_processing.hpp   : 167)   Running Tip clipper
  0:00:06.809     5M / 2433M INFO   Simplification           (parallel_processing.hpp   : 170)   Tip clipper triggered 7202 times
  0:00:06.810     5M / 2433M INFO   Simplification           (parallel_processing.hpp   : 167)   Running Bulge remover
  0:00:06.897    10M / 2433M INFO   Simplification           (parallel_processing.hpp   : 170)   Bulge remover triggered 227 times
  0:00:06.897    10M / 2433M INFO   Simplification           (parallel_processing.hpp   : 167)   Running Low coverage edge remover
  0:00:06.898    10M / 2433M INFO   Simplification           (parallel_processing.hpp   : 170)   Low coverage edge remover triggered 0 times
  0:00:06.898    10M / 2433M INFO    General                 (simplification.cpp        : 373)   PROCEDURE == Simplification cycle, iteration 2
  0:00:06.898    10M / 2433M INFO   Simplification           (parallel_processing.hpp   : 167)   Running Tip clipper
  0:00:06.898    10M / 2433M INFO   Simplification           (parallel_processing.hpp   : 170)   Tip clipper triggered 0 times
  0:00:06.898    10M / 2433M INFO   Simplification           (parallel_processing.hpp   : 167)   Running Bulge remover
  0:00:06.899    10M / 2433M INFO   Simplification           (parallel_processing.hpp   : 170)   Bulge remover triggered 0 times
  0:00:06.899    10M / 2433M INFO   Simplification           (parallel_processing.hpp   : 167)   Running Low coverage edge remover
  0:00:06.902    10M / 2433M INFO   Simplification           (parallel_processing.hpp   : 170)   Low coverage edge remover triggered 108 times
  0:00:06.902    10M / 2433M INFO    General                 (simplification.cpp        : 373)   PROCEDURE == Simplification cycle, iteration 3
  0:00:06.902    10M / 2433M INFO   Simplification           (parallel_processing.hpp   : 167)   Running Tip clipper
  0:00:06.902    10M / 2433M INFO   Simplification           (parallel_processing.hpp   : 170)   Tip clipper triggered 19 times
  0:00:06.902    10M / 2433M INFO   Simplification           (parallel_processing.hpp   : 167)   Running Bulge remover
  0:00:06.915    11M / 2433M INFO   Simplification           (parallel_processing.hpp   : 170)   Bulge remover triggered 33 times
  0:00:06.915    11M / 2433M INFO   Simplification           (parallel_processing.hpp   : 167)   Running Low coverage edge remover
  0:00:06.916    11M / 2433M INFO   Simplification           (parallel_processing.hpp   : 170)   Low coverage edge remover triggered 8 times
  0:00:06.917    11M / 2433M INFO    General                 (simplification.cpp        : 373)   PROCEDURE == Simplification cycle, iteration 4
  0:00:06.917    11M / 2433M INFO   Simplification           (parallel_processing.hpp   : 167)   Running Tip clipper
  0:00:06.917    11M / 2433M INFO   Simplification           (parallel_processing.hpp   : 170)   Tip clipper triggered 0 times
  0:00:06.917    11M / 2433M INFO   Simplification           (parallel_processing.hpp   : 167)   Running Bulge remover
  0:00:06.918    11M / 2433M INFO   Simplification           (parallel_processing.hpp   : 170)   Bulge remover triggered 2 times
  0:00:06.918    11M / 2433M INFO   Simplification           (parallel_processing.hpp   : 167)   Running Low coverage edge remover
  0:00:06.918    11M / 2433M INFO   Simplification           (parallel_processing.hpp   : 170)   Low coverage edge remover triggered 6 times
  0:00:06.918    11M / 2433M INFO    General                 (simplification.cpp        : 373)   PROCEDURE == Simplification cycle, iteration 5
  0:00:06.918    11M / 2433M INFO   Simplification           (parallel_processing.hpp   : 167)   Running Tip clipper
  0:00:06.918    11M / 2433M INFO   Simplification           (parallel_processing.hpp   : 170)   Tip clipper triggered 0 times
  0:00:06.918    11M / 2433M INFO   Simplification           (parallel_processing.hpp   : 167)   Running Bulge remover
  0:00:06.920    11M / 2433M INFO   Simplification           (parallel_processing.hpp   : 170)   Bulge remover triggered 5 times
  0:00:06.920    11M / 2433M INFO   Simplification           (parallel_processing.hpp   : 167)   Running Low coverage edge remover
  0:00:06.920    11M / 2433M INFO   Simplification           (parallel_processing.hpp   : 170)   Low coverage edge remover triggered 4 times
  0:00:06.920    11M / 2433M INFO    General                 (simplification.cpp        : 373)   PROCEDURE == Simplification cycle, iteration 6
  0:00:06.920    11M / 2433M INFO   Simplification           (parallel_processing.hpp   : 167)   Running Tip clipper
  0:00:06.920    11M / 2433M INFO   Simplification           (parallel_processing.hpp   : 170)   Tip clipper triggered 1 times
  0:00:06.920    11M / 2433M INFO   Simplification           (parallel_processing.hpp   : 167)   Running Bulge remover
  0:00:06.921    11M / 2433M INFO   Simplification           (parallel_processing.hpp   : 170)   Bulge remover triggered 0 times
  0:00:06.921    11M / 2433M INFO   Simplification           (parallel_processing.hpp   : 167)   Running Low coverage edge remover
  0:00:06.921    11M / 2433M INFO   Simplification           (parallel_processing.hpp   : 170)   Low coverage edge remover triggered 4 times
  0:00:06.921    11M / 2433M INFO    General                 (simplification.cpp        : 373)   PROCEDURE == Simplification cycle, iteration 7
  0:00:06.921    11M / 2433M INFO   Simplification           (parallel_processing.hpp   : 167)   Running Tip clipper
  0:00:06.921    11M / 2433M INFO   Simplification           (parallel_processing.hpp   : 170)   Tip clipper triggered 0 times
  0:00:06.921    11M / 2433M INFO   Simplification           (parallel_processing.hpp   : 167)   Running Bulge remover
  0:00:06.921    11M / 2433M INFO   Simplification           (parallel_processing.hpp   : 170)   Bulge remover triggered 0 times
  0:00:06.921    11M / 2433M INFO   Simplification           (parallel_processing.hpp   : 167)   Running Low coverage edge remover
  0:00:06.921    11M / 2433M INFO   Simplification           (parallel_processing.hpp   : 170)   Low coverage edge remover triggered 3 times
  0:00:06.921    11M / 2433M INFO    General                 (simplification.cpp        : 373)   PROCEDURE == Simplification cycle, iteration 8
  0:00:06.921    11M / 2433M INFO   Simplification           (parallel_processing.hpp   : 167)   Running Tip clipper
  0:00:06.921    11M / 2433M INFO   Simplification           (parallel_processing.hpp   : 170)   Tip clipper triggered 0 times
  0:00:06.921    11M / 2433M INFO   Simplification           (parallel_processing.hpp   : 167)   Running Bulge remover
  0:00:06.922    11M / 2433M INFO   Simplification           (parallel_processing.hpp   : 170)   Bulge remover triggered 3 times
  0:00:06.922    11M / 2433M INFO   Simplification           (parallel_processing.hpp   : 167)   Running Low coverage edge remover
  0:00:06.922    11M / 2433M INFO   Simplification           (parallel_processing.hpp   : 170)   Low coverage edge remover triggered 0 times
  0:00:06.922    11M / 2433M INFO    General                 (simplification.cpp        : 373)   PROCEDURE == Simplification cycle, iteration 9
  0:00:06.922    11M / 2433M INFO   Simplification           (parallel_processing.hpp   : 167)   Running Tip clipper
  0:00:06.923    11M / 2433M INFO   Simplification           (parallel_processing.hpp   : 170)   Tip clipper triggered 0 times
  0:00:06.923    11M / 2433M INFO   Simplification           (parallel_processing.hpp   : 167)   Running Bulge remover
  0:00:06.923    11M / 2433M INFO   Simplification           (parallel_processing.hpp   : 170)   Bulge remover triggered 0 times
  0:00:06.923    11M / 2433M INFO   Simplification           (parallel_processing.hpp   : 167)   Running Low coverage edge remover
  0:00:06.923    11M / 2433M INFO   Simplification           (parallel_processing.hpp   : 170)   Low coverage edge remover triggered 1 times
  0:00:06.923    11M / 2433M INFO    General                 (simplification.cpp        : 373)   PROCEDURE == Simplification cycle, iteration 10
  0:00:06.923    11M / 2433M INFO   Simplification           (parallel_processing.hpp   : 167)   Running Tip clipper
  0:00:06.923    11M / 2433M INFO   Simplification           (parallel_processing.hpp   : 170)   Tip clipper triggered 0 times
  0:00:06.923    11M / 2433M INFO   Simplification           (parallel_processing.hpp   : 167)   Running Bulge remover
  0:00:06.924    11M / 2433M INFO   Simplification           (parallel_processing.hpp   : 170)   Bulge remover triggered 1 times
  0:00:06.924    11M / 2433M INFO   Simplification           (parallel_processing.hpp   : 167)   Running Low coverage edge remover
  0:00:06.924    11M / 2433M INFO   Simplification           (parallel_processing.hpp   : 170)   Low coverage edge remover triggered 2 times
  0:00:06.924    11M / 2433M INFO    General                 (simplification.cpp        : 373)   PROCEDURE == Simplification cycle, iteration 11
  0:00:06.924    11M / 2433M INFO   Simplification           (parallel_processing.hpp   : 167)   Running Tip clipper
  0:00:06.924    11M / 2433M INFO   Simplification           (parallel_processing.hpp   : 170)   Tip clipper triggered 0 times
  0:00:06.924    11M / 2433M INFO   Simplification           (parallel_processing.hpp   : 167)   Running Bulge remover
  0:00:06.927    11M / 2433M INFO   Simplification           (parallel_processing.hpp   : 170)   Bulge remover triggered 0 times
  0:00:06.927    11M / 2433M INFO   Simplification           (parallel_processing.hpp   : 167)   Running Low coverage edge remover
  0:00:06.927    11M / 2433M INFO   Simplification           (parallel_processing.hpp   : 170)   Low coverage edge remover triggered 0 times
  0:00:06.928    11M / 2433M INFO   StageManager             (stage.cpp                 : 185)   STAGE == Gap Closer (id: late_gapcloser)
  0:00:06.934    20M / 2433M INFO    General                 (edge_index.hpp            : 113)   Size of edge index entries: 12/8
  0:00:06.935    20M / 2433M INFO    General                 (gap_closer.cpp            : 101)   Total edges in tip neighborhood: 2415 out of 6682, length: 144956
  0:00:06.935    20M / 2433M INFO    General                 (edge_index.hpp            : 167)   Using small index (max_id = 37981)
  0:00:06.937    20M / 2433M INFO   K-mer Index Building     (kmer_index_builder.hpp    : 395)   Building perfect hash indices
  0:00:06.950    20M / 2433M INFO   K-mer Index Building     (kmer_index_builder.hpp    : 431)   Index built. Total 101597 kmers, 74120 bytes occupied (5.83639 bits per kmer).
  0:00:06.950    21M / 2433M INFO    General                 (edge_index_builders.hpp   : 265)   Collecting edge information from graph, this takes a while.
  0:00:08.295    21M / 2433M INFO    General                 (sequence_mapper_notifier.h:  95)   Total 540106 reads processed
  0:00:08.304    20M / 2433M INFO    General                 (gap_closer.cpp            : 452)   Initializing gap closer
  0:00:08.304    20M / 2433M INFO   GapCloser                (gap_closer.cpp            : 359)   Closing short gaps
  0:00:08.310    20M / 2433M INFO   GapCloser                (gap_closer.cpp            : 391)   Closing short gaps complete: filled 0 gaps after checking 0 candidates
  0:00:08.311    20M / 2433M INFO    General                 (gap_closer.cpp            : 456)   Gap closer done
  0:00:08.312    11M / 2433M INFO   StageManager             (stage.cpp                 : 185)   STAGE == Simplification Cleanup (id: simplification_cleanup)
  0:00:08.313    11M / 2433M INFO    General                 (simplification.cpp        : 176)   PROCEDURE == Post simplification
  0:00:08.313    11M / 2433M INFO    General                 (graph_simplification.hpp  : 448)   Disconnection of relatively low covered edges disabled
  0:00:08.313    11M / 2433M INFO    General                 (graph_simplification.hpp  : 485)   Complex tip clipping disabled
  0:00:08.313    11M / 2433M INFO    General                 (graph_simplification.hpp  : 634)   Creating parallel br instance
  0:00:08.313    11M / 2433M INFO   Simplification           (parallel_processing.hpp   : 167)   Running Tip clipper
  0:00:08.313    11M / 2433M INFO   Simplification           (parallel_processing.hpp   : 170)   Tip clipper triggered 0 times
  0:00:08.313    11M / 2433M INFO   Simplification           (parallel_processing.hpp   : 167)   Running Bulge remover
  0:00:08.318    11M / 2433M INFO   Simplification           (parallel_processing.hpp   : 170)   Bulge remover triggered 0 times
  0:00:08.318    11M / 2433M INFO   Simplification           (parallel_processing.hpp   : 167)   Running Tip clipper
  0:00:08.318    11M / 2433M INFO   Simplification           (parallel_processing.hpp   : 170)   Tip clipper triggered 0 times
  0:00:08.318    11M / 2433M INFO   Simplification           (parallel_processing.hpp   : 167)   Running Bulge remover
  0:00:08.322    11M / 2433M INFO   Simplification           (parallel_processing.hpp   : 170)   Bulge remover triggered 0 times
  0:00:08.322    11M / 2433M INFO    General                 (simplification.cpp        : 327)   Disrupting self-conjugate edges
  0:00:08.324    11M / 2433M INFO   Simplification           (parallel_processing.hpp   : 167)   Running Removing isolated edges
  0:00:08.326    11M / 2433M INFO   Simplification           (parallel_processing.hpp   : 170)   Removing isolated edges triggered 1205 times
  0:00:08.326    11M / 2433M INFO    General                 (simplification.cpp        : 495)   After simplification:
  0:00:08.326    11M / 2433M INFO    General                 (simplification.cpp        : 496)     Average coverage = 16.4801
  0:00:08.327    11M / 2433M INFO    General                 (simplification.cpp        : 497)     Total length = 4016480
  0:00:08.327    11M / 2433M INFO    General                 (simplification.cpp        : 498)     Median edge length: 25911
  0:00:08.327    11M / 2433M INFO    General                 (simplification.cpp        : 499)     Edges: 4272
  0:00:08.327    11M / 2433M INFO    General                 (simplification.cpp        : 500)     Vertices: 2792
  0:00:08.327    11M / 2433M INFO   StageManager             (stage.cpp                 : 185)   STAGE == Mismatch Correction (id: mismatch_correction)
  0:00:08.327    11M / 2433M INFO    General                 (graph_pack.cpp            :  67)   Index refill
  0:00:08.327    11M / 2433M INFO    General                 (edge_index.hpp            : 156)   Using small index (max_id = 37981)
  0:00:08.346    11M / 2433M INFO   K-mer Index Building     (kmer_index_builder.hpp    : 395)   Building perfect hash indices
  0:00:08.564    14M / 2433M INFO   K-mer Index Building     (kmer_index_builder.hpp    : 431)   Index built. Total 4016480 kmers, 2901672 bytes occupied (5.77953 bits per kmer).
  0:00:08.576    45M / 2433M INFO    General                 (edge_index_builders.hpp   : 252)   Collecting edge information from graph, this takes a while.
  0:00:08.778    45M / 2433M INFO    General                 (graph_pack.cpp            :  77)   Normalizing k-mer map. Total 74992 kmers to process
  0:00:08.795    45M / 2433M INFO    General                 (graph_pack.cpp            :  79)   Normalizing done
  0:00:08.795    45M / 2433M INFO    General                 (mismatch_correction.cpp   : 400)   Collect potential mismatches
  0:00:08.816    45M / 2433M INFO    General                 (mismatch_correction.cpp   : 192)   Total 1252 edges (out of 4272) with 10728 potential mismatch positions (8.56869 positions per edge)
  0:00:08.816    45M / 2433M INFO    General                 (mismatch_correction.cpp   : 402)   Potential mismatches collected
  0:00:09.385    53M / 2433M INFO    General                 (sequence_mapper_notifier.h:  95)   Total 2162622 reads processed
  0:00:09.405    46M / 2433M INFO    General                 (mismatch_correction.cpp   : 395)   All edges processed
  0:00:09.406    45M / 2433M INFO    General                 (mismatch_correction.cpp   : 450)   Corrected 1 nucleotides
  0:00:09.406    45M / 2433M INFO   StageManager             (stage.cpp                 : 185)   STAGE == Contig Output (id: contig_output)
  0:00:09.406    45M / 2433M INFO    General                 (contig_output.hpp         :  16)   Outputting contigs to /data/djs217/PROJECTS/10_X_fragariae_feb_2024/04_spades/NCPPB_4772.spades/K127/before_rr.fasta
  0:00:09.431    45M / 2433M INFO    General                 (contig_output_stage.cpp   : 151)   Writing GFA graph to /data/djs217/PROJECTS/10_X_fragariae_feb_2024/04_spades/NCPPB_4772.spades/K127/assembly_graph_after_simplification.gfa
  0:00:09.448    45M / 2433M INFO   StageManager             (stage.cpp                 : 185)   STAGE == Paired Information Counting (id: late_pair_info_count)
  0:00:09.453    46M / 2433M INFO    General                 (graph_pack.cpp            :  77)   Normalizing k-mer map. Total 75248 kmers to process
  0:00:09.465    46M / 2433M INFO    General                 (graph_pack.cpp            :  79)   Normalizing done
  0:00:09.466    46M / 2433M INFO    General                 (pair_info_count.cpp       : 339)   Min edge length for estimation: 25911
  0:00:09.466    46M / 2433M INFO    General                 (pair_info_count.cpp       : 350)   Estimating insert size for library #0
  0:00:09.466    46M / 2433M INFO    General                 (pair_info_count.cpp       : 202)   Estimating insert size (takes a while)
  0:00:09.634   318M / 2433M INFO    General                 (pair_info_count.cpp       :  48)   Selecting usual mapper
  0:00:10.255   318M / 2433M INFO    General                 (sequence_mapper_notifier.h:  95)   Total 540106 reads processed
  0:00:10.355   318M / 2433M INFO    General                 (pair_info_count.cpp       : 220)   Edge pairs: 122513
  0:00:10.355   318M / 2433M INFO    General                 (pair_info_count.cpp       : 222)   183060 paired reads (33.8933% of all) aligned to long edges
  0:00:10.356    46M / 2433M INFO    General                 (pair_info_count.cpp       : 369)     Insert size = 283.725, deviation = 131.131, left quantile = 151, right quantile = 467, read length = 301
  0:00:10.356    46M / 2433M WARN    General                 (pair_info_count.cpp       : 376)   Estimated mean insert size 283.725 is very small compared to read length 301
  0:00:10.356    46M / 2433M INFO    General                 (pair_info_count.cpp       : 390)   Filtering data for library #0
  0:00:10.357    46M / 2433M INFO    General                 (pair_info_count.cpp       :  48)   Selecting usual mapper
  0:00:10.616    46M / 2433M INFO    General                 (sequence_mapper_notifier.h:  95)   Total 540106 reads processed
  0:00:10.616    46M / 2433M INFO    General                 (pair_info_count.cpp       : 402)   Mapping library #0
  0:00:10.616    46M / 2433M INFO    General                 (pair_info_count.cpp       : 404)   Mapping paired reads (takes a while)
  0:00:10.616    46M / 2433M INFO    General                 (pair_info_count.cpp       : 299)   Left insert size quantile 151, right insert size quantile 467, filtering threshold 2, rounding threshold 0
  0:00:10.624    55M / 2433M INFO    General                 (pair_info_count.cpp       :  48)   Selecting usual mapper
  0:00:11.124    66M / 2433M INFO    General                 (sequence_mapper_notifier.h:  95)   Total 540106 reads processed
  0:00:11.132    57M / 2433M INFO   StageManager             (stage.cpp                 : 185)   STAGE == Distance Estimation (id: distance_estimation)
  0:00:11.133    57M / 2433M INFO    General                 (distance_estimation.cpp   : 179)   Processing library #0
  0:00:11.133    57M / 2433M INFO    General                 (distance_estimation.cpp   : 150)   Weight Filter Done
  0:00:11.133    57M / 2433M INFO   DistanceEstimator        (distance_estimation.hpp   : 116)   Using SIMPLE distance estimator
  0:00:11.187    60M / 2433M INFO    General                 (distance_estimation.cpp   :  37)   Filtering info
  0:00:11.188    60M / 2433M INFO    General                 (pair_info_filters.hpp     : 242)   Start filtering; library index size: 72134
  0:00:11.208    62M / 2433M INFO    General                 (pair_info_filters.hpp     : 263)   Done filtering; library index size: 65072
  0:00:11.208    60M / 2433M INFO    General                 (distance_estimation.cpp   : 156)   Refining clustered pair information
  0:00:11.223    60M / 2433M INFO    General                 (distance_estimation.cpp   : 158)   The refining of clustered pair information has been finished
  0:00:11.223    60M / 2433M INFO    General                 (distance_estimation.cpp   : 160)   Improving paired information
  0:00:11.307    61M / 2433M INFO   PairInfoImprover         (pair_info_improver.hpp    : 104)   Paired info stats: missing = 4613; contradictional = 54
  0:00:11.395    61M / 2433M INFO   PairInfoImprover         (pair_info_improver.hpp    : 104)   Paired info stats: missing = 392; contradictional = 0
  0:00:11.396    61M / 2433M INFO    General                 (distance_estimation.cpp   : 104)   Filling scaffolding index
  0:00:11.396    61M / 2433M INFO   DistanceEstimator        (distance_estimation.hpp   : 116)   Using SMOOTHING distance estimator
  0:00:11.529    62M / 2433M INFO    General                 (distance_estimation.cpp   :  37)   Filtering info
  0:00:11.530    62M / 2433M INFO    General                 (pair_info_filters.hpp     : 242)   Start filtering; library index size: 15272
  0:00:11.534    62M / 2433M INFO    General                 (pair_info_filters.hpp     : 263)   Done filtering; library index size: 15272
  0:00:11.534    62M / 2433M INFO    General                 (distance_estimation.cpp   : 186)   Clearing raw paired index
  0:00:11.557    51M / 2433M INFO   StageManager             (stage.cpp                 : 185)   STAGE == Repeat Resolving (id: repeat_resolving)
  0:00:11.558    51M / 2433M INFO    General                 (repeat_resolving.cpp      :  87)   Using Path-Extend repeat resolving
  0:00:11.558    51M / 2433M INFO    General                 (launcher.cpp              : 600)   ExSPAnder repeat resolving tool started
  0:00:11.559    51M / 2433M INFO    General                 (coverage_uniformity_analyz:  25)   genomic coverage is 15.3535 calculated of length 3889892
  0:00:11.563    59M / 2433M INFO    General                 (launcher.cpp              : 418)   Creating main extenders, unique edge length = 2000
  0:00:11.563    59M / 2433M INFO    General                 (extenders_logic.cpp       : 334)   Estimated coverage of library #0 is 16.4801
  0:00:11.563    59M / 2433M INFO    General                 (extenders_logic.cpp       : 345)   Creating extender; library index size: 75028
  0:00:11.563    60M / 2433M INFO    General                 (extenders_logic.cpp       : 334)   Estimated coverage of library #0 is 16.4801
  0:00:11.563    60M / 2433M INFO    General                 (extenders_logic.cpp       : 345)   Creating extender; library index size: 75028
  0:00:11.563    60M / 2433M INFO    General                 (extenders_logic.cpp       : 543)   Using 1 paired-end library
  0:00:11.563    60M / 2433M INFO    General                 (extenders_logic.cpp       : 544)   Using 1 paired-end scaffolding library
  0:00:11.563    60M / 2433M INFO    General                 (extenders_logic.cpp       : 545)   Using 0 single read libraries
  0:00:11.563    60M / 2433M INFO    General                 (launcher.cpp              : 447)   Total number of extenders is 3
  0:00:11.564    60M / 2433M INFO    General                 (path_extenders.cpp        :  36)   Processed 0 paths from 2123 (0%)
  0:00:11.751    65M / 2433M INFO    General                 (path_extenders.cpp        :  34)   Processed 128 paths from 2123 (6%)
  0:00:11.862    68M / 2433M INFO    General                 (path_extenders.cpp        :  36)   Processed 213 paths from 2123 (10%)
  0:00:11.896    69M / 2433M INFO    General                 (path_extenders.cpp        :  34)   Processed 256 paths from 2123 (12%)
  0:00:12.009    72M / 2433M INFO    General                 (path_extenders.cpp        :  36)   Processed 426 paths from 2123 (20%)
  0:00:12.045    73M / 2433M INFO    General                 (path_extenders.cpp        :  34)   Processed 512 paths from 2123 (24%)
  0:00:12.090    74M / 2433M INFO    General                 (path_extenders.cpp        :  36)   Processed 639 paths from 2123 (30%)
  0:00:12.125    74M / 2433M INFO    General                 (path_extenders.cpp        :  36)   Processed 852 paths from 2123 (40%)
  0:00:12.151    75M / 2433M INFO    General                 (path_extenders.cpp        :  34)   Processed 1024 paths from 2123 (48%)
  0:00:12.154    75M / 2433M INFO    General                 (path_extenders.cpp        :  36)   Processed 1065 paths from 2123 (50%)
  0:00:12.165    75M / 2433M INFO    General                 (path_extenders.cpp        :  36)   Processed 1278 paths from 2123 (60%)
  0:00:12.168    75M / 2433M INFO    General                 (path_extenders.cpp        :  36)   Processed 1491 paths from 2123 (70%)
  0:00:12.175    75M / 2433M INFO    General                 (path_extenders.cpp        :  36)   Processed 1704 paths from 2123 (80%)
  0:00:12.177    75M / 2433M INFO    General                 (path_extenders.cpp        :  36)   Processed 1917 paths from 2123 (90%)
  0:00:12.178    75M / 2433M INFO    General                 (path_extenders.cpp        :  34)   Processed 2048 paths from 2123 (96%)
  0:00:12.178    75M / 2433M INFO    General                 (launcher.cpp              : 250)   Finalizing paths
  0:00:12.178    75M / 2433M INFO    General                 (launcher.cpp              : 252)   Deduplicating paths
  0:00:12.331    74M / 2433M INFO    General                 (launcher.cpp              : 256)   Paths deduplicated
  0:00:12.331    74M / 2433M INFO   PEResolver               (pe_resolver.cpp           :  60)   Removing overlaps
  0:00:12.331    74M / 2433M INFO   PEResolver               (pe_resolver.cpp           :  63)   Sorting paths
  0:00:12.331    74M / 2433M INFO   PEResolver               (pe_resolver.cpp           :  70)   Marking overlaps
  0:00:12.331    74M / 2433M INFO   OverlapRemover           (overlap_remover.hpp       : 116)   Marking start/end overlaps
  0:00:12.531    74M / 2433M INFO   OverlapRemover           (overlap_remover.hpp       : 119)   Marking remaining overlaps
  0:00:12.733    74M / 2433M INFO   PEResolver               (pe_resolver.cpp           :  73)   Splitting paths
  0:00:12.740    85M / 2433M INFO   PEResolver               (pe_resolver.cpp           :  78)   Deduplicating paths
  0:00:12.750    74M / 2433M INFO   PEResolver               (pe_resolver.cpp           :  80)   Overlaps removed
  0:00:12.751    77M / 2433M INFO    General                 (launcher.cpp              : 273)   Paths finalized
  0:00:12.751    77M / 2433M INFO    General                 (launcher.cpp              : 454)   Closing gaps in paths
  0:00:12.752    81M / 2433M INFO    General                 (launcher.cpp              : 484)   Gap closing completed
  0:00:12.753    82M / 2433M INFO    General                 (launcher.cpp              : 302)   Traversing tandem repeats
  0:00:12.757    82M / 2433M INFO    General                 (launcher.cpp              : 312)   Traversed 0 loops
  0:00:12.757    82M / 2433M INFO    General                 (launcher.cpp              : 250)   Finalizing paths
  0:00:12.757    82M / 2433M INFO    General                 (launcher.cpp              : 252)   Deduplicating paths
  0:00:12.757    82M / 2433M INFO    General                 (launcher.cpp              : 256)   Paths deduplicated
  0:00:12.757    82M / 2433M INFO   PEResolver               (pe_resolver.cpp           :  60)   Removing overlaps
  0:00:12.757    82M / 2433M INFO   PEResolver               (pe_resolver.cpp           :  63)   Sorting paths
  0:00:12.757    82M / 2433M INFO   PEResolver               (pe_resolver.cpp           :  70)   Marking overlaps
  0:00:12.757    82M / 2433M INFO   OverlapRemover           (overlap_remover.hpp       : 116)   Marking start/end overlaps
  0:00:12.758    82M / 2433M INFO   OverlapRemover           (overlap_remover.hpp       : 119)   Marking remaining overlaps
  0:00:12.759    82M / 2433M INFO   PEResolver               (pe_resolver.cpp           :  73)   Splitting paths
  0:00:12.759    82M / 2433M INFO   PEResolver               (pe_resolver.cpp           :  78)   Deduplicating paths
  0:00:12.759    82M / 2433M INFO   PEResolver               (pe_resolver.cpp           :  80)   Overlaps removed
  0:00:12.760    82M / 2433M INFO    General                 (launcher.cpp              : 273)   Paths finalized
  0:00:12.760    82M / 2433M INFO    General                 (launcher.cpp              : 664)   ExSPAnder repeat resolving tool finished
  0:00:12.765    55M / 2433M INFO   StageManager             (stage.cpp                 : 185)   STAGE == Contig Output (id: contig_output)
  0:00:12.765    55M / 2433M INFO    General                 (contig_output.hpp         :  16)   Outputting contigs to /data/djs217/PROJECTS/10_X_fragariae_feb_2024/04_spades/NCPPB_4772.spades/K127/before_rr.fasta
  0:00:12.787    55M / 2433M INFO    General                 (contig_output_stage.cpp   : 151)   Writing GFA graph to /data/djs217/PROJECTS/10_X_fragariae_feb_2024/04_spades/NCPPB_4772.spades/K127/assembly_graph_with_scaffolds.gfa
  0:00:12.799    55M / 2433M INFO    General                 (contig_output_stage.cpp   : 165)   Outputting FastG graph to /data/djs217/PROJECTS/10_X_fragariae_feb_2024/04_spades/NCPPB_4772.spades/K127/assembly_graph.fastg
  0:00:12.844    55M / 2433M INFO    General                 (contig_output_stage.cpp   : 196)   Breaking scaffolds
  0:00:12.856    66M / 2433M INFO    General                 (contig_output_stage.cpp   :  98)   Outputting contigs to /data/djs217/PROJECTS/10_X_fragariae_feb_2024/04_spades/NCPPB_4772.spades/K127/final_contigs.fasta
  0:00:12.867    66M / 2433M INFO    General                 (contig_output_stage.cpp   : 104)   Outputting FastG paths to /data/djs217/PROJECTS/10_X_fragariae_feb_2024/04_spades/NCPPB_4772.spades/K127/final_contigs.paths
  0:00:12.889    60M / 2433M INFO    General                 (contig_output_stage.cpp   :  98)   Outputting contigs to /data/djs217/PROJECTS/10_X_fragariae_feb_2024/04_spades/NCPPB_4772.spades/K127/scaffolds.fasta
  0:00:12.900    60M / 2433M INFO    General                 (contig_output_stage.cpp   : 104)   Outputting FastG paths to /data/djs217/PROJECTS/10_X_fragariae_feb_2024/04_spades/NCPPB_4772.spades/K127/scaffolds.paths
  0:00:12.902    60M / 2433M INFO    General                 (contig_output_stage.cpp   : 111)   Populating GFA with scaffold paths
  0:00:12.903    55M / 2433M INFO    General                 (pipeline.cpp              : 287)   SPAdes finished
  0:00:12.916     1M / 2433M INFO    General                 (main.cpp                  : 136)   Assembling time: 0 hours 0 minutes 12 seconds

===== K127 finished. 


===== Copy files started. 


== Running: /data/djs217/anaconda3/envs/spades-env/bin/python /data/djs217/anaconda3/envs/spades-env/share/spades/spades_pipeline/scripts/copy_files.py /data/djs217/PROJECTS/10_X_fragariae_feb_2024/04_spades/NCPPB_4772.spades/K127/before_rr.fasta /data/djs217/PROJECTS/10_X_fragariae_feb_2024/04_spades/NCPPB_4772.spades/before_rr.fasta /data/djs217/PROJECTS/10_X_fragariae_feb_2024/04_spades/NCPPB_4772.spades/K127/assembly_graph_after_simplification.gfa /data/djs217/PROJECTS/10_X_fragariae_feb_2024/04_spades/NCPPB_4772.spades/assembly_graph_after_simplification.gfa /data/djs217/PROJECTS/10_X_fragariae_feb_2024/04_spades/NCPPB_4772.spades/K127/final_contigs.fasta /data/djs217/PROJECTS/10_X_fragariae_feb_2024/04_spades/NCPPB_4772.spades/contigs.fasta /data/djs217/PROJECTS/10_X_fragariae_feb_2024/04_spades/NCPPB_4772.spades/K127/first_pe_contigs.fasta /data/djs217/PROJECTS/10_X_fragariae_feb_2024/04_spades/NCPPB_4772.spades/first_pe_contigs.fasta /data/djs217/PROJECTS/10_X_fragariae_feb_2024/04_spades/NCPPB_4772.spades/K127/strain_graph.gfa /data/djs217/PROJECTS/10_X_fragariae_feb_2024/04_spades/NCPPB_4772.spades/strain_graph.gfa /data/djs217/PROJECTS/10_X_fragariae_feb_2024/04_spades/NCPPB_4772.spades/K127/scaffolds.fasta /data/djs217/PROJECTS/10_X_fragariae_feb_2024/04_spades/NCPPB_4772.spades/scaffolds.fasta /data/djs217/PROJECTS/10_X_fragariae_feb_2024/04_spades/NCPPB_4772.spades/K127/scaffolds.paths /data/djs217/PROJECTS/10_X_fragariae_feb_2024/04_spades/NCPPB_4772.spades/scaffolds.paths /data/djs217/PROJECTS/10_X_fragariae_feb_2024/04_spades/NCPPB_4772.spades/K127/assembly_graph_with_scaffolds.gfa /data/djs217/PROJECTS/10_X_fragariae_feb_2024/04_spades/NCPPB_4772.spades/assembly_graph_with_scaffolds.gfa /data/djs217/PROJECTS/10_X_fragariae_feb_2024/04_spades/NCPPB_4772.spades/K127/assembly_graph.fastg /data/djs217/PROJECTS/10_X_fragariae_feb_2024/04_spades/NCPPB_4772.spades/assembly_graph.fastg /data/djs217/PROJECTS/10_X_fragariae_feb_2024/04_spades/NCPPB_4772.spades/K127/final_contigs.paths /data/djs217/PROJECTS/10_X_fragariae_feb_2024/04_spades/NCPPB_4772.spades/contigs.paths


===== Copy files finished. 


===== Assembling finished. 


===== Mismatch correction started. 


===== Mismatch correction contigs started. 


== Running: /data/djs217/anaconda3/envs/spades-env/bin/python /data/djs217/anaconda3/envs/spades-env/share/spades/spades_pipeline/scripts/correction_iteration_script.py --corrected /data/djs217/PROJECTS/10_X_fragariae_feb_2024/04_spades/NCPPB_4772.spades/contigs.fasta --assembled /data/djs217/PROJECTS/10_X_fragariae_feb_2024/04_spades/NCPPB_4772.spades/misc/assembled_contigs.fasta --assembly_type contigs --output_dir /data/djs217/PROJECTS/10_X_fragariae_feb_2024/04_spades/NCPPB_4772.spades --bin_home /data/djs217/anaconda3/envs/spades-env/bin

== Processing of contigs
== Running contig polishing tool: /data/djs217/anaconda3/envs/spades-env/bin/spades-corrector-core /data/djs217/PROJECTS/10_X_fragariae_feb_2024/04_spades/NCPPB_4772.spades/mismatch_corrector/contigs/configs/corrector.info /data/djs217/PROJECTS/10_X_fragariae_feb_2024/04_spades/NCPPB_4772.spades/misc/assembled_contigs.fasta
== Dataset description file was created: /data/djs217/PROJECTS/10_X_fragariae_feb_2024/04_spades/NCPPB_4772.spades/mismatch_corrector/contigs/configs/corrector.info
Run: /data/djs217/anaconda3/envs/spades-env/bin/spades-corrector-core /data/djs217/PROJECTS/10_X_fragariae_feb_2024/04_spades/NCPPB_4772.spades/mismatch_corrector/contigs/configs/corrector.info /data/djs217/PROJECTS/10_X_fragariae_feb_2024/04_spades/NCPPB_4772.spades/misc/assembled_contigs.fasta
/data/djs217/PROJECTS/10_X_fragariae_feb_2024/04_spades/NCPPB_4772.spades/mismatch_corrector/contigs/configs/log.properties  0:00:00.000     1M / 16M   INFO    General                 (main.cpp                  :  58)   Starting mismatch corrector, built from N/A, git revision N/A
  0:00:00.002     1M / 16M   INFO    General                 (main.cpp                  :  59)   Maximum # of threads to use (adjusted due to OMP capabilities): 16
  0:00:00.002     1M / 16M   INFO   DatasetProcessor         (dataset_processor.cpp     : 175)   Splitting assembly...
  0:00:00.002     1M / 16M   INFO   DatasetProcessor         (dataset_processor.cpp     : 176)   Assembly file: /data/djs217/PROJECTS/10_X_fragariae_feb_2024/04_spades/NCPPB_4772.spades/misc/assembled_contigs.fasta
  0:00:00.076     2M / 16M   INFO   DatasetProcessor         (dataset_processor.cpp     : 128)   Running bwa index ...: /data/djs217/anaconda3/envs/spades-env/bin/spades-bwa index /data/djs217/PROJECTS/10_X_fragariae_feb_2024/04_spades/NCPPB_4772.spades/misc/assembled_contigs.fasta
[bwa_index] Pack FASTA... 0.05 sec
[bwa_index] Construct BWT for the packed sequence...
[bwa_index] 1.04 seconds elapse.
[bwa_index] Update BWT... 0.04 sec
[bwa_index] Pack forward-only FASTA... 0.04 sec
[bwa_index] Construct SA from BWT and Occ... 0.51 sec
[main] Version: 0.7.16a-r1181
[main] CMD: /data/djs217/anaconda3/envs/spades-env/bin/spades-bwa index /data/djs217/PROJECTS/10_X_fragariae_feb_2024/04_spades/NCPPB_4772.spades/misc/assembled_contigs.fasta
[main] Real time: 2.102 sec; CPU: 1.688 sec
  0:00:02.183     2M / 16M   INFO   DatasetProcessor         (dataset_processor.cpp     : 190)   Processing paired sublib of number 0
  0:00:02.184     2M / 16M   INFO   DatasetProcessor         (dataset_processor.cpp     : 191)   /data/djs217/PROJECTS/10_X_fragariae_feb_2024/04_spades/NCPPB_4772.1_val_1.fq.gz /data/djs217/PROJECTS/10_X_fragariae_feb_2024/04_spades/NCPPB_4772.2_val_2.fq.gz
  0:00:02.185     2M / 16M   INFO   DatasetProcessor         (dataset_processor.cpp     : 153)   Running bwa mem ...:/data/djs217/anaconda3/envs/spades-env/bin/spades-bwa mem  -v 1 -t 16  /data/djs217/PROJECTS/10_X_fragariae_feb_2024/04_spades/NCPPB_4772.spades/misc/assembled_contigs.fasta /data/djs217/PROJECTS/10_X_fragariae_feb_2024/04_spades/NCPPB_4772.1_val_1.fq.gz /data/djs217/PROJECTS/10_X_fragariae_feb_2024/04_spades/NCPPB_4772.2_val_2.fq.gz   > /data/djs217/PROJECTS/10_X_fragariae_feb_2024/04_spades/NCPPB_4772.spades/tmp/corrector_lc94djy5/lib0_a53W28/tmp.sam
[main] Version: 0.7.16a-r1181
[main] CMD: /data/djs217/anaconda3/envs/spades-env/bin/spades-bwa mem -v 1 -t 16 /data/djs217/PROJECTS/10_X_fragariae_feb_2024/04_spades/NCPPB_4772.spades/misc/assembled_contigs.fasta /data/djs217/PROJECTS/10_X_fragariae_feb_2024/04_spades/NCPPB_4772.1_val_1.fq.gz /data/djs217/PROJECTS/10_X_fragariae_feb_2024/04_spades/NCPPB_4772.2_val_2.fq.gz
[main] Real time: 9.633 sec; CPU: 84.741 sec
  0:00:11.864     2M / 16M   INFO   DatasetProcessor         (dataset_processor.cpp     : 199)   Adding samfile /data/djs217/PROJECTS/10_X_fragariae_feb_2024/04_spades/NCPPB_4772.spades/tmp/corrector_lc94djy5/lib0_a53W28/tmp.sam
  0:00:14.734    60M / 68M   INFO   DatasetProcessor         (dataset_processor.cpp     : 118)   processed 1000000reads, flushing
  0:00:16.183     7M / 68M   INFO   DatasetProcessor         (dataset_processor.cpp     : 227)   Processing contigs
  0:00:16.667    13M / 179M  INFO   DatasetProcessor         (dataset_processor.cpp     : 243)   Contig NODE_14_length_52849_cov_15.123061 processed with 0 changes in thread 5
  0:00:16.686    19M / 184M  INFO   DatasetProcessor         (dataset_processor.cpp     : 243)   Contig NODE_11_length_54977_cov_14.729298 processed with 0 changes in thread 13
  0:00:16.687    28M / 184M  INFO   DatasetProcessor         (dataset_processor.cpp     : 243)   Contig NODE_1_length_77849_cov_13.534044 processed with 0 changes in thread 0
  0:00:16.690    35M / 190M  INFO   DatasetProcessor         (dataset_processor.cpp     : 243)   Contig NODE_12_length_53970_cov_14.976469 processed with 0 changes in thread 1
  0:00:16.698    41M / 194M  INFO   DatasetProcessor         (dataset_processor.cpp     : 243)   Contig NODE_13_length_53750_cov_15.258247 processed with 0 changes in thread 12
  0:00:16.701    47M / 198M  INFO   DatasetProcessor         (dataset_processor.cpp     : 243)   Contig NODE_8_length_56975_cov_16.074356 processed with 0 changes in thread 9
  0:00:16.707    53M / 203M  INFO   DatasetProcessor         (dataset_processor.cpp     : 243)   Contig NODE_15_length_52405_cov_16.117621 processed with 0 changes in thread 8
  0:00:16.724    59M / 208M  INFO   DatasetProcessor         (dataset_processor.cpp     : 243)   Contig NODE_16_length_51206_cov_17.085397 processed with 0 changes in thread 2
  0:00:16.730    66M / 211M  INFO   DatasetProcessor         (dataset_processor.cpp     : 243)   Contig NODE_10_length_56095_cov_15.570469 processed with 5 changes in thread 15
  0:00:16.753    72M / 216M  INFO   DatasetProcessor         (dataset_processor.cpp     : 243)   Contig NODE_9_length_56817_cov_16.479009 processed with 1 changes in thread 4
  0:00:16.770    79M / 221M  INFO   DatasetProcessor         (dataset_processor.cpp     : 243)   Contig NODE_7_length_57974_cov_16.739520 processed with 2 changes in thread 14
  0:00:16.799    87M / 224M  INFO   DatasetProcessor         (dataset_processor.cpp     : 243)   Contig NODE_4_length_68285_cov_15.044822 processed with 0 changes in thread 7
  0:00:16.835    93M / 225M  INFO   DatasetProcessor         (dataset_processor.cpp     : 243)   Contig NODE_6_length_58355_cov_18.361510 processed with 0 changes in thread 6
  0:00:16.872   101M / 227M  INFO   DatasetProcessor         (dataset_processor.cpp     : 243)   Contig NODE_3_length_69162_cov_16.517607 processed with 0 changes in thread 3
  0:00:16.876   109M / 229M  INFO   DatasetProcessor         (dataset_processor.cpp     : 243)   Contig NODE_5_length_67694_cov_17.035579 processed with 0 changes in thread 10
  0:00:16.940   117M / 234M  INFO   DatasetProcessor         (dataset_processor.cpp     : 243)   Contig NODE_2_length_76043_cov_17.000395 processed with 1 changes in thread 11
  0:00:17.035   114M / 234M  INFO   DatasetProcessor         (dataset_processor.cpp     : 243)   Contig NODE_19_length_47994_cov_16.433284 processed with 0 changes in thread 0
  0:00:17.058   113M / 237M  INFO   DatasetProcessor         (dataset_processor.cpp     : 243)   Contig NODE_23_length_43329_cov_14.207166 processed with 2 changes in thread 8
  0:00:17.059   111M / 237M  INFO   DatasetProcessor         (dataset_processor.cpp     : 243)   Contig NODE_22_length_43546_cov_14.372832 processed with 0 changes in thread 9
  0:00:17.062   111M / 237M  INFO   DatasetProcessor         (dataset_processor.cpp     : 243)   Contig NODE_17_length_50057_cov_13.479291 processed with 0 changes in thread 5
  0:00:17.090   110M / 239M  INFO   DatasetProcessor         (dataset_processor.cpp     : 243)   Contig NODE_20_length_45529_cov_14.946082 processed with 0 changes in thread 1
  0:00:17.112   108M / 241M  INFO   DatasetProcessor         (dataset_processor.cpp     : 243)   Contig NODE_27_length_41495_cov_15.084075 processed with 0 changes in thread 14
  0:00:17.115   105M / 241M  INFO   DatasetProcessor         (dataset_processor.cpp     : 243)   Contig NODE_28_length_37442_cov_14.398580 processed with 0 changes in thread 7
  0:00:17.117   104M / 241M  INFO   DatasetProcessor         (dataset_processor.cpp     : 243)   Contig NODE_24_length_42891_cov_15.814985 processed with 0 changes in thread 2
  0:00:17.131   103M / 241M  INFO   DatasetProcessor         (dataset_processor.cpp     : 243)   Contig NODE_21_length_45389_cov_17.081039 processed with 0 changes in thread 12
  0:00:17.146   101M / 242M  INFO   DatasetProcessor         (dataset_processor.cpp     : 243)   Contig NODE_26_length_42031_cov_16.563478 processed with 0 changes in thread 4
  0:00:17.162    99M / 245M  INFO   DatasetProcessor         (dataset_processor.cpp     : 243)   Contig NODE_29_length_36802_cov_15.473810 processed with 0 changes in thread 6
  0:00:17.175    98M / 245M  INFO   DatasetProcessor         (dataset_processor.cpp     : 243)   Contig NODE_18_length_49166_cov_16.488815 processed with 2 changes in thread 13
  0:00:17.193    95M / 247M  INFO   DatasetProcessor         (dataset_processor.cpp     : 243)   Contig NODE_30_length_35896_cov_15.991725 processed with 0 changes in thread 3
  0:00:17.201    93M / 247M  INFO   DatasetProcessor         (dataset_processor.cpp     : 243)   Contig NODE_25_length_42566_cov_19.427814 processed with 1 changes in thread 15
  0:00:17.226    89M / 250M  INFO   DatasetProcessor         (dataset_processor.cpp     : 243)   Contig NODE_31_length_34094_cov_17.793447 processed with 4 changes in thread 10
  0:00:17.227    88M / 250M  INFO   DatasetProcessor         (dataset_processor.cpp     : 243)   Contig NODE_33_length_32915_cov_13.224838 processed with 1 changes in thread 0
  0:00:17.237    83M / 250M  INFO   DatasetProcessor         (dataset_processor.cpp     : 243)   Contig NODE_32_length_33007_cov_15.755505 processed with 0 changes in thread 11
  0:00:17.327    81M / 250M  INFO   DatasetProcessor         (dataset_processor.cpp     : 243)   Contig NODE_36_length_32479_cov_14.392031 processed with 0 changes in thread 5
  0:00:17.358    80M / 250M  INFO   DatasetProcessor         (dataset_processor.cpp     : 243)   Contig NODE_34_length_32724_cov_16.602111 processed with 0 changes in thread 8
  0:00:17.370    79M / 251M  INFO   DatasetProcessor         (dataset_processor.cpp     : 243)   Contig NODE_38_length_31915_cov_14.531899 processed with 0 changes in thread 14
  0:00:17.371    78M / 251M  INFO   DatasetProcessor         (dataset_processor.cpp     : 243)   Contig NODE_40_length_31204_cov_14.013257 processed with 0 changes in thread 2
  0:00:17.371    76M / 251M  INFO   DatasetProcessor         (dataset_processor.cpp     : 243)   Contig NODE_42_length_30020_cov_13.083364 processed with 0 changes in thread 4
  0:00:17.378    74M / 251M  INFO   DatasetProcessor         (dataset_processor.cpp     : 243)   Contig NODE_41_length_30036_cov_14.337791 processed with 0 changes in thread 12
  0:00:17.386    73M / 251M  INFO   DatasetProcessor         (dataset_processor.cpp     : 243)   Contig NODE_37_length_32080_cov_16.283729 processed with 0 changes in thread 1
  0:00:17.400    71M / 251M  INFO   DatasetProcessor         (dataset_processor.cpp     : 243)   Contig NODE_35_length_32494_cov_18.515432 processed with 0 changes in thread 9
  0:00:17.421    69M / 251M  INFO   DatasetProcessor         (dataset_processor.cpp     : 243)   Contig NODE_44_length_28777_cov_15.213298 processed with 0 changes in thread 13
  0:00:17.421    68M / 251M  INFO   DatasetProcessor         (dataset_processor.cpp     : 243)   Contig NODE_45_length_28407_cov_13.914993 processed with 0 changes in thread 3
  0:00:17.421    67M / 251M  INFO   DatasetProcessor         (dataset_processor.cpp     : 243)   Contig NODE_48_length_27576_cov_16.017888 processed with 0 changes in thread 0
  0:00:17.427    67M / 251M  INFO   DatasetProcessor         (dataset_processor.cpp     : 243)   Contig NODE_39_length_31800_cov_16.735958 processed with 0 changes in thread 7
  0:00:17.430    65M / 251M  INFO   DatasetProcessor         (dataset_processor.cpp     : 243)   Contig NODE_46_length_28019_cov_13.728202 processed with 4 changes in thread 15
  0:00:17.459    64M / 251M  INFO   DatasetProcessor         (dataset_processor.cpp     : 243)   Contig NODE_43_length_29359_cov_18.684866 processed with 0 changes in thread 6
  0:00:17.465    63M / 251M  INFO   DatasetProcessor         (dataset_processor.cpp     : 243)   Contig NODE_49_length_27500_cov_14.597121 processed with 0 changes in thread 11
  0:00:17.498    63M / 251M  INFO   DatasetProcessor         (dataset_processor.cpp     : 243)   Contig NODE_47_length_27685_cov_17.505189 processed with 0 changes in thread 10
  0:00:17.530    62M / 251M  INFO   DatasetProcessor         (dataset_processor.cpp     : 243)   Contig NODE_50_length_26620_cov_13.166006 processed with 0 changes in thread 5
  0:00:17.577    61M / 251M  INFO   DatasetProcessor         (dataset_processor.cpp     : 243)   Contig NODE_60_length_23510_cov_14.999786 processed with 0 changes in thread 0
  0:00:17.580    61M / 251M  INFO   DatasetProcessor         (dataset_processor.cpp     : 243)   Contig NODE_51_length_26150_cov_15.390693 processed with 0 changes in thread 8
  0:00:17.588    60M / 252M  INFO   DatasetProcessor         (dataset_processor.cpp     : 243)   Contig NODE_55_length_24346_cov_15.289855 processed with 0 changes in thread 12
  0:00:17.598    60M / 252M  INFO   DatasetProcessor         (dataset_processor.cpp     : 243)   Contig NODE_54_length_24956_cov_16.108019 processed with 0 changes in thread 4
  0:00:17.598    59M / 252M  INFO   DatasetProcessor         (dataset_processor.cpp     : 243)   Contig NODE_52_length_26076_cov_14.024433 processed with 4 changes in thread 14
  0:00:17.600    58M / 252M  INFO   DatasetProcessor         (dataset_processor.cpp     : 243)   Contig NODE_56_length_24213_cov_15.496969 processed with 0 changes in thread 1
  0:00:17.602    58M / 252M  INFO   DatasetProcessor         (dataset_processor.cpp     : 243)   Contig NODE_53_length_25783_cov_15.625974 processed with 0 changes in thread 2
  0:00:17.607    57M / 252M  INFO   DatasetProcessor         (dataset_processor.cpp     : 243)   Contig NODE_61_length_23408_cov_13.279885 processed with 0 changes in thread 7
  0:00:17.607    56M / 252M  INFO   DatasetProcessor         (dataset_processor.cpp     : 243)   Contig NODE_57_length_24203_cov_15.028078 processed with 0 changes in thread 9
  0:00:17.625    55M / 252M  INFO   DatasetProcessor         (dataset_processor.cpp     : 243)   Contig NODE_62_length_23257_cov_14.587462 processed with 0 changes in thread 15
  0:00:17.636    55M / 252M  INFO   DatasetProcessor         (dataset_processor.cpp     : 243)   Contig NODE_58_length_24184_cov_15.984537 processed with 0 changes in thread 13
  0:00:17.641    55M / 253M  INFO   DatasetProcessor         (dataset_processor.cpp     : 243)   Contig NODE_59_length_24119_cov_16.323858 processed with 0 changes in thread 3
  0:00:17.645    54M / 253M  INFO   DatasetProcessor         (dataset_processor.cpp     : 243)   Contig NODE_63_length_22663_cov_14.015708 processed with 1 changes in thread 6
  0:00:17.649    53M / 253M  INFO   DatasetProcessor         (dataset_processor.cpp     : 243)   Contig NODE_64_length_22130_cov_14.400218 processed with 2 changes in thread 11
  0:00:17.704    53M / 253M  INFO   DatasetProcessor         (dataset_processor.cpp     : 243)   Contig NODE_65_length_22086_cov_16.462316 processed with 0 changes in thread 10
  0:00:17.731    53M / 253M  INFO   DatasetProcessor         (dataset_processor.cpp     : 243)   Contig NODE_67_length_21544_cov_16.489611 processed with 0 changes in thread 0
  0:00:17.732    52M / 253M  INFO   DatasetProcessor         (dataset_processor.cpp     : 243)   Contig NODE_66_length_21578_cov_15.959489 processed with 0 changes in thread 5
  0:00:17.744    52M / 253M  INFO   DatasetProcessor         (dataset_processor.cpp     : 243)   Contig NODE_68_length_21393_cov_13.198392 processed with 0 changes in thread 8
  0:00:17.765    51M / 253M  INFO   DatasetProcessor         (dataset_processor.cpp     : 243)   Contig NODE_69_length_20620_cov_14.848290 processed with 0 changes in thread 12
  0:00:17.767    51M / 253M  INFO   DatasetProcessor         (dataset_processor.cpp     : 243)   Contig NODE_72_length_20443_cov_13.880931 processed with 0 changes in thread 1
  0:00:17.792    50M / 254M  INFO   DatasetProcessor         (dataset_processor.cpp     : 243)   Contig NODE_70_length_20520_cov_17.051782 processed with 0 changes in thread 4
  0:00:17.794    49M / 254M  INFO   DatasetProcessor         (dataset_processor.cpp     : 243)   Contig NODE_71_length_20490_cov_17.056770 processed with 0 changes in thread 14
  0:00:17.799    49M / 254M  INFO   DatasetProcessor         (dataset_processor.cpp     : 243)   Contig NODE_73_length_20376_cov_16.437750 processed with 0 changes in thread 2
  0:00:18.444     7M / 259M  INFO   DatasetProcessor         (dataset_processor.cpp     : 247)   Gluing processed contigs
  0:00:18.467     1M / 259M  INFO    General                 (main.cpp                  :  72)   Correcting time: 0 hours 0 minutes 18 seconds

===== Mismatch correction contigs finished. 


===== Mismatch correction scaffolds started. 


== Running: /data/djs217/anaconda3/envs/spades-env/bin/python /data/djs217/anaconda3/envs/spades-env/share/spades/spades_pipeline/scripts/correction_iteration_script.py --corrected /data/djs217/PROJECTS/10_X_fragariae_feb_2024/04_spades/NCPPB_4772.spades/scaffolds.fasta --assembled /data/djs217/PROJECTS/10_X_fragariae_feb_2024/04_spades/NCPPB_4772.spades/misc/assembled_scaffolds.fasta --assembly_type scaffolds --output_dir /data/djs217/PROJECTS/10_X_fragariae_feb_2024/04_spades/NCPPB_4772.spades --bin_home /data/djs217/anaconda3/envs/spades-env/bin

== Processing of scaffolds
== Running contig polishing tool: /data/djs217/anaconda3/envs/spades-env/bin/spades-corrector-core /data/djs217/PROJECTS/10_X_fragariae_feb_2024/04_spades/NCPPB_4772.spades/mismatch_corrector/scaffolds/configs/corrector.info /data/djs217/PROJECTS/10_X_fragariae_feb_2024/04_spades/NCPPB_4772.spades/misc/assembled_scaffolds.fasta
== Dataset description file was created: /data/djs217/PROJECTS/10_X_fragariae_feb_2024/04_spades/NCPPB_4772.spades/mismatch_corrector/scaffolds/configs/corrector.info
Run: /data/djs217/anaconda3/envs/spades-env/bin/spades-corrector-core /data/djs217/PROJECTS/10_X_fragariae_feb_2024/04_spades/NCPPB_4772.spades/mismatch_corrector/scaffolds/configs/corrector.info /data/djs217/PROJECTS/10_X_fragariae_feb_2024/04_spades/NCPPB_4772.spades/misc/assembled_scaffolds.fasta
/data/djs217/PROJECTS/10_X_fragariae_feb_2024/04_spades/NCPPB_4772.spades/mismatch_corrector/scaffolds/configs/log.properties  0:00:00.000     1M / 16M   INFO    General                 (main.cpp                  :  58)   Starting mismatch corrector, built from N/A, git revision N/A
  0:00:00.001     1M / 16M   INFO    General                 (main.cpp                  :  59)   Maximum # of threads to use (adjusted due to OMP capabilities): 16
  0:00:00.001     1M / 16M   INFO   DatasetProcessor         (dataset_processor.cpp     : 175)   Splitting assembly...
  0:00:00.001     1M / 16M   INFO   DatasetProcessor         (dataset_processor.cpp     : 176)   Assembly file: /data/djs217/PROJECTS/10_X_fragariae_feb_2024/04_spades/NCPPB_4772.spades/misc/assembled_scaffolds.fasta
  0:00:00.062     2M / 16M   INFO   DatasetProcessor         (dataset_processor.cpp     : 128)   Running bwa index ...: /data/djs217/anaconda3/envs/spades-env/bin/spades-bwa index /data/djs217/PROJECTS/10_X_fragariae_feb_2024/04_spades/NCPPB_4772.spades/misc/assembled_scaffolds.fasta
[bwa_index] Pack FASTA... 0.05 sec
[bwa_index] Construct BWT for the packed sequence...
[bwa_index] 0.96 seconds elapse.
[bwa_index] Update BWT... 0.04 sec
[bwa_index] Pack forward-only FASTA... 0.04 sec
[bwa_index] Construct SA from BWT and Occ... 0.36 sec
[main] Version: 0.7.16a-r1181
[main] CMD: /data/djs217/anaconda3/envs/spades-env/bin/spades-bwa index /data/djs217/PROJECTS/10_X_fragariae_feb_2024/04_spades/NCPPB_4772.spades/misc/assembled_scaffolds.fasta
[main] Real time: 1.837 sec; CPU: 1.455 sec
  0:00:01.904     2M / 16M   INFO   DatasetProcessor         (dataset_processor.cpp     : 190)   Processing paired sublib of number 0
  0:00:01.905     2M / 16M   INFO   DatasetProcessor         (dataset_processor.cpp     : 191)   /data/djs217/PROJECTS/10_X_fragariae_feb_2024/04_spades/NCPPB_4772.1_val_1.fq.gz /data/djs217/PROJECTS/10_X_fragariae_feb_2024/04_spades/NCPPB_4772.2_val_2.fq.gz
  0:00:01.906     2M / 16M   INFO   DatasetProcessor         (dataset_processor.cpp     : 153)   Running bwa mem ...:/data/djs217/anaconda3/envs/spades-env/bin/spades-bwa mem  -v 1 -t 16  /data/djs217/PROJECTS/10_X_fragariae_feb_2024/04_spades/NCPPB_4772.spades/misc/assembled_scaffolds.fasta /data/djs217/PROJECTS/10_X_fragariae_feb_2024/04_spades/NCPPB_4772.1_val_1.fq.gz /data/djs217/PROJECTS/10_X_fragariae_feb_2024/04_spades/NCPPB_4772.2_val_2.fq.gz   > /data/djs217/PROJECTS/10_X_fragariae_feb_2024/04_spades/NCPPB_4772.spades/tmp/corrector_gx7sws1m/lib0_DGHLhD/tmp.sam
[main] Version: 0.7.16a-r1181
[main] CMD: /data/djs217/anaconda3/envs/spades-env/bin/spades-bwa mem -v 1 -t 16 /data/djs217/PROJECTS/10_X_fragariae_feb_2024/04_spades/NCPPB_4772.spades/misc/assembled_scaffolds.fasta /data/djs217/PROJECTS/10_X_fragariae_feb_2024/04_spades/NCPPB_4772.1_val_1.fq.gz /data/djs217/PROJECTS/10_X_fragariae_feb_2024/04_spades/NCPPB_4772.2_val_2.fq.gz
[main] Real time: 9.205 sec; CPU: 81.034 sec
  0:00:11.154     2M / 16M   INFO   DatasetProcessor         (dataset_processor.cpp     : 199)   Adding samfile /data/djs217/PROJECTS/10_X_fragariae_feb_2024/04_spades/NCPPB_4772.spades/tmp/corrector_gx7sws1m/lib0_DGHLhD/tmp.sam
  0:00:13.396    60M / 68M   INFO   DatasetProcessor         (dataset_processor.cpp     : 118)   processed 1000000reads, flushing
  0:00:15.122     7M / 68M   INFO   DatasetProcessor         (dataset_processor.cpp     : 227)   Processing contigs
  0:00:15.549    14M / 178M  INFO   DatasetProcessor         (dataset_processor.cpp     : 243)   Contig NODE_10_length_56095_cov_15.570469 processed with 2 changes in thread 9
  0:00:15.599    21M / 185M  INFO   DatasetProcessor         (dataset_processor.cpp     : 243)   Contig NODE_4_length_68285_cov_15.044822 processed with 0 changes in thread 4
  0:00:15.615    27M / 191M  INFO   DatasetProcessor         (dataset_processor.cpp     : 243)   Contig NODE_14_length_52849_cov_15.123061 processed with 0 changes in thread 15
  0:00:15.627    33M / 195M  INFO   DatasetProcessor         (dataset_processor.cpp     : 243)   Contig NODE_12_length_53970_cov_14.976469 processed with 0 changes in thread 10
  0:00:15.629    40M / 197M  INFO   DatasetProcessor         (dataset_processor.cpp     : 243)   Contig NODE_6_length_58355_cov_18.361510 processed with 0 changes in thread 5
  0:00:15.636    46M / 204M  INFO   DatasetProcessor         (dataset_processor.cpp     : 243)   Contig NODE_11_length_54977_cov_14.729298 processed with 0 changes in thread 12
  0:00:15.644    53M / 208M  INFO   DatasetProcessor         (dataset_processor.cpp     : 243)   Contig NODE_13_length_53750_cov_15.258247 processed with 0 changes in thread 11
  0:00:15.649    59M / 208M  INFO   DatasetProcessor         (dataset_processor.cpp     : 243)   Contig NODE_8_length_56975_cov_16.074356 processed with 0 changes in thread 7
  0:00:15.649    65M / 208M  INFO   DatasetProcessor         (dataset_processor.cpp     : 243)   Contig NODE_15_length_52405_cov_16.117621 processed with 0 changes in thread 1
  0:00:15.662    71M / 212M  INFO   DatasetProcessor         (dataset_processor.cpp     : 243)   Contig NODE_16_length_51206_cov_17.085397 processed with 0 changes in thread 3
  0:00:15.713    78M / 217M  INFO   DatasetProcessor         (dataset_processor.cpp     : 243)   Contig NODE_9_length_56817_cov_16.479009 processed with 1 changes in thread 6
  0:00:15.716    84M / 221M  INFO   DatasetProcessor         (dataset_processor.cpp     : 243)   Contig NODE_7_length_57974_cov_16.739520 processed with 2 changes in thread 14
  0:00:15.779    93M / 224M  INFO   DatasetProcessor         (dataset_processor.cpp     : 243)   Contig NODE_1_length_77849_cov_13.534044 processed with 0 changes in thread 0
  0:00:15.819   101M / 224M  INFO   DatasetProcessor         (dataset_processor.cpp     : 243)   Contig NODE_3_length_69162_cov_16.517607 processed with 0 changes in thread 8
  0:00:15.827   109M / 224M  INFO   DatasetProcessor         (dataset_processor.cpp     : 243)   Contig NODE_5_length_67694_cov_17.035579 processed with 0 changes in thread 13
  0:00:15.847   108M / 226M  INFO   DatasetProcessor         (dataset_processor.cpp     : 243)   Contig NODE_17_length_50057_cov_13.479291 processed with 1 changes in thread 9
  0:00:15.891   117M / 227M  INFO   DatasetProcessor         (dataset_processor.cpp     : 243)   Contig NODE_2_length_76043_cov_17.000395 processed with 1 changes in thread 2
  0:00:15.960   115M / 230M  INFO   DatasetProcessor         (dataset_processor.cpp     : 243)   Contig NODE_21_length_45389_cov_17.081039 processed with 0 changes in thread 5
  0:00:15.972   114M / 231M  INFO   DatasetProcessor         (dataset_processor.cpp     : 243)   Contig NODE_18_length_49166_cov_16.488815 processed with 2 changes in thread 4
  0:00:15.998   112M / 231M  INFO   DatasetProcessor         (dataset_processor.cpp     : 243)   Contig NODE_23_length_43329_cov_14.207166 processed with 2 changes in thread 11
  0:00:15.998   111M / 231M  INFO   DatasetProcessor         (dataset_processor.cpp     : 243)   Contig NODE_22_length_43546_cov_14.372832 processed with 0 changes in thread 12
  0:00:16.027   110M / 233M  INFO   DatasetProcessor         (dataset_processor.cpp     : 243)   Contig NODE_20_length_45529_cov_14.946082 processed with 0 changes in thread 10
  0:00:16.031   108M / 235M  INFO   DatasetProcessor         (dataset_processor.cpp     : 243)   Contig NODE_28_length_37442_cov_14.398580 processed with 0 changes in thread 14
  0:00:16.040   106M / 235M  INFO   DatasetProcessor         (dataset_processor.cpp     : 243)   Contig NODE_24_length_42891_cov_15.814985 processed with 0 changes in thread 7
  0:00:16.061   105M / 236M  INFO   DatasetProcessor         (dataset_processor.cpp     : 243)   Contig NODE_26_length_42031_cov_16.563478 processed with 0 changes in thread 3
  0:00:16.072   103M / 239M  INFO   DatasetProcessor         (dataset_processor.cpp     : 243)   Contig NODE_27_length_41495_cov_15.084075 processed with 0 changes in thread 6
  0:00:16.074   101M / 239M  INFO   DatasetProcessor         (dataset_processor.cpp     : 243)   Contig NODE_32_length_33007_cov_15.755505 processed with 0 changes in thread 9
  0:00:16.076   101M / 239M  INFO   DatasetProcessor         (dataset_processor.cpp     : 243)   Contig NODE_19_length_47994_cov_16.433284 processed with 0 changes in thread 15
  0:00:16.114    96M / 240M  INFO   DatasetProcessor         (dataset_processor.cpp     : 243)   Contig NODE_29_length_36802_cov_15.473810 processed with 0 changes in thread 0
  0:00:16.125    95M / 240M  INFO   DatasetProcessor         (dataset_processor.cpp     : 243)   Contig NODE_25_length_42566_cov_19.427814 processed with 1 changes in thread 1
  0:00:16.144    91M / 241M  INFO   DatasetProcessor         (dataset_processor.cpp     : 243)   Contig NODE_33_length_32915_cov_13.224838 processed with 0 changes in thread 2
  0:00:16.147    87M / 241M  INFO   DatasetProcessor         (dataset_processor.cpp     : 243)   Contig NODE_30_length_35896_cov_15.991725 processed with 0 changes in thread 8
  0:00:16.182    83M / 241M  INFO   DatasetProcessor         (dataset_processor.cpp     : 243)   Contig NODE_31_length_34094_cov_17.793447 processed with 4 changes in thread 13
  0:00:16.190    81M / 241M  INFO   DatasetProcessor         (dataset_processor.cpp     : 243)   Contig NODE_34_length_32724_cov_16.602111 processed with 0 changes in thread 5
  0:00:16.231    79M / 241M  INFO   DatasetProcessor         (dataset_processor.cpp     : 243)   Contig NODE_35_length_32494_cov_18.515432 processed with 0 changes in thread 4
  0:00:16.263    78M / 241M  INFO   DatasetProcessor         (dataset_processor.cpp     : 243)   Contig NODE_36_length_32479_cov_14.392031 processed with 1 changes in thread 11
  0:00:16.292    76M / 242M  INFO   DatasetProcessor         (dataset_processor.cpp     : 243)   Contig NODE_38_length_31915_cov_14.531899 processed with 0 changes in thread 10
  0:00:16.292    75M / 242M  INFO   DatasetProcessor         (dataset_processor.cpp     : 243)   Contig NODE_37_length_32080_cov_16.283729 processed with 0 changes in thread 12
  0:00:16.294    73M / 242M  INFO   DatasetProcessor         (dataset_processor.cpp     : 243)   Contig NODE_40_length_31204_cov_14.013257 processed with 0 changes in thread 7
  0:00:16.300    73M / 242M  INFO   DatasetProcessor         (dataset_processor.cpp     : 243)   Contig NODE_43_length_29359_cov_18.684866 processed with 0 changes in thread 9
  0:00:16.306    72M / 242M  INFO   DatasetProcessor         (dataset_processor.cpp     : 243)   Contig NODE_42_length_30020_cov_13.083364 processed with 0 changes in thread 6
  0:00:16.313    70M / 242M  INFO   DatasetProcessor         (dataset_processor.cpp     : 243)   Contig NODE_41_length_30036_cov_14.337791 processed with 0 changes in thread 3
  0:00:16.326    68M / 242M  INFO   DatasetProcessor         (dataset_processor.cpp     : 243)   Contig NODE_44_length_28777_cov_15.213298 processed with 0 changes in thread 15
  0:00:16.342    68M / 242M  INFO   DatasetProcessor         (dataset_processor.cpp     : 243)   Contig NODE_50_length_26620_cov_13.166006 processed with 0 changes in thread 5
  0:00:16.342    67M / 242M  INFO   DatasetProcessor         (dataset_processor.cpp     : 243)   Contig NODE_39_length_31800_cov_16.735958 processed with 0 changes in thread 14
  0:00:16.355    65M / 242M  INFO   DatasetProcessor         (dataset_processor.cpp     : 243)   Contig NODE_46_length_28019_cov_13.728202 processed with 4 changes in thread 1
  0:00:16.355    64M / 242M  INFO   DatasetProcessor         (dataset_processor.cpp     : 243)   Contig NODE_45_length_28407_cov_13.914993 processed with 0 changes in thread 0
  0:00:16.398    64M / 242M  INFO   DatasetProcessor         (dataset_processor.cpp     : 243)   Contig NODE_51_length_26150_cov_15.390693 processed with 0 changes in thread 4
  0:00:16.402    63M / 242M  INFO   DatasetProcessor         (dataset_processor.cpp     : 243)   Contig NODE_48_length_27576_cov_16.017888 processed with 0 changes in thread 8
  0:00:16.414    62M / 242M  INFO   DatasetProcessor         (dataset_processor.cpp     : 243)   Contig NODE_49_length_27500_cov_14.597121 processed with 0 changes in thread 13
  0:00:16.421    61M / 242M  INFO   DatasetProcessor         (dataset_processor.cpp     : 243)   Contig NODE_47_length_27685_cov_17.505189 processed with 0 changes in thread 2
  0:00:16.459    61M / 242M  INFO   DatasetProcessor         (dataset_processor.cpp     : 243)   Contig NODE_56_length_24213_cov_15.496969 processed with 0 changes in thread 9
  0:00:16.493    61M / 243M  INFO   DatasetProcessor         (dataset_processor.cpp     : 243)   Contig NODE_60_length_23510_cov_14.999786 processed with 0 changes in thread 5
  0:00:16.496    60M / 243M  INFO   DatasetProcessor         (dataset_processor.cpp     : 243)   Contig NODE_52_length_26076_cov_14.024433 processed with 4 changes in thread 11
  0:00:16.510    60M / 243M  INFO   DatasetProcessor         (dataset_processor.cpp     : 243)   Contig NODE_55_length_24346_cov_15.289855 processed with 0 changes in thread 7
  0:00:16.521    59M / 243M  INFO   DatasetProcessor         (dataset_processor.cpp     : 243)   Contig NODE_57_length_24203_cov_15.028078 processed with 0 changes in thread 6
  0:00:16.521    58M / 243M  INFO   DatasetProcessor         (dataset_processor.cpp     : 243)   Contig NODE_61_length_23408_cov_13.279885 processed with 0 changes in thread 14
  0:00:16.523    57M / 243M  INFO   DatasetProcessor         (dataset_processor.cpp     : 243)   Contig NODE_54_length_24956_cov_16.108019 processed with 0 changes in thread 12
  0:00:16.523    57M / 243M  INFO   DatasetProcessor         (dataset_processor.cpp     : 243)   Contig NODE_53_length_25783_cov_15.625974 processed with 0 changes in thread 10
  0:00:16.533    56M / 244M  INFO   DatasetProcessor         (dataset_processor.cpp     : 243)   Contig NODE_58_length_24184_cov_15.984537 processed with 0 changes in thread 3
  0:00:16.538    56M / 244M  INFO   DatasetProcessor         (dataset_processor.cpp     : 243)   Contig NODE_64_length_22130_cov_14.400218 processed with 2 changes in thread 4
  0:00:16.545    55M / 244M  INFO   DatasetProcessor         (dataset_processor.cpp     : 243)   Contig NODE_63_length_22663_cov_14.015708 processed with 1 changes in thread 0
  0:00:16.548    55M / 244M  INFO   DatasetProcessor         (dataset_processor.cpp     : 243)   Contig NODE_59_length_24119_cov_16.323858 processed with 0 changes in thread 15
  0:00:16.553    54M / 244M  INFO   DatasetProcessor         (dataset_processor.cpp     : 243)   Contig NODE_62_length_23257_cov_14.587462 processed with 0 changes in thread 1
  0:00:16.584    54M / 244M  INFO   DatasetProcessor         (dataset_processor.cpp     : 243)   Contig NODE_68_length_21393_cov_13.198392 processed with 0 changes in thread 9
  0:00:16.610    53M / 244M  INFO   DatasetProcessor         (dataset_processor.cpp     : 243)   Contig NODE_65_length_22086_cov_16.462316 processed with 0 changes in thread 8
  0:00:16.615    52M / 244M  INFO   DatasetProcessor         (dataset_processor.cpp     : 243)   Contig NODE_66_length_21578_cov_15.959489 processed with 0 changes in thread 13
  0:00:16.623    52M / 244M  INFO   DatasetProcessor         (dataset_processor.cpp     : 243)   Contig NODE_67_length_21544_cov_16.489611 processed with 0 changes in thread 2
  0:00:16.676    51M / 244M  INFO   DatasetProcessor         (dataset_processor.cpp     : 243)   Contig NODE_70_length_20620_cov_14.848290 processed with 0 changes in thread 11
  0:00:16.685    50M / 244M  INFO   DatasetProcessor         (dataset_processor.cpp     : 243)   Contig NODE_73_length_20443_cov_13.880931 processed with 0 changes in thread 14
  0:00:16.694    50M / 244M  INFO   DatasetProcessor         (dataset_processor.cpp     : 243)   Contig NODE_69_length_20896_cov_23.587173 processed with 100 changes in thread 5
  0:00:16.709    50M / 244M  INFO   DatasetProcessor         (dataset_processor.cpp     : 243)   Contig NODE_71_length_20520_cov_17.051782 processed with 0 changes in thread 7
  0:00:16.717    49M / 244M  INFO   DatasetProcessor         (dataset_processor.cpp     : 243)   Contig NODE_74_length_20376_cov_16.437750 processed with 0 changes in thread 12
  0:00:16.725    49M / 245M  INFO   DatasetProcessor         (dataset_processor.cpp     : 243)   Contig NODE_72_length_20490_cov_17.056770 processed with 0 changes in thread 6
  0:00:17.334     7M / 249M  INFO   DatasetProcessor         (dataset_processor.cpp     : 247)   Gluing processed contigs
  0:00:17.358     1M / 249M  INFO    General                 (main.cpp                  :  72)   Correcting time: 0 hours 0 minutes 17 seconds

===== Mismatch correction scaffolds finished. 


===== Mismatch correction finished. 


===== Breaking scaffolds started. 


== Running: /data/djs217/anaconda3/envs/spades-env/bin/python /data/djs217/anaconda3/envs/spades-env/share/spades/spades_pipeline/scripts/breaking_scaffolds_script.py --result_scaffolds_filename /data/djs217/PROJECTS/10_X_fragariae_feb_2024/04_spades/NCPPB_4772.spades/scaffolds.fasta --misc_dir /data/djs217/PROJECTS/10_X_fragariae_feb_2024/04_spades/NCPPB_4772.spades/misc --threshold_for_breaking_scaffolds 3


===== Breaking scaffolds finished. 


===== Terminate started. 


===== Terminate finished. 

 * Corrected reads are in /data/djs217/PROJECTS/10_X_fragariae_feb_2024/04_spades/NCPPB_4772.spades/corrected/
 * Assembled contigs are in /data/djs217/PROJECTS/10_X_fragariae_feb_2024/04_spades/NCPPB_4772.spades/contigs.fasta
 * Assembled scaffolds are in /data/djs217/PROJECTS/10_X_fragariae_feb_2024/04_spades/NCPPB_4772.spades/scaffolds.fasta
 * Paths in the assembly graph corresponding to the contigs are in /data/djs217/PROJECTS/10_X_fragariae_feb_2024/04_spades/NCPPB_4772.spades/contigs.paths
 * Paths in the assembly graph corresponding to the scaffolds are in /data/djs217/PROJECTS/10_X_fragariae_feb_2024/04_spades/NCPPB_4772.spades/scaffolds.paths
 * Assembly graph is in /data/djs217/PROJECTS/10_X_fragariae_feb_2024/04_spades/NCPPB_4772.spades/assembly_graph.fastg
 * Assembly graph in GFA format is in /data/djs217/PROJECTS/10_X_fragariae_feb_2024/04_spades/NCPPB_4772.spades/assembly_graph_with_scaffolds.gfa

======= SPAdes pipeline finished WITH WARNINGS!

=== Error correction and assembling warnings:
 * 0:00:10.356    46M / 2433M WARN    General                 (pair_info_count.cpp       : 376)   Estimated mean insert size 283.725 is very small compared to read length 301
======= Warnings saved to /data/djs217/PROJECTS/10_X_fragariae_feb_2024/04_spades/NCPPB_4772.spades/warnings.log

SPAdes log can be found here: /data/djs217/PROJECTS/10_X_fragariae_feb_2024/04_spades/NCPPB_4772.spades/spades.log

Thank you for using SPAdes!
