Command line: /data/djs217/anaconda3/envs/spades-env/bin/spades.py	--careful	-o	/data/djs217/PROJECTS/10_X_fragariae_feb_2024/04_spades/NCPPB_4055.spades	-1	/data/djs217/PROJECTS/10_X_fragariae_feb_2024/04_spades/NCPPB_4055.1_val_1.fq.gz	-2	/data/djs217/PROJECTS/10_X_fragariae_feb_2024/04_spades/NCPPB_4055.2_val_2.fq.gz	

System information:
  SPAdes version: 3.15.5
  Python version: 3.12.0
  OS: Linux-5.15.0-91-generic-x86_64-with-glibc2.35

Output dir: /data/djs217/PROJECTS/10_X_fragariae_feb_2024/04_spades/NCPPB_4055.spades
Mode: read error correction and assembling
Debug mode is turned OFF

Dataset parameters:
  Standard mode
  For multi-cell/isolate data we recommend to use '--isolate' option; for single-cell MDA data use '--sc'; for metagenomic data use '--meta'; for RNA-Seq use '--rna'.
  Reads:
    Library number: 1, library type: paired-end
      orientation: fr
      left reads: ['/data/djs217/PROJECTS/10_X_fragariae_feb_2024/04_spades/NCPPB_4055.1_val_1.fq.gz']
      right reads: ['/data/djs217/PROJECTS/10_X_fragariae_feb_2024/04_spades/NCPPB_4055.2_val_2.fq.gz']
      interlaced reads: not specified
      single reads: not specified
      merged reads: not specified
Read error correction parameters:
  Iterations: 1
  PHRED offset will be auto-detected
  Corrected reads will be compressed
Assembly parameters:
  k: automatic selection based on read length
  Repeat resolution is enabled
  Mismatch careful mode is turned ON
  MismatchCorrector will be used
  Coverage cutoff is turned OFF
Other parameters:
  Dir for temp files: /data/djs217/PROJECTS/10_X_fragariae_feb_2024/04_spades/NCPPB_4055.spades/tmp
  Threads: 16
  Memory limit (in Gb): 62


======= SPAdes pipeline started. Log can be found here: /data/djs217/PROJECTS/10_X_fragariae_feb_2024/04_spades/NCPPB_4055.spades/spades.log

/data/djs217/PROJECTS/10_X_fragariae_feb_2024/04_spades/NCPPB_4055.1_val_1.fq.gz: max reads length: 301
/data/djs217/PROJECTS/10_X_fragariae_feb_2024/04_spades/NCPPB_4055.2_val_2.fq.gz: max reads length: 301

Reads length: 301

Default k-mer sizes were set to [21, 33, 55, 77, 99, 127] because estimated read length (301) is equal to or greater than 250

===== Before start started. 


===== Read error correction started. 


===== Read error correction started. 


== Running: /data/djs217/anaconda3/envs/spades-env/bin/spades-hammer /data/djs217/PROJECTS/10_X_fragariae_feb_2024/04_spades/NCPPB_4055.spades/corrected/configs/config.info

  0:00:00.000     1M / 19M   INFO    General                 (main.cpp                  :  75)   Starting BayesHammer, built from N/A, git revision N/A
  0:00:00.005     1M / 19M   INFO    General                 (main.cpp                  :  76)   Loading config from /data/djs217/PROJECTS/10_X_fragariae_feb_2024/04_spades/NCPPB_4055.spades/corrected/configs/config.info
  0:00:00.006     1M / 19M   INFO    General                 (main.cpp                  :  78)   Maximum # of threads to use (adjusted due to OMP capabilities): 16
  0:00:00.006     1M / 19M   INFO    General                 (memory_limit.cpp          :  54)   Memory limit set to 62 Gb
  0:00:00.006     1M / 19M   INFO    General                 (main.cpp                  :  86)   Trying to determine PHRED offset
  0:00:00.009     1M / 19M   INFO    General                 (main.cpp                  :  92)   Determined value is 33
  0:00:00.009     1M / 19M   INFO    General                 (hammer_tools.cpp          :  38)   Hamming graph threshold tau=1, k=21, subkmer positions = [ 0 10 ]
  0:00:00.009     1M / 19M   INFO    General                 (main.cpp                  : 113)   Size of aux. kmer data 24 bytes
     === ITERATION 0 begins ===
  0:00:00.010     1M / 19M   INFO    General                 (kmer_index_builder.hpp    : 243)   Splitting kmer instances into 16 files using 16 threads. This might take a while.
  0:00:00.010     1M / 19M   INFO    General                 (file_limit.hpp            :  42)   Open file limit set to 1024
  0:00:00.010     1M / 19M   INFO    General                 (kmer_splitter.hpp         :  93)   Memory available for splitting buffers: 1.29166 Gb
  0:00:00.010     1M / 19M   INFO    General                 (kmer_splitter.hpp         : 101)   Using cell size of 4194304
  0:00:00.013  9217M / 9217M INFO   K-mer Splitting          (kmer_data.cpp             :  97)   Processing /data/djs217/PROJECTS/10_X_fragariae_feb_2024/04_spades/NCPPB_4055.1_val_1.fq.gz
  0:00:04.121  9217M / 9217M INFO   K-mer Splitting          (kmer_data.cpp             : 107)   Processed 461706 reads
  0:00:04.122  9217M / 9217M INFO   K-mer Splitting          (kmer_data.cpp             :  97)   Processing /data/djs217/PROJECTS/10_X_fragariae_feb_2024/04_spades/NCPPB_4055.2_val_2.fq.gz
  0:00:06.869  9217M / 9217M INFO   K-mer Splitting          (kmer_data.cpp             : 107)   Processed 923412 reads
  0:00:06.870  9217M / 9217M INFO   K-mer Splitting          (kmer_data.cpp             : 112)   Total 923412 reads processed
  0:00:06.870     1M / 2971M INFO    General                 (kmer_index_builder.hpp    : 249)   Starting k-mer counting.
  0:00:07.044     1M / 2971M INFO    General                 (kmer_index_builder.hpp    : 260)   K-mer counting done. There are 19144918 kmers in total.
  0:00:07.045     1M / 2971M INFO   K-mer Index Building     (kmer_index_builder.hpp    : 395)   Building perfect hash indices
  0:00:07.209    15M / 2971M INFO   K-mer Index Building     (kmer_index_builder.hpp    : 431)   Index built. Total 19144918 kmers, 13839552 bytes occupied (5.78307 bits per kmer).
  0:00:07.209    15M / 2971M INFO   K-mer Counting           (kmer_data.cpp             : 354)   Arranging kmers in hash map order
  0:00:07.645   312M / 2971M INFO    General                 (main.cpp                  : 148)   Clustering Hamming graph.
  0:00:12.685   312M / 2971M INFO    General                 (main.cpp                  : 155)   Extracting clusters:
  0:00:12.685   312M / 2971M INFO    General                 (concurrent_dsu.cpp        :  18)   Connecting to root
  0:00:12.717   312M / 2971M INFO    General                 (concurrent_dsu.cpp        :  34)   Calculating counts
  0:00:13.862   584M / 2971M INFO    General                 (concurrent_dsu.cpp        :  63)   Writing down entries
  0:00:15.628   312M / 2971M INFO    General                 (main.cpp                  : 167)   Clustering done. Total clusters: 8341868
  0:00:15.635   164M / 2971M INFO   K-mer Counting           (kmer_data.cpp             : 371)   Collecting K-mer information, this takes a while.
  0:00:15.801   604M / 2971M INFO   K-mer Counting           (kmer_data.cpp             : 377)   Processing /data/djs217/PROJECTS/10_X_fragariae_feb_2024/04_spades/NCPPB_4055.1_val_1.fq.gz
  0:00:21.150   604M / 2971M INFO   K-mer Counting           (kmer_data.cpp             : 377)   Processing /data/djs217/PROJECTS/10_X_fragariae_feb_2024/04_spades/NCPPB_4055.2_val_2.fq.gz
  0:00:25.018   604M / 2971M INFO   K-mer Counting           (kmer_data.cpp             : 384)   Collection done, postprocessing.
  0:00:25.089   604M / 2971M INFO   K-mer Counting           (kmer_data.cpp             : 397)   There are 19144918 kmers in total. Among them 10655536 (55.6573%) are singletons.
  0:00:25.090   604M / 2971M INFO    General                 (main.cpp                  : 173)   Subclustering Hamming graph
  0:00:26.750   604M / 2971M INFO   Hamming Subclustering    (kmer_cluster.cpp          : 650)   Subclustering done. Total 11 non-read kmers were generated.
  0:00:26.750   604M / 2971M INFO   Hamming Subclustering    (kmer_cluster.cpp          : 651)   Subclustering statistics:
  0:00:26.750   604M / 2971M INFO   Hamming Subclustering    (kmer_cluster.cpp          : 652)     Total singleton hamming clusters: 2899214. Among them 2244376 (77.4133%) are good
  0:00:26.750   604M / 2971M INFO   Hamming Subclustering    (kmer_cluster.cpp          : 653)     Total singleton subclusters: 45425. Among them 45120 (99.3286%) are good
  0:00:26.750   604M / 2971M INFO   Hamming Subclustering    (kmer_cluster.cpp          : 654)     Total non-singleton subcluster centers: 5544417. Among them 3855720 (69.5424%) are good
  0:00:26.750   604M / 2971M INFO   Hamming Subclustering    (kmer_cluster.cpp          : 655)     Average size of non-trivial subcluster: 2.9301 kmers
  0:00:26.750   604M / 2971M INFO   Hamming Subclustering    (kmer_cluster.cpp          : 656)     Average number of sub-clusters per non-singleton cluster: 1.02704
  0:00:26.750   604M / 2971M INFO   Hamming Subclustering    (kmer_cluster.cpp          : 657)     Total solid k-mers: 6145216
  0:00:26.751   604M / 2971M INFO   Hamming Subclustering    (kmer_cluster.cpp          : 658)     Substitution probabilities: [4,4]((0.937185,0.0336895,0.0180797,0.0110454),(0.0182809,0.960987,0.00818852,0.0125431),(0.0125282,0.00817732,0.960999,0.0182951),(0.0110384,0.0180585,0.0336632,0.93724))
  0:00:26.762   604M / 2971M INFO    General                 (main.cpp                  : 178)   Finished clustering.
  0:00:26.762   604M / 2971M INFO    General                 (main.cpp                  : 197)   Starting solid k-mers expansion in 16 threads.
  0:00:30.067   604M / 2971M INFO    General                 (main.cpp                  : 218)   Solid k-mers iteration 0 produced 36533 new k-mers.
  0:00:33.371   604M / 2971M INFO    General                 (main.cpp                  : 218)   Solid k-mers iteration 1 produced 708 new k-mers.
  0:00:36.676   604M / 2971M INFO    General                 (main.cpp                  : 218)   Solid k-mers iteration 2 produced 0 new k-mers.
  0:00:36.676   604M / 2971M INFO    General                 (main.cpp                  : 222)   Solid k-mers finalized
  0:00:36.676   604M / 2971M INFO    General                 (hammer_tools.cpp          : 222)   Starting read correction in 16 threads.
  0:00:36.676   604M / 2971M INFO    General                 (hammer_tools.cpp          : 235)   Correcting pair of reads: /data/djs217/PROJECTS/10_X_fragariae_feb_2024/04_spades/NCPPB_4055.1_val_1.fq.gz and /data/djs217/PROJECTS/10_X_fragariae_feb_2024/04_spades/NCPPB_4055.2_val_2.fq.gz
  0:00:39.639  1395M / 2971M INFO    General                 (hammer_tools.cpp          : 170)   Prepared batch 0 of 461706 reads.
  0:00:42.476  1438M / 2971M INFO    General                 (hammer_tools.cpp          : 177)   Processed batch 0
  0:00:43.192  1438M / 2971M INFO    General                 (hammer_tools.cpp          : 187)   Written batch 0
  0:00:43.379   604M / 2971M INFO    General                 (hammer_tools.cpp          : 276)   Correction done. Changed 329716 bases in 244353 reads.
  0:00:43.388   604M / 2971M INFO    General                 (hammer_tools.cpp          : 277)   Failed to correct 37 bases out of 186289613.
  0:00:43.418     1M / 2971M INFO    General                 (main.cpp                  : 255)   Saving corrected dataset description to /data/djs217/PROJECTS/10_X_fragariae_feb_2024/04_spades/NCPPB_4055.spades/corrected/corrected.yaml
  0:00:43.419     1M / 2971M INFO    General                 (main.cpp                  : 262)   All done. Exiting.

===== Read error correction finished. 


===== corrected reads compression started. 


== Running: /data/djs217/anaconda3/envs/spades-env/bin/python /data/djs217/anaconda3/envs/spades-env/share/spades/spades_pipeline/scripts/compress_all.py --input_file /data/djs217/PROJECTS/10_X_fragariae_feb_2024/04_spades/NCPPB_4055.spades/corrected/corrected.yaml --ext_python_modules_home /data/djs217/anaconda3/envs/spades-env/share/spades --max_threads 16 --output_dir /data/djs217/PROJECTS/10_X_fragariae_feb_2024/04_spades/NCPPB_4055.spades/corrected --gzip_output

== Compressing corrected reads (with pigz)
== Files to compress: ['/data/djs217/PROJECTS/10_X_fragariae_feb_2024/04_spades/NCPPB_4055.spades/corrected/NCPPB_4055.1_val_1.fq.00.0_0.cor.fastq', '/data/djs217/PROJECTS/10_X_fragariae_feb_2024/04_spades/NCPPB_4055.spades/corrected/NCPPB_4055.2_val_2.fq.00.0_0.cor.fastq', '/data/djs217/PROJECTS/10_X_fragariae_feb_2024/04_spades/NCPPB_4055.spades/corrected/NCPPB_4055._unpaired.00.0_0.cor.fastq']
== Files compression is finished
== Dataset yaml file is updated

===== corrected reads compression finished. 


===== Read error correction finished. 


===== Assembling started. 


===== K21 started. 


== Running: /data/djs217/anaconda3/envs/spades-env/bin/spades-core /data/djs217/PROJECTS/10_X_fragariae_feb_2024/04_spades/NCPPB_4055.spades/K21/configs/config.info /data/djs217/PROJECTS/10_X_fragariae_feb_2024/04_spades/NCPPB_4055.spades/K21/configs/careful_mode.info

  0:00:00.000     1M / 19M   INFO    General                 (main.cpp                  :  99)   Loaded config from /data/djs217/PROJECTS/10_X_fragariae_feb_2024/04_spades/NCPPB_4055.spades/K21/configs/config.info
  0:00:00.003     1M / 19M   INFO    General                 (main.cpp                  :  99)   Loaded config from /data/djs217/PROJECTS/10_X_fragariae_feb_2024/04_spades/NCPPB_4055.spades/K21/configs/careful_mode.info
  0:00:00.003     1M / 19M   INFO    General                 (memory_limit.cpp          :  54)   Memory limit set to 62 Gb
  0:00:00.003     1M / 19M   INFO    General                 (main.cpp                  : 107)   Starting SPAdes, built from N/A, git revision N/A
  0:00:00.004     1M / 19M   INFO    General                 (main.cpp                  : 108)   Maximum k-mer length: 128
  0:00:00.004     1M / 19M   INFO    General                 (main.cpp                  : 109)   Assembling dataset (/data/djs217/PROJECTS/10_X_fragariae_feb_2024/04_spades/NCPPB_4055.spades/dataset.info) with K=21
  0:00:00.004     1M / 19M   INFO    General                 (main.cpp                  : 110)   Maximum # of threads to use (adjusted due to OMP capabilities): 16
  0:00:00.005     1M / 19M   INFO    General                 (pipeline.cpp              : 212)   SPAdes started
  0:00:00.005     1M / 19M   INFO    General                 (pipeline.cpp              : 225)   Starting from stage: read_conversion
  0:00:00.005     1M / 19M   INFO    General                 (pipeline.cpp              : 231)   Two-step repeat resolution disabled
  0:00:00.006     1M / 19M   INFO   GraphCore                (graph_core.hpp            : 672)   Graph created, vertex min_id: 3, edge min_id: 3
  0:00:00.006     1M / 19M   INFO   GraphCore                (graph_core.hpp            : 673)   Vertex size: 48, edge size: 40
  0:00:00.006     1M / 19M   INFO    General                 (edge_index.hpp            : 113)   Size of edge index entries: 12/8
  0:00:00.007     1M / 19M   INFO   StageManager             (stage.cpp                 : 185)   STAGE == Binary Read Conversion (id: read_conversion)
  0:00:00.008     1M / 19M   INFO    General                 (read_converter.cpp        :  72)   Converting reads to binary format for library #0 (takes a while)
  0:00:00.009     1M / 19M   INFO    General                 (read_converter.cpp        :  73)   Converting paired reads
  0:00:00.652    70M / 107M  INFO    General                 (binary_converter.cpp      :  96)   16384 reads processed
  0:00:00.669    77M / 120M  INFO    General                 (binary_converter.cpp      :  96)   32768 reads processed
  0:00:00.700    91M / 146M  INFO    General                 (binary_converter.cpp      :  96)   65536 reads processed
  0:00:01.048    76M / 222M  INFO    General                 (binary_converter.cpp      :  96)   131072 reads processed
  0:00:01.675    89M / 250M  INFO    General                 (binary_converter.cpp      :  96)   262144 reads processed
  0:00:02.905    63M / 286M  INFO    General                 (binary_converter.cpp      : 111)   460416 reads written
  0:00:02.906    41M / 286M  INFO    General                 (read_converter.cpp        :  86)   Converting single reads
  0:00:02.934    71M / 286M  INFO    General                 (binary_converter.cpp      : 111)   1282 reads written
  0:00:02.935    61M / 286M  INFO    General                 (read_converter.cpp        :  92)   Converting merged reads
  0:00:02.935    71M / 286M  INFO    General                 (binary_converter.cpp      : 111)   0 reads written
  0:00:02.968     1M / 287M  INFO   StageManager             (stage.cpp                 : 185)   STAGE == de Bruijn graph construction (id: construction)
  0:00:02.976     1M / 287M  INFO    General                 (construction.cpp          : 153)   Max read length 301
  0:00:02.977     1M / 287M  INFO    General                 (construction.cpp          : 159)   Average read length 201.996
  0:00:02.977     1M / 287M  INFO    General                 (stage.cpp                 : 117)   PROCEDURE == k+1-mer counting (id: construction:kpomer_counting)
  0:00:02.977     1M / 287M  INFO    General                 (kmer_index_builder.hpp    : 243)   Splitting kmer instances into 160 files using 16 threads. This might take a while.
  0:00:02.978     1M / 287M  INFO    General                 (file_limit.hpp            :  42)   Open file limit set to 1024
  0:00:02.978     1M / 287M  INFO    General                 (kmer_splitter.hpp         :  93)   Memory available for splitting buffers: 1.29165 Gb
  0:00:02.979     1M / 287M  INFO    General                 (kmer_splitter.hpp         : 101)   Using cell size of 419430
  0:00:04.717  9601M / 9601M INFO    General                 (kmer_splitters.hpp        : 125)   Processed 1844228 reads
  0:00:04.720     1M / 1619M INFO    General                 (kmer_splitters.hpp        : 131)   Used 1844228 reads
  0:00:04.835     1M / 1619M INFO    General                 (kmer_index_builder.hpp    : 249)   Starting k-mer counting.
  0:00:04.883     1M / 1619M INFO    General                 (kmer_index_builder.hpp    : 260)   K-mer counting done. There are 4032164 kmers in total.
  0:00:04.884     1M / 1619M INFO    General                 (stage.cpp                 : 117)   PROCEDURE == Extension index construction (id: construction:extension_index_construction)
  0:00:04.885     1M / 1619M INFO   K-mer Index Building     (kmer_index_builder.hpp    : 438)   Building kmer index
  0:00:04.885     1M / 1619M INFO    General                 (kmer_index_builder.hpp    : 243)   Splitting kmer instances into 160 files using 16 threads. This might take a while.
  0:00:04.886     1M / 1619M INFO    General                 (file_limit.hpp            :  42)   Open file limit set to 1024
  0:00:04.886     1M / 1619M INFO    General                 (kmer_splitter.hpp         :  93)   Memory available for splitting buffers: 1.29165 Gb
  0:00:04.886     1M / 1619M INFO    General                 (kmer_splitter.hpp         : 101)   Using cell size of 419430
  0:00:05.076  9601M / 9601M INFO    General                 (kmer_splitters.hpp        : 194)   Processed 4032164 kmers
  0:00:05.077  9601M / 9601M INFO    General                 (kmer_splitters.hpp        : 199)   Used 4032164 kmers.
  0:00:05.080     1M / 1619M INFO    General                 (kmer_index_builder.hpp    : 249)   Starting k-mer counting.
  0:00:05.117     1M / 1619M INFO    General                 (kmer_index_builder.hpp    : 260)   K-mer counting done. There are 4025248 kmers in total.
  0:00:05.117     1M / 1619M INFO   K-mer Index Building     (kmer_index_builder.hpp    : 395)   Building perfect hash indices
  0:00:05.170     5M / 1619M INFO   K-mer Index Building     (kmer_index_builder.hpp    : 431)   Index built. Total 4025248 kmers, 3027504 bytes occupied (6.01703 bits per kmer).
  0:00:05.170     5M / 1619M INFO    General                 (kmer_index_builder.hpp    : 169)   Merging final buckets.
  0:00:05.203     9M / 1619M INFO   DeBruijnExtensionIndexBu (kmer_extension_index_build: 100)   Building k-mer extensions from k+1-mers
  0:00:05.329     9M / 1619M INFO   DeBruijnExtensionIndexBu (kmer_extension_index_build: 105)   Building k-mer extensions from k+1-mers finished.
  0:00:05.337     9M / 1619M INFO    General                 (stage.cpp                 : 117)   PROCEDURE == Early tip clipping (id: construction:early_tip_clipper)
  0:00:05.337     9M / 1619M INFO    General                 (construction.cpp          : 301)   Early tip clipper length bound set as (RL - K)
  0:00:05.337     9M / 1619M INFO   Early tip clipping       (early_simplification.hpp  :  47)   Early tip clipping
  0:00:05.401     9M / 1619M INFO   Early tip clipping       (early_simplification.hpp  :  82)   #tipped junctions: 6261
  0:00:05.402     9M / 1619M INFO   Early tip clipping       (early_simplification.hpp  :  93)   Clipped tips: 6272
  0:00:05.407     9M / 1619M INFO   Early tip clipping       (early_simplification.hpp  :  49)   55662 22-mers were removed by early tip clipper
  0:00:05.407     9M / 1619M INFO    General                 (stage.cpp                 : 117)   PROCEDURE == Condensing graph (id: construction:graph_condensing)
  0:00:05.408     9M / 1619M INFO   UnbranchingPathExtractor (debruijn_graph_constructor: 354)   Extracting unbranching paths
  0:00:05.500    10M / 1619M INFO   UnbranchingPathExtractor (debruijn_graph_constructor: 373)   Extracting unbranching paths finished. 19991 sequences extracted
  0:00:05.585    10M / 1619M INFO   UnbranchingPathExtractor (debruijn_graph_constructor: 309)   Collecting perfect loops
  0:00:05.613    10M / 1619M INFO   UnbranchingPathExtractor (debruijn_graph_constructor: 342)   Collecting perfect loops finished. 1 loops collected
  0:00:05.622    10M / 1619M INFO    General                 (debruijn_graph_constructor: 487)   Total 39984 edges to create
  0:00:05.622    12M / 1619M INFO    General                 (debruijn_graph_constructor: 489)   Collecting link records
  0:00:05.646    13M / 1619M INFO    General                 (debruijn_graph_constructor: 491)   Ordering link records
  0:00:05.646    13M / 1619M INFO    General                 (debruijn_graph_constructor: 493)   Sorting done
  0:00:05.646    13M / 1619M INFO    General                 (debruijn_graph_constructor: 503)   Total 13076 vertices to create
  0:00:05.646    14M / 1619M INFO    General                 (debruijn_graph_constructor: 506)   Connecting the graph
  0:00:05.663    13M / 1619M INFO    General                 (stage.cpp                 : 117)   PROCEDURE == Filling coverage indices (PHM) (id: construction:coverage_filling_phm)
  0:00:05.663    13M / 1619M INFO   K-mer Index Building     (kmer_index_builder.hpp    : 395)   Building perfect hash indices
  0:00:05.706    17M / 1619M INFO   K-mer Index Building     (kmer_index_builder.hpp    : 431)   Index built. Total 4032164 kmers, 3032432 bytes occupied (6.01649 bits per kmer).
  0:00:05.709    33M / 1619M INFO    General                 (coverage_hash_map_builder.:  47)   Collecting k-mer coverage information from reads, this takes a while.
  0:00:07.375    33M / 1619M INFO    General                 (construction.cpp          : 430)   Filling coverage and flanking coverage from PHM
  0:00:07.461    33M / 1619M INFO    General                 (coverage_filling.hpp      :  82)   Processed 39917 edges
  0:00:07.479     5M / 1619M INFO   StageManager             (stage.cpp                 : 185)   STAGE == EC Threshold Finding (id: ec_threshold_finder)
  0:00:07.480     5M / 1619M INFO    General                 (kmer_coverage_model.cpp   : 181)   Kmer coverage valley at: 5
  0:00:07.480     5M / 1619M INFO    General                 (kmer_coverage_model.cpp   : 201)   K-mer histogram maximum: 36
  0:00:07.480     5M / 1619M INFO    General                 (kmer_coverage_model.cpp   : 237)   Estimated median coverage: 38. Coverage mad: 11.8608
  0:00:07.480     5M / 1619M INFO    General                 (kmer_coverage_model.cpp   : 259)   Fitting coverage model
  0:00:07.510     5M / 1619M INFO    General                 (kmer_coverage_model.cpp   : 295)   ... iteration 2
  0:00:07.583     5M / 1619M INFO    General                 (kmer_coverage_model.cpp   : 295)   ... iteration 4
  0:00:07.910     5M / 1619M INFO    General                 (kmer_coverage_model.cpp   : 295)   ... iteration 8
  0:00:08.431     5M / 1619M INFO    General                 (kmer_coverage_model.cpp   : 295)   ... iteration 16
  0:00:08.486     5M / 1619M INFO    General                 (kmer_coverage_model.cpp   : 309)   Fitted mean coverage: 38.2187. Fitted coverage std. dev: 9.40349
  0:00:08.487     5M / 1619M INFO    General                 (kmer_coverage_model.cpp   : 334)   Probability of erroneous kmer at valley: 0.0833654
  0:00:08.487     5M / 1619M INFO    General                 (kmer_coverage_model.cpp   : 358)   Preliminary threshold calculated as: 7
  0:00:08.487     5M / 1619M INFO    General                 (kmer_coverage_model.cpp   : 362)   Threshold adjusted to: 7
  0:00:08.488     5M / 1619M INFO    General                 (kmer_coverage_model.cpp   : 375)   Estimated genome size (ignoring repeats): 3874982
  0:00:08.488     5M / 1619M INFO    General                 (genomic_info_filler.cpp   :  55)   Mean coverage was calculated as 38.2187
  0:00:08.488     5M / 1619M INFO    General                 (genomic_info_filler.cpp   :  70)   EC coverage threshold value was calculated as 7
  0:00:08.488     5M / 1619M INFO    General                 (genomic_info_filler.cpp   :  71)   Trusted kmer low bound: 0
  0:00:08.488     5M / 1619M INFO   StageManager             (stage.cpp                 : 185)   STAGE == Raw Simplification (id: raw_simplification)
  0:00:08.488     5M / 1619M INFO    General                 (simplification.cpp        : 127)   PROCEDURE == Initial cleaning
  0:00:08.488     5M / 1619M INFO    General                 (graph_simplification.hpp  : 662)   Flanking coverage based disconnection disabled
  0:00:08.488     5M / 1619M INFO   Simplification           (parallel_processing.hpp   : 167)   Running Self conjugate edge remover
  0:00:08.490     5M / 1619M INFO   Simplification           (parallel_processing.hpp   : 170)   Self conjugate edge remover triggered 0 times
  0:00:08.490     5M / 1619M INFO   StageManager             (stage.cpp                 : 185)   STAGE == Simplification (id: simplification)
  0:00:08.490     5M / 1619M INFO    General                 (simplification.cpp        : 368)   Graph simplification started
  0:00:08.490     5M / 1619M INFO    General                 (graph_simplification.hpp  : 634)   Creating parallel br instance
  0:00:08.490     5M / 1619M INFO    General                 (simplification.cpp        : 373)   PROCEDURE == Simplification cycle, iteration 1
  0:00:08.490     5M / 1619M INFO   Simplification           (parallel_processing.hpp   : 167)   Running Tip clipper
  0:00:08.492     5M / 1619M INFO   Simplification           (parallel_processing.hpp   : 170)   Tip clipper triggered 20 times
  0:00:08.492     5M / 1619M INFO   Simplification           (parallel_processing.hpp   : 167)   Running Bulge remover
  0:00:08.558     5M / 1619M INFO   Simplification           (parallel_processing.hpp   : 170)   Bulge remover triggered 2116 times
  0:00:08.559     5M / 1619M INFO   Simplification           (parallel_processing.hpp   : 167)   Running Low coverage edge remover
  0:00:08.560     5M / 1619M INFO   Simplification           (parallel_processing.hpp   : 170)   Low coverage edge remover triggered 0 times
  0:00:08.560     5M / 1619M INFO    General                 (simplification.cpp        : 373)   PROCEDURE == Simplification cycle, iteration 2
  0:00:08.560     5M / 1619M INFO   Simplification           (parallel_processing.hpp   : 167)   Running Tip clipper
  0:00:08.561     5M / 1619M INFO   Simplification           (parallel_processing.hpp   : 170)   Tip clipper triggered 3 times
  0:00:08.561     5M / 1619M INFO   Simplification           (parallel_processing.hpp   : 167)   Running Bulge remover
  0:00:08.561     5M / 1619M INFO   Simplification           (parallel_processing.hpp   : 170)   Bulge remover triggered 0 times
  0:00:08.561     5M / 1619M INFO   Simplification           (parallel_processing.hpp   : 167)   Running Low coverage edge remover
  0:00:08.595     5M / 1619M INFO   Simplification           (parallel_processing.hpp   : 170)   Low coverage edge remover triggered 1807 times
  0:00:08.596     5M / 1619M INFO    General                 (simplification.cpp        : 373)   PROCEDURE == Simplification cycle, iteration 3
  0:00:08.596     5M / 1619M INFO   Simplification           (parallel_processing.hpp   : 167)   Running Tip clipper
  0:00:08.597     5M / 1619M INFO   Simplification           (parallel_processing.hpp   : 170)   Tip clipper triggered 11 times
  0:00:08.597     5M / 1619M INFO   Simplification           (parallel_processing.hpp   : 167)   Running Bulge remover
  0:00:08.605     5M / 1619M INFO   Simplification           (parallel_processing.hpp   : 170)   Bulge remover triggered 176 times
  0:00:08.605     5M / 1619M INFO   Simplification           (parallel_processing.hpp   : 167)   Running Low coverage edge remover
  0:00:08.620     5M / 1619M INFO   Simplification           (parallel_processing.hpp   : 170)   Low coverage edge remover triggered 443 times
  0:00:08.620     5M / 1619M INFO    General                 (simplification.cpp        : 373)   PROCEDURE == Simplification cycle, iteration 4
  0:00:08.620     5M / 1619M INFO   Simplification           (parallel_processing.hpp   : 167)   Running Tip clipper
  0:00:08.621     5M / 1619M INFO   Simplification           (parallel_processing.hpp   : 170)   Tip clipper triggered 0 times
  0:00:08.621     5M / 1619M INFO   Simplification           (parallel_processing.hpp   : 167)   Running Bulge remover
  0:00:08.624     5M / 1619M INFO   Simplification           (parallel_processing.hpp   : 170)   Bulge remover triggered 61 times
  0:00:08.624     5M / 1619M INFO   Simplification           (parallel_processing.hpp   : 167)   Running Low coverage edge remover
  0:00:08.624     5M / 1619M INFO   Simplification           (parallel_processing.hpp   : 170)   Low coverage edge remover triggered 26 times
  0:00:08.625     5M / 1619M INFO    General                 (simplification.cpp        : 373)   PROCEDURE == Simplification cycle, iteration 5
  0:00:08.625     5M / 1619M INFO   Simplification           (parallel_processing.hpp   : 167)   Running Tip clipper
  0:00:08.625     5M / 1619M INFO   Simplification           (parallel_processing.hpp   : 170)   Tip clipper triggered 0 times
  0:00:08.625     5M / 1619M INFO   Simplification           (parallel_processing.hpp   : 167)   Running Bulge remover
  0:00:08.625     5M / 1619M INFO   Simplification           (parallel_processing.hpp   : 170)   Bulge remover triggered 4 times
  0:00:08.625     5M / 1619M INFO   Simplification           (parallel_processing.hpp   : 167)   Running Low coverage edge remover
  0:00:08.626     5M / 1619M INFO   Simplification           (parallel_processing.hpp   : 170)   Low coverage edge remover triggered 50 times
  0:00:08.626     5M / 1619M INFO    General                 (simplification.cpp        : 373)   PROCEDURE == Simplification cycle, iteration 6
  0:00:08.626     5M / 1619M INFO   Simplification           (parallel_processing.hpp   : 167)   Running Tip clipper
  0:00:08.626     5M / 1619M INFO   Simplification           (parallel_processing.hpp   : 170)   Tip clipper triggered 1 times
  0:00:08.626     5M / 1619M INFO   Simplification           (parallel_processing.hpp   : 167)   Running Bulge remover
  0:00:08.627     5M / 1619M INFO   Simplification           (parallel_processing.hpp   : 170)   Bulge remover triggered 17 times
  0:00:08.627     5M / 1619M INFO   Simplification           (parallel_processing.hpp   : 167)   Running Low coverage edge remover
  0:00:08.627     5M / 1619M INFO   Simplification           (parallel_processing.hpp   : 170)   Low coverage edge remover triggered 28 times
  0:00:08.627     5M / 1619M INFO    General                 (simplification.cpp        : 373)   PROCEDURE == Simplification cycle, iteration 7
  0:00:08.627     5M / 1619M INFO   Simplification           (parallel_processing.hpp   : 167)   Running Tip clipper
  0:00:08.628     5M / 1619M INFO   Simplification           (parallel_processing.hpp   : 170)   Tip clipper triggered 0 times
  0:00:08.628     5M / 1619M INFO   Simplification           (parallel_processing.hpp   : 167)   Running Bulge remover
  0:00:08.628     5M / 1619M INFO   Simplification           (parallel_processing.hpp   : 170)   Bulge remover triggered 5 times
  0:00:08.628     5M / 1619M INFO   Simplification           (parallel_processing.hpp   : 167)   Running Low coverage edge remover
  0:00:08.628     5M / 1619M INFO   Simplification           (parallel_processing.hpp   : 170)   Low coverage edge remover triggered 2 times
  0:00:08.628     5M / 1619M INFO    General                 (simplification.cpp        : 373)   PROCEDURE == Simplification cycle, iteration 8
  0:00:08.628     5M / 1619M INFO   Simplification           (parallel_processing.hpp   : 167)   Running Tip clipper
  0:00:08.628     5M / 1619M INFO   Simplification           (parallel_processing.hpp   : 170)   Tip clipper triggered 0 times
  0:00:08.628     5M / 1619M INFO   Simplification           (parallel_processing.hpp   : 167)   Running Bulge remover
  0:00:08.628     5M / 1619M INFO   Simplification           (parallel_processing.hpp   : 170)   Bulge remover triggered 0 times
  0:00:08.628     5M / 1619M INFO   Simplification           (parallel_processing.hpp   : 167)   Running Low coverage edge remover
  0:00:08.628     5M / 1619M INFO   Simplification           (parallel_processing.hpp   : 170)   Low coverage edge remover triggered 11 times
  0:00:08.629     5M / 1619M INFO    General                 (simplification.cpp        : 373)   PROCEDURE == Simplification cycle, iteration 9
  0:00:08.629     5M / 1619M INFO   Simplification           (parallel_processing.hpp   : 167)   Running Tip clipper
  0:00:08.629     5M / 1619M INFO   Simplification           (parallel_processing.hpp   : 170)   Tip clipper triggered 0 times
  0:00:08.629     5M / 1619M INFO   Simplification           (parallel_processing.hpp   : 167)   Running Bulge remover
  0:00:08.629     5M / 1619M INFO   Simplification           (parallel_processing.hpp   : 170)   Bulge remover triggered 8 times
  0:00:08.629     5M / 1619M INFO   Simplification           (parallel_processing.hpp   : 167)   Running Low coverage edge remover
  0:00:08.629     5M / 1619M INFO   Simplification           (parallel_processing.hpp   : 170)   Low coverage edge remover triggered 7 times
  0:00:08.629     5M / 1619M INFO    General                 (simplification.cpp        : 373)   PROCEDURE == Simplification cycle, iteration 10
  0:00:08.629     5M / 1619M INFO   Simplification           (parallel_processing.hpp   : 167)   Running Tip clipper
  0:00:08.629     5M / 1619M INFO   Simplification           (parallel_processing.hpp   : 170)   Tip clipper triggered 0 times
  0:00:08.629     5M / 1619M INFO   Simplification           (parallel_processing.hpp   : 167)   Running Bulge remover
  0:00:08.629     5M / 1619M INFO   Simplification           (parallel_processing.hpp   : 170)   Bulge remover triggered 2 times
  0:00:08.630     5M / 1619M INFO   Simplification           (parallel_processing.hpp   : 167)   Running Low coverage edge remover
  0:00:08.630     5M / 1619M INFO   Simplification           (parallel_processing.hpp   : 170)   Low coverage edge remover triggered 2 times
  0:00:08.630     5M / 1619M INFO    General                 (simplification.cpp        : 373)   PROCEDURE == Simplification cycle, iteration 11
  0:00:08.630     5M / 1619M INFO   Simplification           (parallel_processing.hpp   : 167)   Running Tip clipper
  0:00:08.630     5M / 1619M INFO   Simplification           (parallel_processing.hpp   : 170)   Tip clipper triggered 1 times
  0:00:08.630     5M / 1619M INFO   Simplification           (parallel_processing.hpp   : 167)   Running Bulge remover
  0:00:08.637     5M / 1619M INFO   Simplification           (parallel_processing.hpp   : 170)   Bulge remover triggered 11 times
  0:00:08.637     5M / 1619M INFO   Simplification           (parallel_processing.hpp   : 167)   Running Low coverage edge remover
  0:00:08.637     5M / 1619M INFO   Simplification           (parallel_processing.hpp   : 170)   Low coverage edge remover triggered 0 times
  0:00:08.637     5M / 1619M INFO    General                 (simplification.cpp        : 373)   PROCEDURE == Simplification cycle, iteration 12
  0:00:08.637     5M / 1619M INFO   Simplification           (parallel_processing.hpp   : 167)   Running Tip clipper
  0:00:08.638     5M / 1619M INFO   Simplification           (parallel_processing.hpp   : 170)   Tip clipper triggered 0 times
  0:00:08.638     5M / 1619M INFO   Simplification           (parallel_processing.hpp   : 167)   Running Bulge remover
  0:00:08.638     5M / 1619M INFO   Simplification           (parallel_processing.hpp   : 170)   Bulge remover triggered 0 times
  0:00:08.638     5M / 1619M INFO   Simplification           (parallel_processing.hpp   : 167)   Running Low coverage edge remover
  0:00:08.638     5M / 1619M INFO   Simplification           (parallel_processing.hpp   : 170)   Low coverage edge remover triggered 0 times
  0:00:08.638     5M / 1619M INFO   StageManager             (stage.cpp                 : 185)   STAGE == Simplification Cleanup (id: simplification_cleanup)
  0:00:08.638     5M / 1619M INFO    General                 (simplification.cpp        : 176)   PROCEDURE == Post simplification
  0:00:08.638     5M / 1619M INFO    General                 (graph_simplification.hpp  : 448)   Disconnection of relatively low covered edges disabled
  0:00:08.638     5M / 1619M INFO    General                 (graph_simplification.hpp  : 485)   Complex tip clipping disabled
  0:00:08.638     5M / 1619M INFO    General                 (graph_simplification.hpp  : 634)   Creating parallel br instance
  0:00:08.639     5M / 1619M INFO   Simplification           (parallel_processing.hpp   : 167)   Running Tip clipper
  0:00:08.639     5M / 1619M INFO   Simplification           (parallel_processing.hpp   : 170)   Tip clipper triggered 0 times
  0:00:08.639     5M / 1619M INFO   Simplification           (parallel_processing.hpp   : 167)   Running Bulge remover
  0:00:08.645     5M / 1619M INFO   Simplification           (parallel_processing.hpp   : 170)   Bulge remover triggered 1 times
  0:00:08.646     5M / 1619M INFO   Simplification           (parallel_processing.hpp   : 167)   Running Tip clipper
  0:00:08.646     5M / 1619M INFO   Simplification           (parallel_processing.hpp   : 170)   Tip clipper triggered 0 times
  0:00:08.646     5M / 1619M INFO   Simplification           (parallel_processing.hpp   : 167)   Running Bulge remover
  0:00:08.652     5M / 1619M INFO   Simplification           (parallel_processing.hpp   : 170)   Bulge remover triggered 4 times
  0:00:08.653     5M / 1619M INFO   Simplification           (parallel_processing.hpp   : 167)   Running Tip clipper
  0:00:08.653     5M / 1619M INFO   Simplification           (parallel_processing.hpp   : 170)   Tip clipper triggered 0 times
  0:00:08.653     5M / 1619M INFO   Simplification           (parallel_processing.hpp   : 167)   Running Bulge remover
  0:00:08.653     5M / 1619M INFO   Simplification           (parallel_processing.hpp   : 170)   Bulge remover triggered 0 times
  0:00:08.653     5M / 1619M INFO    General                 (simplification.cpp        : 327)   Disrupting self-conjugate edges
  0:00:08.654     5M / 1619M INFO   Simplification           (parallel_processing.hpp   : 167)   Running Removing isolated edges
  0:00:08.655     5M / 1619M INFO   Simplification           (parallel_processing.hpp   : 170)   Removing isolated edges triggered 156 times
  0:00:08.655     5M / 1619M INFO    General                 (simplification.cpp        : 495)   After simplification:
  0:00:08.655     5M / 1619M INFO    General                 (simplification.cpp        : 496)     Average coverage = 43.1965
  0:00:08.655     5M / 1619M INFO    General                 (simplification.cpp        : 497)     Total length = 3860523
  0:00:08.656     5M / 1619M INFO    General                 (simplification.cpp        : 498)     Median edge length: 6860
  0:00:08.656     5M / 1619M INFO    General                 (simplification.cpp        : 499)     Edges: 12484
  0:00:08.656     5M / 1619M INFO    General                 (simplification.cpp        : 500)     Vertices: 7928
  0:00:08.656     5M / 1619M INFO   StageManager             (stage.cpp                 : 185)   STAGE == Contig Output (id: contig_output)
  0:00:08.656     5M / 1619M INFO    General                 (read_converter.cpp        : 107)   Outputting contigs to /data/djs217/PROJECTS/10_X_fragariae_feb_2024/04_spades/NCPPB_4055.spades/K21/simplified_contigs
  0:00:08.663     7M / 1619M INFO    General                 (binary_converter.cpp      : 111)   6255 reads written
  0:00:08.668     5M / 1619M INFO    General                 (pipeline.cpp              : 287)   SPAdes finished
  0:00:08.670     1M / 1619M INFO    General                 (main.cpp                  : 136)   Assembling time: 0 hours 0 minutes 8 seconds

===== K21 finished. 


===== K33 started. 


== Running: /data/djs217/anaconda3/envs/spades-env/bin/spades-core /data/djs217/PROJECTS/10_X_fragariae_feb_2024/04_spades/NCPPB_4055.spades/K33/configs/config.info /data/djs217/PROJECTS/10_X_fragariae_feb_2024/04_spades/NCPPB_4055.spades/K33/configs/careful_mode.info

  0:00:00.000     1M / 19M   INFO    General                 (main.cpp                  :  99)   Loaded config from /data/djs217/PROJECTS/10_X_fragariae_feb_2024/04_spades/NCPPB_4055.spades/K33/configs/config.info
  0:00:00.001     1M / 19M   INFO    General                 (main.cpp                  :  99)   Loaded config from /data/djs217/PROJECTS/10_X_fragariae_feb_2024/04_spades/NCPPB_4055.spades/K33/configs/careful_mode.info
  0:00:00.001     1M / 19M   INFO    General                 (memory_limit.cpp          :  54)   Memory limit set to 62 Gb
  0:00:00.001     1M / 19M   INFO    General                 (main.cpp                  : 107)   Starting SPAdes, built from N/A, git revision N/A
  0:00:00.001     1M / 19M   INFO    General                 (main.cpp                  : 108)   Maximum k-mer length: 128
  0:00:00.001     1M / 19M   INFO    General                 (main.cpp                  : 109)   Assembling dataset (/data/djs217/PROJECTS/10_X_fragariae_feb_2024/04_spades/NCPPB_4055.spades/dataset.info) with K=33
  0:00:00.001     1M / 19M   INFO    General                 (main.cpp                  : 110)   Maximum # of threads to use (adjusted due to OMP capabilities): 16
  0:00:00.001     1M / 19M   INFO    General                 (pipeline.cpp              : 212)   SPAdes started
  0:00:00.002     1M / 19M   INFO    General                 (pipeline.cpp              : 225)   Starting from stage: read_conversion
  0:00:00.002     1M / 19M   INFO    General                 (pipeline.cpp              : 231)   Two-step repeat resolution disabled
  0:00:00.002     1M / 19M   INFO   GraphCore                (graph_core.hpp            : 672)   Graph created, vertex min_id: 3, edge min_id: 3
  0:00:00.002     1M / 19M   INFO   GraphCore                (graph_core.hpp            : 673)   Vertex size: 48, edge size: 40
  0:00:00.002     1M / 19M   INFO    General                 (edge_index.hpp            : 113)   Size of edge index entries: 12/8
  0:00:00.002     1M / 19M   INFO   StageManager             (stage.cpp                 : 185)   STAGE == Binary Read Conversion (id: read_conversion)
  0:00:00.002     1M / 19M   INFO    General                 (read_converter.cpp        :  53)   Binary reads detected
  0:00:00.007     1M / 19M   INFO   StageManager             (stage.cpp                 : 185)   STAGE == de Bruijn graph construction (id: construction)
  0:00:00.007     1M / 19M   INFO    General                 (construction.cpp          : 118)   Contigs from previous K will be used: /data/djs217/PROJECTS/10_X_fragariae_feb_2024/04_spades/NCPPB_4055.spades/K21/simplified_contigs
  0:00:00.050     1M / 19M   INFO    General                 (construction.cpp          : 153)   Max read length 301
  0:00:00.050     1M / 19M   INFO    General                 (construction.cpp          : 159)   Average read length 201.996
  0:00:00.050     1M / 19M   INFO    General                 (stage.cpp                 : 117)   PROCEDURE == k+1-mer counting (id: construction:kpomer_counting)
  0:00:00.050     1M / 19M   INFO    General                 (kmer_index_builder.hpp    : 243)   Splitting kmer instances into 160 files using 16 threads. This might take a while.
  0:00:00.051     1M / 19M   INFO    General                 (file_limit.hpp            :  42)   Open file limit set to 1024
  0:00:00.051     1M / 19M   INFO    General                 (kmer_splitter.hpp         :  93)   Memory available for splitting buffers: 1.29165 Gb
  0:00:00.051     1M / 19M   INFO    General                 (kmer_splitter.hpp         : 101)   Using cell size of 209715
  0:00:01.988  9601M / 9601M INFO    General                 (kmer_splitters.hpp        : 125)   Processed 1856738 reads
  0:00:02.003     1M / 2864M INFO    General                 (kmer_splitters.hpp        : 131)   Used 1856738 reads
  0:00:02.230     1M / 2864M INFO    General                 (kmer_index_builder.hpp    : 249)   Starting k-mer counting.
  0:00:02.305     1M / 2864M INFO    General                 (kmer_index_builder.hpp    : 260)   K-mer counting done. There are 4093552 kmers in total.
  0:00:02.305     1M / 2864M INFO    General                 (stage.cpp                 : 117)   PROCEDURE == Extension index construction (id: construction:extension_index_construction)
  0:00:02.308     1M / 2864M INFO   K-mer Index Building     (kmer_index_builder.hpp    : 438)   Building kmer index
  0:00:02.308     1M / 2864M INFO    General                 (kmer_index_builder.hpp    : 243)   Splitting kmer instances into 160 files using 16 threads. This might take a while.
  0:00:02.308     1M / 2864M INFO    General                 (file_limit.hpp            :  42)   Open file limit set to 1024
  0:00:02.308     1M / 2864M INFO    General                 (kmer_splitter.hpp         :  93)   Memory available for splitting buffers: 1.29165 Gb
  0:00:02.308     1M / 2864M INFO    General                 (kmer_splitter.hpp         : 101)   Using cell size of 209715
  0:00:02.467  9602M / 9602M INFO    General                 (kmer_splitters.hpp        : 194)   Processed 4093552 kmers
  0:00:02.467  9602M / 9602M INFO    General                 (kmer_splitters.hpp        : 199)   Used 4093552 kmers.
  0:00:02.469     2M / 2864M INFO    General                 (kmer_index_builder.hpp    : 249)   Starting k-mer counting.
  0:00:02.526     2M / 2864M INFO    General                 (kmer_index_builder.hpp    : 260)   K-mer counting done. There are 4089346 kmers in total.
  0:00:02.526     2M / 2864M INFO   K-mer Index Building     (kmer_index_builder.hpp    : 395)   Building perfect hash indices
  0:00:02.668     5M / 2864M INFO   K-mer Index Building     (kmer_index_builder.hpp    : 431)   Index built. Total 4089346 kmers, 3074016 bytes occupied (6.01371 bits per kmer).
  0:00:02.668     5M / 2864M INFO    General                 (kmer_index_builder.hpp    : 169)   Merging final buckets.
  0:00:02.989     9M / 2864M INFO   DeBruijnExtensionIndexBu (kmer_extension_index_build: 100)   Building k-mer extensions from k+1-mers
  0:00:03.134     9M / 2864M INFO   DeBruijnExtensionIndexBu (kmer_extension_index_build: 105)   Building k-mer extensions from k+1-mers finished.
  0:00:03.142     9M / 2864M INFO    General                 (stage.cpp                 : 117)   PROCEDURE == Early tip clipping (id: construction:early_tip_clipper)
  0:00:03.142     9M / 2864M INFO    General                 (construction.cpp          : 301)   Early tip clipper length bound set as (RL - K)
  0:00:03.142     9M / 2864M INFO   Early tip clipping       (early_simplification.hpp  :  47)   Early tip clipping
  0:00:03.217     9M / 2864M INFO   Early tip clipping       (early_simplification.hpp  :  82)   #tipped junctions: 7260
  0:00:03.217     9M / 2864M INFO   Early tip clipping       (early_simplification.hpp  :  93)   Clipped tips: 7267
  0:00:03.224     9M / 2864M INFO   Early tip clipping       (early_simplification.hpp  :  49)   83616 34-mers were removed by early tip clipper
  0:00:03.224     9M / 2864M INFO    General                 (stage.cpp                 : 117)   PROCEDURE == Condensing graph (id: construction:graph_condensing)
  0:00:03.225     9M / 2864M INFO   UnbranchingPathExtractor (debruijn_graph_constructor: 354)   Extracting unbranching paths
  0:00:03.329    10M / 2864M INFO   UnbranchingPathExtractor (debruijn_graph_constructor: 373)   Extracting unbranching paths finished. 13122 sequences extracted
  0:00:03.427    10M / 2864M INFO   UnbranchingPathExtractor (debruijn_graph_constructor: 309)   Collecting perfect loops
  0:00:03.454    10M / 2864M INFO   UnbranchingPathExtractor (debruijn_graph_constructor: 342)   Collecting perfect loops finished. 1 loops collected
  0:00:03.462    10M / 2864M INFO    General                 (debruijn_graph_constructor: 487)   Total 26246 edges to create
  0:00:03.462    12M / 2864M INFO    General                 (debruijn_graph_constructor: 489)   Collecting link records
  0:00:03.473    12M / 2864M INFO    General                 (debruijn_graph_constructor: 491)   Ordering link records
  0:00:03.473    12M / 2864M INFO    General                 (debruijn_graph_constructor: 493)   Sorting done
  0:00:03.474    12M / 2864M INFO    General                 (debruijn_graph_constructor: 503)   Total 8917 vertices to create
  0:00:03.474    13M / 2864M INFO    General                 (debruijn_graph_constructor: 506)   Connecting the graph
  0:00:03.481    12M / 2864M INFO    General                 (stage.cpp                 : 117)   PROCEDURE == Filling coverage indices (PHM) (id: construction:coverage_filling_phm)
  0:00:03.481    12M / 2864M INFO   K-mer Index Building     (kmer_index_builder.hpp    : 395)   Building perfect hash indices
  0:00:03.535    16M / 2864M INFO   K-mer Index Building     (kmer_index_builder.hpp    : 431)   Index built. Total 4093552 kmers, 3076984 bytes occupied (6.01333 bits per kmer).
  0:00:03.541    32M / 2864M INFO    General                 (coverage_hash_map_builder.:  47)   Collecting k-mer coverage information from reads, this takes a while.
  0:00:05.116    32M / 2864M INFO    General                 (construction.cpp          : 430)   Filling coverage and flanking coverage from PHM
  0:00:05.214    32M / 2864M INFO    General                 (coverage_filling.hpp      :  82)   Processed 26208 edges
  0:00:05.242     4M / 2864M INFO   StageManager             (stage.cpp                 : 185)   STAGE == EC Threshold Finding (id: ec_threshold_finder)
  0:00:05.242     4M / 2864M INFO    General                 (kmer_coverage_model.cpp   : 181)   Kmer coverage valley at: 5
  0:00:05.242     4M / 2864M INFO    General                 (kmer_coverage_model.cpp   : 201)   K-mer histogram maximum: 33
  0:00:05.242     4M / 2864M INFO    General                 (kmer_coverage_model.cpp   : 237)   Estimated median coverage: 35. Coverage mad: 10.3782
  0:00:05.242     4M / 2864M INFO    General                 (kmer_coverage_model.cpp   : 259)   Fitting coverage model
  0:00:05.277     4M / 2864M INFO    General                 (kmer_coverage_model.cpp   : 295)   ... iteration 2
  0:00:05.363     4M / 2864M INFO    General                 (kmer_coverage_model.cpp   : 295)   ... iteration 4
  0:00:05.699     4M / 2864M INFO    General                 (kmer_coverage_model.cpp   : 295)   ... iteration 8
  0:00:06.342     4M / 2864M INFO    General                 (kmer_coverage_model.cpp   : 309)   Fitted mean coverage: 35.6303. Fitted coverage std. dev: 9.02786
  0:00:06.344     4M / 2864M INFO    General                 (kmer_coverage_model.cpp   : 334)   Probability of erroneous kmer at valley: 0.152366
  0:00:06.344     4M / 2864M INFO    General                 (kmer_coverage_model.cpp   : 358)   Preliminary threshold calculated as: 7
  0:00:06.344     4M / 2864M INFO    General                 (kmer_coverage_model.cpp   : 362)   Threshold adjusted to: 7
  0:00:06.344     4M / 2864M INFO    General                 (kmer_coverage_model.cpp   : 375)   Estimated genome size (ignoring repeats): 3900586
  0:00:06.344     4M / 2864M INFO    General                 (genomic_info_filler.cpp   :  55)   Mean coverage was calculated as 35.6303
  0:00:06.344     4M / 2864M INFO    General                 (genomic_info_filler.cpp   :  70)   EC coverage threshold value was calculated as 7
  0:00:06.344     4M / 2864M INFO    General                 (genomic_info_filler.cpp   :  71)   Trusted kmer low bound: 0
  0:00:06.344     4M / 2864M INFO   StageManager             (stage.cpp                 : 185)   STAGE == Raw Simplification (id: raw_simplification)
  0:00:06.344     4M / 2864M INFO    General                 (simplification.cpp        : 127)   PROCEDURE == Initial cleaning
  0:00:06.344     4M / 2864M INFO    General                 (graph_simplification.hpp  : 662)   Flanking coverage based disconnection disabled
  0:00:06.344     4M / 2864M INFO   Simplification           (parallel_processing.hpp   : 167)   Running Self conjugate edge remover
  0:00:06.346     4M / 2864M INFO   Simplification           (parallel_processing.hpp   : 170)   Self conjugate edge remover triggered 0 times
  0:00:06.347     4M / 2864M INFO   StageManager             (stage.cpp                 : 185)   STAGE == Simplification (id: simplification)
  0:00:06.347     4M / 2864M INFO    General                 (simplification.cpp        : 368)   Graph simplification started
  0:00:06.347     4M / 2864M INFO    General                 (graph_simplification.hpp  : 634)   Creating parallel br instance
  0:00:06.347     4M / 2864M INFO    General                 (simplification.cpp        : 373)   PROCEDURE == Simplification cycle, iteration 1
  0:00:06.347     4M / 2864M INFO   Simplification           (parallel_processing.hpp   : 167)   Running Tip clipper
  0:00:06.349     4M / 2864M INFO   Simplification           (parallel_processing.hpp   : 170)   Tip clipper triggered 23 times
  0:00:06.349     4M / 2864M INFO   Simplification           (parallel_processing.hpp   : 167)   Running Bulge remover
  0:00:06.416     4M / 2864M INFO   Simplification           (parallel_processing.hpp   : 170)   Bulge remover triggered 1629 times
  0:00:06.416     4M / 2864M INFO   Simplification           (parallel_processing.hpp   : 167)   Running Low coverage edge remover
  0:00:06.417     4M / 2864M INFO   Simplification           (parallel_processing.hpp   : 170)   Low coverage edge remover triggered 7 times
  0:00:06.417     4M / 2864M INFO    General                 (simplification.cpp        : 373)   PROCEDURE == Simplification cycle, iteration 2
  0:00:06.417     4M / 2864M INFO   Simplification           (parallel_processing.hpp   : 167)   Running Tip clipper
  0:00:06.418     4M / 2864M INFO   Simplification           (parallel_processing.hpp   : 170)   Tip clipper triggered 2 times
  0:00:06.418     4M / 2864M INFO   Simplification           (parallel_processing.hpp   : 167)   Running Bulge remover
  0:00:06.418     4M / 2864M INFO   Simplification           (parallel_processing.hpp   : 170)   Bulge remover triggered 4 times
  0:00:06.418     4M / 2864M INFO   Simplification           (parallel_processing.hpp   : 167)   Running Low coverage edge remover
  0:00:06.447     4M / 2864M INFO   Simplification           (parallel_processing.hpp   : 170)   Low coverage edge remover triggered 956 times
  0:00:06.447     4M / 2864M INFO    General                 (simplification.cpp        : 373)   PROCEDURE == Simplification cycle, iteration 3
  0:00:06.447     4M / 2864M INFO   Simplification           (parallel_processing.hpp   : 167)   Running Tip clipper
  0:00:06.448     4M / 2864M INFO   Simplification           (parallel_processing.hpp   : 170)   Tip clipper triggered 17 times
  0:00:06.448     4M / 2864M INFO   Simplification           (parallel_processing.hpp   : 167)   Running Bulge remover
  0:00:06.454     4M / 2864M INFO   Simplification           (parallel_processing.hpp   : 170)   Bulge remover triggered 158 times
  0:00:06.454     4M / 2864M INFO   Simplification           (parallel_processing.hpp   : 167)   Running Low coverage edge remover
  0:00:06.473     4M / 2864M INFO   Simplification           (parallel_processing.hpp   : 170)   Low coverage edge remover triggered 286 times
  0:00:06.474     4M / 2864M INFO    General                 (simplification.cpp        : 373)   PROCEDURE == Simplification cycle, iteration 4
  0:00:06.474     4M / 2864M INFO   Simplification           (parallel_processing.hpp   : 167)   Running Tip clipper
  0:00:06.474     4M / 2864M INFO   Simplification           (parallel_processing.hpp   : 170)   Tip clipper triggered 1 times
  0:00:06.474     4M / 2864M INFO   Simplification           (parallel_processing.hpp   : 167)   Running Bulge remover
  0:00:06.476     4M / 2864M INFO   Simplification           (parallel_processing.hpp   : 170)   Bulge remover triggered 52 times
  0:00:06.476     4M / 2864M INFO   Simplification           (parallel_processing.hpp   : 167)   Running Low coverage edge remover
  0:00:06.477     4M / 2864M INFO   Simplification           (parallel_processing.hpp   : 170)   Low coverage edge remover triggered 24 times
  0:00:06.477     4M / 2864M INFO    General                 (simplification.cpp        : 373)   PROCEDURE == Simplification cycle, iteration 5
  0:00:06.477     4M / 2864M INFO   Simplification           (parallel_processing.hpp   : 167)   Running Tip clipper
  0:00:06.477     4M / 2864M INFO   Simplification           (parallel_processing.hpp   : 170)   Tip clipper triggered 0 times
  0:00:06.477     4M / 2864M INFO   Simplification           (parallel_processing.hpp   : 167)   Running Bulge remover
  0:00:06.478     4M / 2864M INFO   Simplification           (parallel_processing.hpp   : 170)   Bulge remover triggered 8 times
  0:00:06.478     4M / 2864M INFO   Simplification           (parallel_processing.hpp   : 167)   Running Low coverage edge remover
  0:00:06.478     4M / 2864M INFO   Simplification           (parallel_processing.hpp   : 170)   Low coverage edge remover triggered 31 times
  0:00:06.478     4M / 2864M INFO    General                 (simplification.cpp        : 373)   PROCEDURE == Simplification cycle, iteration 6
  0:00:06.478     4M / 2864M INFO   Simplification           (parallel_processing.hpp   : 167)   Running Tip clipper
  0:00:06.478     4M / 2864M INFO   Simplification           (parallel_processing.hpp   : 170)   Tip clipper triggered 0 times
  0:00:06.478     4M / 2864M INFO   Simplification           (parallel_processing.hpp   : 167)   Running Bulge remover
  0:00:06.479     4M / 2864M INFO   Simplification           (parallel_processing.hpp   : 170)   Bulge remover triggered 11 times
  0:00:06.479     4M / 2864M INFO   Simplification           (parallel_processing.hpp   : 167)   Running Low coverage edge remover
  0:00:06.479     4M / 2864M INFO   Simplification           (parallel_processing.hpp   : 170)   Low coverage edge remover triggered 17 times
  0:00:06.479     4M / 2864M INFO    General                 (simplification.cpp        : 373)   PROCEDURE == Simplification cycle, iteration 7
  0:00:06.479     4M / 2864M INFO   Simplification           (parallel_processing.hpp   : 167)   Running Tip clipper
  0:00:06.479     4M / 2864M INFO   Simplification           (parallel_processing.hpp   : 170)   Tip clipper triggered 0 times
  0:00:06.479     4M / 2864M INFO   Simplification           (parallel_processing.hpp   : 167)   Running Bulge remover
  0:00:06.479     4M / 2864M INFO   Simplification           (parallel_processing.hpp   : 170)   Bulge remover triggered 5 times
  0:00:06.479     4M / 2864M INFO   Simplification           (parallel_processing.hpp   : 167)   Running Low coverage edge remover
  0:00:06.480     4M / 2864M INFO   Simplification           (parallel_processing.hpp   : 170)   Low coverage edge remover triggered 8 times
  0:00:06.480     4M / 2864M INFO    General                 (simplification.cpp        : 373)   PROCEDURE == Simplification cycle, iteration 8
  0:00:06.480     4M / 2864M INFO   Simplification           (parallel_processing.hpp   : 167)   Running Tip clipper
  0:00:06.480     4M / 2864M INFO   Simplification           (parallel_processing.hpp   : 170)   Tip clipper triggered 0 times
  0:00:06.480     4M / 2864M INFO   Simplification           (parallel_processing.hpp   : 167)   Running Bulge remover
  0:00:06.480     4M / 2864M INFO   Simplification           (parallel_processing.hpp   : 170)   Bulge remover triggered 1 times
  0:00:06.480     4M / 2864M INFO   Simplification           (parallel_processing.hpp   : 167)   Running Low coverage edge remover
  0:00:06.480     4M / 2864M INFO   Simplification           (parallel_processing.hpp   : 170)   Low coverage edge remover triggered 4 times
  0:00:06.480     4M / 2864M INFO    General                 (simplification.cpp        : 373)   PROCEDURE == Simplification cycle, iteration 9
  0:00:06.480     4M / 2864M INFO   Simplification           (parallel_processing.hpp   : 167)   Running Tip clipper
  0:00:06.480     4M / 2864M INFO   Simplification           (parallel_processing.hpp   : 170)   Tip clipper triggered 0 times
  0:00:06.480     4M / 2864M INFO   Simplification           (parallel_processing.hpp   : 167)   Running Bulge remover
  0:00:06.480     4M / 2864M INFO   Simplification           (parallel_processing.hpp   : 170)   Bulge remover triggered 2 times
  0:00:06.480     4M / 2864M INFO   Simplification           (parallel_processing.hpp   : 167)   Running Low coverage edge remover
  0:00:06.480     4M / 2864M INFO   Simplification           (parallel_processing.hpp   : 170)   Low coverage edge remover triggered 7 times
  0:00:06.480     4M / 2864M INFO    General                 (simplification.cpp        : 373)   PROCEDURE == Simplification cycle, iteration 10
  0:00:06.480     4M / 2864M INFO   Simplification           (parallel_processing.hpp   : 167)   Running Tip clipper
  0:00:06.480     4M / 2864M INFO   Simplification           (parallel_processing.hpp   : 170)   Tip clipper triggered 0 times
  0:00:06.480     4M / 2864M INFO   Simplification           (parallel_processing.hpp   : 167)   Running Bulge remover
  0:00:06.481     4M / 2864M INFO   Simplification           (parallel_processing.hpp   : 170)   Bulge remover triggered 3 times
  0:00:06.481     4M / 2864M INFO   Simplification           (parallel_processing.hpp   : 167)   Running Low coverage edge remover
  0:00:06.481     4M / 2864M INFO   Simplification           (parallel_processing.hpp   : 170)   Low coverage edge remover triggered 1 times
  0:00:06.481     4M / 2864M INFO    General                 (simplification.cpp        : 373)   PROCEDURE == Simplification cycle, iteration 11
  0:00:06.481     4M / 2864M INFO   Simplification           (parallel_processing.hpp   : 167)   Running Tip clipper
  0:00:06.481     4M / 2864M INFO   Simplification           (parallel_processing.hpp   : 170)   Tip clipper triggered 3 times
  0:00:06.481     4M / 2864M INFO   Simplification           (parallel_processing.hpp   : 167)   Running Bulge remover
  0:00:06.484     4M / 2864M INFO   Simplification           (parallel_processing.hpp   : 170)   Bulge remover triggered 2 times
  0:00:06.484     4M / 2864M INFO   Simplification           (parallel_processing.hpp   : 167)   Running Low coverage edge remover
  0:00:06.484     4M / 2864M INFO   Simplification           (parallel_processing.hpp   : 170)   Low coverage edge remover triggered 0 times
  0:00:06.484     4M / 2864M INFO    General                 (simplification.cpp        : 373)   PROCEDURE == Simplification cycle, iteration 12
  0:00:06.485     4M / 2864M INFO   Simplification           (parallel_processing.hpp   : 167)   Running Tip clipper
  0:00:06.485     4M / 2864M INFO   Simplification           (parallel_processing.hpp   : 170)   Tip clipper triggered 0 times
  0:00:06.485     4M / 2864M INFO   Simplification           (parallel_processing.hpp   : 167)   Running Bulge remover
  0:00:06.485     4M / 2864M INFO   Simplification           (parallel_processing.hpp   : 170)   Bulge remover triggered 0 times
  0:00:06.485     4M / 2864M INFO   Simplification           (parallel_processing.hpp   : 167)   Running Low coverage edge remover
  0:00:06.485     4M / 2864M INFO   Simplification           (parallel_processing.hpp   : 170)   Low coverage edge remover triggered 0 times
  0:00:06.485     4M / 2864M INFO   StageManager             (stage.cpp                 : 185)   STAGE == Simplification Cleanup (id: simplification_cleanup)
  0:00:06.485     4M / 2864M INFO    General                 (simplification.cpp        : 176)   PROCEDURE == Post simplification
  0:00:06.485     4M / 2864M INFO    General                 (graph_simplification.hpp  : 448)   Disconnection of relatively low covered edges disabled
  0:00:06.485     4M / 2864M INFO    General                 (graph_simplification.hpp  : 485)   Complex tip clipping disabled
  0:00:06.485     4M / 2864M INFO    General                 (graph_simplification.hpp  : 634)   Creating parallel br instance
  0:00:06.485     4M / 2864M INFO   Simplification           (parallel_processing.hpp   : 167)   Running Tip clipper
  0:00:06.485     4M / 2864M INFO   Simplification           (parallel_processing.hpp   : 170)   Tip clipper triggered 0 times
  0:00:06.485     4M / 2864M INFO   Simplification           (parallel_processing.hpp   : 167)   Running Bulge remover
  0:00:06.488     4M / 2864M INFO   Simplification           (parallel_processing.hpp   : 170)   Bulge remover triggered 0 times
  0:00:06.488     4M / 2864M INFO   Simplification           (parallel_processing.hpp   : 167)   Running Tip clipper
  0:00:06.488     4M / 2864M INFO   Simplification           (parallel_processing.hpp   : 170)   Tip clipper triggered 0 times
  0:00:06.488     4M / 2864M INFO   Simplification           (parallel_processing.hpp   : 167)   Running Bulge remover
  0:00:06.491     4M / 2864M INFO   Simplification           (parallel_processing.hpp   : 170)   Bulge remover triggered 0 times
  0:00:06.491     4M / 2864M INFO    General                 (simplification.cpp        : 327)   Disrupting self-conjugate edges
  0:00:06.492     4M / 2864M INFO   Simplification           (parallel_processing.hpp   : 167)   Running Removing isolated edges
  0:00:06.492     4M / 2864M INFO   Simplification           (parallel_processing.hpp   : 170)   Removing isolated edges triggered 247 times
  0:00:06.492     4M / 2864M INFO    General                 (simplification.cpp        : 495)   After simplification:
  0:00:06.492     4M / 2864M INFO    General                 (simplification.cpp        : 496)     Average coverage = 40.0198
  0:00:06.493     4M / 2864M INFO    General                 (simplification.cpp        : 497)     Total length = 3890499
  0:00:06.493     4M / 2864M INFO    General                 (simplification.cpp        : 498)     Median edge length: 17499
  0:00:06.493     4M / 2864M INFO    General                 (simplification.cpp        : 499)     Edges: 7008
  0:00:06.493     4M / 2864M INFO    General                 (simplification.cpp        : 500)     Vertices: 4536
  0:00:06.493     4M / 2864M INFO   StageManager             (stage.cpp                 : 185)   STAGE == Contig Output (id: contig_output)
  0:00:06.493     4M / 2864M INFO    General                 (read_converter.cpp        : 107)   Outputting contigs to /data/djs217/PROJECTS/10_X_fragariae_feb_2024/04_spades/NCPPB_4055.spades/K33/simplified_contigs
  0:00:06.497     6M / 2864M INFO    General                 (binary_converter.cpp      : 111)   3505 reads written
  0:00:06.501     4M / 2864M INFO    General                 (pipeline.cpp              : 287)   SPAdes finished
  0:00:06.502     1M / 2864M INFO    General                 (main.cpp                  : 136)   Assembling time: 0 hours 0 minutes 6 seconds

===== K33 finished. 


===== K55 started. 


== Running: /data/djs217/anaconda3/envs/spades-env/bin/spades-core /data/djs217/PROJECTS/10_X_fragariae_feb_2024/04_spades/NCPPB_4055.spades/K55/configs/config.info /data/djs217/PROJECTS/10_X_fragariae_feb_2024/04_spades/NCPPB_4055.spades/K55/configs/careful_mode.info

  0:00:00.000     1M / 19M   INFO    General                 (main.cpp                  :  99)   Loaded config from /data/djs217/PROJECTS/10_X_fragariae_feb_2024/04_spades/NCPPB_4055.spades/K55/configs/config.info
  0:00:00.001     1M / 19M   INFO    General                 (main.cpp                  :  99)   Loaded config from /data/djs217/PROJECTS/10_X_fragariae_feb_2024/04_spades/NCPPB_4055.spades/K55/configs/careful_mode.info
  0:00:00.001     1M / 19M   INFO    General                 (memory_limit.cpp          :  54)   Memory limit set to 62 Gb
  0:00:00.002     1M / 19M   INFO    General                 (main.cpp                  : 107)   Starting SPAdes, built from N/A, git revision N/A
  0:00:00.002     1M / 19M   INFO    General                 (main.cpp                  : 108)   Maximum k-mer length: 128
  0:00:00.002     1M / 19M   INFO    General                 (main.cpp                  : 109)   Assembling dataset (/data/djs217/PROJECTS/10_X_fragariae_feb_2024/04_spades/NCPPB_4055.spades/dataset.info) with K=55
  0:00:00.002     1M / 19M   INFO    General                 (main.cpp                  : 110)   Maximum # of threads to use (adjusted due to OMP capabilities): 16
  0:00:00.002     1M / 19M   INFO    General                 (pipeline.cpp              : 212)   SPAdes started
  0:00:00.002     1M / 19M   INFO    General                 (pipeline.cpp              : 225)   Starting from stage: read_conversion
  0:00:00.002     1M / 19M   INFO    General                 (pipeline.cpp              : 231)   Two-step repeat resolution disabled
  0:00:00.002     1M / 19M   INFO   GraphCore                (graph_core.hpp            : 672)   Graph created, vertex min_id: 3, edge min_id: 3
  0:00:00.002     1M / 19M   INFO   GraphCore                (graph_core.hpp            : 673)   Vertex size: 48, edge size: 40
  0:00:00.002     1M / 19M   INFO    General                 (edge_index.hpp            : 113)   Size of edge index entries: 12/8
  0:00:00.002     1M / 19M   INFO    General                 (pipeline.cpp              : 242)   Will need read mapping, kmer mapper will be attached
  0:00:00.002     1M / 19M   INFO   StageManager             (stage.cpp                 : 185)   STAGE == Binary Read Conversion (id: read_conversion)
  0:00:00.002     1M / 19M   INFO    General                 (read_converter.cpp        :  53)   Binary reads detected
  0:00:00.007     1M / 19M   INFO   StageManager             (stage.cpp                 : 185)   STAGE == de Bruijn graph construction (id: construction)
  0:00:00.007     1M / 19M   INFO    General                 (construction.cpp          : 118)   Contigs from previous K will be used: /data/djs217/PROJECTS/10_X_fragariae_feb_2024/04_spades/NCPPB_4055.spades/K33/simplified_contigs
  0:00:00.056     1M / 19M   INFO    General                 (construction.cpp          : 153)   Max read length 301
  0:00:00.056     1M / 19M   INFO    General                 (construction.cpp          : 159)   Average read length 201.996
  0:00:00.056     1M / 19M   INFO    General                 (stage.cpp                 : 117)   PROCEDURE == k+1-mer counting (id: construction:kpomer_counting)
  0:00:00.056     1M / 19M   INFO    General                 (kmer_index_builder.hpp    : 243)   Splitting kmer instances into 160 files using 16 threads. This might take a while.
  0:00:00.057     1M / 19M   INFO    General                 (file_limit.hpp            :  42)   Open file limit set to 1024
  0:00:00.057     1M / 19M   INFO    General                 (kmer_splitter.hpp         :  93)   Memory available for splitting buffers: 1.29165 Gb
  0:00:00.057     1M / 19M   INFO    General                 (kmer_splitter.hpp         : 101)   Using cell size of 209715
  0:00:01.762  9601M / 9601M INFO    General                 (kmer_splitters.hpp        : 125)   Processed 1851238 reads
  0:00:01.778     1M / 2443M INFO    General                 (kmer_splitters.hpp        : 131)   Used 1851238 reads
  0:00:01.976     1M / 2443M INFO    General                 (kmer_index_builder.hpp    : 249)   Starting k-mer counting.
  0:00:02.050     1M / 2443M INFO    General                 (kmer_index_builder.hpp    : 260)   K-mer counting done. There are 4167167 kmers in total.
  0:00:02.050     1M / 2443M INFO    General                 (stage.cpp                 : 117)   PROCEDURE == Extension index construction (id: construction:extension_index_construction)
  0:00:02.053     1M / 2443M INFO   K-mer Index Building     (kmer_index_builder.hpp    : 438)   Building kmer index
  0:00:02.053     1M / 2443M INFO    General                 (kmer_index_builder.hpp    : 243)   Splitting kmer instances into 160 files using 16 threads. This might take a while.
  0:00:02.053     1M / 2443M INFO    General                 (file_limit.hpp            :  42)   Open file limit set to 1024
  0:00:02.053     1M / 2443M INFO    General                 (kmer_splitter.hpp         :  93)   Memory available for splitting buffers: 1.29165 Gb
  0:00:02.053     1M / 2443M INFO    General                 (kmer_splitter.hpp         : 101)   Using cell size of 209715
  0:00:02.261  9602M / 9602M INFO    General                 (kmer_splitters.hpp        : 194)   Processed 4167167 kmers
  0:00:02.261  9602M / 9602M INFO    General                 (kmer_splitters.hpp        : 199)   Used 4167167 kmers.
  0:00:02.264     2M / 2443M INFO    General                 (kmer_index_builder.hpp    : 249)   Starting k-mer counting.
  0:00:02.346     2M / 2443M INFO    General                 (kmer_index_builder.hpp    : 260)   K-mer counting done. There are 4164341 kmers in total.
  0:00:02.346     2M / 2443M INFO   K-mer Index Building     (kmer_index_builder.hpp    : 395)   Building perfect hash indices
  0:00:02.514     5M / 2443M INFO   K-mer Index Building     (kmer_index_builder.hpp    : 431)   Index built. Total 4164341 kmers, 3128336 bytes occupied (6.00976 bits per kmer).
  0:00:02.514     5M / 2443M INFO    General                 (kmer_index_builder.hpp    : 169)   Merging final buckets.
  0:00:02.775     9M / 2443M INFO   DeBruijnExtensionIndexBu (kmer_extension_index_build: 100)   Building k-mer extensions from k+1-mers
  0:00:02.923     9M / 2443M INFO   DeBruijnExtensionIndexBu (kmer_extension_index_build: 105)   Building k-mer extensions from k+1-mers finished.
  0:00:02.931     9M / 2443M INFO    General                 (stage.cpp                 : 117)   PROCEDURE == Condensing graph (id: construction:graph_condensing)
  0:00:02.932     9M / 2443M INFO   UnbranchingPathExtractor (debruijn_graph_constructor: 354)   Extracting unbranching paths
  0:00:03.042    11M / 2443M INFO   UnbranchingPathExtractor (debruijn_graph_constructor: 373)   Extracting unbranching paths finished. 25370 sequences extracted
  0:00:03.140    11M / 2443M INFO   UnbranchingPathExtractor (debruijn_graph_constructor: 309)   Collecting perfect loops
  0:00:03.168    11M / 2443M INFO   UnbranchingPathExtractor (debruijn_graph_constructor: 342)   Collecting perfect loops finished. 1 loops collected
  0:00:03.178    11M / 2443M INFO    General                 (debruijn_graph_constructor: 487)   Total 50742 edges to create
  0:00:03.179    13M / 2443M INFO    General                 (debruijn_graph_constructor: 489)   Collecting link records
  0:00:03.206    14M / 2443M INFO    General                 (debruijn_graph_constructor: 491)   Ordering link records
  0:00:03.206    14M / 2443M INFO    General                 (debruijn_graph_constructor: 493)   Sorting done
  0:00:03.207    14M / 2443M INFO    General                 (debruijn_graph_constructor: 503)   Total 22545 vertices to create
  0:00:03.207    16M / 2443M INFO    General                 (debruijn_graph_constructor: 506)   Connecting the graph
  0:00:03.230    15M / 2443M INFO    General                 (stage.cpp                 : 117)   PROCEDURE == Filling coverage indices (PHM) (id: construction:coverage_filling_phm)
  0:00:03.230    15M / 2443M INFO   K-mer Index Building     (kmer_index_builder.hpp    : 395)   Building perfect hash indices
  0:00:03.288    18M / 2443M INFO   K-mer Index Building     (kmer_index_builder.hpp    : 431)   Index built. Total 4167167 kmers, 3130392 bytes occupied (6.00963 bits per kmer).
  0:00:03.295    34M / 2443M INFO    General                 (coverage_hash_map_builder.:  47)   Collecting k-mer coverage information from reads, this takes a while.
  0:00:04.708    34M / 2443M INFO    General                 (construction.cpp          : 430)   Filling coverage and flanking coverage from PHM
  0:00:04.813    34M / 2443M INFO    General                 (coverage_filling.hpp      :  82)   Processed 50731 edges
  0:00:04.842     7M / 2443M INFO   StageManager             (stage.cpp                 : 185)   STAGE == EC Threshold Finding (id: ec_threshold_finder)
  0:00:04.843     7M / 2443M INFO    General                 (kmer_coverage_model.cpp   : 181)   Kmer coverage valley at: 3
  0:00:04.843     7M / 2443M INFO    General                 (kmer_coverage_model.cpp   : 201)   K-mer histogram maximum: 28
  0:00:04.843     7M / 2443M INFO    General                 (kmer_coverage_model.cpp   : 237)   Estimated median coverage: 31. Coverage mad: 10.3782
  0:00:04.843     7M / 2443M INFO    General                 (kmer_coverage_model.cpp   : 259)   Fitting coverage model
  0:00:04.882     7M / 2443M INFO    General                 (kmer_coverage_model.cpp   : 295)   ... iteration 2
  0:00:04.984     7M / 2443M INFO    General                 (kmer_coverage_model.cpp   : 295)   ... iteration 4
  0:00:05.332     7M / 2443M INFO    General                 (kmer_coverage_model.cpp   : 295)   ... iteration 8
  0:00:06.022     7M / 2443M INFO    General                 (kmer_coverage_model.cpp   : 295)   ... iteration 16
  0:00:07.448     7M / 2443M INFO    General                 (kmer_coverage_model.cpp   : 295)   ... iteration 32
  0:00:08.927     7M / 2443M INFO    General                 (kmer_coverage_model.cpp   : 309)   Fitted mean coverage: 31.0045. Fitted coverage std. dev: 8.29059
  0:00:08.929     7M / 2443M INFO    General                 (kmer_coverage_model.cpp   : 334)   Probability of erroneous kmer at valley: 0.96242
  0:00:08.929     7M / 2443M INFO    General                 (kmer_coverage_model.cpp   : 358)   Preliminary threshold calculated as: 13
  0:00:08.929     7M / 2443M INFO    General                 (kmer_coverage_model.cpp   : 362)   Threshold adjusted to: 13
  0:00:08.929     7M / 2443M INFO    General                 (kmer_coverage_model.cpp   : 375)   Estimated genome size (ignoring repeats): 3908620
  0:00:08.929     7M / 2443M INFO    General                 (genomic_info_filler.cpp   :  55)   Mean coverage was calculated as 31.0045
  0:00:08.929     7M / 2443M INFO    General                 (genomic_info_filler.cpp   :  70)   EC coverage threshold value was calculated as 13
  0:00:08.929     7M / 2443M INFO    General                 (genomic_info_filler.cpp   :  71)   Trusted kmer low bound: 0
  0:00:08.929     7M / 2443M INFO   StageManager             (stage.cpp                 : 185)   STAGE == Gap Closer (id: early_gapcloser)
  0:00:08.934    16M / 2443M INFO    General                 (edge_index.hpp            : 113)   Size of edge index entries: 12/8
  0:00:08.938    16M / 2443M INFO    General                 (gap_closer.cpp            : 101)   Total edges in tip neighborhood: 8786 out of 50731, length: 171221
  0:00:08.938    16M / 2443M INFO    General                 (edge_index.hpp            : 167)   Using small index (max_id = 50998)
  0:00:08.941    16M / 2443M INFO   K-mer Index Building     (kmer_index_builder.hpp    : 395)   Building perfect hash indices
  0:00:08.951    16M / 2443M INFO   K-mer Index Building     (kmer_index_builder.hpp    : 431)   Index built. Total 149942 kmers, 109040 bytes occupied (5.81772 bits per kmer).
  0:00:08.951    18M / 2443M INFO    General                 (edge_index_builders.hpp   : 265)   Collecting edge information from graph, this takes a while.
  0:00:10.175    18M / 2443M INFO    General                 (sequence_mapper_notifier.h:  95)   Total 460416 reads processed
  0:00:10.185    16M / 2443M INFO    General                 (gap_closer.cpp            : 452)   Initializing gap closer
  0:00:10.185    16M / 2443M INFO   GapCloser                (gap_closer.cpp            : 359)   Closing short gaps
  0:00:10.208    16M / 2443M INFO   GapCloser                (gap_closer.cpp            : 391)   Closing short gaps complete: filled 0 gaps after checking 50 candidates
  0:00:10.210    16M / 2443M INFO    General                 (gap_closer.cpp            : 456)   Gap closer done
  0:00:10.211     7M / 2443M INFO   StageManager             (stage.cpp                 : 185)   STAGE == Raw Simplification (id: raw_simplification)
  0:00:10.211     7M / 2443M INFO    General                 (simplification.cpp        : 127)   PROCEDURE == Initial cleaning
  0:00:10.211     7M / 2443M INFO    General                 (graph_simplification.hpp  : 662)   Flanking coverage based disconnection disabled
  0:00:10.211     7M / 2443M INFO   Simplification           (parallel_processing.hpp   : 167)   Running Self conjugate edge remover
  0:00:10.212     7M / 2443M INFO   Simplification           (parallel_processing.hpp   : 170)   Self conjugate edge remover triggered 0 times
  0:00:10.212     7M / 2443M INFO   StageManager             (stage.cpp                 : 185)   STAGE == Simplification (id: simplification)
  0:00:10.212     7M / 2443M INFO    General                 (simplification.cpp        : 368)   Graph simplification started
  0:00:10.212     7M / 2443M INFO    General                 (graph_simplification.hpp  : 634)   Creating parallel br instance
  0:00:10.212     7M / 2443M INFO    General                 (simplification.cpp        : 373)   PROCEDURE == Simplification cycle, iteration 1
  0:00:10.213     7M / 2443M INFO   Simplification           (parallel_processing.hpp   : 167)   Running Tip clipper
  0:00:10.287     6M / 2443M INFO   Simplification           (parallel_processing.hpp   : 170)   Tip clipper triggered 7939 times
  0:00:10.288     6M / 2443M INFO   Simplification           (parallel_processing.hpp   : 167)   Running Bulge remover
  0:00:10.392    13M / 2443M INFO   Simplification           (parallel_processing.hpp   : 170)   Bulge remover triggered 1160 times
  0:00:10.393    13M / 2443M INFO   Simplification           (parallel_processing.hpp   : 167)   Running Low coverage edge remover
  0:00:10.410    13M / 2443M INFO   Simplification           (parallel_processing.hpp   : 170)   Low coverage edge remover triggered 634 times
  0:00:10.410    13M / 2443M INFO    General                 (simplification.cpp        : 373)   PROCEDURE == Simplification cycle, iteration 2
  0:00:10.411    13M / 2443M INFO   Simplification           (parallel_processing.hpp   : 167)   Running Tip clipper
  0:00:10.411    13M / 2443M INFO   Simplification           (parallel_processing.hpp   : 170)   Tip clipper triggered 11 times
  0:00:10.411    13M / 2443M INFO   Simplification           (parallel_processing.hpp   : 167)   Running Bulge remover
  0:00:10.425    13M / 2443M INFO   Simplification           (parallel_processing.hpp   : 170)   Bulge remover triggered 136 times
  0:00:10.425    13M / 2443M INFO   Simplification           (parallel_processing.hpp   : 167)   Running Low coverage edge remover
  0:00:10.438    13M / 2443M INFO   Simplification           (parallel_processing.hpp   : 170)   Low coverage edge remover triggered 225 times
  0:00:10.438    13M / 2443M INFO    General                 (simplification.cpp        : 373)   PROCEDURE == Simplification cycle, iteration 3
  0:00:10.438    13M / 2443M INFO   Simplification           (parallel_processing.hpp   : 167)   Running Tip clipper
  0:00:10.438    13M / 2443M INFO   Simplification           (parallel_processing.hpp   : 170)   Tip clipper triggered 0 times
  0:00:10.438    13M / 2443M INFO   Simplification           (parallel_processing.hpp   : 167)   Running Bulge remover
  0:00:10.444    14M / 2443M INFO   Simplification           (parallel_processing.hpp   : 170)   Bulge remover triggered 73 times
  0:00:10.445    14M / 2443M INFO   Simplification           (parallel_processing.hpp   : 167)   Running Low coverage edge remover
  0:00:10.445    14M / 2443M INFO   Simplification           (parallel_processing.hpp   : 170)   Low coverage edge remover triggered 30 times
  0:00:10.445    14M / 2443M INFO    General                 (simplification.cpp        : 373)   PROCEDURE == Simplification cycle, iteration 4
  0:00:10.445    14M / 2443M INFO   Simplification           (parallel_processing.hpp   : 167)   Running Tip clipper
  0:00:10.445    14M / 2443M INFO   Simplification           (parallel_processing.hpp   : 170)   Tip clipper triggered 0 times
  0:00:10.445    14M / 2443M INFO   Simplification           (parallel_processing.hpp   : 167)   Running Bulge remover
  0:00:10.446    14M / 2443M INFO   Simplification           (parallel_processing.hpp   : 170)   Bulge remover triggered 10 times
  0:00:10.447    14M / 2443M INFO   Simplification           (parallel_processing.hpp   : 167)   Running Low coverage edge remover
  0:00:10.447    14M / 2443M INFO   Simplification           (parallel_processing.hpp   : 170)   Low coverage edge remover triggered 7 times
  0:00:10.447    14M / 2443M INFO    General                 (simplification.cpp        : 373)   PROCEDURE == Simplification cycle, iteration 5
  0:00:10.447    14M / 2443M INFO   Simplification           (parallel_processing.hpp   : 167)   Running Tip clipper
  0:00:10.447    14M / 2443M INFO   Simplification           (parallel_processing.hpp   : 170)   Tip clipper triggered 0 times
  0:00:10.447    14M / 2443M INFO   Simplification           (parallel_processing.hpp   : 167)   Running Bulge remover
  0:00:10.447    14M / 2443M INFO   Simplification           (parallel_processing.hpp   : 170)   Bulge remover triggered 4 times
  0:00:10.447    14M / 2443M INFO   Simplification           (parallel_processing.hpp   : 167)   Running Low coverage edge remover
  0:00:10.447    14M / 2443M INFO   Simplification           (parallel_processing.hpp   : 170)   Low coverage edge remover triggered 1 times
  0:00:10.447    14M / 2443M INFO    General                 (simplification.cpp        : 373)   PROCEDURE == Simplification cycle, iteration 6
  0:00:10.447    14M / 2443M INFO   Simplification           (parallel_processing.hpp   : 167)   Running Tip clipper
  0:00:10.448    14M / 2443M INFO   Simplification           (parallel_processing.hpp   : 170)   Tip clipper triggered 0 times
  0:00:10.448    14M / 2443M INFO   Simplification           (parallel_processing.hpp   : 167)   Running Bulge remover
  0:00:10.448    14M / 2443M INFO   Simplification           (parallel_processing.hpp   : 170)   Bulge remover triggered 0 times
  0:00:10.448    14M / 2443M INFO   Simplification           (parallel_processing.hpp   : 167)   Running Low coverage edge remover
  0:00:10.448    14M / 2443M INFO   Simplification           (parallel_processing.hpp   : 170)   Low coverage edge remover triggered 0 times
  0:00:10.448    14M / 2443M INFO    General                 (simplification.cpp        : 373)   PROCEDURE == Simplification cycle, iteration 7
  0:00:10.448    14M / 2443M INFO   Simplification           (parallel_processing.hpp   : 167)   Running Tip clipper
  0:00:10.448    14M / 2443M INFO   Simplification           (parallel_processing.hpp   : 170)   Tip clipper triggered 0 times
  0:00:10.448    14M / 2443M INFO   Simplification           (parallel_processing.hpp   : 167)   Running Bulge remover
  0:00:10.448    14M / 2443M INFO   Simplification           (parallel_processing.hpp   : 170)   Bulge remover triggered 0 times
  0:00:10.448    14M / 2443M INFO   Simplification           (parallel_processing.hpp   : 167)   Running Low coverage edge remover
  0:00:10.448    14M / 2443M INFO   Simplification           (parallel_processing.hpp   : 170)   Low coverage edge remover triggered 1 times
  0:00:10.448    14M / 2443M INFO    General                 (simplification.cpp        : 373)   PROCEDURE == Simplification cycle, iteration 8
  0:00:10.448    14M / 2443M INFO   Simplification           (parallel_processing.hpp   : 167)   Running Tip clipper
  0:00:10.448    14M / 2443M INFO   Simplification           (parallel_processing.hpp   : 170)   Tip clipper triggered 0 times
  0:00:10.448    14M / 2443M INFO   Simplification           (parallel_processing.hpp   : 167)   Running Bulge remover
  0:00:10.448    14M / 2443M INFO   Simplification           (parallel_processing.hpp   : 170)   Bulge remover triggered 0 times
  0:00:10.448    14M / 2443M INFO   Simplification           (parallel_processing.hpp   : 167)   Running Low coverage edge remover
  0:00:10.448    14M / 2443M INFO   Simplification           (parallel_processing.hpp   : 170)   Low coverage edge remover triggered 1 times
  0:00:10.448    14M / 2443M INFO    General                 (simplification.cpp        : 373)   PROCEDURE == Simplification cycle, iteration 9
  0:00:10.449    14M / 2443M INFO   Simplification           (parallel_processing.hpp   : 167)   Running Tip clipper
  0:00:10.449    14M / 2443M INFO   Simplification           (parallel_processing.hpp   : 170)   Tip clipper triggered 0 times
  0:00:10.449    14M / 2443M INFO   Simplification           (parallel_processing.hpp   : 167)   Running Bulge remover
  0:00:10.449    14M / 2443M INFO   Simplification           (parallel_processing.hpp   : 170)   Bulge remover triggered 0 times
  0:00:10.449    14M / 2443M INFO   Simplification           (parallel_processing.hpp   : 167)   Running Low coverage edge remover
  0:00:10.449    14M / 2443M INFO   Simplification           (parallel_processing.hpp   : 170)   Low coverage edge remover triggered 3 times
  0:00:10.449    14M / 2443M INFO    General                 (simplification.cpp        : 373)   PROCEDURE == Simplification cycle, iteration 10
  0:00:10.449    14M / 2443M INFO   Simplification           (parallel_processing.hpp   : 167)   Running Tip clipper
  0:00:10.449    14M / 2443M INFO   Simplification           (parallel_processing.hpp   : 170)   Tip clipper triggered 0 times
  0:00:10.449    14M / 2443M INFO   Simplification           (parallel_processing.hpp   : 167)   Running Bulge remover
  0:00:10.449    14M / 2443M INFO   Simplification           (parallel_processing.hpp   : 170)   Bulge remover triggered 0 times
  0:00:10.449    14M / 2443M INFO   Simplification           (parallel_processing.hpp   : 167)   Running Low coverage edge remover
  0:00:10.449    14M / 2443M INFO   Simplification           (parallel_processing.hpp   : 170)   Low coverage edge remover triggered 5 times
  0:00:10.449    14M / 2443M INFO    General                 (simplification.cpp        : 373)   PROCEDURE == Simplification cycle, iteration 11
  0:00:10.449    14M / 2443M INFO   Simplification           (parallel_processing.hpp   : 167)   Running Tip clipper
  0:00:10.450    14M / 2443M INFO   Simplification           (parallel_processing.hpp   : 170)   Tip clipper triggered 0 times
  0:00:10.450    14M / 2443M INFO   Simplification           (parallel_processing.hpp   : 167)   Running Bulge remover
  0:00:10.451    14M / 2443M INFO   Simplification           (parallel_processing.hpp   : 170)   Bulge remover triggered 1 times
  0:00:10.451    14M / 2443M INFO   Simplification           (parallel_processing.hpp   : 167)   Running Low coverage edge remover
  0:00:10.452    14M / 2443M INFO   Simplification           (parallel_processing.hpp   : 170)   Low coverage edge remover triggered 0 times
  0:00:10.452    14M / 2443M INFO    General                 (simplification.cpp        : 373)   PROCEDURE == Simplification cycle, iteration 12
  0:00:10.452    14M / 2443M INFO   Simplification           (parallel_processing.hpp   : 167)   Running Tip clipper
  0:00:10.452    14M / 2443M INFO   Simplification           (parallel_processing.hpp   : 170)   Tip clipper triggered 0 times
  0:00:10.452    14M / 2443M INFO   Simplification           (parallel_processing.hpp   : 167)   Running Bulge remover
  0:00:10.452    14M / 2443M INFO   Simplification           (parallel_processing.hpp   : 170)   Bulge remover triggered 0 times
  0:00:10.452    14M / 2443M INFO   Simplification           (parallel_processing.hpp   : 167)   Running Low coverage edge remover
  0:00:10.452    14M / 2443M INFO   Simplification           (parallel_processing.hpp   : 170)   Low coverage edge remover triggered 0 times
  0:00:10.452    14M / 2443M INFO   StageManager             (stage.cpp                 : 185)   STAGE == Gap Closer (id: late_gapcloser)
  0:00:10.455    23M / 2443M INFO    General                 (edge_index.hpp            : 113)   Size of edge index entries: 12/8
  0:00:10.456    23M / 2443M INFO    General                 (gap_closer.cpp            : 101)   Total edges in tip neighborhood: 731 out of 5795, length: 102863
  0:00:10.456    23M / 2443M INFO    General                 (edge_index.hpp            : 167)   Using small index (max_id = 50998)
  0:00:10.457    23M / 2443M INFO   K-mer Index Building     (kmer_index_builder.hpp    : 395)   Building perfect hash indices
  0:00:10.464    23M / 2443M INFO   K-mer Index Building     (kmer_index_builder.hpp    : 431)   Index built. Total 80721 kmers, 59040 bytes occupied (5.85127 bits per kmer).
  0:00:10.465    23M / 2443M INFO    General                 (edge_index_builders.hpp   : 265)   Collecting edge information from graph, this takes a while.
  0:00:12.436    24M / 2443M INFO    General                 (sequence_mapper_notifier.h:  95)   Total 460416 reads processed
  0:00:12.446    23M / 2443M INFO    General                 (gap_closer.cpp            : 452)   Initializing gap closer
  0:00:12.446    23M / 2443M INFO   GapCloser                (gap_closer.cpp            : 359)   Closing short gaps
  0:00:12.451    23M / 2443M INFO   GapCloser                (gap_closer.cpp            : 391)   Closing short gaps complete: filled 0 gaps after checking 3 candidates
  0:00:12.451    23M / 2443M INFO    General                 (gap_closer.cpp            : 456)   Gap closer done
  0:00:12.453    14M / 2443M INFO   StageManager             (stage.cpp                 : 185)   STAGE == Simplification Cleanup (id: simplification_cleanup)
  0:00:12.453    14M / 2443M INFO    General                 (simplification.cpp        : 176)   PROCEDURE == Post simplification
  0:00:12.453    14M / 2443M INFO    General                 (graph_simplification.hpp  : 448)   Disconnection of relatively low covered edges disabled
  0:00:12.454    14M / 2443M INFO    General                 (graph_simplification.hpp  : 485)   Complex tip clipping disabled
  0:00:12.454    14M / 2443M INFO    General                 (graph_simplification.hpp  : 634)   Creating parallel br instance
  0:00:12.454    14M / 2443M INFO   Simplification           (parallel_processing.hpp   : 167)   Running Tip clipper
  0:00:12.455    14M / 2443M INFO   Simplification           (parallel_processing.hpp   : 170)   Tip clipper triggered 0 times
  0:00:12.455    14M / 2443M INFO   Simplification           (parallel_processing.hpp   : 167)   Running Bulge remover
  0:00:12.459    14M / 2443M INFO   Simplification           (parallel_processing.hpp   : 170)   Bulge remover triggered 0 times
  0:00:12.459    14M / 2443M INFO   Simplification           (parallel_processing.hpp   : 167)   Running Tip clipper
  0:00:12.460    14M / 2443M INFO   Simplification           (parallel_processing.hpp   : 170)   Tip clipper triggered 0 times
  0:00:12.460    14M / 2443M INFO   Simplification           (parallel_processing.hpp   : 167)   Running Bulge remover
  0:00:12.464    14M / 2443M INFO   Simplification           (parallel_processing.hpp   : 170)   Bulge remover triggered 0 times
  0:00:12.464    14M / 2443M INFO    General                 (simplification.cpp        : 327)   Disrupting self-conjugate edges
  0:00:12.465    14M / 2443M INFO   Simplification           (parallel_processing.hpp   : 167)   Running Removing isolated edges
  0:00:12.466    14M / 2443M INFO   Simplification           (parallel_processing.hpp   : 170)   Removing isolated edges triggered 359 times
  0:00:12.467    14M / 2443M INFO    General                 (simplification.cpp        : 495)   After simplification:
  0:00:12.467    14M / 2443M INFO    General                 (simplification.cpp        : 496)     Average coverage = 34.5949
  0:00:12.467    14M / 2443M INFO    General                 (simplification.cpp        : 497)     Total length = 3920144
  0:00:12.467    14M / 2443M INFO    General                 (simplification.cpp        : 498)     Median edge length: 22107
  0:00:12.468    14M / 2443M INFO    General                 (simplification.cpp        : 499)     Edges: 5078
  0:00:12.468    14M / 2443M INFO    General                 (simplification.cpp        : 500)     Vertices: 3292
  0:00:12.468    14M / 2443M INFO   StageManager             (stage.cpp                 : 185)   STAGE == Contig Output (id: contig_output)
  0:00:12.468    14M / 2443M INFO    General                 (read_converter.cpp        : 107)   Outputting contigs to /data/djs217/PROJECTS/10_X_fragariae_feb_2024/04_spades/NCPPB_4055.spades/K55/simplified_contigs
  0:00:12.474    16M / 2443M INFO    General                 (binary_converter.cpp      : 111)   2539 reads written
  0:00:12.479    14M / 2443M INFO    General                 (pipeline.cpp              : 287)   SPAdes finished
  0:00:12.497     1M / 2443M INFO    General                 (main.cpp                  : 136)   Assembling time: 0 hours 0 minutes 12 seconds

===== K55 finished. 


===== K77 started. 


== Running: /data/djs217/anaconda3/envs/spades-env/bin/spades-core /data/djs217/PROJECTS/10_X_fragariae_feb_2024/04_spades/NCPPB_4055.spades/K77/configs/config.info /data/djs217/PROJECTS/10_X_fragariae_feb_2024/04_spades/NCPPB_4055.spades/K77/configs/careful_mode.info

  0:00:00.000     1M / 19M   INFO    General                 (main.cpp                  :  99)   Loaded config from /data/djs217/PROJECTS/10_X_fragariae_feb_2024/04_spades/NCPPB_4055.spades/K77/configs/config.info
  0:00:00.001     1M / 19M   INFO    General                 (main.cpp                  :  99)   Loaded config from /data/djs217/PROJECTS/10_X_fragariae_feb_2024/04_spades/NCPPB_4055.spades/K77/configs/careful_mode.info
  0:00:00.001     1M / 19M   INFO    General                 (memory_limit.cpp          :  54)   Memory limit set to 62 Gb
  0:00:00.001     1M / 19M   INFO    General                 (main.cpp                  : 107)   Starting SPAdes, built from N/A, git revision N/A
  0:00:00.001     1M / 19M   INFO    General                 (main.cpp                  : 108)   Maximum k-mer length: 128
  0:00:00.001     1M / 19M   INFO    General                 (main.cpp                  : 109)   Assembling dataset (/data/djs217/PROJECTS/10_X_fragariae_feb_2024/04_spades/NCPPB_4055.spades/dataset.info) with K=77
  0:00:00.001     1M / 19M   INFO    General                 (main.cpp                  : 110)   Maximum # of threads to use (adjusted due to OMP capabilities): 16
  0:00:00.001     1M / 19M   INFO    General                 (pipeline.cpp              : 212)   SPAdes started
  0:00:00.001     1M / 19M   INFO    General                 (pipeline.cpp              : 225)   Starting from stage: read_conversion
  0:00:00.001     1M / 19M   INFO    General                 (pipeline.cpp              : 231)   Two-step repeat resolution disabled
  0:00:00.001     1M / 19M   INFO   GraphCore                (graph_core.hpp            : 672)   Graph created, vertex min_id: 3, edge min_id: 3
  0:00:00.001     1M / 19M   INFO   GraphCore                (graph_core.hpp            : 673)   Vertex size: 48, edge size: 40
  0:00:00.001     1M / 19M   INFO    General                 (edge_index.hpp            : 113)   Size of edge index entries: 12/8
  0:00:00.001     1M / 19M   INFO    General                 (pipeline.cpp              : 242)   Will need read mapping, kmer mapper will be attached
  0:00:00.002     1M / 19M   INFO   StageManager             (stage.cpp                 : 185)   STAGE == Binary Read Conversion (id: read_conversion)
  0:00:00.002     1M / 19M   INFO    General                 (read_converter.cpp        :  53)   Binary reads detected
  0:00:00.006     1M / 19M   INFO   StageManager             (stage.cpp                 : 185)   STAGE == de Bruijn graph construction (id: construction)
  0:00:00.006     1M / 19M   INFO    General                 (construction.cpp          : 118)   Contigs from previous K will be used: /data/djs217/PROJECTS/10_X_fragariae_feb_2024/04_spades/NCPPB_4055.spades/K55/simplified_contigs
  0:00:00.040     1M / 19M   INFO    General                 (construction.cpp          : 153)   Max read length 301
  0:00:00.041     1M / 19M   INFO    General                 (construction.cpp          : 159)   Average read length 201.996
  0:00:00.041     1M / 19M   INFO    General                 (stage.cpp                 : 117)   PROCEDURE == k+1-mer counting (id: construction:kpomer_counting)
  0:00:00.041     1M / 19M   INFO    General                 (kmer_index_builder.hpp    : 243)   Splitting kmer instances into 160 files using 16 threads. This might take a while.
  0:00:00.041     1M / 19M   INFO    General                 (file_limit.hpp            :  42)   Open file limit set to 1024
  0:00:00.041     1M / 19M   INFO    General                 (kmer_splitter.hpp         :  93)   Memory available for splitting buffers: 1.29165 Gb
  0:00:00.041     1M / 19M   INFO    General                 (kmer_splitter.hpp         : 101)   Using cell size of 139810
  0:00:01.895  9601M / 9601M INFO    General                 (kmer_splitters.hpp        : 125)   Processed 1849306 reads
  0:00:01.909     2M / 3141M INFO    General                 (kmer_splitters.hpp        : 131)   Used 1849306 reads
  0:00:02.166     2M / 3141M INFO    General                 (kmer_index_builder.hpp    : 249)   Starting k-mer counting.
  0:00:02.266     1M / 3141M INFO    General                 (kmer_index_builder.hpp    : 260)   K-mer counting done. There are 4218357 kmers in total.
  0:00:02.266     1M / 3141M INFO    General                 (stage.cpp                 : 117)   PROCEDURE == Extension index construction (id: construction:extension_index_construction)
  0:00:02.269     1M / 3141M INFO   K-mer Index Building     (kmer_index_builder.hpp    : 438)   Building kmer index
  0:00:02.269     1M / 3141M INFO    General                 (kmer_index_builder.hpp    : 243)   Splitting kmer instances into 160 files using 16 threads. This might take a while.
  0:00:02.269     1M / 3141M INFO    General                 (file_limit.hpp            :  42)   Open file limit set to 1024
  0:00:02.269     1M / 3141M INFO    General                 (kmer_splitter.hpp         :  93)   Memory available for splitting buffers: 1.29165 Gb
  0:00:02.269     1M / 3141M INFO    General                 (kmer_splitter.hpp         : 101)   Using cell size of 139810
  0:00:02.502  9602M / 9602M INFO    General                 (kmer_splitters.hpp        : 194)   Processed 4218357 kmers
  0:00:02.502  9602M / 9602M INFO    General                 (kmer_splitters.hpp        : 199)   Used 4218357 kmers.
  0:00:02.505     2M / 3141M INFO    General                 (kmer_index_builder.hpp    : 249)   Starting k-mer counting.
  0:00:02.631     2M / 3141M INFO    General                 (kmer_index_builder.hpp    : 260)   K-mer counting done. There are 4216413 kmers in total.
  0:00:02.632     2M / 3141M INFO   K-mer Index Building     (kmer_index_builder.hpp    : 395)   Building perfect hash indices
  0:00:02.952     5M / 3141M INFO   K-mer Index Building     (kmer_index_builder.hpp    : 431)   Index built. Total 4216413 kmers, 3165296 bytes occupied (6.00567 bits per kmer).
  0:00:02.953     5M / 3141M INFO    General                 (kmer_index_builder.hpp    : 169)   Merging final buckets.
  0:00:03.304     9M / 3141M INFO   DeBruijnExtensionIndexBu (kmer_extension_index_build: 100)   Building k-mer extensions from k+1-mers
  0:00:03.549     9M / 3141M INFO   DeBruijnExtensionIndexBu (kmer_extension_index_build: 105)   Building k-mer extensions from k+1-mers finished.
  0:00:03.560     9M / 3141M INFO    General                 (stage.cpp                 : 117)   PROCEDURE == Condensing graph (id: construction:graph_condensing)
  0:00:03.561     9M / 3141M INFO   UnbranchingPathExtractor (debruijn_graph_constructor: 354)   Extracting unbranching paths
  0:00:03.715    11M / 3141M INFO   UnbranchingPathExtractor (debruijn_graph_constructor: 373)   Extracting unbranching paths finished. 23815 sequences extracted
  0:00:03.865    11M / 3141M INFO   UnbranchingPathExtractor (debruijn_graph_constructor: 309)   Collecting perfect loops
  0:00:03.906    11M / 3141M INFO   UnbranchingPathExtractor (debruijn_graph_constructor: 342)   Collecting perfect loops finished. 1 loops collected
  0:00:03.920    11M / 3141M INFO    General                 (debruijn_graph_constructor: 487)   Total 47632 edges to create
  0:00:03.920    13M / 3141M INFO    General                 (debruijn_graph_constructor: 489)   Collecting link records
  0:00:03.966    14M / 3141M INFO    General                 (debruijn_graph_constructor: 491)   Ordering link records
  0:00:03.966    14M / 3141M INFO    General                 (debruijn_graph_constructor: 493)   Sorting done
  0:00:03.967    14M / 3141M INFO    General                 (debruijn_graph_constructor: 503)   Total 21872 vertices to create
  0:00:03.967    17M / 3141M INFO    General                 (debruijn_graph_constructor: 506)   Connecting the graph
  0:00:04.004    15M / 3141M INFO    General                 (stage.cpp                 : 117)   PROCEDURE == Filling coverage indices (PHM) (id: construction:coverage_filling_phm)
  0:00:04.004    15M / 3141M INFO   K-mer Index Building     (kmer_index_builder.hpp    : 395)   Building perfect hash indices
  0:00:04.259    19M / 3141M INFO   K-mer Index Building     (kmer_index_builder.hpp    : 431)   Index built. Total 4218357 kmers, 3166688 bytes occupied (6.00554 bits per kmer).
  0:00:04.274    36M / 3141M INFO    General                 (coverage_hash_map_builder.:  47)   Collecting k-mer coverage information from reads, this takes a while.
  0:00:06.300    36M / 3141M INFO    General                 (construction.cpp          : 430)   Filling coverage and flanking coverage from PHM
  0:00:06.418    36M / 3141M INFO    General                 (coverage_filling.hpp      :  82)   Processed 47631 edges
  0:00:06.464     7M / 3141M INFO   StageManager             (stage.cpp                 : 185)   STAGE == EC Threshold Finding (id: ec_threshold_finder)
  0:00:06.465     7M / 3141M INFO    General                 (kmer_coverage_model.cpp   : 181)   Kmer coverage valley at: 2
  0:00:06.465     7M / 3141M INFO    General                 (kmer_coverage_model.cpp   : 201)   K-mer histogram maximum: 24
  0:00:06.465     7M / 3141M INFO    General                 (kmer_coverage_model.cpp   : 237)   Estimated median coverage: 26. Coverage mad: 8.8956
  0:00:06.465     7M / 3141M INFO    General                 (kmer_coverage_model.cpp   : 259)   Fitting coverage model
  0:00:06.496     7M / 3141M INFO    General                 (kmer_coverage_model.cpp   : 295)   ... iteration 2
  0:00:06.570     7M / 3141M INFO    General                 (kmer_coverage_model.cpp   : 295)   ... iteration 4
  0:00:06.867     7M / 3141M INFO    General                 (kmer_coverage_model.cpp   : 295)   ... iteration 8
  0:00:07.469     7M / 3141M INFO    General                 (kmer_coverage_model.cpp   : 295)   ... iteration 16
  0:00:08.670     7M / 3141M INFO    General                 (kmer_coverage_model.cpp   : 295)   ... iteration 32
  0:00:09.206     7M / 3141M INFO    General                 (kmer_coverage_model.cpp   : 309)   Fitted mean coverage: 26.4229. Fitted coverage std. dev: 7.51783
  0:00:09.209     7M / 3141M INFO    General                 (kmer_coverage_model.cpp   : 334)   Probability of erroneous kmer at valley: 0.965846
  0:00:09.209     7M / 3141M INFO    General                 (kmer_coverage_model.cpp   : 358)   Preliminary threshold calculated as: 11
  0:00:09.209     7M / 3141M INFO    General                 (kmer_coverage_model.cpp   : 362)   Threshold adjusted to: 11
  0:00:09.209     7M / 3141M INFO    General                 (kmer_coverage_model.cpp   : 375)   Estimated genome size (ignoring repeats): 3923294
  0:00:09.209     7M / 3141M INFO    General                 (genomic_info_filler.cpp   :  55)   Mean coverage was calculated as 26.4229
  0:00:09.209     7M / 3141M INFO    General                 (genomic_info_filler.cpp   :  70)   EC coverage threshold value was calculated as 11
  0:00:09.209     7M / 3141M INFO    General                 (genomic_info_filler.cpp   :  71)   Trusted kmer low bound: 0
  0:00:09.209     7M / 3141M INFO   StageManager             (stage.cpp                 : 185)   STAGE == Gap Closer (id: early_gapcloser)
  0:00:09.217    16M / 3141M INFO    General                 (edge_index.hpp            : 113)   Size of edge index entries: 12/8
  0:00:09.223    16M / 3141M INFO    General                 (gap_closer.cpp            : 101)   Total edges in tip neighborhood: 9252 out of 47631, length: 205074
  0:00:09.224    16M / 3141M INFO    General                 (edge_index.hpp            : 167)   Using small index (max_id = 47873)
  0:00:09.227    16M / 3141M INFO   K-mer Index Building     (kmer_index_builder.hpp    : 395)   Building perfect hash indices
  0:00:09.240    16M / 3141M INFO   K-mer Index Building     (kmer_index_builder.hpp    : 431)   Index built. Total 182975 kmers, 132904 bytes occupied (5.8108 bits per kmer).
  0:00:09.241    18M / 3141M INFO    General                 (edge_index_builders.hpp   : 265)   Collecting edge information from graph, this takes a while.
  0:00:10.417    18M / 3141M INFO    General                 (sequence_mapper_notifier.h:  95)   Total 460416 reads processed
  0:00:10.426    16M / 3141M INFO    General                 (gap_closer.cpp            : 452)   Initializing gap closer
  0:00:10.426    16M / 3141M INFO   GapCloser                (gap_closer.cpp            : 359)   Closing short gaps
  0:00:10.446    16M / 3141M INFO   GapCloser                (gap_closer.cpp            : 391)   Closing short gaps complete: filled 0 gaps after checking 38 candidates
  0:00:10.448    16M / 3141M INFO    General                 (gap_closer.cpp            : 456)   Gap closer done
  0:00:10.449     7M / 3141M INFO   StageManager             (stage.cpp                 : 185)   STAGE == Raw Simplification (id: raw_simplification)
  0:00:10.449     7M / 3141M INFO    General                 (simplification.cpp        : 127)   PROCEDURE == Initial cleaning
  0:00:10.450     7M / 3141M INFO    General                 (graph_simplification.hpp  : 662)   Flanking coverage based disconnection disabled
  0:00:10.450     7M / 3141M INFO   Simplification           (parallel_processing.hpp   : 167)   Running Self conjugate edge remover
  0:00:10.450     7M / 3141M INFO   Simplification           (parallel_processing.hpp   : 170)   Self conjugate edge remover triggered 0 times
  0:00:10.450     7M / 3141M INFO   StageManager             (stage.cpp                 : 185)   STAGE == Simplification (id: simplification)
  0:00:10.450     7M / 3141M INFO    General                 (simplification.cpp        : 368)   Graph simplification started
  0:00:10.451     7M / 3141M INFO    General                 (graph_simplification.hpp  : 634)   Creating parallel br instance
  0:00:10.451     7M / 3141M INFO    General                 (simplification.cpp        : 373)   PROCEDURE == Simplification cycle, iteration 1
  0:00:10.451     7M / 3141M INFO   Simplification           (parallel_processing.hpp   : 167)   Running Tip clipper
  0:00:10.536     6M / 3141M INFO   Simplification           (parallel_processing.hpp   : 170)   Tip clipper triggered 8310 times
  0:00:10.537     6M / 3141M INFO   Simplification           (parallel_processing.hpp   : 167)   Running Bulge remover
  0:00:10.643    16M / 3141M INFO   Simplification           (parallel_processing.hpp   : 170)   Bulge remover triggered 807 times
  0:00:10.644    16M / 3141M INFO   Simplification           (parallel_processing.hpp   : 167)   Running Low coverage edge remover
  0:00:10.656    16M / 3141M INFO   Simplification           (parallel_processing.hpp   : 170)   Low coverage edge remover triggered 383 times
  0:00:10.657    16M / 3141M INFO    General                 (simplification.cpp        : 373)   PROCEDURE == Simplification cycle, iteration 2
  0:00:10.657    16M / 3141M INFO   Simplification           (parallel_processing.hpp   : 167)   Running Tip clipper
  0:00:10.657    15M / 3141M INFO   Simplification           (parallel_processing.hpp   : 170)   Tip clipper triggered 20 times
  0:00:10.657    15M / 3141M INFO   Simplification           (parallel_processing.hpp   : 167)   Running Bulge remover
  0:00:10.672    17M / 3141M INFO   Simplification           (parallel_processing.hpp   : 170)   Bulge remover triggered 101 times
  0:00:10.672    17M / 3141M INFO   Simplification           (parallel_processing.hpp   : 167)   Running Low coverage edge remover
  0:00:10.682    17M / 3141M INFO   Simplification           (parallel_processing.hpp   : 170)   Low coverage edge remover triggered 158 times
  0:00:10.682    17M / 3141M INFO    General                 (simplification.cpp        : 373)   PROCEDURE == Simplification cycle, iteration 3
  0:00:10.682    17M / 3141M INFO   Simplification           (parallel_processing.hpp   : 167)   Running Tip clipper
  0:00:10.682    17M / 3141M INFO   Simplification           (parallel_processing.hpp   : 170)   Tip clipper triggered 2 times
  0:00:10.682    17M / 3141M INFO   Simplification           (parallel_processing.hpp   : 167)   Running Bulge remover
  0:00:10.688    17M / 3141M INFO   Simplification           (parallel_processing.hpp   : 170)   Bulge remover triggered 37 times
  0:00:10.688    17M / 3141M INFO   Simplification           (parallel_processing.hpp   : 167)   Running Low coverage edge remover
  0:00:10.688    17M / 3141M INFO   Simplification           (parallel_processing.hpp   : 170)   Low coverage edge remover triggered 23 times
  0:00:10.688    17M / 3141M INFO    General                 (simplification.cpp        : 373)   PROCEDURE == Simplification cycle, iteration 4
  0:00:10.688    17M / 3141M INFO   Simplification           (parallel_processing.hpp   : 167)   Running Tip clipper
  0:00:10.688    17M / 3141M INFO   Simplification           (parallel_processing.hpp   : 170)   Tip clipper triggered 0 times
  0:00:10.688    17M / 3141M INFO   Simplification           (parallel_processing.hpp   : 167)   Running Bulge remover
  0:00:10.690    17M / 3141M INFO   Simplification           (parallel_processing.hpp   : 170)   Bulge remover triggered 12 times
  0:00:10.690    17M / 3141M INFO   Simplification           (parallel_processing.hpp   : 167)   Running Low coverage edge remover
  0:00:10.690    17M / 3141M INFO   Simplification           (parallel_processing.hpp   : 170)   Low coverage edge remover triggered 4 times
  0:00:10.690    17M / 3141M INFO    General                 (simplification.cpp        : 373)   PROCEDURE == Simplification cycle, iteration 5
  0:00:10.690    17M / 3141M INFO   Simplification           (parallel_processing.hpp   : 167)   Running Tip clipper
  0:00:10.690    17M / 3141M INFO   Simplification           (parallel_processing.hpp   : 170)   Tip clipper triggered 0 times
  0:00:10.690    17M / 3141M INFO   Simplification           (parallel_processing.hpp   : 167)   Running Bulge remover
  0:00:10.691    17M / 3141M INFO   Simplification           (parallel_processing.hpp   : 170)   Bulge remover triggered 1 times
  0:00:10.691    17M / 3141M INFO   Simplification           (parallel_processing.hpp   : 167)   Running Low coverage edge remover
  0:00:10.691    17M / 3141M INFO   Simplification           (parallel_processing.hpp   : 170)   Low coverage edge remover triggered 3 times
  0:00:10.691    17M / 3141M INFO    General                 (simplification.cpp        : 373)   PROCEDURE == Simplification cycle, iteration 6
  0:00:10.691    17M / 3141M INFO   Simplification           (parallel_processing.hpp   : 167)   Running Tip clipper
  0:00:10.691    17M / 3141M INFO   Simplification           (parallel_processing.hpp   : 170)   Tip clipper triggered 0 times
  0:00:10.691    17M / 3141M INFO   Simplification           (parallel_processing.hpp   : 167)   Running Bulge remover
  0:00:10.691    17M / 3141M INFO   Simplification           (parallel_processing.hpp   : 170)   Bulge remover triggered 0 times
  0:00:10.691    17M / 3141M INFO   Simplification           (parallel_processing.hpp   : 167)   Running Low coverage edge remover
  0:00:10.691    17M / 3141M INFO   Simplification           (parallel_processing.hpp   : 170)   Low coverage edge remover triggered 1 times
  0:00:10.691    17M / 3141M INFO    General                 (simplification.cpp        : 373)   PROCEDURE == Simplification cycle, iteration 7
  0:00:10.691    17M / 3141M INFO   Simplification           (parallel_processing.hpp   : 167)   Running Tip clipper
  0:00:10.691    17M / 3141M INFO   Simplification           (parallel_processing.hpp   : 170)   Tip clipper triggered 0 times
  0:00:10.691    17M / 3141M INFO   Simplification           (parallel_processing.hpp   : 167)   Running Bulge remover
  0:00:10.691    17M / 3141M INFO   Simplification           (parallel_processing.hpp   : 170)   Bulge remover triggered 0 times
  0:00:10.691    17M / 3141M INFO   Simplification           (parallel_processing.hpp   : 167)   Running Low coverage edge remover
  0:00:10.691    17M / 3141M INFO   Simplification           (parallel_processing.hpp   : 170)   Low coverage edge remover triggered 0 times
  0:00:10.691    17M / 3141M INFO    General                 (simplification.cpp        : 373)   PROCEDURE == Simplification cycle, iteration 8
  0:00:10.691    17M / 3141M INFO   Simplification           (parallel_processing.hpp   : 167)   Running Tip clipper
  0:00:10.691    17M / 3141M INFO   Simplification           (parallel_processing.hpp   : 170)   Tip clipper triggered 0 times
  0:00:10.691    17M / 3141M INFO   Simplification           (parallel_processing.hpp   : 167)   Running Bulge remover
  0:00:10.691    17M / 3141M INFO   Simplification           (parallel_processing.hpp   : 170)   Bulge remover triggered 0 times
  0:00:10.692    17M / 3141M INFO   Simplification           (parallel_processing.hpp   : 167)   Running Low coverage edge remover
  0:00:10.692    17M / 3141M INFO   Simplification           (parallel_processing.hpp   : 170)   Low coverage edge remover triggered 2 times
  0:00:10.692    17M / 3141M INFO    General                 (simplification.cpp        : 373)   PROCEDURE == Simplification cycle, iteration 9
  0:00:10.692    17M / 3141M INFO   Simplification           (parallel_processing.hpp   : 167)   Running Tip clipper
  0:00:10.692    17M / 3141M INFO   Simplification           (parallel_processing.hpp   : 170)   Tip clipper triggered 0 times
  0:00:10.692    17M / 3141M INFO   Simplification           (parallel_processing.hpp   : 167)   Running Bulge remover
  0:00:10.692    17M / 3141M INFO   Simplification           (parallel_processing.hpp   : 170)   Bulge remover triggered 0 times
  0:00:10.692    17M / 3141M INFO   Simplification           (parallel_processing.hpp   : 167)   Running Low coverage edge remover
  0:00:10.692    17M / 3141M INFO   Simplification           (parallel_processing.hpp   : 170)   Low coverage edge remover triggered 1 times
  0:00:10.692    17M / 3141M INFO    General                 (simplification.cpp        : 373)   PROCEDURE == Simplification cycle, iteration 10
  0:00:10.692    17M / 3141M INFO   Simplification           (parallel_processing.hpp   : 167)   Running Tip clipper
  0:00:10.692    17M / 3141M INFO   Simplification           (parallel_processing.hpp   : 170)   Tip clipper triggered 0 times
  0:00:10.692    17M / 3141M INFO   Simplification           (parallel_processing.hpp   : 167)   Running Bulge remover
  0:00:10.692    17M / 3141M INFO   Simplification           (parallel_processing.hpp   : 170)   Bulge remover triggered 1 times
  0:00:10.692    17M / 3141M INFO   Simplification           (parallel_processing.hpp   : 167)   Running Low coverage edge remover
  0:00:10.693    17M / 3141M INFO   Simplification           (parallel_processing.hpp   : 170)   Low coverage edge remover triggered 2 times
  0:00:10.693    17M / 3141M INFO    General                 (simplification.cpp        : 373)   PROCEDURE == Simplification cycle, iteration 11
  0:00:10.693    17M / 3141M INFO   Simplification           (parallel_processing.hpp   : 167)   Running Tip clipper
  0:00:10.693    17M / 3141M INFO   Simplification           (parallel_processing.hpp   : 170)   Tip clipper triggered 0 times
  0:00:10.693    17M / 3141M INFO   Simplification           (parallel_processing.hpp   : 167)   Running Bulge remover
  0:00:10.695    17M / 3141M INFO   Simplification           (parallel_processing.hpp   : 170)   Bulge remover triggered 1 times
  0:00:10.695    17M / 3141M INFO   Simplification           (parallel_processing.hpp   : 167)   Running Low coverage edge remover
  0:00:10.695    17M / 3141M INFO   Simplification           (parallel_processing.hpp   : 170)   Low coverage edge remover triggered 0 times
  0:00:10.695    17M / 3141M INFO    General                 (simplification.cpp        : 373)   PROCEDURE == Simplification cycle, iteration 12
  0:00:10.695    17M / 3141M INFO   Simplification           (parallel_processing.hpp   : 167)   Running Tip clipper
  0:00:10.695    17M / 3141M INFO   Simplification           (parallel_processing.hpp   : 170)   Tip clipper triggered 0 times
  0:00:10.695    17M / 3141M INFO   Simplification           (parallel_processing.hpp   : 167)   Running Bulge remover
  0:00:10.695    17M / 3141M INFO   Simplification           (parallel_processing.hpp   : 170)   Bulge remover triggered 0 times
  0:00:10.695    17M / 3141M INFO   Simplification           (parallel_processing.hpp   : 167)   Running Low coverage edge remover
  0:00:10.695    17M / 3141M INFO   Simplification           (parallel_processing.hpp   : 170)   Low coverage edge remover triggered 0 times
  0:00:10.695    17M / 3141M INFO   StageManager             (stage.cpp                 : 185)   STAGE == Gap Closer (id: late_gapcloser)
  0:00:10.698    26M / 3141M INFO    General                 (edge_index.hpp            : 113)   Size of edge index entries: 12/8
  0:00:10.698    26M / 3141M INFO    General                 (gap_closer.cpp            : 101)   Total edges in tip neighborhood: 844 out of 5512, length: 105940
  0:00:10.698    26M / 3141M INFO    General                 (edge_index.hpp            : 167)   Using small index (max_id = 47873)
  0:00:10.699    26M / 3141M INFO   K-mer Index Building     (kmer_index_builder.hpp    : 395)   Building perfect hash indices
  0:00:10.708    26M / 3141M INFO   K-mer Index Building     (kmer_index_builder.hpp    : 431)   Index built. Total 83317 kmers, 60928 bytes occupied (5.85023 bits per kmer).
  0:00:10.708    27M / 3141M INFO    General                 (edge_index_builders.hpp   : 265)   Collecting edge information from graph, this takes a while.
  0:00:12.569    27M / 3141M INFO    General                 (sequence_mapper_notifier.h:  95)   Total 460416 reads processed
  0:00:12.579    26M / 3141M INFO    General                 (gap_closer.cpp            : 452)   Initializing gap closer
  0:00:12.580    26M / 3141M INFO   GapCloser                (gap_closer.cpp            : 359)   Closing short gaps
  0:00:12.585    26M / 3141M INFO   GapCloser                (gap_closer.cpp            : 391)   Closing short gaps complete: filled 0 gaps after checking 3 candidates
  0:00:12.585    26M / 3141M INFO    General                 (gap_closer.cpp            : 456)   Gap closer done
  0:00:12.588    17M / 3141M INFO   StageManager             (stage.cpp                 : 185)   STAGE == Simplification Cleanup (id: simplification_cleanup)
  0:00:12.588    17M / 3141M INFO    General                 (simplification.cpp        : 176)   PROCEDURE == Post simplification
  0:00:12.588    17M / 3141M INFO    General                 (graph_simplification.hpp  : 448)   Disconnection of relatively low covered edges disabled
  0:00:12.588    17M / 3141M INFO    General                 (graph_simplification.hpp  : 485)   Complex tip clipping disabled
  0:00:12.588    17M / 3141M INFO    General                 (graph_simplification.hpp  : 634)   Creating parallel br instance
  0:00:12.588    17M / 3141M INFO   Simplification           (parallel_processing.hpp   : 167)   Running Tip clipper
  0:00:12.589    17M / 3141M INFO   Simplification           (parallel_processing.hpp   : 170)   Tip clipper triggered 0 times
  0:00:12.589    17M / 3141M INFO   Simplification           (parallel_processing.hpp   : 167)   Running Bulge remover
  0:00:12.595    17M / 3141M INFO   Simplification           (parallel_processing.hpp   : 170)   Bulge remover triggered 0 times
  0:00:12.596    17M / 3141M INFO   Simplification           (parallel_processing.hpp   : 167)   Running Tip clipper
  0:00:12.596    17M / 3141M INFO   Simplification           (parallel_processing.hpp   : 170)   Tip clipper triggered 0 times
  0:00:12.596    17M / 3141M INFO   Simplification           (parallel_processing.hpp   : 167)   Running Bulge remover
  0:00:12.601    17M / 3141M INFO   Simplification           (parallel_processing.hpp   : 170)   Bulge remover triggered 0 times
  0:00:12.601    17M / 3141M INFO    General                 (simplification.cpp        : 327)   Disrupting self-conjugate edges
  0:00:12.602    17M / 3141M INFO   Simplification           (parallel_processing.hpp   : 167)   Running Removing isolated edges
  0:00:12.604    17M / 3141M INFO   Simplification           (parallel_processing.hpp   : 170)   Removing isolated edges triggered 416 times
  0:00:12.604    17M / 3141M INFO    General                 (simplification.cpp        : 495)   After simplification:
  0:00:12.604    17M / 3141M INFO    General                 (simplification.cpp        : 496)     Average coverage = 29.3884
  0:00:12.604    17M / 3141M INFO    General                 (simplification.cpp        : 497)     Total length = 3942241
  0:00:12.605    17M / 3141M INFO    General                 (simplification.cpp        : 498)     Median edge length: 23956
  0:00:12.605    17M / 3141M INFO    General                 (simplification.cpp        : 499)     Edges: 4680
  0:00:12.605    17M / 3141M INFO    General                 (simplification.cpp        : 500)     Vertices: 3034
  0:00:12.605    17M / 3141M INFO   StageManager             (stage.cpp                 : 185)   STAGE == Contig Output (id: contig_output)
  0:00:12.605    17M / 3141M INFO    General                 (read_converter.cpp        : 107)   Outputting contigs to /data/djs217/PROJECTS/10_X_fragariae_feb_2024/04_spades/NCPPB_4055.spades/K77/simplified_contigs
  0:00:12.613    20M / 3141M INFO    General                 (binary_converter.cpp      : 111)   2340 reads written
  0:00:12.620    17M / 3141M INFO    General                 (pipeline.cpp              : 287)   SPAdes finished
  0:00:12.649     1M / 3141M INFO    General                 (main.cpp                  : 136)   Assembling time: 0 hours 0 minutes 12 seconds

===== K77 finished. 


===== K99 started. 


== Running: /data/djs217/anaconda3/envs/spades-env/bin/spades-core /data/djs217/PROJECTS/10_X_fragariae_feb_2024/04_spades/NCPPB_4055.spades/K99/configs/config.info /data/djs217/PROJECTS/10_X_fragariae_feb_2024/04_spades/NCPPB_4055.spades/K99/configs/careful_mode.info

  0:00:00.000     1M / 19M   INFO    General                 (main.cpp                  :  99)   Loaded config from /data/djs217/PROJECTS/10_X_fragariae_feb_2024/04_spades/NCPPB_4055.spades/K99/configs/config.info
  0:00:00.001     1M / 19M   INFO    General                 (main.cpp                  :  99)   Loaded config from /data/djs217/PROJECTS/10_X_fragariae_feb_2024/04_spades/NCPPB_4055.spades/K99/configs/careful_mode.info
  0:00:00.001     1M / 19M   INFO    General                 (memory_limit.cpp          :  54)   Memory limit set to 62 Gb
  0:00:00.001     1M / 19M   INFO    General                 (main.cpp                  : 107)   Starting SPAdes, built from N/A, git revision N/A
  0:00:00.001     1M / 19M   INFO    General                 (main.cpp                  : 108)   Maximum k-mer length: 128
  0:00:00.001     1M / 19M   INFO    General                 (main.cpp                  : 109)   Assembling dataset (/data/djs217/PROJECTS/10_X_fragariae_feb_2024/04_spades/NCPPB_4055.spades/dataset.info) with K=99
  0:00:00.001     1M / 19M   INFO    General                 (main.cpp                  : 110)   Maximum # of threads to use (adjusted due to OMP capabilities): 16
  0:00:00.001     1M / 19M   INFO    General                 (pipeline.cpp              : 212)   SPAdes started
  0:00:00.002     1M / 19M   INFO    General                 (pipeline.cpp              : 225)   Starting from stage: read_conversion
  0:00:00.002     1M / 19M   INFO    General                 (pipeline.cpp              : 231)   Two-step repeat resolution disabled
  0:00:00.002     1M / 19M   INFO   GraphCore                (graph_core.hpp            : 672)   Graph created, vertex min_id: 3, edge min_id: 3
  0:00:00.002     1M / 19M   INFO   GraphCore                (graph_core.hpp            : 673)   Vertex size: 48, edge size: 40
  0:00:00.002     1M / 19M   INFO    General                 (edge_index.hpp            : 113)   Size of edge index entries: 12/8
  0:00:00.002     1M / 19M   INFO    General                 (pipeline.cpp              : 242)   Will need read mapping, kmer mapper will be attached
  0:00:00.002     1M / 19M   INFO   StageManager             (stage.cpp                 : 185)   STAGE == Binary Read Conversion (id: read_conversion)
  0:00:00.003     1M / 19M   INFO    General                 (read_converter.cpp        :  53)   Binary reads detected
  0:00:00.009     1M / 19M   INFO   StageManager             (stage.cpp                 : 185)   STAGE == de Bruijn graph construction (id: construction)
  0:00:00.009     1M / 19M   INFO    General                 (construction.cpp          : 118)   Contigs from previous K will be used: /data/djs217/PROJECTS/10_X_fragariae_feb_2024/04_spades/NCPPB_4055.spades/K77/simplified_contigs
  0:00:00.062     1M / 19M   INFO    General                 (construction.cpp          : 153)   Max read length 301
  0:00:00.062     1M / 19M   INFO    General                 (construction.cpp          : 159)   Average read length 201.996
  0:00:00.062     1M / 19M   INFO    General                 (stage.cpp                 : 117)   PROCEDURE == k+1-mer counting (id: construction:kpomer_counting)
  0:00:00.062     1M / 19M   INFO    General                 (kmer_index_builder.hpp    : 243)   Splitting kmer instances into 160 files using 16 threads. This might take a while.
  0:00:00.063     1M / 19M   INFO    General                 (file_limit.hpp            :  42)   Open file limit set to 1024
  0:00:00.063     1M / 19M   INFO    General                 (kmer_splitter.hpp         :  93)   Memory available for splitting buffers: 1.29165 Gb
  0:00:00.063     1M / 19M   INFO    General                 (kmer_splitter.hpp         : 101)   Using cell size of 104857
  0:00:01.773  9601M / 9601M INFO    General                 (kmer_splitters.hpp        : 125)   Processed 1848908 reads
  0:00:01.811     2M / 3628M INFO    General                 (kmer_splitters.hpp        : 131)   Used 1848908 reads
  0:00:02.114     2M / 3628M INFO    General                 (kmer_index_builder.hpp    : 249)   Starting k-mer counting.
  0:00:02.235     1M / 3628M INFO    General                 (kmer_index_builder.hpp    : 260)   K-mer counting done. There are 4250604 kmers in total.
  0:00:02.236     1M / 3628M INFO    General                 (stage.cpp                 : 117)   PROCEDURE == Extension index construction (id: construction:extension_index_construction)
  0:00:02.238     1M / 3628M INFO   K-mer Index Building     (kmer_index_builder.hpp    : 438)   Building kmer index
  0:00:02.238     1M / 3628M INFO    General                 (kmer_index_builder.hpp    : 243)   Splitting kmer instances into 160 files using 16 threads. This might take a while.
  0:00:02.239     1M / 3628M INFO    General                 (file_limit.hpp            :  42)   Open file limit set to 1024
  0:00:02.239     1M / 3628M INFO    General                 (kmer_splitter.hpp         :  93)   Memory available for splitting buffers: 1.29165 Gb
  0:00:02.239     1M / 3628M INFO    General                 (kmer_splitter.hpp         : 101)   Using cell size of 104857
  0:00:02.533  9602M / 9602M INFO    General                 (kmer_splitters.hpp        : 194)   Processed 4250604 kmers
  0:00:02.534  9602M / 9602M INFO    General                 (kmer_splitters.hpp        : 199)   Used 4250604 kmers.
  0:00:02.538     2M / 3628M INFO    General                 (kmer_index_builder.hpp    : 249)   Starting k-mer counting.
  0:00:02.692     2M / 3628M INFO    General                 (kmer_index_builder.hpp    : 260)   K-mer counting done. There are 4249488 kmers in total.
  0:00:02.693     2M / 3628M INFO   K-mer Index Building     (kmer_index_builder.hpp    : 395)   Building perfect hash indices
  0:00:03.029     5M / 3628M INFO   K-mer Index Building     (kmer_index_builder.hpp    : 431)   Index built. Total 4249488 kmers, 3189464 bytes occupied (6.00442 bits per kmer).
  0:00:03.030     5M / 3628M INFO    General                 (kmer_index_builder.hpp    : 169)   Merging final buckets.
  0:00:03.506     9M / 3628M INFO   DeBruijnExtensionIndexBu (kmer_extension_index_build: 100)   Building k-mer extensions from k+1-mers
  0:00:03.738     9M / 3628M INFO   DeBruijnExtensionIndexBu (kmer_extension_index_build: 105)   Building k-mer extensions from k+1-mers finished.
  0:00:03.754     9M / 3628M INFO    General                 (stage.cpp                 : 117)   PROCEDURE == Condensing graph (id: construction:graph_condensing)
  0:00:03.755     9M / 3628M INFO   UnbranchingPathExtractor (debruijn_graph_constructor: 354)   Extracting unbranching paths
  0:00:03.912    11M / 3628M INFO   UnbranchingPathExtractor (debruijn_graph_constructor: 373)   Extracting unbranching paths finished. 22320 sequences extracted
  0:00:04.059    11M / 3628M INFO   UnbranchingPathExtractor (debruijn_graph_constructor: 309)   Collecting perfect loops
  0:00:04.101    11M / 3628M INFO   UnbranchingPathExtractor (debruijn_graph_constructor: 342)   Collecting perfect loops finished. 1 loops collected
  0:00:04.117    11M / 3628M INFO    General                 (debruijn_graph_constructor: 487)   Total 44642 edges to create
  0:00:04.117    13M / 3628M INFO    General                 (debruijn_graph_constructor: 489)   Collecting link records
  0:00:04.161    14M / 3628M INFO    General                 (debruijn_graph_constructor: 491)   Ordering link records
  0:00:04.162    14M / 3628M INFO    General                 (debruijn_graph_constructor: 493)   Sorting done
  0:00:04.162    14M / 3628M INFO    General                 (debruijn_graph_constructor: 503)   Total 21205 vertices to create
  0:00:04.162    16M / 3628M INFO    General                 (debruijn_graph_constructor: 506)   Connecting the graph
  0:00:04.200    15M / 3628M INFO    General                 (stage.cpp                 : 117)   PROCEDURE == Filling coverage indices (PHM) (id: construction:coverage_filling_phm)
  0:00:04.200    15M / 3628M INFO   K-mer Index Building     (kmer_index_builder.hpp    : 395)   Building perfect hash indices
  0:00:04.474    18M / 3628M INFO   K-mer Index Building     (kmer_index_builder.hpp    : 431)   Index built. Total 4250604 kmers, 3190248 bytes occupied (6.00432 bits per kmer).
  0:00:04.485    35M / 3628M INFO    General                 (coverage_hash_map_builder.:  47)   Collecting k-mer coverage information from reads, this takes a while.
  0:00:06.243    35M / 3628M INFO    General                 (construction.cpp          : 430)   Filling coverage and flanking coverage from PHM
  0:00:06.364    35M / 3628M INFO    General                 (coverage_filling.hpp      :  82)   Processed 44642 edges
  0:00:06.426     6M / 3628M INFO   StageManager             (stage.cpp                 : 185)   STAGE == EC Threshold Finding (id: ec_threshold_finder)
  0:00:06.427     6M / 3628M INFO    General                 (kmer_coverage_model.cpp   : 181)   Kmer coverage valley at: 0
  0:00:06.427     6M / 3628M INFO    General                 (kmer_coverage_model.cpp   : 201)   K-mer histogram maximum: 19
  0:00:06.427     6M / 3628M INFO    General                 (kmer_coverage_model.cpp   : 237)   Estimated median coverage: 21. Coverage mad: 8.8956
  0:00:06.427     6M / 3628M INFO    General                 (kmer_coverage_model.cpp   : 259)   Fitting coverage model
  0:00:06.449     6M / 3628M INFO    General                 (kmer_coverage_model.cpp   : 295)   ... iteration 2
  0:00:06.507     6M / 3628M INFO    General                 (kmer_coverage_model.cpp   : 295)   ... iteration 4
  0:00:06.695     6M / 3628M INFO    General                 (kmer_coverage_model.cpp   : 295)   ... iteration 8
  0:00:07.200     6M / 3628M INFO    General                 (kmer_coverage_model.cpp   : 295)   ... iteration 16
  0:00:08.147     6M / 3628M INFO    General                 (kmer_coverage_model.cpp   : 295)   ... iteration 32
  0:00:08.147     6M / 3628M INFO    General                 (kmer_coverage_model.cpp   : 309)   Fitted mean coverage: 21.9518. Fitted coverage std. dev: 6.70483
  0:00:08.150     6M / 3628M INFO    General                 (kmer_coverage_model.cpp   : 334)   Probability of erroneous kmer at valley: 0.998594
  0:00:08.150     6M / 3628M INFO    General                 (kmer_coverage_model.cpp   : 358)   Preliminary threshold calculated as: 9
  0:00:08.150     6M / 3628M INFO    General                 (kmer_coverage_model.cpp   : 362)   Threshold adjusted to: 9
  0:00:08.150     6M / 3628M INFO    General                 (kmer_coverage_model.cpp   : 375)   Estimated genome size (ignoring repeats): 3933849
  0:00:08.150     6M / 3628M INFO    General                 (genomic_info_filler.cpp   :  55)   Mean coverage was calculated as 21.9518
  0:00:08.150     6M / 3628M INFO    General                 (genomic_info_filler.cpp   :  70)   EC coverage threshold value was calculated as 9
  0:00:08.150     6M / 3628M INFO    General                 (genomic_info_filler.cpp   :  71)   Trusted kmer low bound: 0
  0:00:08.150     6M / 3628M INFO   StageManager             (stage.cpp                 : 185)   STAGE == Gap Closer (id: early_gapcloser)
  0:00:08.155    15M / 3628M INFO    General                 (edge_index.hpp            : 113)   Size of edge index entries: 12/8
  0:00:08.160    16M / 3628M INFO    General                 (gap_closer.cpp            : 101)   Total edges in tip neighborhood: 9721 out of 44642, length: 249798
  0:00:08.160    16M / 3628M INFO    General                 (edge_index.hpp            : 167)   Using small index (max_id = 44868)
  0:00:08.164    16M / 3628M INFO   K-mer Index Building     (kmer_index_builder.hpp    : 395)   Building perfect hash indices
  0:00:08.178    16M / 3628M INFO   K-mer Index Building     (kmer_index_builder.hpp    : 431)   Index built. Total 222209 kmers, 161264 bytes occupied (5.80585 bits per kmer).
  0:00:08.179    18M / 3628M INFO    General                 (edge_index_builders.hpp   : 265)   Collecting edge information from graph, this takes a while.
  0:00:09.306    18M / 3628M INFO    General                 (sequence_mapper_notifier.h:  95)   Total 460416 reads processed
  0:00:09.314    16M / 3628M INFO    General                 (gap_closer.cpp            : 452)   Initializing gap closer
  0:00:09.315    16M / 3628M INFO   GapCloser                (gap_closer.cpp            : 359)   Closing short gaps
  0:00:09.333    16M / 3628M INFO   GapCloser                (gap_closer.cpp            : 391)   Closing short gaps complete: filled 0 gaps after checking 36 candidates
  0:00:09.335    16M / 3628M INFO    General                 (gap_closer.cpp            : 456)   Gap closer done
  0:00:09.336     6M / 3628M INFO   StageManager             (stage.cpp                 : 185)   STAGE == Raw Simplification (id: raw_simplification)
  0:00:09.336     6M / 3628M INFO    General                 (simplification.cpp        : 127)   PROCEDURE == Initial cleaning
  0:00:09.336     6M / 3628M INFO    General                 (graph_simplification.hpp  : 662)   Flanking coverage based disconnection disabled
  0:00:09.336     6M / 3628M INFO   Simplification           (parallel_processing.hpp   : 167)   Running Self conjugate edge remover
  0:00:09.336     6M / 3628M INFO   Simplification           (parallel_processing.hpp   : 170)   Self conjugate edge remover triggered 0 times
  0:00:09.337     6M / 3628M INFO   StageManager             (stage.cpp                 : 185)   STAGE == Simplification (id: simplification)
  0:00:09.337     6M / 3628M INFO    General                 (simplification.cpp        : 368)   Graph simplification started
  0:00:09.337     6M / 3628M INFO    General                 (graph_simplification.hpp  : 634)   Creating parallel br instance
  0:00:09.337     6M / 3628M INFO    General                 (simplification.cpp        : 373)   PROCEDURE == Simplification cycle, iteration 1
  0:00:09.337     6M / 3628M INFO   Simplification           (parallel_processing.hpp   : 167)   Running Tip clipper
  0:00:09.462     6M / 3628M INFO   Simplification           (parallel_processing.hpp   : 170)   Tip clipper triggered 8411 times
  0:00:09.463     6M / 3628M INFO   Simplification           (parallel_processing.hpp   : 167)   Running Bulge remover
  0:00:09.595    13M / 3628M INFO   Simplification           (parallel_processing.hpp   : 170)   Bulge remover triggered 471 times
  0:00:09.596    13M / 3628M INFO   Simplification           (parallel_processing.hpp   : 167)   Running Low coverage edge remover
  0:00:09.597    13M / 3628M INFO   Simplification           (parallel_processing.hpp   : 170)   Low coverage edge remover triggered 1 times
  0:00:09.597    13M / 3628M INFO    General                 (simplification.cpp        : 373)   PROCEDURE == Simplification cycle, iteration 2
  0:00:09.597    13M / 3628M INFO   Simplification           (parallel_processing.hpp   : 167)   Running Tip clipper
  0:00:09.597    13M / 3628M INFO   Simplification           (parallel_processing.hpp   : 170)   Tip clipper triggered 0 times
  0:00:09.597    13M / 3628M INFO   Simplification           (parallel_processing.hpp   : 167)   Running Bulge remover
  0:00:09.598    13M / 3628M INFO   Simplification           (parallel_processing.hpp   : 170)   Bulge remover triggered 1 times
  0:00:09.598    13M / 3628M INFO   Simplification           (parallel_processing.hpp   : 167)   Running Low coverage edge remover
  0:00:09.616    13M / 3628M INFO   Simplification           (parallel_processing.hpp   : 170)   Low coverage edge remover triggered 310 times
  0:00:09.616    13M / 3628M INFO    General                 (simplification.cpp        : 373)   PROCEDURE == Simplification cycle, iteration 3
  0:00:09.616    13M / 3628M INFO   Simplification           (parallel_processing.hpp   : 167)   Running Tip clipper
  0:00:09.617    13M / 3628M INFO   Simplification           (parallel_processing.hpp   : 170)   Tip clipper triggered 23 times
  0:00:09.617    13M / 3628M INFO   Simplification           (parallel_processing.hpp   : 167)   Running Bulge remover
  0:00:09.637    15M / 3628M INFO   Simplification           (parallel_processing.hpp   : 170)   Bulge remover triggered 72 times
  0:00:09.638    15M / 3628M INFO   Simplification           (parallel_processing.hpp   : 167)   Running Low coverage edge remover
  0:00:09.640    15M / 3628M INFO   Simplification           (parallel_processing.hpp   : 170)   Low coverage edge remover triggered 37 times
  0:00:09.640    15M / 3628M INFO    General                 (simplification.cpp        : 373)   PROCEDURE == Simplification cycle, iteration 4
  0:00:09.640    15M / 3628M INFO   Simplification           (parallel_processing.hpp   : 167)   Running Tip clipper
  0:00:09.640    15M / 3628M INFO   Simplification           (parallel_processing.hpp   : 170)   Tip clipper triggered 1 times
  0:00:09.640    15M / 3628M INFO   Simplification           (parallel_processing.hpp   : 167)   Running Bulge remover
  0:00:09.644    15M / 3628M INFO   Simplification           (parallel_processing.hpp   : 170)   Bulge remover triggered 16 times
  0:00:09.645    15M / 3628M INFO   Simplification           (parallel_processing.hpp   : 167)   Running Low coverage edge remover
  0:00:09.645    15M / 3628M INFO   Simplification           (parallel_processing.hpp   : 170)   Low coverage edge remover triggered 2 times
  0:00:09.645    15M / 3628M INFO    General                 (simplification.cpp        : 373)   PROCEDURE == Simplification cycle, iteration 5
  0:00:09.645    15M / 3628M INFO   Simplification           (parallel_processing.hpp   : 167)   Running Tip clipper
  0:00:09.645    15M / 3628M INFO   Simplification           (parallel_processing.hpp   : 170)   Tip clipper triggered 0 times
  0:00:09.645    15M / 3628M INFO   Simplification           (parallel_processing.hpp   : 167)   Running Bulge remover
  0:00:09.645    15M / 3628M INFO   Simplification           (parallel_processing.hpp   : 170)   Bulge remover triggered 0 times
  0:00:09.645    15M / 3628M INFO   Simplification           (parallel_processing.hpp   : 167)   Running Low coverage edge remover
  0:00:09.645    15M / 3628M INFO   Simplification           (parallel_processing.hpp   : 170)   Low coverage edge remover triggered 3 times
  0:00:09.645    15M / 3628M INFO    General                 (simplification.cpp        : 373)   PROCEDURE == Simplification cycle, iteration 6
  0:00:09.645    15M / 3628M INFO   Simplification           (parallel_processing.hpp   : 167)   Running Tip clipper
  0:00:09.645    15M / 3628M INFO   Simplification           (parallel_processing.hpp   : 170)   Tip clipper triggered 0 times
  0:00:09.645    15M / 3628M INFO   Simplification           (parallel_processing.hpp   : 167)   Running Bulge remover
  0:00:09.645    15M / 3628M INFO   Simplification           (parallel_processing.hpp   : 170)   Bulge remover triggered 1 times
  0:00:09.645    15M / 3628M INFO   Simplification           (parallel_processing.hpp   : 167)   Running Low coverage edge remover
  0:00:09.645    15M / 3628M INFO   Simplification           (parallel_processing.hpp   : 170)   Low coverage edge remover triggered 0 times
  0:00:09.645    15M / 3628M INFO    General                 (simplification.cpp        : 373)   PROCEDURE == Simplification cycle, iteration 7
  0:00:09.645    15M / 3628M INFO   Simplification           (parallel_processing.hpp   : 167)   Running Tip clipper
  0:00:09.645    15M / 3628M INFO   Simplification           (parallel_processing.hpp   : 170)   Tip clipper triggered 0 times
  0:00:09.646    15M / 3628M INFO   Simplification           (parallel_processing.hpp   : 167)   Running Bulge remover
  0:00:09.646    15M / 3628M INFO   Simplification           (parallel_processing.hpp   : 170)   Bulge remover triggered 0 times
  0:00:09.646    15M / 3628M INFO   Simplification           (parallel_processing.hpp   : 167)   Running Low coverage edge remover
  0:00:09.646    15M / 3628M INFO   Simplification           (parallel_processing.hpp   : 170)   Low coverage edge remover triggered 0 times
  0:00:09.646    15M / 3628M INFO    General                 (simplification.cpp        : 373)   PROCEDURE == Simplification cycle, iteration 8
  0:00:09.646    15M / 3628M INFO   Simplification           (parallel_processing.hpp   : 167)   Running Tip clipper
  0:00:09.646    15M / 3628M INFO   Simplification           (parallel_processing.hpp   : 170)   Tip clipper triggered 0 times
  0:00:09.646    15M / 3628M INFO   Simplification           (parallel_processing.hpp   : 167)   Running Bulge remover
  0:00:09.646    15M / 3628M INFO   Simplification           (parallel_processing.hpp   : 170)   Bulge remover triggered 0 times
  0:00:09.646    15M / 3628M INFO   Simplification           (parallel_processing.hpp   : 167)   Running Low coverage edge remover
  0:00:09.646    15M / 3628M INFO   Simplification           (parallel_processing.hpp   : 170)   Low coverage edge remover triggered 3 times
  0:00:09.646    15M / 3628M INFO    General                 (simplification.cpp        : 373)   PROCEDURE == Simplification cycle, iteration 9
  0:00:09.646    15M / 3628M INFO   Simplification           (parallel_processing.hpp   : 167)   Running Tip clipper
  0:00:09.646    15M / 3628M INFO   Simplification           (parallel_processing.hpp   : 170)   Tip clipper triggered 0 times
  0:00:09.646    15M / 3628M INFO   Simplification           (parallel_processing.hpp   : 167)   Running Bulge remover
  0:00:09.647    15M / 3628M INFO   Simplification           (parallel_processing.hpp   : 170)   Bulge remover triggered 1 times
  0:00:09.647    15M / 3628M INFO   Simplification           (parallel_processing.hpp   : 167)   Running Low coverage edge remover
  0:00:09.647    15M / 3628M INFO   Simplification           (parallel_processing.hpp   : 170)   Low coverage edge remover triggered 2 times
  0:00:09.647    15M / 3628M INFO    General                 (simplification.cpp        : 373)   PROCEDURE == Simplification cycle, iteration 10
  0:00:09.647    15M / 3628M INFO   Simplification           (parallel_processing.hpp   : 167)   Running Tip clipper
  0:00:09.647    15M / 3628M INFO   Simplification           (parallel_processing.hpp   : 170)   Tip clipper triggered 0 times
  0:00:09.647    15M / 3628M INFO   Simplification           (parallel_processing.hpp   : 167)   Running Bulge remover
  0:00:09.647    15M / 3628M INFO   Simplification           (parallel_processing.hpp   : 170)   Bulge remover triggered 0 times
  0:00:09.647    15M / 3628M INFO   Simplification           (parallel_processing.hpp   : 167)   Running Low coverage edge remover
  0:00:09.647    15M / 3628M INFO   Simplification           (parallel_processing.hpp   : 170)   Low coverage edge remover triggered 6 times
  0:00:09.647    15M / 3628M INFO    General                 (simplification.cpp        : 373)   PROCEDURE == Simplification cycle, iteration 11
  0:00:09.647    15M / 3628M INFO   Simplification           (parallel_processing.hpp   : 167)   Running Tip clipper
  0:00:09.648    15M / 3628M INFO   Simplification           (parallel_processing.hpp   : 170)   Tip clipper triggered 0 times
  0:00:09.648    15M / 3628M INFO   Simplification           (parallel_processing.hpp   : 167)   Running Bulge remover
  0:00:09.651    15M / 3628M INFO   Simplification           (parallel_processing.hpp   : 170)   Bulge remover triggered 1 times
  0:00:09.651    15M / 3628M INFO   Simplification           (parallel_processing.hpp   : 167)   Running Low coverage edge remover
  0:00:09.651    15M / 3628M INFO   Simplification           (parallel_processing.hpp   : 170)   Low coverage edge remover triggered 0 times
  0:00:09.651    15M / 3628M INFO    General                 (simplification.cpp        : 373)   PROCEDURE == Simplification cycle, iteration 12
  0:00:09.651    15M / 3628M INFO   Simplification           (parallel_processing.hpp   : 167)   Running Tip clipper
  0:00:09.651    15M / 3628M INFO   Simplification           (parallel_processing.hpp   : 170)   Tip clipper triggered 0 times
  0:00:09.651    15M / 3628M INFO   Simplification           (parallel_processing.hpp   : 167)   Running Bulge remover
  0:00:09.651    15M / 3628M INFO   Simplification           (parallel_processing.hpp   : 170)   Bulge remover triggered 0 times
  0:00:09.651    15M / 3628M INFO   Simplification           (parallel_processing.hpp   : 167)   Running Low coverage edge remover
  0:00:09.651    15M / 3628M INFO   Simplification           (parallel_processing.hpp   : 170)   Low coverage edge remover triggered 0 times
  0:00:09.651    15M / 3628M INFO   StageManager             (stage.cpp                 : 185)   STAGE == Gap Closer (id: late_gapcloser)
  0:00:09.657    24M / 3628M INFO    General                 (edge_index.hpp            : 113)   Size of edge index entries: 12/8
  0:00:09.657    24M / 3628M INFO    General                 (gap_closer.cpp            : 101)   Total edges in tip neighborhood: 1198 out of 5660, length: 115510
  0:00:09.657    24M / 3628M INFO    General                 (edge_index.hpp            : 167)   Using small index (max_id = 44868)
  0:00:09.659    24M / 3628M INFO   K-mer Index Building     (kmer_index_builder.hpp    : 395)   Building perfect hash indices
  0:00:09.673    24M / 3628M INFO   K-mer Index Building     (kmer_index_builder.hpp    : 431)   Index built. Total 88146 kmers, 64408 bytes occupied (5.84557 bits per kmer).
  0:00:09.673    25M / 3628M INFO    General                 (edge_index_builders.hpp   : 265)   Collecting edge information from graph, this takes a while.
  0:00:11.590    25M / 3628M INFO    General                 (sequence_mapper_notifier.h:  95)   Total 460416 reads processed
  0:00:11.599    24M / 3628M INFO    General                 (gap_closer.cpp            : 452)   Initializing gap closer
  0:00:11.600    24M / 3628M INFO   GapCloser                (gap_closer.cpp            : 359)   Closing short gaps
  0:00:11.603    24M / 3628M INFO   GapCloser                (gap_closer.cpp            : 391)   Closing short gaps complete: filled 0 gaps after checking 3 candidates
  0:00:11.604    24M / 3628M INFO    General                 (gap_closer.cpp            : 456)   Gap closer done
  0:00:11.605    15M / 3628M INFO   StageManager             (stage.cpp                 : 185)   STAGE == Simplification Cleanup (id: simplification_cleanup)
  0:00:11.605    15M / 3628M INFO    General                 (simplification.cpp        : 176)   PROCEDURE == Post simplification
  0:00:11.605    15M / 3628M INFO    General                 (graph_simplification.hpp  : 448)   Disconnection of relatively low covered edges disabled
  0:00:11.605    15M / 3628M INFO    General                 (graph_simplification.hpp  : 485)   Complex tip clipping disabled
  0:00:11.605    15M / 3628M INFO    General                 (graph_simplification.hpp  : 634)   Creating parallel br instance
  0:00:11.606    15M / 3628M INFO   Simplification           (parallel_processing.hpp   : 167)   Running Tip clipper
  0:00:11.606    15M / 3628M INFO   Simplification           (parallel_processing.hpp   : 170)   Tip clipper triggered 0 times
  0:00:11.606    15M / 3628M INFO   Simplification           (parallel_processing.hpp   : 167)   Running Bulge remover
  0:00:11.611    15M / 3628M INFO   Simplification           (parallel_processing.hpp   : 170)   Bulge remover triggered 0 times
  0:00:11.611    15M / 3628M INFO   Simplification           (parallel_processing.hpp   : 167)   Running Tip clipper
  0:00:11.611    15M / 3628M INFO   Simplification           (parallel_processing.hpp   : 170)   Tip clipper triggered 0 times
  0:00:11.611    15M / 3628M INFO   Simplification           (parallel_processing.hpp   : 167)   Running Bulge remover
  0:00:11.615    15M / 3628M INFO   Simplification           (parallel_processing.hpp   : 170)   Bulge remover triggered 0 times
  0:00:11.615    15M / 3628M INFO    General                 (simplification.cpp        : 327)   Disrupting self-conjugate edges
  0:00:11.616    15M / 3628M INFO   Simplification           (parallel_processing.hpp   : 167)   Running Removing isolated edges
  0:00:11.618    15M / 3628M INFO   Simplification           (parallel_processing.hpp   : 170)   Removing isolated edges triggered 594 times
  0:00:11.618    15M / 3628M INFO    General                 (simplification.cpp        : 495)   After simplification:
  0:00:11.618    15M / 3628M INFO    General                 (simplification.cpp        : 496)     Average coverage = 24.3543
  0:00:11.618    15M / 3628M INFO    General                 (simplification.cpp        : 497)     Total length = 3963828
  0:00:11.619    15M / 3628M INFO    General                 (simplification.cpp        : 498)     Median edge length: 24889
  0:00:11.619    15M / 3628M INFO    General                 (simplification.cpp        : 499)     Edges: 4472
  0:00:11.619    15M / 3628M INFO    General                 (simplification.cpp        : 500)     Vertices: 2906
  0:00:11.619    15M / 3628M INFO   StageManager             (stage.cpp                 : 185)   STAGE == Contig Output (id: contig_output)
  0:00:11.619    15M / 3628M INFO    General                 (read_converter.cpp        : 107)   Outputting contigs to /data/djs217/PROJECTS/10_X_fragariae_feb_2024/04_spades/NCPPB_4055.spades/K99/simplified_contigs
  0:00:11.627    17M / 3628M INFO    General                 (binary_converter.cpp      : 111)   2236 reads written
  0:00:11.632    15M / 3628M INFO    General                 (pipeline.cpp              : 287)   SPAdes finished
  0:00:11.649     1M / 3628M INFO    General                 (main.cpp                  : 136)   Assembling time: 0 hours 0 minutes 11 seconds

===== K99 finished. 


===== K127 started. 


== Running: /data/djs217/anaconda3/envs/spades-env/bin/spades-core /data/djs217/PROJECTS/10_X_fragariae_feb_2024/04_spades/NCPPB_4055.spades/K127/configs/config.info /data/djs217/PROJECTS/10_X_fragariae_feb_2024/04_spades/NCPPB_4055.spades/K127/configs/careful_mode.info

  0:00:00.000     1M / 19M   INFO    General                 (main.cpp                  :  99)   Loaded config from /data/djs217/PROJECTS/10_X_fragariae_feb_2024/04_spades/NCPPB_4055.spades/K127/configs/config.info
  0:00:00.003     1M / 19M   INFO    General                 (main.cpp                  :  99)   Loaded config from /data/djs217/PROJECTS/10_X_fragariae_feb_2024/04_spades/NCPPB_4055.spades/K127/configs/careful_mode.info
  0:00:00.003     1M / 19M   INFO    General                 (memory_limit.cpp          :  54)   Memory limit set to 62 Gb
  0:00:00.003     1M / 19M   INFO    General                 (main.cpp                  : 107)   Starting SPAdes, built from N/A, git revision N/A
  0:00:00.003     1M / 19M   INFO    General                 (main.cpp                  : 108)   Maximum k-mer length: 128
  0:00:00.003     1M / 19M   INFO    General                 (main.cpp                  : 109)   Assembling dataset (/data/djs217/PROJECTS/10_X_fragariae_feb_2024/04_spades/NCPPB_4055.spades/dataset.info) with K=127
  0:00:00.003     1M / 19M   INFO    General                 (main.cpp                  : 110)   Maximum # of threads to use (adjusted due to OMP capabilities): 16
  0:00:00.003     1M / 19M   INFO    General                 (pipeline.cpp              : 212)   SPAdes started
  0:00:00.003     1M / 19M   INFO    General                 (pipeline.cpp              : 225)   Starting from stage: read_conversion
  0:00:00.003     1M / 19M   INFO    General                 (pipeline.cpp              : 231)   Two-step repeat resolution disabled
  0:00:00.003     1M / 19M   INFO   GraphCore                (graph_core.hpp            : 672)   Graph created, vertex min_id: 3, edge min_id: 3
  0:00:00.003     1M / 19M   INFO   GraphCore                (graph_core.hpp            : 673)   Vertex size: 48, edge size: 40
  0:00:00.003     1M / 19M   INFO    General                 (edge_index.hpp            : 113)   Size of edge index entries: 12/8
  0:00:00.003     1M / 19M   INFO    General                 (pipeline.cpp              : 242)   Will need read mapping, kmer mapper will be attached
  0:00:00.003     1M / 19M   INFO   StageManager             (stage.cpp                 : 185)   STAGE == Binary Read Conversion (id: read_conversion)
  0:00:00.004     1M / 19M   INFO    General                 (read_converter.cpp        :  53)   Binary reads detected
  0:00:00.010     1M / 19M   INFO   StageManager             (stage.cpp                 : 185)   STAGE == de Bruijn graph construction (id: construction)
  0:00:00.010     1M / 19M   INFO    General                 (construction.cpp          : 118)   Contigs from previous K will be used: /data/djs217/PROJECTS/10_X_fragariae_feb_2024/04_spades/NCPPB_4055.spades/K99/simplified_contigs
  0:00:00.049     1M / 19M   INFO    General                 (construction.cpp          : 153)   Max read length 301
  0:00:00.049     1M / 19M   INFO    General                 (construction.cpp          : 159)   Average read length 201.996
  0:00:00.049     1M / 19M   INFO    General                 (stage.cpp                 : 117)   PROCEDURE == k+1-mer counting (id: construction:kpomer_counting)
  0:00:00.049     1M / 19M   INFO    General                 (kmer_index_builder.hpp    : 243)   Splitting kmer instances into 160 files using 16 threads. This might take a while.
  0:00:00.049     1M / 19M   INFO    General                 (file_limit.hpp            :  42)   Open file limit set to 1024
  0:00:00.049     1M / 19M   INFO    General                 (kmer_splitter.hpp         :  93)   Memory available for splitting buffers: 1.29165 Gb
  0:00:00.050     1M / 19M   INFO    General                 (kmer_splitter.hpp         : 101)   Using cell size of 104857
  0:00:01.449  9601M / 9601M INFO    General                 (kmer_splitters.hpp        : 125)   Processed 1848700 reads
  0:00:01.459     1M / 2702M INFO    General                 (kmer_splitters.hpp        : 131)   Used 1848700 reads
  0:00:01.684     1M / 2702M INFO    General                 (kmer_index_builder.hpp    : 249)   Starting k-mer counting.
  0:00:01.799     1M / 2702M INFO    General                 (kmer_index_builder.hpp    : 260)   K-mer counting done. There are 4267351 kmers in total.
  0:00:01.799     1M / 2702M INFO    General                 (stage.cpp                 : 117)   PROCEDURE == Extension index construction (id: construction:extension_index_construction)
  0:00:01.802     1M / 2702M INFO   K-mer Index Building     (kmer_index_builder.hpp    : 438)   Building kmer index
  0:00:01.802     1M / 2702M INFO    General                 (kmer_index_builder.hpp    : 243)   Splitting kmer instances into 160 files using 16 threads. This might take a while.
  0:00:01.802     1M / 2702M INFO    General                 (file_limit.hpp            :  42)   Open file limit set to 1024
  0:00:01.803     1M / 2702M INFO    General                 (kmer_splitter.hpp         :  93)   Memory available for splitting buffers: 1.29165 Gb
  0:00:01.803     1M / 2702M INFO    General                 (kmer_splitter.hpp         : 101)   Using cell size of 104857
  0:00:02.160  9602M / 9602M INFO    General                 (kmer_splitters.hpp        : 194)   Processed 4267351 kmers
  0:00:02.160  9602M / 9602M INFO    General                 (kmer_splitters.hpp        : 199)   Used 4267351 kmers.
  0:00:02.164     2M / 2702M INFO    General                 (kmer_index_builder.hpp    : 249)   Starting k-mer counting.
  0:00:02.321     2M / 2702M INFO    General                 (kmer_index_builder.hpp    : 260)   K-mer counting done. There are 4267182 kmers in total.
  0:00:02.322     2M / 2702M INFO   K-mer Index Building     (kmer_index_builder.hpp    : 395)   Building perfect hash indices
  0:00:02.667     5M / 2702M INFO   K-mer Index Building     (kmer_index_builder.hpp    : 431)   Index built. Total 4267182 kmers, 3202696 bytes occupied (6.00433 bits per kmer).
  0:00:02.667     5M / 2702M INFO    General                 (kmer_index_builder.hpp    : 169)   Merging final buckets.
  0:00:03.241     9M / 2702M INFO   DeBruijnExtensionIndexBu (kmer_extension_index_build: 100)   Building k-mer extensions from k+1-mers
  0:00:03.488     9M / 2702M INFO   DeBruijnExtensionIndexBu (kmer_extension_index_build: 105)   Building k-mer extensions from k+1-mers finished.
  0:00:03.501     9M / 2702M INFO    General                 (stage.cpp                 : 117)   PROCEDURE == Condensing graph (id: construction:graph_condensing)
  0:00:03.502     9M / 2702M INFO   UnbranchingPathExtractor (debruijn_graph_constructor: 354)   Extracting unbranching paths
  0:00:03.669    11M / 2702M INFO   UnbranchingPathExtractor (debruijn_graph_constructor: 373)   Extracting unbranching paths finished. 19996 sequences extracted
  0:00:03.820    11M / 2702M INFO   UnbranchingPathExtractor (debruijn_graph_constructor: 309)   Collecting perfect loops
  0:00:03.862    11M / 2702M INFO   UnbranchingPathExtractor (debruijn_graph_constructor: 342)   Collecting perfect loops finished. 1 loops collected
  0:00:03.877    11M / 2702M INFO    General                 (debruijn_graph_constructor: 487)   Total 39994 edges to create
  0:00:03.878    13M / 2702M INFO    General                 (debruijn_graph_constructor: 489)   Collecting link records
  0:00:03.916    14M / 2702M INFO    General                 (debruijn_graph_constructor: 491)   Ordering link records
  0:00:03.917    14M / 2702M INFO    General                 (debruijn_graph_constructor: 493)   Sorting done
  0:00:03.917    14M / 2702M INFO    General                 (debruijn_graph_constructor: 503)   Total 19828 vertices to create
  0:00:03.917    16M / 2702M INFO    General                 (debruijn_graph_constructor: 506)   Connecting the graph
  0:00:03.953    15M / 2702M INFO    General                 (stage.cpp                 : 117)   PROCEDURE == Filling coverage indices (PHM) (id: construction:coverage_filling_phm)
  0:00:03.953    15M / 2702M INFO   K-mer Index Building     (kmer_index_builder.hpp    : 395)   Building perfect hash indices
  0:00:04.234    18M / 2702M INFO   K-mer Index Building     (kmer_index_builder.hpp    : 431)   Index built. Total 4267351 kmers, 3202728 bytes occupied (6.00415 bits per kmer).
  0:00:04.252    35M / 2702M INFO    General                 (coverage_hash_map_builder.:  47)   Collecting k-mer coverage information from reads, this takes a while.
  0:00:05.626    35M / 2702M INFO    General                 (construction.cpp          : 430)   Filling coverage and flanking coverage from PHM
  0:00:05.755    35M / 2702M INFO    General                 (coverage_filling.hpp      :  82)   Processed 39994 edges
  0:00:05.813     6M / 2702M INFO   StageManager             (stage.cpp                 : 185)   STAGE == EC Threshold Finding (id: ec_threshold_finder)
  0:00:05.814     6M / 2702M INFO    General                 (kmer_coverage_model.cpp   : 181)   Kmer coverage valley at: 0
  0:00:05.814     6M / 2702M INFO    General                 (kmer_coverage_model.cpp   : 201)   K-mer histogram maximum: 14
  0:00:05.814     6M / 2702M INFO    General                 (kmer_coverage_model.cpp   : 237)   Estimated median coverage: 16. Coverage mad: 7.413
  0:00:05.814     6M / 2702M INFO    General                 (kmer_coverage_model.cpp   : 259)   Fitting coverage model
  0:00:05.831     6M / 2702M INFO    General                 (kmer_coverage_model.cpp   : 295)   ... iteration 2
  0:00:05.876     6M / 2702M INFO    General                 (kmer_coverage_model.cpp   : 295)   ... iteration 4
  0:00:06.043     6M / 2702M INFO    General                 (kmer_coverage_model.cpp   : 295)   ... iteration 8
  0:00:06.419     6M / 2702M INFO    General                 (kmer_coverage_model.cpp   : 295)   ... iteration 16
  0:00:07.167     6M / 2702M INFO    General                 (kmer_coverage_model.cpp   : 295)   ... iteration 32
  0:00:07.263     6M / 2702M INFO    General                 (kmer_coverage_model.cpp   : 309)   Fitted mean coverage: 16.5164. Fitted coverage std. dev: 5.61908
  0:00:07.265     6M / 2702M INFO    General                 (kmer_coverage_model.cpp   : 334)   Probability of erroneous kmer at valley: 0.993022
  0:00:07.265     6M / 2702M INFO    General                 (kmer_coverage_model.cpp   : 358)   Preliminary threshold calculated as: 7
  0:00:07.265     6M / 2702M INFO    General                 (kmer_coverage_model.cpp   : 362)   Threshold adjusted to: 7
  0:00:07.265     6M / 2702M INFO    General                 (kmer_coverage_model.cpp   : 375)   Estimated genome size (ignoring repeats): 3915846
  0:00:07.265     6M / 2702M INFO    General                 (genomic_info_filler.cpp   :  55)   Mean coverage was calculated as 16.5164
  0:00:07.265     6M / 2702M INFO    General                 (genomic_info_filler.cpp   :  70)   EC coverage threshold value was calculated as 7
  0:00:07.266     6M / 2702M INFO    General                 (genomic_info_filler.cpp   :  71)   Trusted kmer low bound: 0
  0:00:07.266     6M / 2702M INFO   StageManager             (stage.cpp                 : 185)   STAGE == Gap Closer (id: early_gapcloser)
  0:00:07.273    15M / 2702M INFO    General                 (edge_index.hpp            : 113)   Size of edge index entries: 12/8
  0:00:07.280    16M / 2702M INFO    General                 (gap_closer.cpp            : 101)   Total edges in tip neighborhood: 9942 out of 39994, length: 282494
  0:00:07.280    16M / 2702M INFO    General                 (edge_index.hpp            : 167)   Using small index (max_id = 40196)
  0:00:07.284    16M / 2702M INFO   K-mer Index Building     (kmer_index_builder.hpp    : 395)   Building perfect hash indices
  0:00:07.301    16M / 2702M INFO   K-mer Index Building     (kmer_index_builder.hpp    : 431)   Index built. Total 241528 kmers, 175200 bytes occupied (5.80305 bits per kmer).
  0:00:07.301    18M / 2702M INFO    General                 (edge_index_builders.hpp   : 265)   Collecting edge information from graph, this takes a while.
  0:00:08.084    18M / 2702M INFO    General                 (sequence_mapper_notifier.h:  95)   Total 460416 reads processed
  0:00:08.092    16M / 2702M INFO    General                 (gap_closer.cpp            : 452)   Initializing gap closer
  0:00:08.093    16M / 2702M INFO   GapCloser                (gap_closer.cpp            : 359)   Closing short gaps
  0:00:08.110    16M / 2702M INFO   GapCloser                (gap_closer.cpp            : 391)   Closing short gaps complete: filled 0 gaps after checking 32 candidates
  0:00:08.111    16M / 2702M INFO    General                 (gap_closer.cpp            : 456)   Gap closer done
  0:00:08.112     6M / 2702M INFO   StageManager             (stage.cpp                 : 185)   STAGE == Raw Simplification (id: raw_simplification)
  0:00:08.112     6M / 2702M INFO    General                 (simplification.cpp        : 127)   PROCEDURE == Initial cleaning
  0:00:08.113     6M / 2702M INFO    General                 (simplification.cpp        :  61)   Most init cleaning disabled on main iteration
  0:00:08.113     6M / 2702M INFO   Simplification           (parallel_processing.hpp   : 167)   Running Self conjugate edge remover
  0:00:08.113     6M / 2702M INFO   Simplification           (parallel_processing.hpp   : 170)   Self conjugate edge remover triggered 0 times
  0:00:08.113     6M / 2702M INFO   StageManager             (stage.cpp                 : 185)   STAGE == Simplification (id: simplification)
  0:00:08.113     6M / 2702M INFO    General                 (simplification.cpp        : 368)   Graph simplification started
  0:00:08.113     6M / 2702M INFO    General                 (graph_simplification.hpp  : 634)   Creating parallel br instance
  0:00:08.113     6M / 2702M INFO    General                 (simplification.cpp        : 373)   PROCEDURE == Simplification cycle, iteration 1
  0:00:08.113     6M / 2702M INFO   Simplification           (parallel_processing.hpp   : 167)   Running Tip clipper
  0:00:08.218     6M / 2702M INFO   Simplification           (parallel_processing.hpp   : 170)   Tip clipper triggered 7837 times
  0:00:08.218     6M / 2702M INFO   Simplification           (parallel_processing.hpp   : 167)   Running Bulge remover
  0:00:08.283    11M / 2702M INFO   Simplification           (parallel_processing.hpp   : 170)   Bulge remover triggered 255 times
  0:00:08.283    11M / 2702M INFO   Simplification           (parallel_processing.hpp   : 167)   Running Low coverage edge remover
  0:00:08.283    11M / 2702M INFO   Simplification           (parallel_processing.hpp   : 170)   Low coverage edge remover triggered 0 times
  0:00:08.283    11M / 2702M INFO    General                 (simplification.cpp        : 373)   PROCEDURE == Simplification cycle, iteration 2
  0:00:08.283    11M / 2702M INFO   Simplification           (parallel_processing.hpp   : 167)   Running Tip clipper
  0:00:08.284    11M / 2702M INFO   Simplification           (parallel_processing.hpp   : 170)   Tip clipper triggered 0 times
  0:00:08.284    11M / 2702M INFO   Simplification           (parallel_processing.hpp   : 167)   Running Bulge remover
  0:00:08.284    11M / 2702M INFO   Simplification           (parallel_processing.hpp   : 170)   Bulge remover triggered 0 times
  0:00:08.284    11M / 2702M INFO   Simplification           (parallel_processing.hpp   : 167)   Running Low coverage edge remover
  0:00:08.289    11M / 2702M INFO   Simplification           (parallel_processing.hpp   : 170)   Low coverage edge remover triggered 116 times
  0:00:08.289    11M / 2702M INFO    General                 (simplification.cpp        : 373)   PROCEDURE == Simplification cycle, iteration 3
  0:00:08.289    11M / 2702M INFO   Simplification           (parallel_processing.hpp   : 167)   Running Tip clipper
  0:00:08.289    11M / 2702M INFO   Simplification           (parallel_processing.hpp   : 170)   Tip clipper triggered 18 times
  0:00:08.289    11M / 2702M INFO   Simplification           (parallel_processing.hpp   : 167)   Running Bulge remover
  0:00:08.296    12M / 2702M INFO   Simplification           (parallel_processing.hpp   : 170)   Bulge remover triggered 30 times
  0:00:08.296    12M / 2702M INFO   Simplification           (parallel_processing.hpp   : 167)   Running Low coverage edge remover
  0:00:08.297    12M / 2702M INFO   Simplification           (parallel_processing.hpp   : 170)   Low coverage edge remover triggered 24 times
  0:00:08.297    12M / 2702M INFO    General                 (simplification.cpp        : 373)   PROCEDURE == Simplification cycle, iteration 4
  0:00:08.297    12M / 2702M INFO   Simplification           (parallel_processing.hpp   : 167)   Running Tip clipper
  0:00:08.298    12M / 2702M INFO   Simplification           (parallel_processing.hpp   : 170)   Tip clipper triggered 2 times
  0:00:08.298    12M / 2702M INFO   Simplification           (parallel_processing.hpp   : 167)   Running Bulge remover
  0:00:08.300    12M / 2702M INFO   Simplification           (parallel_processing.hpp   : 170)   Bulge remover triggered 10 times
  0:00:08.300    12M / 2702M INFO   Simplification           (parallel_processing.hpp   : 167)   Running Low coverage edge remover
  0:00:08.301    12M / 2702M INFO   Simplification           (parallel_processing.hpp   : 170)   Low coverage edge remover triggered 2 times
  0:00:08.301    12M / 2702M INFO    General                 (simplification.cpp        : 373)   PROCEDURE == Simplification cycle, iteration 5
  0:00:08.301    12M / 2702M INFO   Simplification           (parallel_processing.hpp   : 167)   Running Tip clipper
  0:00:08.301    12M / 2702M INFO   Simplification           (parallel_processing.hpp   : 170)   Tip clipper triggered 1 times
  0:00:08.301    12M / 2702M INFO   Simplification           (parallel_processing.hpp   : 167)   Running Bulge remover
  0:00:08.301    12M / 2702M INFO   Simplification           (parallel_processing.hpp   : 170)   Bulge remover triggered 0 times
  0:00:08.301    12M / 2702M INFO   Simplification           (parallel_processing.hpp   : 167)   Running Low coverage edge remover
  0:00:08.301    12M / 2702M INFO   Simplification           (parallel_processing.hpp   : 170)   Low coverage edge remover triggered 2 times
  0:00:08.301    12M / 2702M INFO    General                 (simplification.cpp        : 373)   PROCEDURE == Simplification cycle, iteration 6
  0:00:08.301    12M / 2702M INFO   Simplification           (parallel_processing.hpp   : 167)   Running Tip clipper
  0:00:08.301    12M / 2702M INFO   Simplification           (parallel_processing.hpp   : 170)   Tip clipper triggered 0 times
  0:00:08.301    12M / 2702M INFO   Simplification           (parallel_processing.hpp   : 167)   Running Bulge remover
  0:00:08.302    12M / 2702M INFO   Simplification           (parallel_processing.hpp   : 170)   Bulge remover triggered 2 times
  0:00:08.302    12M / 2702M INFO   Simplification           (parallel_processing.hpp   : 167)   Running Low coverage edge remover
  0:00:08.302    12M / 2702M INFO   Simplification           (parallel_processing.hpp   : 170)   Low coverage edge remover triggered 0 times
  0:00:08.302    12M / 2702M INFO    General                 (simplification.cpp        : 373)   PROCEDURE == Simplification cycle, iteration 7
  0:00:08.302    12M / 2702M INFO   Simplification           (parallel_processing.hpp   : 167)   Running Tip clipper
  0:00:08.302    12M / 2702M INFO   Simplification           (parallel_processing.hpp   : 170)   Tip clipper triggered 0 times
  0:00:08.302    12M / 2702M INFO   Simplification           (parallel_processing.hpp   : 167)   Running Bulge remover
  0:00:08.302    12M / 2702M INFO   Simplification           (parallel_processing.hpp   : 170)   Bulge remover triggered 0 times
  0:00:08.302    12M / 2702M INFO   Simplification           (parallel_processing.hpp   : 167)   Running Low coverage edge remover
  0:00:08.302    12M / 2702M INFO   Simplification           (parallel_processing.hpp   : 170)   Low coverage edge remover triggered 2 times
  0:00:08.302    12M / 2702M INFO    General                 (simplification.cpp        : 373)   PROCEDURE == Simplification cycle, iteration 8
  0:00:08.302    12M / 2702M INFO   Simplification           (parallel_processing.hpp   : 167)   Running Tip clipper
  0:00:08.302    12M / 2702M INFO   Simplification           (parallel_processing.hpp   : 170)   Tip clipper triggered 0 times
  0:00:08.302    12M / 2702M INFO   Simplification           (parallel_processing.hpp   : 167)   Running Bulge remover
  0:00:08.302    12M / 2702M INFO   Simplification           (parallel_processing.hpp   : 170)   Bulge remover triggered 0 times
  0:00:08.302    12M / 2702M INFO   Simplification           (parallel_processing.hpp   : 167)   Running Low coverage edge remover
  0:00:08.302    12M / 2702M INFO   Simplification           (parallel_processing.hpp   : 170)   Low coverage edge remover triggered 2 times
  0:00:08.302    12M / 2702M INFO    General                 (simplification.cpp        : 373)   PROCEDURE == Simplification cycle, iteration 9
  0:00:08.302    12M / 2702M INFO   Simplification           (parallel_processing.hpp   : 167)   Running Tip clipper
  0:00:08.302    12M / 2702M INFO   Simplification           (parallel_processing.hpp   : 170)   Tip clipper triggered 0 times
  0:00:08.302    12M / 2702M INFO   Simplification           (parallel_processing.hpp   : 167)   Running Bulge remover
  0:00:08.302    12M / 2702M INFO   Simplification           (parallel_processing.hpp   : 170)   Bulge remover triggered 0 times
  0:00:08.302    12M / 2702M INFO   Simplification           (parallel_processing.hpp   : 167)   Running Low coverage edge remover
  0:00:08.302    12M / 2702M INFO   Simplification           (parallel_processing.hpp   : 170)   Low coverage edge remover triggered 5 times
  0:00:08.302    12M / 2702M INFO    General                 (simplification.cpp        : 373)   PROCEDURE == Simplification cycle, iteration 10
  0:00:08.302    12M / 2702M INFO   Simplification           (parallel_processing.hpp   : 167)   Running Tip clipper
  0:00:08.302    12M / 2702M INFO   Simplification           (parallel_processing.hpp   : 170)   Tip clipper triggered 0 times
  0:00:08.302    12M / 2702M INFO   Simplification           (parallel_processing.hpp   : 167)   Running Bulge remover
  0:00:08.303    12M / 2702M INFO   Simplification           (parallel_processing.hpp   : 170)   Bulge remover triggered 1 times
  0:00:08.303    12M / 2702M INFO   Simplification           (parallel_processing.hpp   : 167)   Running Low coverage edge remover
  0:00:08.303    12M / 2702M INFO   Simplification           (parallel_processing.hpp   : 170)   Low coverage edge remover triggered 5 times
  0:00:08.303    12M / 2702M INFO    General                 (simplification.cpp        : 373)   PROCEDURE == Simplification cycle, iteration 11
  0:00:08.303    12M / 2702M INFO   Simplification           (parallel_processing.hpp   : 167)   Running Tip clipper
  0:00:08.303    12M / 2702M INFO   Simplification           (parallel_processing.hpp   : 170)   Tip clipper triggered 0 times
  0:00:08.303    12M / 2702M INFO   Simplification           (parallel_processing.hpp   : 167)   Running Bulge remover
  0:00:08.305    12M / 2702M INFO   Simplification           (parallel_processing.hpp   : 170)   Bulge remover triggered 2 times
  0:00:08.305    12M / 2702M INFO   Simplification           (parallel_processing.hpp   : 167)   Running Low coverage edge remover
  0:00:08.305    12M / 2702M INFO   Simplification           (parallel_processing.hpp   : 170)   Low coverage edge remover triggered 0 times
  0:00:08.305    12M / 2702M INFO    General                 (simplification.cpp        : 373)   PROCEDURE == Simplification cycle, iteration 12
  0:00:08.305    12M / 2702M INFO   Simplification           (parallel_processing.hpp   : 167)   Running Tip clipper
  0:00:08.305    12M / 2702M INFO   Simplification           (parallel_processing.hpp   : 170)   Tip clipper triggered 0 times
  0:00:08.305    12M / 2702M INFO   Simplification           (parallel_processing.hpp   : 167)   Running Bulge remover
  0:00:08.305    12M / 2702M INFO   Simplification           (parallel_processing.hpp   : 170)   Bulge remover triggered 0 times
  0:00:08.305    12M / 2702M INFO   Simplification           (parallel_processing.hpp   : 167)   Running Low coverage edge remover
  0:00:08.306    12M / 2702M INFO   Simplification           (parallel_processing.hpp   : 170)   Low coverage edge remover triggered 0 times
  0:00:08.306    12M / 2702M INFO   StageManager             (stage.cpp                 : 185)   STAGE == Gap Closer (id: late_gapcloser)
  0:00:08.309    21M / 2702M INFO    General                 (edge_index.hpp            : 113)   Size of edge index entries: 12/8
  0:00:08.310    21M / 2702M INFO    General                 (gap_closer.cpp            : 101)   Total edges in tip neighborhood: 1990 out of 6034, length: 141628
  0:00:08.310    21M / 2702M INFO    General                 (edge_index.hpp            : 167)   Using small index (max_id = 40196)
  0:00:08.312    21M / 2702M INFO   K-mer Index Building     (kmer_index_builder.hpp    : 395)   Building perfect hash indices
  0:00:08.322    21M / 2702M INFO   K-mer Index Building     (kmer_index_builder.hpp    : 431)   Index built. Total 101205 kmers, 73856 bytes occupied (5.83813 bits per kmer).
  0:00:08.322    22M / 2702M INFO    General                 (edge_index_builders.hpp   : 265)   Collecting edge information from graph, this takes a while.
  0:00:09.554    22M / 2702M INFO    General                 (sequence_mapper_notifier.h:  95)   Total 460416 reads processed
  0:00:09.563    21M / 2702M INFO    General                 (gap_closer.cpp            : 452)   Initializing gap closer
  0:00:09.563    21M / 2702M INFO   GapCloser                (gap_closer.cpp            : 359)   Closing short gaps
  0:00:09.568    21M / 2702M INFO   GapCloser                (gap_closer.cpp            : 391)   Closing short gaps complete: filled 0 gaps after checking 3 candidates
  0:00:09.568    21M / 2702M INFO    General                 (gap_closer.cpp            : 456)   Gap closer done
  0:00:09.570    12M / 2702M INFO   StageManager             (stage.cpp                 : 185)   STAGE == Simplification Cleanup (id: simplification_cleanup)
  0:00:09.570    12M / 2702M INFO    General                 (simplification.cpp        : 176)   PROCEDURE == Post simplification
  0:00:09.570    12M / 2702M INFO    General                 (graph_simplification.hpp  : 448)   Disconnection of relatively low covered edges disabled
  0:00:09.570    12M / 2702M INFO    General                 (graph_simplification.hpp  : 485)   Complex tip clipping disabled
  0:00:09.570    12M / 2702M INFO    General                 (graph_simplification.hpp  : 634)   Creating parallel br instance
  0:00:09.570    12M / 2702M INFO   Simplification           (parallel_processing.hpp   : 167)   Running Tip clipper
  0:00:09.571    12M / 2702M INFO   Simplification           (parallel_processing.hpp   : 170)   Tip clipper triggered 0 times
  0:00:09.571    12M / 2702M INFO   Simplification           (parallel_processing.hpp   : 167)   Running Bulge remover
  0:00:09.575    12M / 2702M INFO   Simplification           (parallel_processing.hpp   : 170)   Bulge remover triggered 0 times
  0:00:09.575    12M / 2702M INFO   Simplification           (parallel_processing.hpp   : 167)   Running Tip clipper
  0:00:09.576    12M / 2702M INFO   Simplification           (parallel_processing.hpp   : 170)   Tip clipper triggered 0 times
  0:00:09.576    12M / 2702M INFO   Simplification           (parallel_processing.hpp   : 167)   Running Bulge remover
  0:00:09.580    12M / 2702M INFO   Simplification           (parallel_processing.hpp   : 170)   Bulge remover triggered 0 times
  0:00:09.580    12M / 2702M INFO    General                 (simplification.cpp        : 327)   Disrupting self-conjugate edges
  0:00:09.581    12M / 2702M INFO   Simplification           (parallel_processing.hpp   : 167)   Running Removing isolated edges
  0:00:09.584    12M / 2702M INFO   Simplification           (parallel_processing.hpp   : 170)   Removing isolated edges triggered 991 times
  0:00:09.584    12M / 2702M INFO    General                 (simplification.cpp        : 495)   After simplification:
  0:00:09.584    12M / 2702M INFO    General                 (simplification.cpp        : 496)     Average coverage = 18.3041
  0:00:09.584    12M / 2702M INFO    General                 (simplification.cpp        : 497)     Total length = 3987834
  0:00:09.584    12M / 2702M INFO    General                 (simplification.cpp        : 498)     Median edge length: 25118
  0:00:09.584    12M / 2702M INFO    General                 (simplification.cpp        : 499)     Edges: 4052
  0:00:09.584    12M / 2702M INFO    General                 (simplification.cpp        : 500)     Vertices: 2648
  0:00:09.585    12M / 2702M INFO   StageManager             (stage.cpp                 : 185)   STAGE == Mismatch Correction (id: mismatch_correction)
  0:00:09.585    12M / 2702M INFO    General                 (graph_pack.cpp            :  67)   Index refill
  0:00:09.585    12M / 2702M INFO    General                 (edge_index.hpp            : 156)   Using small index (max_id = 40196)
  0:00:09.605    12M / 2702M INFO   K-mer Index Building     (kmer_index_builder.hpp    : 395)   Building perfect hash indices
  0:00:09.750    15M / 2702M INFO   K-mer Index Building     (kmer_index_builder.hpp    : 431)   Index built. Total 3987834 kmers, 2881000 bytes occupied (5.77958 bits per kmer).
  0:00:09.759    46M / 2702M INFO    General                 (edge_index_builders.hpp   : 252)   Collecting edge information from graph, this takes a while.
  0:00:09.857    46M / 2702M INFO    General                 (graph_pack.cpp            :  77)   Normalizing k-mer map. Total 82716 kmers to process
  0:00:09.869    46M / 2702M INFO    General                 (graph_pack.cpp            :  79)   Normalizing done
  0:00:09.869    46M / 2702M INFO    General                 (mismatch_correction.cpp   : 400)   Collect potential mismatches
  0:00:09.887    46M / 2702M INFO    General                 (mismatch_correction.cpp   : 192)   Total 1234 edges (out of 4052) with 14360 potential mismatch positions (11.637 positions per edge)
  0:00:09.888    46M / 2702M INFO    General                 (mismatch_correction.cpp   : 402)   Potential mismatches collected
  0:00:10.453    57M / 2702M INFO    General                 (sequence_mapper_notifier.h:  95)   Total 1844228 reads processed
  0:00:10.483    47M / 2702M INFO    General                 (mismatch_correction.cpp   : 395)   All edges processed
  0:00:10.483    46M / 2702M INFO    General                 (mismatch_correction.cpp   : 450)   Corrected 0 nucleotides
  0:00:10.483    46M / 2702M INFO   StageManager             (stage.cpp                 : 185)   STAGE == Contig Output (id: contig_output)
  0:00:10.483    46M / 2702M INFO    General                 (contig_output.hpp         :  16)   Outputting contigs to /data/djs217/PROJECTS/10_X_fragariae_feb_2024/04_spades/NCPPB_4055.spades/K127/before_rr.fasta
  0:00:10.502    46M / 2702M INFO    General                 (contig_output_stage.cpp   : 151)   Writing GFA graph to /data/djs217/PROJECTS/10_X_fragariae_feb_2024/04_spades/NCPPB_4055.spades/K127/assembly_graph_after_simplification.gfa
  0:00:10.514    46M / 2702M INFO   StageManager             (stage.cpp                 : 185)   STAGE == Paired Information Counting (id: late_pair_info_count)
  0:00:10.517    47M / 2702M INFO    General                 (graph_pack.cpp            :  77)   Normalizing k-mer map. Total 82716 kmers to process
  0:00:10.517    47M / 2702M INFO    General                 (graph_pack.cpp            :  79)   Normalizing done
  0:00:10.517    47M / 2702M INFO    General                 (pair_info_count.cpp       : 339)   Min edge length for estimation: 25118
  0:00:10.517    47M / 2702M INFO    General                 (pair_info_count.cpp       : 350)   Estimating insert size for library #0
  0:00:10.517    47M / 2702M INFO    General                 (pair_info_count.cpp       : 202)   Estimating insert size (takes a while)
  0:00:10.620   319M / 2702M INFO    General                 (pair_info_count.cpp       :  48)   Selecting usual mapper
  0:00:11.120   319M / 2702M INFO    General                 (sequence_mapper_notifier.h:  95)   Total 460416 reads processed
  0:00:11.194   319M / 2702M INFO    General                 (pair_info_count.cpp       : 220)   Edge pairs: 116425
  0:00:11.194   319M / 2702M INFO    General                 (pair_info_count.cpp       : 222)   172156 paired reads (37.3914% of all) aligned to long edges
  0:00:11.194    47M / 2702M INFO    General                 (pair_info_count.cpp       : 369)     Insert size = 306.528, deviation = 114.815, left quantile = 178, right quantile = 460, read length = 301
  0:00:11.194    47M / 2702M WARN    General                 (pair_info_count.cpp       : 376)   Estimated mean insert size 306.528 is very small compared to read length 301
  0:00:11.194    47M / 2702M INFO    General                 (pair_info_count.cpp       : 390)   Filtering data for library #0
  0:00:11.195    47M / 2702M INFO    General                 (pair_info_count.cpp       :  48)   Selecting usual mapper
  0:00:11.422    47M / 2702M INFO    General                 (sequence_mapper_notifier.h:  95)   Total 460416 reads processed
  0:00:11.422    47M / 2702M INFO    General                 (pair_info_count.cpp       : 402)   Mapping library #0
  0:00:11.422    47M / 2702M INFO    General                 (pair_info_count.cpp       : 404)   Mapping paired reads (takes a while)
  0:00:11.422    47M / 2702M INFO    General                 (pair_info_count.cpp       : 299)   Left insert size quantile 178, right insert size quantile 460, filtering threshold 2, rounding threshold 0
  0:00:11.432    56M / 2702M INFO    General                 (pair_info_count.cpp       :  48)   Selecting usual mapper
  0:00:11.783    68M / 2702M INFO    General                 (sequence_mapper_notifier.h:  95)   Total 460416 reads processed
  0:00:11.793    58M / 2702M INFO   StageManager             (stage.cpp                 : 185)   STAGE == Distance Estimation (id: distance_estimation)
  0:00:11.793    58M / 2702M INFO    General                 (distance_estimation.cpp   : 179)   Processing library #0
  0:00:11.793    58M / 2702M INFO    General                 (distance_estimation.cpp   : 150)   Weight Filter Done
  0:00:11.793    58M / 2702M INFO   DistanceEstimator        (distance_estimation.hpp   : 116)   Using SIMPLE distance estimator
  0:00:11.841    62M / 2702M INFO    General                 (distance_estimation.cpp   :  37)   Filtering info
  0:00:11.842    62M / 2702M INFO    General                 (pair_info_filters.hpp     : 242)   Start filtering; library index size: 71034
  0:00:11.854    64M / 2702M INFO    General                 (pair_info_filters.hpp     : 263)   Done filtering; library index size: 66468
  0:00:11.854    62M / 2702M INFO    General                 (distance_estimation.cpp   : 156)   Refining clustered pair information
  0:00:11.864    62M / 2702M INFO    General                 (distance_estimation.cpp   : 158)   The refining of clustered pair information has been finished
  0:00:11.864    62M / 2702M INFO    General                 (distance_estimation.cpp   : 160)   Improving paired information
  0:00:11.916    62M / 2702M INFO   PairInfoImprover         (pair_info_improver.hpp    : 104)   Paired info stats: missing = 3247; contradictional = 48
  0:00:11.969    62M / 2702M INFO   PairInfoImprover         (pair_info_improver.hpp    : 104)   Paired info stats: missing = 227; contradictional = 0
  0:00:11.970    62M / 2702M INFO    General                 (distance_estimation.cpp   : 104)   Filling scaffolding index
  0:00:11.970    62M / 2702M INFO   DistanceEstimator        (distance_estimation.hpp   : 116)   Using SMOOTHING distance estimator
  0:00:12.091    63M / 2702M INFO    General                 (distance_estimation.cpp   :  37)   Filtering info
  0:00:12.092    63M / 2702M INFO    General                 (pair_info_filters.hpp     : 242)   Start filtering; library index size: 14628
  0:00:12.097    63M / 2702M INFO    General                 (pair_info_filters.hpp     : 263)   Done filtering; library index size: 14628
  0:00:12.097    63M / 2702M INFO    General                 (distance_estimation.cpp   : 186)   Clearing raw paired index
  0:00:12.111    52M / 2702M INFO   StageManager             (stage.cpp                 : 185)   STAGE == Repeat Resolving (id: repeat_resolving)
  0:00:12.112    52M / 2702M INFO    General                 (repeat_resolving.cpp      :  87)   Using Path-Extend repeat resolving
  0:00:12.112    52M / 2702M INFO    General                 (launcher.cpp              : 600)   ExSPAnder repeat resolving tool started
  0:00:12.112    52M / 2702M INFO    General                 (coverage_uniformity_analyz:  25)   genomic coverage is 16.9942 calculated of length 3865270
  0:00:12.114    60M / 2702M INFO    General                 (launcher.cpp              : 418)   Creating main extenders, unique edge length = 2000
  0:00:12.114    60M / 2702M INFO    General                 (extenders_logic.cpp       : 334)   Estimated coverage of library #0 is 18.3041
  0:00:12.114    60M / 2702M INFO    General                 (extenders_logic.cpp       : 345)   Creating extender; library index size: 73368
  0:00:12.114    60M / 2702M INFO    General                 (extenders_logic.cpp       : 334)   Estimated coverage of library #0 is 18.3041
  0:00:12.114    60M / 2702M INFO    General                 (extenders_logic.cpp       : 345)   Creating extender; library index size: 73368
  0:00:12.115    61M / 2702M INFO    General                 (extenders_logic.cpp       : 543)   Using 1 paired-end library
  0:00:12.115    61M / 2702M INFO    General                 (extenders_logic.cpp       : 544)   Using 1 paired-end scaffolding library
  0:00:12.115    61M / 2702M INFO    General                 (extenders_logic.cpp       : 545)   Using 0 single read libraries
  0:00:12.115    61M / 2702M INFO    General                 (launcher.cpp              : 447)   Total number of extenders is 3
  0:00:12.115    61M / 2702M INFO    General                 (path_extenders.cpp        :  36)   Processed 0 paths from 2011 (0%)
  0:00:12.273    67M / 2702M INFO    General                 (path_extenders.cpp        :  34)   Processed 128 paths from 2011 (6%)
  0:00:12.334    69M / 2702M INFO    General                 (path_extenders.cpp        :  36)   Processed 202 paths from 2011 (10%)
  0:00:12.372    71M / 2702M INFO    General                 (path_extenders.cpp        :  34)   Processed 256 paths from 2011 (12%)
  0:00:12.440    73M / 2702M INFO    General                 (path_extenders.cpp        :  36)   Processed 404 paths from 2011 (20%)
  0:00:12.463    74M / 2702M INFO    General                 (path_extenders.cpp        :  34)   Processed 512 paths from 2011 (25%)
  0:00:12.492    75M / 2702M INFO    General                 (path_extenders.cpp        :  36)   Processed 606 paths from 2011 (30%)
  0:00:12.512    76M / 2702M INFO    General                 (path_extenders.cpp        :  36)   Processed 808 paths from 2011 (40%)
  0:00:12.526    76M / 2702M INFO    General                 (path_extenders.cpp        :  36)   Processed 1010 paths from 2011 (50%)
  0:00:12.526    76M / 2702M INFO    General                 (path_extenders.cpp        :  34)   Processed 1024 paths from 2011 (50%)
  0:00:12.534    76M / 2702M INFO    General                 (path_extenders.cpp        :  36)   Processed 1212 paths from 2011 (60%)
  0:00:12.537    76M / 2702M INFO    General                 (path_extenders.cpp        :  36)   Processed 1414 paths from 2011 (70%)
  0:00:12.552    76M / 2702M INFO    General                 (path_extenders.cpp        :  36)   Processed 1616 paths from 2011 (80%)
  0:00:12.554    77M / 2702M INFO    General                 (path_extenders.cpp        :  36)   Processed 1818 paths from 2011 (90%)
  0:00:12.554    77M / 2702M INFO    General                 (launcher.cpp              : 250)   Finalizing paths
  0:00:12.554    77M / 2702M INFO    General                 (launcher.cpp              : 252)   Deduplicating paths
  0:00:12.732    75M / 2702M INFO    General                 (launcher.cpp              : 256)   Paths deduplicated
  0:00:12.732    75M / 2702M INFO   PEResolver               (pe_resolver.cpp           :  60)   Removing overlaps
  0:00:12.733    75M / 2702M INFO   PEResolver               (pe_resolver.cpp           :  63)   Sorting paths
  0:00:12.733    75M / 2702M INFO   PEResolver               (pe_resolver.cpp           :  70)   Marking overlaps
  0:00:12.733    75M / 2702M INFO   OverlapRemover           (overlap_remover.hpp       : 116)   Marking start/end overlaps
  0:00:12.977    75M / 2702M INFO   OverlapRemover           (overlap_remover.hpp       : 119)   Marking remaining overlaps
  0:00:13.296    75M / 2702M INFO   PEResolver               (pe_resolver.cpp           :  73)   Splitting paths
  0:00:13.310    87M / 2702M INFO   PEResolver               (pe_resolver.cpp           :  78)   Deduplicating paths
  0:00:13.328    75M / 2702M INFO   PEResolver               (pe_resolver.cpp           :  80)   Overlaps removed
  0:00:13.330    78M / 2702M INFO    General                 (launcher.cpp              : 273)   Paths finalized
  0:00:13.330    78M / 2702M INFO    General                 (launcher.cpp              : 454)   Closing gaps in paths
  0:00:13.332    82M / 2702M INFO    General                 (launcher.cpp              : 484)   Gap closing completed
  0:00:13.333    82M / 2702M INFO    General                 (launcher.cpp              : 302)   Traversing tandem repeats
  0:00:13.338    82M / 2702M INFO    General                 (launcher.cpp              : 312)   Traversed 2 loops
  0:00:13.338    82M / 2702M INFO    General                 (launcher.cpp              : 250)   Finalizing paths
  0:00:13.338    82M / 2702M INFO    General                 (launcher.cpp              : 252)   Deduplicating paths
  0:00:13.339    82M / 2702M INFO    General                 (launcher.cpp              : 256)   Paths deduplicated
  0:00:13.339    82M / 2702M INFO   PEResolver               (pe_resolver.cpp           :  60)   Removing overlaps
  0:00:13.339    82M / 2702M INFO   PEResolver               (pe_resolver.cpp           :  63)   Sorting paths
  0:00:13.339    82M / 2702M INFO   PEResolver               (pe_resolver.cpp           :  70)   Marking overlaps
  0:00:13.339    82M / 2702M INFO   OverlapRemover           (overlap_remover.hpp       : 116)   Marking start/end overlaps
  0:00:13.340    82M / 2702M INFO   OverlapRemover           (overlap_remover.hpp       : 119)   Marking remaining overlaps
  0:00:13.342    82M / 2702M INFO   PEResolver               (pe_resolver.cpp           :  73)   Splitting paths
  0:00:13.342    82M / 2702M INFO   PEResolver               (pe_resolver.cpp           :  78)   Deduplicating paths
  0:00:13.342    82M / 2702M INFO   PEResolver               (pe_resolver.cpp           :  80)   Overlaps removed
  0:00:13.343    82M / 2702M INFO    General                 (launcher.cpp              : 273)   Paths finalized
  0:00:13.343    82M / 2702M INFO    General                 (launcher.cpp              : 664)   ExSPAnder repeat resolving tool finished
  0:00:13.357    56M / 2702M INFO   StageManager             (stage.cpp                 : 185)   STAGE == Contig Output (id: contig_output)
  0:00:13.360    56M / 2702M INFO    General                 (contig_output.hpp         :  16)   Outputting contigs to /data/djs217/PROJECTS/10_X_fragariae_feb_2024/04_spades/NCPPB_4055.spades/K127/before_rr.fasta
  0:00:13.390    56M / 2702M INFO    General                 (contig_output_stage.cpp   : 151)   Writing GFA graph to /data/djs217/PROJECTS/10_X_fragariae_feb_2024/04_spades/NCPPB_4055.spades/K127/assembly_graph_with_scaffolds.gfa
  0:00:13.407    56M / 2702M INFO    General                 (contig_output_stage.cpp   : 165)   Outputting FastG graph to /data/djs217/PROJECTS/10_X_fragariae_feb_2024/04_spades/NCPPB_4055.spades/K127/assembly_graph.fastg
  0:00:13.471    56M / 2702M INFO    General                 (contig_output_stage.cpp   : 196)   Breaking scaffolds
  0:00:13.508    66M / 2702M INFO    General                 (contig_output_stage.cpp   :  98)   Outputting contigs to /data/djs217/PROJECTS/10_X_fragariae_feb_2024/04_spades/NCPPB_4055.spades/K127/final_contigs.fasta
  0:00:13.525    66M / 2702M INFO    General                 (contig_output_stage.cpp   : 104)   Outputting FastG paths to /data/djs217/PROJECTS/10_X_fragariae_feb_2024/04_spades/NCPPB_4055.spades/K127/final_contigs.paths
  0:00:13.540    61M / 2702M INFO    General                 (contig_output_stage.cpp   :  98)   Outputting contigs to /data/djs217/PROJECTS/10_X_fragariae_feb_2024/04_spades/NCPPB_4055.spades/K127/scaffolds.fasta
  0:00:13.557    61M / 2702M INFO    General                 (contig_output_stage.cpp   : 104)   Outputting FastG paths to /data/djs217/PROJECTS/10_X_fragariae_feb_2024/04_spades/NCPPB_4055.spades/K127/scaffolds.paths
  0:00:13.559    61M / 2702M INFO    General                 (contig_output_stage.cpp   : 111)   Populating GFA with scaffold paths
  0:00:13.560    56M / 2702M INFO    General                 (pipeline.cpp              : 287)   SPAdes finished
  0:00:13.586     1M / 2702M INFO    General                 (main.cpp                  : 136)   Assembling time: 0 hours 0 minutes 13 seconds

===== K127 finished. 


===== Copy files started. 


== Running: /data/djs217/anaconda3/envs/spades-env/bin/python /data/djs217/anaconda3/envs/spades-env/share/spades/spades_pipeline/scripts/copy_files.py /data/djs217/PROJECTS/10_X_fragariae_feb_2024/04_spades/NCPPB_4055.spades/K127/before_rr.fasta /data/djs217/PROJECTS/10_X_fragariae_feb_2024/04_spades/NCPPB_4055.spades/before_rr.fasta /data/djs217/PROJECTS/10_X_fragariae_feb_2024/04_spades/NCPPB_4055.spades/K127/assembly_graph_after_simplification.gfa /data/djs217/PROJECTS/10_X_fragariae_feb_2024/04_spades/NCPPB_4055.spades/assembly_graph_after_simplification.gfa /data/djs217/PROJECTS/10_X_fragariae_feb_2024/04_spades/NCPPB_4055.spades/K127/final_contigs.fasta /data/djs217/PROJECTS/10_X_fragariae_feb_2024/04_spades/NCPPB_4055.spades/contigs.fasta /data/djs217/PROJECTS/10_X_fragariae_feb_2024/04_spades/NCPPB_4055.spades/K127/first_pe_contigs.fasta /data/djs217/PROJECTS/10_X_fragariae_feb_2024/04_spades/NCPPB_4055.spades/first_pe_contigs.fasta /data/djs217/PROJECTS/10_X_fragariae_feb_2024/04_spades/NCPPB_4055.spades/K127/strain_graph.gfa /data/djs217/PROJECTS/10_X_fragariae_feb_2024/04_spades/NCPPB_4055.spades/strain_graph.gfa /data/djs217/PROJECTS/10_X_fragariae_feb_2024/04_spades/NCPPB_4055.spades/K127/scaffolds.fasta /data/djs217/PROJECTS/10_X_fragariae_feb_2024/04_spades/NCPPB_4055.spades/scaffolds.fasta /data/djs217/PROJECTS/10_X_fragariae_feb_2024/04_spades/NCPPB_4055.spades/K127/scaffolds.paths /data/djs217/PROJECTS/10_X_fragariae_feb_2024/04_spades/NCPPB_4055.spades/scaffolds.paths /data/djs217/PROJECTS/10_X_fragariae_feb_2024/04_spades/NCPPB_4055.spades/K127/assembly_graph_with_scaffolds.gfa /data/djs217/PROJECTS/10_X_fragariae_feb_2024/04_spades/NCPPB_4055.spades/assembly_graph_with_scaffolds.gfa /data/djs217/PROJECTS/10_X_fragariae_feb_2024/04_spades/NCPPB_4055.spades/K127/assembly_graph.fastg /data/djs217/PROJECTS/10_X_fragariae_feb_2024/04_spades/NCPPB_4055.spades/assembly_graph.fastg /data/djs217/PROJECTS/10_X_fragariae_feb_2024/04_spades/NCPPB_4055.spades/K127/final_contigs.paths /data/djs217/PROJECTS/10_X_fragariae_feb_2024/04_spades/NCPPB_4055.spades/contigs.paths


===== Copy files finished. 


===== Assembling finished. 


===== Mismatch correction started. 


===== Mismatch correction contigs started. 


== Running: /data/djs217/anaconda3/envs/spades-env/bin/python /data/djs217/anaconda3/envs/spades-env/share/spades/spades_pipeline/scripts/correction_iteration_script.py --corrected /data/djs217/PROJECTS/10_X_fragariae_feb_2024/04_spades/NCPPB_4055.spades/contigs.fasta --assembled /data/djs217/PROJECTS/10_X_fragariae_feb_2024/04_spades/NCPPB_4055.spades/misc/assembled_contigs.fasta --assembly_type contigs --output_dir /data/djs217/PROJECTS/10_X_fragariae_feb_2024/04_spades/NCPPB_4055.spades --bin_home /data/djs217/anaconda3/envs/spades-env/bin

== Processing of contigs
== Running contig polishing tool: /data/djs217/anaconda3/envs/spades-env/bin/spades-corrector-core /data/djs217/PROJECTS/10_X_fragariae_feb_2024/04_spades/NCPPB_4055.spades/mismatch_corrector/contigs/configs/corrector.info /data/djs217/PROJECTS/10_X_fragariae_feb_2024/04_spades/NCPPB_4055.spades/misc/assembled_contigs.fasta
== Dataset description file was created: /data/djs217/PROJECTS/10_X_fragariae_feb_2024/04_spades/NCPPB_4055.spades/mismatch_corrector/contigs/configs/corrector.info
Run: /data/djs217/anaconda3/envs/spades-env/bin/spades-corrector-core /data/djs217/PROJECTS/10_X_fragariae_feb_2024/04_spades/NCPPB_4055.spades/mismatch_corrector/contigs/configs/corrector.info /data/djs217/PROJECTS/10_X_fragariae_feb_2024/04_spades/NCPPB_4055.spades/misc/assembled_contigs.fasta
/data/djs217/PROJECTS/10_X_fragariae_feb_2024/04_spades/NCPPB_4055.spades/mismatch_corrector/contigs/configs/log.properties  0:00:00.000     1M / 16M   INFO    General                 (main.cpp                  :  58)   Starting mismatch corrector, built from N/A, git revision N/A
  0:00:00.002     1M / 16M   INFO    General                 (main.cpp                  :  59)   Maximum # of threads to use (adjusted due to OMP capabilities): 16
  0:00:00.002     1M / 16M   INFO   DatasetProcessor         (dataset_processor.cpp     : 175)   Splitting assembly...
  0:00:00.002     1M / 16M   INFO   DatasetProcessor         (dataset_processor.cpp     : 176)   Assembly file: /data/djs217/PROJECTS/10_X_fragariae_feb_2024/04_spades/NCPPB_4055.spades/misc/assembled_contigs.fasta
  0:00:00.076     2M / 16M   INFO   DatasetProcessor         (dataset_processor.cpp     : 128)   Running bwa index ...: /data/djs217/anaconda3/envs/spades-env/bin/spades-bwa index /data/djs217/PROJECTS/10_X_fragariae_feb_2024/04_spades/NCPPB_4055.spades/misc/assembled_contigs.fasta
[bwa_index] Pack FASTA... 0.05 sec
[bwa_index] Construct BWT for the packed sequence...
[bwa_index] 1.11 seconds elapse.
[bwa_index] Update BWT... 0.04 sec
[bwa_index] Pack forward-only FASTA... 0.05 sec
[bwa_index] Construct SA from BWT and Occ... 0.63 sec
[main] Version: 0.7.16a-r1181
[main] CMD: /data/djs217/anaconda3/envs/spades-env/bin/spades-bwa index /data/djs217/PROJECTS/10_X_fragariae_feb_2024/04_spades/NCPPB_4055.spades/misc/assembled_contigs.fasta
[main] Real time: 2.287 sec; CPU: 1.876 sec
  0:00:02.369     2M / 16M   INFO   DatasetProcessor         (dataset_processor.cpp     : 190)   Processing paired sublib of number 0
  0:00:02.370     2M / 16M   INFO   DatasetProcessor         (dataset_processor.cpp     : 191)   /data/djs217/PROJECTS/10_X_fragariae_feb_2024/04_spades/NCPPB_4055.1_val_1.fq.gz /data/djs217/PROJECTS/10_X_fragariae_feb_2024/04_spades/NCPPB_4055.2_val_2.fq.gz
  0:00:02.371     2M / 16M   INFO   DatasetProcessor         (dataset_processor.cpp     : 153)   Running bwa mem ...:/data/djs217/anaconda3/envs/spades-env/bin/spades-bwa mem  -v 1 -t 16  /data/djs217/PROJECTS/10_X_fragariae_feb_2024/04_spades/NCPPB_4055.spades/misc/assembled_contigs.fasta /data/djs217/PROJECTS/10_X_fragariae_feb_2024/04_spades/NCPPB_4055.1_val_1.fq.gz /data/djs217/PROJECTS/10_X_fragariae_feb_2024/04_spades/NCPPB_4055.2_val_2.fq.gz   > /data/djs217/PROJECTS/10_X_fragariae_feb_2024/04_spades/NCPPB_4055.spades/tmp/corrector_o2pkg6d_/lib0_AC9KoZ/tmp.sam
[main] Version: 0.7.16a-r1181
[main] CMD: /data/djs217/anaconda3/envs/spades-env/bin/spades-bwa mem -v 1 -t 16 /data/djs217/PROJECTS/10_X_fragariae_feb_2024/04_spades/NCPPB_4055.spades/misc/assembled_contigs.fasta /data/djs217/PROJECTS/10_X_fragariae_feb_2024/04_spades/NCPPB_4055.1_val_1.fq.gz /data/djs217/PROJECTS/10_X_fragariae_feb_2024/04_spades/NCPPB_4055.2_val_2.fq.gz
[main] Real time: 9.580 sec; CPU: 85.919 sec
  0:00:11.979     2M / 16M   INFO   DatasetProcessor         (dataset_processor.cpp     : 199)   Adding samfile /data/djs217/PROJECTS/10_X_fragariae_feb_2024/04_spades/NCPPB_4055.spades/tmp/corrector_o2pkg6d_/lib0_AC9KoZ/tmp.sam
  0:00:14.351    65M / 72M   INFO   DatasetProcessor         (dataset_processor.cpp     : 118)   processed 1000000reads, flushing
  0:00:15.290     7M / 72M   INFO   DatasetProcessor         (dataset_processor.cpp     : 227)   Processing contigs
  0:00:15.652    12M / 185M  INFO   DatasetProcessor         (dataset_processor.cpp     : 243)   Contig NODE_15_length_49792_cov_13.805114 processed with 0 changes in thread 8
  0:00:15.692    18M / 190M  INFO   DatasetProcessor         (dataset_processor.cpp     : 243)   Contig NODE_12_length_51108_cov_18.993331 processed with 0 changes in thread 4
  0:00:15.711    25M / 193M  INFO   DatasetProcessor         (dataset_processor.cpp     : 243)   Contig NODE_8_length_57211_cov_18.586381 processed with 0 changes in thread 3
  0:00:15.718    31M / 196M  INFO   DatasetProcessor         (dataset_processor.cpp     : 243)   Contig NODE_14_length_50134_cov_14.423861 processed with 3 changes in thread 2
  0:00:15.719    40M / 197M  INFO   DatasetProcessor         (dataset_processor.cpp     : 243)   Contig NODE_3_length_77788_cov_13.542306 processed with 0 changes in thread 5
  0:00:15.732    47M / 203M  INFO   DatasetProcessor         (dataset_processor.cpp     : 243)   Contig NODE_6_length_60200_cov_18.330215 processed with 0 changes in thread 1
  0:00:15.750    52M / 208M  INFO   DatasetProcessor         (dataset_processor.cpp     : 243)   Contig NODE_16_length_47967_cov_18.544774 processed with 0 changes in thread 6
  0:00:15.775    58M / 213M  INFO   DatasetProcessor         (dataset_processor.cpp     : 243)   Contig NODE_10_length_54060_cov_16.481486 processed with 0 changes in thread 9
  0:00:15.802    64M / 216M  INFO   DatasetProcessor         (dataset_processor.cpp     : 243)   Contig NODE_11_length_52402_cov_18.379493 processed with 0 changes in thread 11
  0:00:15.804    70M / 219M  INFO   DatasetProcessor         (dataset_processor.cpp     : 243)   Contig NODE_13_length_50592_cov_19.646904 processed with 0 changes in thread 7
  0:00:15.820    77M / 223M  INFO   DatasetProcessor         (dataset_processor.cpp     : 243)   Contig NODE_5_length_61379_cov_16.757510 processed with 0 changes in thread 14
  0:00:15.830    84M / 228M  INFO   DatasetProcessor         (dataset_processor.cpp     : 243)   Contig NODE_4_length_67712_cov_15.417045 processed with 0 changes in thread 15
  0:00:15.899    91M / 232M  INFO   DatasetProcessor         (dataset_processor.cpp     : 243)   Contig NODE_7_length_58711_cov_19.662348 processed with 0 changes in thread 10
  0:00:15.955    89M / 237M  INFO   DatasetProcessor         (dataset_processor.cpp     : 243)   Contig NODE_19_length_43545_cov_15.386982 processed with 0 changes in thread 3
  0:00:15.958    89M / 237M  INFO   DatasetProcessor         (dataset_processor.cpp     : 243)   Contig NODE_18_length_44063_cov_15.725259 processed with 2 changes in thread 4
  0:00:15.960    96M / 237M  INFO   DatasetProcessor         (dataset_processor.cpp     : 243)   Contig NODE_9_length_56949_cov_20.823677 processed with 0 changes in thread 12
  0:00:15.968   105M / 238M  INFO   DatasetProcessor         (dataset_processor.cpp     : 243)   Contig NODE_2_length_80277_cov_20.389208 processed with 6 changes in thread 13
  0:00:15.991   101M / 238M  INFO   DatasetProcessor         (dataset_processor.cpp     : 243)   Contig NODE_21_length_42836_cov_17.488773 processed with 0 changes in thread 5
  0:00:15.999    98M / 239M  INFO   DatasetProcessor         (dataset_processor.cpp     : 243)   Contig NODE_22_length_41536_cov_17.810041 processed with 0 changes in thread 1
  0:00:16.022   112M / 240M  INFO   DatasetProcessor         (dataset_processor.cpp     : 243)   Contig NODE_1_length_112634_cov_17.145262 processed with 1 changes in thread 0
  0:00:16.059   111M / 240M  INFO   DatasetProcessor         (dataset_processor.cpp     : 243)   Contig NODE_23_length_41454_cov_15.473855 processed with 0 changes in thread 6
  0:00:16.063   110M / 240M  INFO   DatasetProcessor         (dataset_processor.cpp     : 243)   Contig NODE_20_length_43446_cov_16.317113 processed with 0 changes in thread 2
  0:00:16.104   109M / 240M  INFO   DatasetProcessor         (dataset_processor.cpp     : 243)   Contig NODE_26_length_38963_cov_15.629339 processed with 0 changes in thread 7
  0:00:16.109   105M / 240M  INFO   DatasetProcessor         (dataset_processor.cpp     : 243)   Contig NODE_28_length_37336_cov_15.288398 processed with 0 changes in thread 15
  0:00:16.141   105M / 240M  INFO   DatasetProcessor         (dataset_processor.cpp     : 243)   Contig NODE_30_length_36490_cov_14.000358 processed with 0 changes in thread 3
  0:00:16.142   104M / 240M  INFO   DatasetProcessor         (dataset_processor.cpp     : 243)   Contig NODE_31_length_36270_cov_13.861799 processed with 0 changes in thread 4
  0:00:16.153   103M / 240M  INFO   DatasetProcessor         (dataset_processor.cpp     : 243)   Contig NODE_17_length_44479_cov_22.622813 processed with 6 changes in thread 8
  0:00:16.161   102M / 240M  INFO   DatasetProcessor         (dataset_processor.cpp     : 243)   Contig NODE_25_length_39906_cov_18.316851 processed with 0 changes in thread 11
  0:00:16.171    97M / 240M  INFO   DatasetProcessor         (dataset_processor.cpp     : 243)   Contig NODE_33_length_35508_cov_15.665838 processed with 3 changes in thread 13
  0:00:16.196    96M / 240M  INFO   DatasetProcessor         (dataset_processor.cpp     : 243)   Contig NODE_35_length_32497_cov_16.643219 processed with 0 changes in thread 1
  0:00:16.203    93M / 240M  INFO   DatasetProcessor         (dataset_processor.cpp     : 243)   Contig NODE_29_length_36873_cov_16.787297 processed with 0 changes in thread 10
  0:00:16.207    92M / 240M  INFO   DatasetProcessor         (dataset_processor.cpp     : 243)   Contig NODE_24_length_39926_cov_20.439659 processed with 3 changes in thread 9
  0:00:16.208    90M / 240M  INFO   DatasetProcessor         (dataset_processor.cpp     : 243)   Contig NODE_27_length_38814_cov_20.342673 processed with 2 changes in thread 14
  0:00:16.232    89M / 240M  INFO   DatasetProcessor         (dataset_processor.cpp     : 243)   Contig NODE_34_length_33734_cov_19.615973 processed with 0 changes in thread 5
  0:00:16.268    86M / 240M  INFO   DatasetProcessor         (dataset_processor.cpp     : 243)   Contig NODE_32_length_36088_cov_17.016434 processed with 0 changes in thread 12
  0:00:16.283    77M / 241M  INFO   DatasetProcessor         (dataset_processor.cpp     : 243)   Contig NODE_36_length_32447_cov_19.881219 processed with 12 changes in thread 0
  0:00:16.283    76M / 241M  INFO   DatasetProcessor         (dataset_processor.cpp     : 243)   Contig NODE_37_length_32314_cov_14.178426 processed with 0 changes in thread 6
  0:00:16.316    75M / 241M  INFO   DatasetProcessor         (dataset_processor.cpp     : 243)   Contig NODE_41_length_31907_cov_15.246885 processed with 0 changes in thread 3
  0:00:16.321    75M / 241M  INFO   DatasetProcessor         (dataset_processor.cpp     : 243)   Contig NODE_42_length_31329_cov_14.448465 processed with 2 changes in thread 4
  0:00:16.340    74M / 241M  INFO   DatasetProcessor         (dataset_processor.cpp     : 243)   Contig NODE_38_length_32043_cov_17.519426 processed with 0 changes in thread 2
  0:00:16.348    73M / 241M  INFO   DatasetProcessor         (dataset_processor.cpp     : 243)   Contig NODE_45_length_29690_cov_16.430132 processed with 0 changes in thread 13
  0:00:16.351    72M / 241M  INFO   DatasetProcessor         (dataset_processor.cpp     : 243)   Contig NODE_39_length_31969_cov_15.976949 processed with 1 changes in thread 7
  0:00:16.374    71M / 241M  INFO   DatasetProcessor         (dataset_processor.cpp     : 243)   Contig NODE_50_length_25890_cov_15.039126 processed with 0 changes in thread 5
  0:00:16.379    69M / 241M  INFO   DatasetProcessor         (dataset_processor.cpp     : 243)   Contig NODE_43_length_30073_cov_15.459527 processed with 0 changes in thread 8
  0:00:16.387    69M / 241M  INFO   DatasetProcessor         (dataset_processor.cpp     : 243)   Contig NODE_46_length_29535_cov_17.967492 processed with 0 changes in thread 1
  0:00:16.419    68M / 241M  INFO   DatasetProcessor         (dataset_processor.cpp     : 243)   Contig NODE_47_length_28405_cov_15.316500 processed with 0 changes in thread 10
  0:00:16.422    66M / 241M  INFO   DatasetProcessor         (dataset_processor.cpp     : 243)   Contig NODE_48_length_27848_cov_15.338119 processed with 0 changes in thread 9
  0:00:16.425    65M / 241M  INFO   DatasetProcessor         (dataset_processor.cpp     : 243)   Contig NODE_44_length_29903_cov_18.964972 processed with 0 changes in thread 11
  0:00:16.440    65M / 241M  INFO   DatasetProcessor         (dataset_processor.cpp     : 243)   Contig NODE_40_length_31914_cov_18.326203 processed with 0 changes in thread 15
  0:00:16.449    64M / 241M  INFO   DatasetProcessor         (dataset_processor.cpp     : 243)   Contig NODE_52_length_25245_cov_17.547934 processed with 0 changes in thread 0
  0:00:16.480    63M / 241M  INFO   DatasetProcessor         (dataset_processor.cpp     : 243)   Contig NODE_55_length_24441_cov_17.921773 processed with 0 changes in thread 4
  0:00:16.489    63M / 241M  INFO   DatasetProcessor         (dataset_processor.cpp     : 243)   Contig NODE_59_length_23508_cov_13.407938 processed with 0 changes in thread 5
  0:00:16.498    62M / 241M  INFO   DatasetProcessor         (dataset_processor.cpp     : 243)   Contig NODE_53_length_25045_cov_17.523397 processed with 0 changes in thread 6
  0:00:16.499    62M / 241M  INFO   DatasetProcessor         (dataset_processor.cpp     : 243)   Contig NODE_54_length_24977_cov_19.827284 processed with 0 changes in thread 3
  0:00:16.500    60M / 241M  INFO   DatasetProcessor         (dataset_processor.cpp     : 243)   Contig NODE_51_length_25885_cov_17.585333 processed with 1 changes in thread 12
  0:00:16.502    60M / 241M  INFO   DatasetProcessor         (dataset_processor.cpp     : 243)   Contig NODE_57_length_24169_cov_17.402213 processed with 0 changes in thread 13
  0:00:16.504    59M / 241M  INFO   DatasetProcessor         (dataset_processor.cpp     : 243)   Contig NODE_49_length_27511_cov_18.314746 processed with 0 changes in thread 14
  0:00:16.545    58M / 241M  INFO   DatasetProcessor         (dataset_processor.cpp     : 243)   Contig NODE_58_length_24138_cov_16.500187 processed with 0 changes in thread 7
  0:00:16.547    57M / 241M  INFO   DatasetProcessor         (dataset_processor.cpp     : 243)   Contig NODE_61_length_22736_cov_19.272635 processed with 0 changes in thread 1
  0:00:16.551    57M / 241M  INFO   DatasetProcessor         (dataset_processor.cpp     : 243)   Contig NODE_56_length_24274_cov_18.109579 processed with 0 changes in thread 2
  0:00:16.562    56M / 241M  INFO   DatasetProcessor         (dataset_processor.cpp     : 243)   Contig NODE_60_length_23354_cov_15.996685 processed with 0 changes in thread 8
  0:00:16.573    55M / 241M  INFO   DatasetProcessor         (dataset_processor.cpp     : 243)   Contig NODE_66_length_21994_cov_15.260484 processed with 0 changes in thread 0
  0:00:16.599    55M / 241M  INFO   DatasetProcessor         (dataset_processor.cpp     : 243)   Contig NODE_63_length_22510_cov_15.845731 processed with 1 changes in thread 9
  0:00:16.614    54M / 241M  INFO   DatasetProcessor         (dataset_processor.cpp     : 243)   Contig NODE_70_length_21191_cov_14.579235 processed with 0 changes in thread 3
  0:00:16.623    54M / 241M  INFO   DatasetProcessor         (dataset_processor.cpp     : 243)   Contig NODE_64_length_22319_cov_17.925063 processed with 1 changes in thread 11
  0:00:16.636    53M / 241M  INFO   DatasetProcessor         (dataset_processor.cpp     : 243)   Contig NODE_62_length_22631_cov_19.772974 processed with 0 changes in thread 10
  0:00:16.637    53M / 241M  INFO   DatasetProcessor         (dataset_processor.cpp     : 243)   Contig NODE_67_length_21764_cov_19.861949 processed with 0 changes in thread 4
  0:00:16.638    52M / 241M  INFO   DatasetProcessor         (dataset_processor.cpp     : 243)   Contig NODE_68_length_21674_cov_18.837657 processed with 1 changes in thread 5
  0:00:16.644    52M / 241M  INFO   DatasetProcessor         (dataset_processor.cpp     : 243)   Contig NODE_72_length_20615_cov_18.608649 processed with 0 changes in thread 13
  0:00:16.644    51M / 241M  INFO   DatasetProcessor         (dataset_processor.cpp     : 243)   Contig NODE_71_length_20777_cov_13.349782 processed with 0 changes in thread 12
  0:00:16.656    50M / 242M  INFO   DatasetProcessor         (dataset_processor.cpp     : 243)   Contig NODE_73_length_20504_cov_15.356922 processed with 0 changes in thread 14
  0:00:16.662    49M / 242M  INFO   DatasetProcessor         (dataset_processor.cpp     : 243)   Contig NODE_65_length_22301_cov_20.854469 processed with 0 changes in thread 15
  0:00:16.685    49M / 242M  INFO   DatasetProcessor         (dataset_processor.cpp     : 243)   Contig NODE_69_length_21318_cov_18.577887 processed with 0 changes in thread 6
  0:00:17.333     7M / 248M  INFO   DatasetProcessor         (dataset_processor.cpp     : 247)   Gluing processed contigs
  0:00:17.349     1M / 248M  INFO    General                 (main.cpp                  :  72)   Correcting time: 0 hours 0 minutes 17 seconds

===== Mismatch correction contigs finished. 


===== Mismatch correction scaffolds started. 


== Running: /data/djs217/anaconda3/envs/spades-env/bin/python /data/djs217/anaconda3/envs/spades-env/share/spades/spades_pipeline/scripts/correction_iteration_script.py --corrected /data/djs217/PROJECTS/10_X_fragariae_feb_2024/04_spades/NCPPB_4055.spades/scaffolds.fasta --assembled /data/djs217/PROJECTS/10_X_fragariae_feb_2024/04_spades/NCPPB_4055.spades/misc/assembled_scaffolds.fasta --assembly_type scaffolds --output_dir /data/djs217/PROJECTS/10_X_fragariae_feb_2024/04_spades/NCPPB_4055.spades --bin_home /data/djs217/anaconda3/envs/spades-env/bin

== Processing of scaffolds
== Running contig polishing tool: /data/djs217/anaconda3/envs/spades-env/bin/spades-corrector-core /data/djs217/PROJECTS/10_X_fragariae_feb_2024/04_spades/NCPPB_4055.spades/mismatch_corrector/scaffolds/configs/corrector.info /data/djs217/PROJECTS/10_X_fragariae_feb_2024/04_spades/NCPPB_4055.spades/misc/assembled_scaffolds.fasta
== Dataset description file was created: /data/djs217/PROJECTS/10_X_fragariae_feb_2024/04_spades/NCPPB_4055.spades/mismatch_corrector/scaffolds/configs/corrector.info
Run: /data/djs217/anaconda3/envs/spades-env/bin/spades-corrector-core /data/djs217/PROJECTS/10_X_fragariae_feb_2024/04_spades/NCPPB_4055.spades/mismatch_corrector/scaffolds/configs/corrector.info /data/djs217/PROJECTS/10_X_fragariae_feb_2024/04_spades/NCPPB_4055.spades/misc/assembled_scaffolds.fasta
/data/djs217/PROJECTS/10_X_fragariae_feb_2024/04_spades/NCPPB_4055.spades/mismatch_corrector/scaffolds/configs/log.properties  0:00:00.000     1M / 16M   INFO    General                 (main.cpp                  :  58)   Starting mismatch corrector, built from N/A, git revision N/A
  0:00:00.002     1M / 16M   INFO    General                 (main.cpp                  :  59)   Maximum # of threads to use (adjusted due to OMP capabilities): 16
  0:00:00.002     1M / 16M   INFO   DatasetProcessor         (dataset_processor.cpp     : 175)   Splitting assembly...
  0:00:00.002     1M / 16M   INFO   DatasetProcessor         (dataset_processor.cpp     : 176)   Assembly file: /data/djs217/PROJECTS/10_X_fragariae_feb_2024/04_spades/NCPPB_4055.spades/misc/assembled_scaffolds.fasta
  0:00:00.062     2M / 16M   INFO   DatasetProcessor         (dataset_processor.cpp     : 128)   Running bwa index ...: /data/djs217/anaconda3/envs/spades-env/bin/spades-bwa index /data/djs217/PROJECTS/10_X_fragariae_feb_2024/04_spades/NCPPB_4055.spades/misc/assembled_scaffolds.fasta
[bwa_index] Pack FASTA... 0.05 sec
[bwa_index] Construct BWT for the packed sequence...
[bwa_index] 0.97 seconds elapse.
[bwa_index] Update BWT... 0.04 sec
[bwa_index] Pack forward-only FASTA... 0.04 sec
[bwa_index] Construct SA from BWT and Occ... 0.46 sec
[main] Version: 0.7.16a-r1181
[main] CMD: /data/djs217/anaconda3/envs/spades-env/bin/spades-bwa index /data/djs217/PROJECTS/10_X_fragariae_feb_2024/04_spades/NCPPB_4055.spades/misc/assembled_scaffolds.fasta
[main] Real time: 1.955 sec; CPU: 1.564 sec
  0:00:02.023     2M / 16M   INFO   DatasetProcessor         (dataset_processor.cpp     : 190)   Processing paired sublib of number 0
  0:00:02.023     2M / 16M   INFO   DatasetProcessor         (dataset_processor.cpp     : 191)   /data/djs217/PROJECTS/10_X_fragariae_feb_2024/04_spades/NCPPB_4055.1_val_1.fq.gz /data/djs217/PROJECTS/10_X_fragariae_feb_2024/04_spades/NCPPB_4055.2_val_2.fq.gz
  0:00:02.024     2M / 16M   INFO   DatasetProcessor         (dataset_processor.cpp     : 153)   Running bwa mem ...:/data/djs217/anaconda3/envs/spades-env/bin/spades-bwa mem  -v 1 -t 16  /data/djs217/PROJECTS/10_X_fragariae_feb_2024/04_spades/NCPPB_4055.spades/misc/assembled_scaffolds.fasta /data/djs217/PROJECTS/10_X_fragariae_feb_2024/04_spades/NCPPB_4055.1_val_1.fq.gz /data/djs217/PROJECTS/10_X_fragariae_feb_2024/04_spades/NCPPB_4055.2_val_2.fq.gz   > /data/djs217/PROJECTS/10_X_fragariae_feb_2024/04_spades/NCPPB_4055.spades/tmp/corrector_3cxe53u2/lib0_1mgTmZ/tmp.sam
[main] Version: 0.7.16a-r1181
[main] CMD: /data/djs217/anaconda3/envs/spades-env/bin/spades-bwa mem -v 1 -t 16 /data/djs217/PROJECTS/10_X_fragariae_feb_2024/04_spades/NCPPB_4055.spades/misc/assembled_scaffolds.fasta /data/djs217/PROJECTS/10_X_fragariae_feb_2024/04_spades/NCPPB_4055.1_val_1.fq.gz /data/djs217/PROJECTS/10_X_fragariae_feb_2024/04_spades/NCPPB_4055.2_val_2.fq.gz
[main] Real time: 9.031 sec; CPU: 80.297 sec
  0:00:11.086     2M / 16M   INFO   DatasetProcessor         (dataset_processor.cpp     : 199)   Adding samfile /data/djs217/PROJECTS/10_X_fragariae_feb_2024/04_spades/NCPPB_4055.spades/tmp/corrector_3cxe53u2/lib0_1mgTmZ/tmp.sam
  0:00:14.227    65M / 72M   INFO   DatasetProcessor         (dataset_processor.cpp     : 118)   processed 1000000reads, flushing
  0:00:15.452     7M / 72M   INFO   DatasetProcessor         (dataset_processor.cpp     : 227)   Processing contigs
  0:00:15.817    13M / 185M  INFO   DatasetProcessor         (dataset_processor.cpp     : 243)   Contig NODE_15_length_49792_cov_13.805114 processed with 0 changes in thread 12
  0:00:15.819    19M / 188M  INFO   DatasetProcessor         (dataset_processor.cpp     : 243)   Contig NODE_10_length_54060_cov_16.481486 processed with 0 changes in thread 13
  0:00:15.873    24M / 193M  INFO   DatasetProcessor         (dataset_processor.cpp     : 243)   Contig NODE_14_length_50134_cov_14.423861 processed with 3 changes in thread 10
  0:00:15.920    30M / 198M  INFO   DatasetProcessor         (dataset_processor.cpp     : 243)   Contig NODE_16_length_47967_cov_18.544774 processed with 0 changes in thread 14
  0:00:15.936    37M / 202M  INFO   DatasetProcessor         (dataset_processor.cpp     : 243)   Contig NODE_7_length_58711_cov_19.662348 processed with 0 changes in thread 7
  0:00:15.964    43M / 205M  INFO   DatasetProcessor         (dataset_processor.cpp     : 243)   Contig NODE_12_length_51108_cov_18.993331 processed with 0 changes in thread 2
  0:00:15.972    48M / 210M  INFO   DatasetProcessor         (dataset_processor.cpp     : 243)   Contig NODE_13_length_50592_cov_19.646904 processed with 0 changes in thread 5
  0:00:15.987    55M / 215M  INFO   DatasetProcessor         (dataset_processor.cpp     : 243)   Contig NODE_5_length_61379_cov_16.757510 processed with 0 changes in thread 9
  0:00:15.998    62M / 219M  INFO   DatasetProcessor         (dataset_processor.cpp     : 243)   Contig NODE_8_length_57211_cov_18.586381 processed with 0 changes in thread 3
  0:00:16.007    69M / 222M  INFO   DatasetProcessor         (dataset_processor.cpp     : 243)   Contig NODE_4_length_67712_cov_15.417045 processed with 0 changes in thread 8
  0:00:16.010    78M / 224M  INFO   DatasetProcessor         (dataset_processor.cpp     : 243)   Contig NODE_3_length_77788_cov_13.542306 processed with 0 changes in thread 11
  0:00:16.025    85M / 228M  INFO   DatasetProcessor         (dataset_processor.cpp     : 243)   Contig NODE_6_length_60200_cov_18.330215 processed with 0 changes in thread 4
  0:00:16.045    91M / 230M  INFO   DatasetProcessor         (dataset_processor.cpp     : 243)   Contig NODE_11_length_52402_cov_18.379493 processed with 0 changes in thread 15
  0:00:16.079    90M / 233M  INFO   DatasetProcessor         (dataset_processor.cpp     : 243)   Contig NODE_18_length_44063_cov_15.725259 processed with 2 changes in thread 13
  0:00:16.171    97M / 233M  INFO   DatasetProcessor         (dataset_processor.cpp     : 243)   Contig NODE_9_length_56949_cov_20.823677 processed with 0 changes in thread 1
  0:00:16.194   110M / 234M  INFO   DatasetProcessor         (dataset_processor.cpp     : 243)   Contig NODE_1_length_112634_cov_17.145262 processed with 1 changes in thread 0
  0:00:16.201   109M / 237M  INFO   DatasetProcessor         (dataset_processor.cpp     : 243)   Contig NODE_19_length_43545_cov_15.386982 processed with 0 changes in thread 10
  0:00:16.218   107M / 239M  INFO   DatasetProcessor         (dataset_processor.cpp     : 243)   Contig NODE_21_length_42836_cov_17.488773 processed with 0 changes in thread 7
  0:00:16.259   107M / 239M  INFO   DatasetProcessor         (dataset_processor.cpp     : 243)   Contig NODE_20_length_43446_cov_16.317113 processed with 0 changes in thread 14
  0:00:16.270   106M / 239M  INFO   DatasetProcessor         (dataset_processor.cpp     : 243)   Contig NODE_30_length_36490_cov_14.000358 processed with 0 changes in thread 13
  0:00:16.283   105M / 239M  INFO   DatasetProcessor         (dataset_processor.cpp     : 243)   Contig NODE_23_length_41454_cov_15.473855 processed with 0 changes in thread 5
  0:00:16.303   102M / 241M  INFO   DatasetProcessor         (dataset_processor.cpp     : 243)   Contig NODE_28_length_37336_cov_15.288398 processed with 0 changes in thread 4
  0:00:16.311    99M / 241M  INFO   DatasetProcessor         (dataset_processor.cpp     : 243)   Contig NODE_26_length_38963_cov_15.629339 processed with 0 changes in thread 8
  0:00:16.320    99M / 243M  INFO   DatasetProcessor         (dataset_processor.cpp     : 243)   Contig NODE_17_length_44479_cov_22.622813 processed with 6 changes in thread 12
  0:00:16.324    97M / 243M  INFO   DatasetProcessor         (dataset_processor.cpp     : 243)   Contig NODE_22_length_41536_cov_17.810041 processed with 0 changes in thread 2
  0:00:16.345    96M / 243M  INFO   DatasetProcessor         (dataset_processor.cpp     : 243)   Contig NODE_29_length_36873_cov_16.787297 processed with 0 changes in thread 15
  0:00:16.351    94M / 243M  INFO   DatasetProcessor         (dataset_processor.cpp     : 243)   Contig NODE_25_length_39906_cov_18.316851 processed with 0 changes in thread 3
  0:00:16.356   103M / 244M  INFO   DatasetProcessor         (dataset_processor.cpp     : 243)   Contig NODE_2_length_80277_cov_20.389208 processed with 4 changes in thread 6
  0:00:16.397    99M / 244M  INFO   DatasetProcessor         (dataset_processor.cpp     : 243)   Contig NODE_27_length_38814_cov_20.342673 processed with 2 changes in thread 11
  0:00:16.410    97M / 244M  INFO   DatasetProcessor         (dataset_processor.cpp     : 243)   Contig NODE_24_length_39926_cov_20.439659 processed with 4 changes in thread 9
  0:00:16.421    94M / 244M  INFO   DatasetProcessor         (dataset_processor.cpp     : 243)   Contig NODE_31_length_36270_cov_13.861799 processed with 0 changes in thread 1
  0:00:16.469    94M / 246M  INFO   DatasetProcessor         (dataset_processor.cpp     : 243)   Contig NODE_36_length_32497_cov_16.643219 processed with 0 changes in thread 13
  0:00:16.470    93M / 246M  INFO   DatasetProcessor         (dataset_processor.cpp     : 243)   Contig NODE_33_length_35508_cov_15.665838 processed with 0 changes in thread 10
  0:00:16.482    92M / 246M  INFO   DatasetProcessor         (dataset_processor.cpp     : 243)   Contig NODE_34_length_34151_cov_21.280949 processed with 1 changes in thread 7
  0:00:16.528    91M / 246M  INFO   DatasetProcessor         (dataset_processor.cpp     : 243)   Contig NODE_38_length_32314_cov_14.178426 processed with 0 changes in thread 4
  0:00:16.563    82M / 247M  INFO   DatasetProcessor         (dataset_processor.cpp     : 243)   Contig NODE_32_length_36088_cov_17.016434 processed with 0 changes in thread 0
  0:00:16.578    82M / 247M  INFO   DatasetProcessor         (dataset_processor.cpp     : 243)   Contig NODE_42_length_31907_cov_15.246885 processed with 0 changes in thread 15
  0:00:16.580    81M / 247M  INFO   DatasetProcessor         (dataset_processor.cpp     : 243)   Contig NODE_35_length_33734_cov_19.615973 processed with 0 changes in thread 14
  0:00:16.586    80M / 247M  INFO   DatasetProcessor         (dataset_processor.cpp     : 243)   Contig NODE_39_length_32043_cov_17.519426 processed with 0 changes in thread 8
  0:00:16.588    79M / 247M  INFO   DatasetProcessor         (dataset_processor.cpp     : 243)   Contig NODE_43_length_31329_cov_14.448465 processed with 2 changes in thread 3
  0:00:16.589    73M / 247M  INFO   DatasetProcessor         (dataset_processor.cpp     : 243)   Contig NODE_44_length_30073_cov_15.459527 processed with 0 changes in thread 6
  0:00:16.610    72M / 247M  INFO   DatasetProcessor         (dataset_processor.cpp     : 243)   Contig NODE_41_length_31914_cov_18.326203 processed with 0 changes in thread 2
  0:00:16.623    71M / 247M  INFO   DatasetProcessor         (dataset_processor.cpp     : 243)   Contig NODE_37_length_32447_cov_19.881219 processed with 12 changes in thread 5
  0:00:16.643    70M / 247M  INFO   DatasetProcessor         (dataset_processor.cpp     : 243)   Contig NODE_50_length_27848_cov_15.338119 processed with 0 changes in thread 7
  0:00:16.645    69M / 247M  INFO   DatasetProcessor         (dataset_processor.cpp     : 243)   Contig NODE_46_length_29690_cov_16.430132 processed with 0 changes in thread 9
  0:00:16.656    68M / 247M  INFO   DatasetProcessor         (dataset_processor.cpp     : 243)   Contig NODE_45_length_29903_cov_18.964972 processed with 0 changes in thread 11
  0:00:16.656    66M / 247M  INFO   DatasetProcessor         (dataset_processor.cpp     : 243)   Contig NODE_40_length_31969_cov_15.976949 processed with 1 changes in thread 12
  0:00:16.657    66M / 247M  INFO   DatasetProcessor         (dataset_processor.cpp     : 243)   Contig NODE_48_length_28743_cov_18.210581 processed with 0 changes in thread 13
  0:00:16.682    65M / 247M  INFO   DatasetProcessor         (dataset_processor.cpp     : 243)   Contig NODE_47_length_29535_cov_17.967492 processed with 0 changes in thread 1
  0:00:16.682    64M / 247M  INFO   DatasetProcessor         (dataset_processor.cpp     : 243)   Contig NODE_49_length_28405_cov_15.316500 processed with 0 changes in thread 10
  0:00:16.754    63M / 247M  INFO   DatasetProcessor         (dataset_processor.cpp     : 243)   Contig NODE_52_length_25890_cov_15.039126 processed with 0 changes in thread 0
  0:00:16.773    63M / 247M  INFO   DatasetProcessor         (dataset_processor.cpp     : 243)   Contig NODE_51_length_27511_cov_18.314746 processed with 0 changes in thread 4
  0:00:16.790    63M / 247M  INFO   DatasetProcessor         (dataset_processor.cpp     : 243)   Contig NODE_60_length_24138_cov_16.500187 processed with 0 changes in thread 7
  0:00:16.795    61M / 247M  INFO   DatasetProcessor         (dataset_processor.cpp     : 243)   Contig NODE_54_length_25245_cov_17.547934 processed with 0 changes in thread 14
  0:00:16.798    61M / 247M  INFO   DatasetProcessor         (dataset_processor.cpp     : 243)   Contig NODE_61_length_23508_cov_13.407938 processed with 0 changes in thread 9
  0:00:16.799    60M / 247M  INFO   DatasetProcessor         (dataset_processor.cpp     : 243)   Contig NODE_53_length_25885_cov_17.585333 processed with 1 changes in thread 15
  0:00:16.804    60M / 248M  INFO   DatasetProcessor         (dataset_processor.cpp     : 243)   Contig NODE_55_length_25045_cov_17.523397 processed with 0 changes in thread 8
  0:00:16.807    59M / 248M  INFO   DatasetProcessor         (dataset_processor.cpp     : 243)   Contig NODE_57_length_24441_cov_17.921773 processed with 0 changes in thread 6
  0:00:16.817    58M / 248M  INFO   DatasetProcessor         (dataset_processor.cpp     : 243)   Contig NODE_58_length_24274_cov_18.109579 processed with 0 changes in thread 2
  0:00:16.819    58M / 248M  INFO   DatasetProcessor         (dataset_processor.cpp     : 243)   Contig NODE_64_length_22631_cov_19.772974 processed with 0 changes in thread 13
  0:00:16.827    57M / 248M  INFO   DatasetProcessor         (dataset_processor.cpp     : 243)   Contig NODE_59_length_24169_cov_17.402213 processed with 0 changes in thread 5
  0:00:16.829    56M / 248M  INFO   DatasetProcessor         (dataset_processor.cpp     : 243)   Contig NODE_56_length_24977_cov_19.827284 processed with 0 changes in thread 3
  0:00:16.838    55M / 248M  INFO   DatasetProcessor         (dataset_processor.cpp     : 243)   Contig NODE_62_length_23354_cov_15.996685 processed with 0 changes in thread 11
  0:00:16.844    54M / 248M  INFO   DatasetProcessor         (dataset_processor.cpp     : 243)   Contig NODE_66_length_21994_cov_15.260484 processed with 0 changes in thread 10
  0:00:16.857    54M / 248M  INFO   DatasetProcessor         (dataset_processor.cpp     : 243)   Contig NODE_65_length_22510_cov_15.845731 processed with 1 changes in thread 1
  0:00:16.869    53M / 248M  INFO   DatasetProcessor         (dataset_processor.cpp     : 243)   Contig NODE_63_length_22736_cov_19.272635 processed with 0 changes in thread 12
  0:00:16.933    53M / 249M  INFO   DatasetProcessor         (dataset_processor.cpp     : 243)   Contig NODE_69_length_21318_cov_18.577887 processed with 0 changes in thread 7
  0:00:16.937    52M / 249M  INFO   DatasetProcessor         (dataset_processor.cpp     : 243)   Contig NODE_72_length_20777_cov_13.349782 processed with 0 changes in thread 15
  0:00:16.949    51M / 249M  INFO   DatasetProcessor         (dataset_processor.cpp     : 243)   Contig NODE_70_length_21191_cov_14.579235 processed with 0 changes in thread 14
  0:00:16.964    51M / 249M  INFO   DatasetProcessor         (dataset_processor.cpp     : 243)   Contig NODE_74_length_20504_cov_15.356922 processed with 0 changes in thread 6
  0:00:16.968    50M / 249M  INFO   DatasetProcessor         (dataset_processor.cpp     : 243)   Contig NODE_67_length_21764_cov_19.861949 processed with 0 changes in thread 0
  0:00:16.972    50M / 250M  INFO   DatasetProcessor         (dataset_processor.cpp     : 243)   Contig NODE_68_length_21674_cov_18.837657 processed with 1 changes in thread 4
  0:00:16.996    49M / 251M  INFO   DatasetProcessor         (dataset_processor.cpp     : 243)   Contig NODE_73_length_20615_cov_18.608649 processed with 0 changes in thread 8
  0:00:17.450    49M / 254M  INFO   DatasetProcessor         (dataset_processor.cpp     : 243)   Contig NODE_71_length_21115_cov_64.674385 processed with 100 changes in thread 9
  0:00:17.624     7M / 256M  INFO   DatasetProcessor         (dataset_processor.cpp     : 247)   Gluing processed contigs
  0:00:17.646     1M / 256M  INFO    General                 (main.cpp                  :  72)   Correcting time: 0 hours 0 minutes 17 seconds

===== Mismatch correction scaffolds finished. 


===== Mismatch correction finished. 


===== Breaking scaffolds started. 


== Running: /data/djs217/anaconda3/envs/spades-env/bin/python /data/djs217/anaconda3/envs/spades-env/share/spades/spades_pipeline/scripts/breaking_scaffolds_script.py --result_scaffolds_filename /data/djs217/PROJECTS/10_X_fragariae_feb_2024/04_spades/NCPPB_4055.spades/scaffolds.fasta --misc_dir /data/djs217/PROJECTS/10_X_fragariae_feb_2024/04_spades/NCPPB_4055.spades/misc --threshold_for_breaking_scaffolds 3


===== Breaking scaffolds finished. 


===== Terminate started. 


===== Terminate finished. 

 * Corrected reads are in /data/djs217/PROJECTS/10_X_fragariae_feb_2024/04_spades/NCPPB_4055.spades/corrected/
 * Assembled contigs are in /data/djs217/PROJECTS/10_X_fragariae_feb_2024/04_spades/NCPPB_4055.spades/contigs.fasta
 * Assembled scaffolds are in /data/djs217/PROJECTS/10_X_fragariae_feb_2024/04_spades/NCPPB_4055.spades/scaffolds.fasta
 * Paths in the assembly graph corresponding to the contigs are in /data/djs217/PROJECTS/10_X_fragariae_feb_2024/04_spades/NCPPB_4055.spades/contigs.paths
 * Paths in the assembly graph corresponding to the scaffolds are in /data/djs217/PROJECTS/10_X_fragariae_feb_2024/04_spades/NCPPB_4055.spades/scaffolds.paths
 * Assembly graph is in /data/djs217/PROJECTS/10_X_fragariae_feb_2024/04_spades/NCPPB_4055.spades/assembly_graph.fastg
 * Assembly graph in GFA format is in /data/djs217/PROJECTS/10_X_fragariae_feb_2024/04_spades/NCPPB_4055.spades/assembly_graph_with_scaffolds.gfa

======= SPAdes pipeline finished WITH WARNINGS!

=== Error correction and assembling warnings:
 * 0:00:11.194    47M / 2702M WARN    General                 (pair_info_count.cpp       : 376)   Estimated mean insert size 306.528 is very small compared to read length 301
======= Warnings saved to /data/djs217/PROJECTS/10_X_fragariae_feb_2024/04_spades/NCPPB_4055.spades/warnings.log

SPAdes log can be found here: /data/djs217/PROJECTS/10_X_fragariae_feb_2024/04_spades/NCPPB_4055.spades/spades.log

Thank you for using SPAdes!
